timestamp,keller_pressure_bar,keller_temperature_degC,n_keller_samples,vacuum_chamber_mbar,pulses_interval,pulses_total,open_time_us,pulse_timestamps_us,pulse_open_times_us,pulse_acks
2026-07-07T09:43:11.157,,,0,5.205462176264749e-12,0,0,1600,,,
2026-07-07T09:43:11.658,0.9566,20.34,1,5.166606946953014e-12,0,0,1600,,,
2026-07-07T09:43:12.169,0.955,20.33,1,5.166606946953014e-12,0,0,1600,,,
2026-07-07T09:43:12.664,0.953,20.34,1,5.244609614536902e-12,0,0,1600,,,
2026-07-07T09:43:13.159,0.9542,20.34,2,5.205462176264749e-12,0,0,1600,,,
2026-07-07T09:43:13.667,0.9571,20.34,1,5.28405145931351e-12,0,0,1600,,,
2026-07-07T09:43:14.162,0.9568,20.34,1,5.128041745460836e-12,0,0,1600,,,
2026-07-07T09:43:14.660,0.9543,20.34,1,5.128041745460836e-12,0,0,1600,,,
2026-07-07T09:43:15.159,0.9552,20.34,2,5.244609614536902e-12,0,0,1600,,,
2026-07-07T09:43:15.658,0.9549,20.34,1,5.166606946953014e-12,0,0,1600,,,
2026-07-07T09:43:16.174,0.956,20.34,1,5.128041745460836e-12,0,0,1600,,,
2026-07-07T09:43:16.670,0.9557,20.34,2,5.244609614536902e-12,0,0,1600,,,
2026-07-07T09:43:17.169,0.957,20.34,1,5.166606946953014e-12,0,0,1600,,,
2026-07-07T09:43:17.669,0.9598,20.34,1,5.166606946953014e-12,0,0,1600,,,
2026-07-07T09:43:18.167,0.9547,20.34,1,5.205462176264749e-12,0,0,1600,,,
2026-07-07T09:43:18.662,0.9548,20.34,2,5.166606946953014e-12,0,0,1600,,,
2026-07-07T09:43:19.161,0.9577,20.34,1,5.166606946953014e-12,0,0,1600,,,
2026-07-07T09:43:19.659,0.9575,20.34,1,5.323789924665072e-12,0,0,1600,,,
2026-07-07T09:43:20.172,0.9544,20.34,2,5.166606946953014e-12,0,0,1600,,,
2026-07-07T09:43:20.666,0.9565,20.34,1,5.205462176264749e-12,0,0,1600,,,
2026-07-07T09:43:21.147,0.9602,20.34,1,5.244609614536902e-12,0,0,1600,,,
2026-07-07T09:43:21.663,0.9536,20.34,2,5.205462176264749e-12,0,0,1600,,,
2026-07-07T09:43:22.160,0.9559,20.35,1,5.128041745460836e-12,0,0,1600,,,
2026-07-07T09:43:22.659,0.9561,20.34,1,5.128041745460836e-12,0,0,1600,,,
2026-07-07T09:43:23.159,0.9547,20.34,1,5.166606946953014e-12,0,0,1600,,,
2026-07-07T09:43:23.658,0.9581,20.34,2,5.323789924665072e-12,0,0,1600,,,
2026-07-07T09:43:24.170,0.9557,20.34,1,5.244609614536902e-12,0,0,1600,,,
2026-07-07T09:43:24.664,0.9525,20.35,1,5.205462176264749e-12,0,0,1600,,,
2026-07-07T09:43:25.162,0.9551,20.35,2,5.166606946953014e-12,0,0,1600,,,
2026-07-07T09:43:25.660,0.9584,20.35,1,5.166606946953014e-12,0,0,1600,,,
2026-07-07T09:43:26.160,0.9545,20.35,1,5.205462176264749e-12,0,0,1600,,,
2026-07-07T09:43:26.670,0.9542,20.35,1,5.128041745460836e-12,0,0,1600,,,
2026-07-07T09:43:27.161,0.955,20.35,2,5.166606946953014e-12,0,0,1600,,,
2026-07-07T09:43:27.660,0.955,20.35,1,5.166606946953014e-12,0,0,1600,,,
2026-07-07T09:43:28.157,0.9586,20.35,1,5.244609614536902e-12,0,0,1600,,,
2026-07-07T09:43:28.672,0.9538,20.35,2,5.28405145931351e-12,0,0,1600,,,
2026-07-07T09:43:29.159,0.9583,20.35,1,5.128041745460836e-12,0,0,1600,,,
2026-07-07T09:43:29.657,0.9523,20.35,1,5.128041745460836e-12,0,0,1600,,,
2026-07-07T09:43:30.152,0.9537,20.35,1,5.128041745460836e-12,0,0,1600,,,
2026-07-07T09:43:30.663,0.9558,20.35,2,5.166606946953014e-12,0,0,1600,,,
2026-07-07T09:43:31.160,0.9586,20.35,1,5.205462176264749e-12,0,0,1600,,,
2026-07-07T09:43:31.671,0.9529,20.35,1,5.166606946953014e-12,0,0,1600,,,
2026-07-07T09:43:32.168,0.955,20.35,2,5.166606946953014e-12,0,0,1600,,,
2026-07-07T09:43:32.664,0.9586,20.35,1,5.205462176264749e-12,0,0,1600,,,
2026-07-07T09:43:33.160,0.9574,20.35,1,5.205462176264749e-12,0,0,1600,,,
2026-07-07T09:43:33.661,0.9546,20.36,2,5.205462176264749e-12,0,0,1600,,,
2026-07-07T09:43:34.161,0.9594,20.35,1,5.128041745460836e-12,0,0,1600,,,
2026-07-07T09:43:34.659,0.9556,20.35,1,5.28405145931351e-12,0,0,1600,,,
2026-07-07T09:43:35.158,0.9578,20.36,1,5.166606946953014e-12,0,0,1600,,,
2026-07-07T09:43:35.671,0.9549,20.36,2,5.205462176264749e-12,0,0,1600,,,
2026-07-07T09:43:36.167,0.9545,20.36,1,5.244609614536902e-12,0,0,1600,,,
2026-07-07T09:43:36.663,0.957,20.36,1,5.244609614536902e-12,0,0,1600,,,
2026-07-07T09:43:37.156,0.9583,20.36,2,5.128041745460836e-12,0,0,1600,,,
2026-07-07T09:43:37.655,0.9539,20.36,1,5.128041745460836e-12,0,0,1600,,,
2026-07-07T09:43:38.166,0.9544,20.36,1,5.166606946953014e-12,0,0,1600,,,
2026-07-07T09:43:38.646,0.9566,20.36,1,5.205462176264749e-12,0,0,1600,,,
2026-07-07T09:43:39.174,0.9571,20.36,2,5.166606946953014e-12,0,0,1600,,,
2026-07-07T09:43:39.670,0.9533,20.36,1,5.205462176264749e-12,0,0,1600,,,
2026-07-07T09:43:40.166,0.9547,20.36,1,5.166606946953014e-12,0,0,1600,,,
2026-07-07T09:43:40.661,0.957,20.36,2,5.323789924665072e-12,0,0,1600,,,
2026-07-07T09:43:41.157,0.9543,20.36,1,5.28405145931351e-12,0,0,1600,,,
2026-07-07T09:43:41.670,0.9535,20.36,1,5.166606946953014e-12,0,0,1600,,,
2026-07-07T09:43:42.149,0.9556,20.36,2,5.166606946953014e-12,0,0,1600,,,
2026-07-07T09:43:42.663,0.958,20.36,1,5.244609614536902e-12,0,0,1600,,,
2026-07-07T09:43:43.163,0.9522,20.36,1,5.205462176264749e-12,0,0,1600,,,
2026-07-07T09:43:43.661,0.9567,20.36,1,5.323789924665072e-12,0,0,1600,,,
2026-07-07T09:43:44.145,0.9549,20.37,2,5.166606946953014e-12,0,0,1600,,,
2026-07-07T09:43:44.660,0.954,20.37,1,5.128041745460836e-12,0,0,1600,,,
2026-07-07T09:43:45.156,0.9564,20.37,1,5.205462176264749e-12,0,0,1600,,,
2026-07-07T09:43:45.667,0.959,20.37,2,5.244609614536902e-12,0,0,1600,,,
2026-07-07T09:43:46.165,0.9525,20.37,1,5.128041745460836e-12,0,0,1600,,,
2026-07-07T09:43:46.659,0.9543,20.37,1,5.166606946953014e-12,0,0,1600,,,
2026-07-07T09:43:47.155,0.9573,20.37,2,5.166606946953014e-12,0,0,1600,,,
2026-07-07T09:43:47.668,0.9591,20.37,1,5.323789924665072e-12,0,0,1600,,,
2026-07-07T09:43:48.163,0.9522,20.37,1,5.205462176264749e-12,0,0,1600,,,
2026-07-07T09:43:48.644,0.955,20.37,1,5.244609614536902e-12,0,0,1600,,,
2026-07-07T09:43:49.172,0.9574,20.37,2,5.128041745460836e-12,0,0,1600,,,
2026-07-07T09:43:49.667,0.9565,20.37,1,5.128041745460836e-12,0,0,1600,,,
2026-07-07T09:43:50.151,0.9544,20.37,1,5.244609614536902e-12,0,0,1600,,,
2026-07-07T09:43:50.666,0.9562,20.37,2,5.205462176264749e-12,0,0,1600,,,
2026-07-07T09:43:51.164,0.9539,20.37,1,5.166606946953014e-12,0,0,1600,,,
2026-07-07T09:43:51.663,0.9541,20.37,1,5.128041745460836e-12,0,0,1600,,,
2026-07-07T09:43:52.163,0.9559,20.37,2,5.166606946953014e-12,0,0,1600,,,
2026-07-07T09:43:52.658,0.9562,20.38,1,5.244609614536902e-12,0,0,1600,,,
2026-07-07T09:43:53.155,0.9557,20.37,2,5.28405145931351e-12,0,0,1600,,,
2026-07-07T09:43:53.667,0.9544,20.37,1,5.128041745460836e-12,0,0,1600,,,
2026-07-07T09:43:54.163,0.9572,20.38,2,5.128041745460836e-12,0,0,1600,,,
2026-07-07T09:43:54.658,0.9543,20.38,1,5.205462176264749e-12,0,0,1600,,,
2026-07-07T09:43:55.170,0.9593,20.37,1,5.166606946953014e-12,0,0,1600,,,
2026-07-07T09:43:55.665,0.9562,20.38,2,5.205462176264749e-12,0,0,1600,,,
2026-07-07T09:43:56.162,0.9559,20.38,1,5.205462176264749e-12,0,0,1600,,,
2026-07-07T09:43:56.645,0.9557,20.38,2,5.205462176264749e-12,0,0,1600,,,
2026-07-07T09:43:57.164,0.9554,20.38,1,5.128041745460836e-12,0,0,1600,,,
2026-07-07T09:43:57.658,0.9543,20.38,1,5.166606946953014e-12,0,0,1600,,,
2026-07-07T09:43:58.172,0.9543,20.38,2,5.205462176264749e-12,0,0,1600,,,
2026-07-07T09:43:58.655,0.9604,20.38,1,5.244609614536902e-12,0,0,1600,,,
2026-07-07T09:43:59.169,0.9548,20.38,1,5.166606946953014e-12,0,0,1600,,,
2026-07-07T09:43:59.662,0.9553,20.38,2,5.128041745460836e-12,0,0,1600,,,
2026-07-07T09:44:00.143,0.9539,20.38,1,5.166606946953014e-12,0,0,1600,,,
2026-07-07T09:44:00.674,0.9573,20.38,2,5.205462176264749e-12,0,0,1600,,,
2026-07-07T09:44:01.172,0.9543,20.38,1,5.205462176264749e-12,0,0,1600,,,
2026-07-07T09:44:01.670,0.955,20.38,2,5.205462176264749e-12,0,0,1600,,,
2026-07-07T09:44:02.169,0.9545,20.39,1,5.244609614536902e-12,0,0,1600,,,
2026-07-07T09:44:02.653,0.9557,20.39,1,5.128041745460836e-12,0,0,1600,,,
2026-07-07T09:44:03.167,0.9546,20.38,2,5.244609614536902e-12,0,0,1600,,,
2026-07-07T09:44:03.664,0.9585,20.39,1,5.166606946953014e-12,0,0,1600,,,
2026-07-07T09:44:04.160,0.9544,20.39,2,5.128041745460836e-12,0,0,1600,,,
2026-07-07T09:44:04.658,0.9569,20.39,1,5.128041745460836e-12,0,0,1600,,,
2026-07-07T09:44:05.167,0.9535,20.38,1,5.128041745460836e-12,0,0,1600,,,
2026-07-07T09:44:05.664,0.9574,20.39,2,5.205462176264749e-12,0,0,1600,,,
2026-07-07T09:44:06.159,0.9546,20.39,1,5.205462176264749e-12,0,0,1600,,,
2026-07-07T09:44:06.671,0.9546,20.39,2,5.28405145931351e-12,0,0,1600,,,
2026-07-07T09:44:07.167,0.9571,20.39,1,5.205462176264749e-12,0,0,1600,,,
2026-07-07T09:44:07.661,0.9546,20.39,2,5.244609614536902e-12,0,0,1600,,,
2026-07-07T09:44:08.159,0.9562,20.39,1,5.128041745460836e-12,0,0,1600,,,
2026-07-07T09:44:08.654,0.9539,20.39,1,5.128041745460836e-12,0,0,1600,,,
2026-07-07T09:44:09.150,0.9566,20.39,2,5.128041745460836e-12,0,0,1600,,,
2026-07-07T09:44:09.662,0.9542,20.39,1,5.128041745460836e-12,0,0,1600,,,
2026-07-07T09:44:10.161,0.9562,20.39,2,5.128041745460836e-12,0,0,1600,,,
2026-07-07T09:44:10.659,0.9576,20.39,1,5.205462176264749e-12,0,0,1600,,,
2026-07-07T09:44:11.157,0.9558,20.39,1,5.205462176264749e-12,0,0,1600,,,
2026-07-07T09:44:11.656,0.9547,20.39,2,5.244609614536902e-12,0,0,1600,,,
2026-07-07T09:44:12.170,0.958,20.39,1,5.205462176264749e-12,0,0,1600,,,
2026-07-07T09:44:12.653,0.9567,20.39,2,5.128041745460836e-12,0,0,1600,,,
2026-07-07T09:44:13.166,0.9543,20.39,1,5.128041745460836e-12,0,0,1600,,,
2026-07-07T09:44:13.648,0.9572,20.39,1,5.128041745460836e-12,0,0,1600,,,
2026-07-07T09:44:14.158,0.9553,20.39,2,5.166606946953014e-12,0,0,1600,,,
2026-07-07T09:44:14.665,0.9596,20.39,1,5.28405145931351e-12,0,0,1600,,,
2026-07-07T09:44:15.158,0.956,20.39,2,5.166606946953014e-12,0,0,1600,,,
2026-07-07T09:44:15.658,0.9542,20.39,1,5.128041745460836e-12,0,0,1600,,,
2026-07-07T09:44:16.173,0.9585,20.39,1,5.166606946953014e-12,0,0,1600,,,
2026-07-07T09:44:16.652,0.9562,20.4,2,5.205462176264749e-12,0,0,1600,,,
2026-07-07T09:44:17.167,0.9543,20.4,1,5.323789924665072e-12,0,0,1600,,,
2026-07-07T09:44:17.665,0.9551,20.4,2,5.205462176264749e-12,0,0,1600,,,
2026-07-07T09:44:18.160,0.9546,20.4,1,5.205462176264749e-12,0,0,1600,,,
2026-07-07T09:44:18.658,0.9589,20.4,1,5.205462176264749e-12,0,0,1600,,,
2026-07-07T09:44:19.158,0.9537,20.4,2,5.166606946953014e-12,0,0,1600,,,
2026-07-07T09:44:19.673,0.9588,20.4,1,5.166606946953014e-12,0,0,1600,,,
2026-07-07T09:44:20.171,0.9568,20.4,2,5.128041745460836e-12,0,0,1600,,,
2026-07-07T09:44:20.667,0.9573,20.4,1,5.128041745460836e-12,0,0,1600,,,
2026-07-07T09:44:21.147,0.9565,20.4,1,5.166606946953014e-12,0,0,1600,,,
2026-07-07T09:44:21.659,0.9553,20.4,2,5.166606946953014e-12,0,0,1600,,,
2026-07-07T09:44:22.155,0.9542,20.41,1,5.205462176264749e-12,0,0,1600,,,
2026-07-07T09:44:22.651,0.9554,20.41,2,5.166606946953014e-12,0,0,1600,,,
2026-07-07T09:44:23.163,0.953,20.41,1,5.205462176264749e-12,0,0,1600,,,
2026-07-07T09:44:23.659,0.9571,20.41,2,5.244609614536902e-12,0,0,1600,,,
2026-07-07T09:44:24.170,0.9552,20.41,1,5.244609614536902e-12,0,0,1600,,,
2026-07-07T09:44:24.666,0.9557,20.41,1,5.205462176264749e-12,0,0,1600,,,
2026-07-07T09:44:25.161,0.9564,20.41,2,5.128041745460836e-12,0,0,1600,,,
2026-07-07T09:44:25.658,0.9556,20.41,1,5.205462176264749e-12,0,0,1600,,,
2026-07-07T09:44:26.154,0.9556,20.41,2,5.166606946953014e-12,0,0,1600,,,
2026-07-07T09:44:26.666,0.9536,20.41,1,5.244609614536902e-12,0,0,1600,,,
2026-07-07T09:44:27.162,0.9577,20.41,2,5.205462176264749e-12,0,0,1600,,,
2026-07-07T09:44:27.658,0.9538,20.41,1,5.28405145931351e-12,0,0,1600,,,
2026-07-07T09:44:28.170,0.9559,20.41,1,5.28405145931351e-12,0,0,1600,,,
2026-07-07T09:44:28.649,0.9562,20.41,2,5.323789924665072e-12,0,0,1600,,,
2026-07-07T09:44:29.161,0.955,20.41,1,5.323789924665072e-12,0,0,1600,,,
2026-07-07T09:44:29.657,0.9551,20.42,2,5.128041745460836e-12,0,0,1600,,,
2026-07-07T09:44:30.168,0.9535,20.41,1,5.128041745460836e-12,0,0,1600,,,
2026-07-07T09:44:30.655,0.9581,20.41,1,5.128041745460836e-12,0,0,1600,,,
2026-07-07T09:44:31.152,0.9554,20.42,2,5.166606946953014e-12,0,0,1600,,,
2026-07-07T09:44:31.666,0.9587,20.42,1,5.166606946953014e-12,0,0,1600,,,
2026-07-07T09:44:32.164,0.9561,20.42,2,5.28405145931351e-12,0,0,1600,,,
2026-07-07T09:44:32.664,0.9586,20.42,1,5.28405145931351e-12,0,0,1600,,,
2026-07-07T09:44:33.160,0.9548,20.42,1,5.363827241312987e-12,0,0,1600,,,
2026-07-07T09:44:33.672,0.9568,20.42,2,5.363827241312987e-12,0,0,1600,,,
2026-07-07T09:44:34.168,0.9544,20.42,1,5.166606946953014e-12,0,0,1600,,,
2026-07-07T09:44:34.664,0.9573,20.42,2,5.128041745460836e-12,0,0,1600,,,
2026-07-07T09:44:35.160,0.9535,20.42,1,5.166606946953014e-12,0,0,1600,,,
2026-07-07T09:44:35.656,0.9559,20.42,2,5.166606946953014e-12,0,0,1600,,,
2026-07-07T09:44:36.151,0.9582,20.42,1,5.166606946953014e-12,0,0,1600,,,
2026-07-07T09:44:36.663,0.9557,20.42,1,5.205462176264749e-12,0,0,1600,,,
2026-07-07T09:44:37.143,0.9561,20.42,2,5.244609614536902e-12,0,0,1600,,,
2026-07-07T09:44:37.671,0.9539,20.43,1,5.205462176264749e-12,0,0,1600,,,
2026-07-07T09:44:38.167,0.9566,20.43,2,5.363827241312987e-12,0,0,1600,,,
2026-07-07T09:44:38.647,0.954,20.42,1,5.166606946953014e-12,0,0,1600,,,
2026-07-07T09:44:39.159,0.9593,20.42,1,5.166606946953014e-12,0,0,1600,,,
2026-07-07T09:44:39.644,0.9542,20.43,2,5.363827241312987e-12,0,0,1600,,,
2026-07-07T09:44:40.157,0.9563,20.43,1,5.244609614536902e-12,0,0,1600,,,
2026-07-07T09:44:40.658,0.955,20.43,2,5.244609614536902e-12,0,0,1600,,,
2026-07-07T09:44:41.156,0.9535,20.43,1,5.244609614536902e-12,0,0,1600,,,
2026-07-07T09:44:41.669,0.9567,20.43,2,5.166606946953014e-12,0,0,1600,,,
2026-07-07T09:44:42.166,0.9542,20.43,1,5.166606946953014e-12,0,0,1600,,,
2026-07-07T09:44:42.662,0.9571,20.43,1,5.323789924665072e-12,0,0,1600,,,
2026-07-07T09:44:43.158,0.9569,20.44,2,5.244609614536902e-12,0,0,1600,,,
2026-07-07T09:44:43.654,0.9566,20.43,1,5.166606946953014e-12,0,0,1600,,,
2026-07-07T09:44:44.167,0.9558,20.44,2,5.128041745460836e-12,0,0,1600,,,
2026-07-07T09:44:44.665,0.9551,20.43,1,5.28405145931351e-12,0,0,1600,,,
2026-07-07T09:44:45.151,0.9594,20.44,1,5.205462176264749e-12,0,0,1600,,,
2026-07-07T09:44:45.661,0.9548,20.44,2,5.244609614536902e-12,0,0,1600,,,
2026-07-07T09:44:46.154,0.958,20.44,1,5.166606946953014e-12,0,0,1600,,,
2026-07-07T09:44:46.647,0.9561,20.44,2,5.363827241312987e-12,0,0,1600,,,
2026-07-07T09:44:47.171,0.9547,20.44,1,5.323789924665072e-12,0,0,1600,,,
2026-07-07T09:44:47.661,0.9565,20.44,2,5.166606946953014e-12,0,0,1600,,,
2026-07-07T09:44:48.169,0.9537,20.44,1,5.166606946953014e-12,0,0,1600,,,
2026-07-07T09:44:48.667,0.9593,20.44,1,5.166606946953014e-12,0,0,1600,,,
2026-07-07T09:44:49.163,0.9535,20.44,2,5.166606946953014e-12,0,0,1600,,,
2026-07-07T09:44:49.663,0.957,20.44,1,5.244609614536902e-12,0,0,1600,,,
2026-07-07T09:44:50.147,0.9548,20.44,2,5.28405145931351e-12,0,0,1600,,,
2026-07-07T09:44:50.660,0.9535,20.44,1,5.28405145931351e-12,0,0,1600,,,
2026-07-07T09:44:51.171,0.9584,20.44,1,5.28405145931351e-12,0,0,1600,,,
2026-07-07T09:44:51.668,0.9552,20.45,2,5.128041745460836e-12,0,0,1600,,,
2026-07-07T09:44:52.147,0.9561,20.44,1,1.8105171562200022e-06,0,0,1600,,,
2026-07-07T09:44:52.659,0.9559,20.45,2,1.8105171562200022e-06,0,0,1600,,,
2026-07-07T09:44:53.155,0.9559,20.45,1,1.7970028789290172e-06,0,0,1600,,,
2026-07-07T09:44:53.668,0.956,20.45,2,1.8105171562200022e-06,0,0,1600,,,
2026-07-07T09:44:54.152,0.956,20.45,1,1.7970028789290172e-06,0,0,1600,,,
2026-07-07T09:44:54.665,0.9559,20.45,1,1.7970028789290172e-06,0,0,1600,,,
2026-07-07T09:44:55.166,0.956,20.45,2,1.783589476512413e-06,0,0,1600,,,
2026-07-07T09:44:55.663,0.9559,20.45,1,1.7970028789290172e-06,0,0,1600,,,
2026-07-07T09:44:56.162,0.956,20.45,1,1.8105171562200022e-06,0,0,1600,,,
2026-07-07T09:44:56.674,0.9559,20.45,2,1.7970028789290172e-06,0,0,1600,,,
2026-07-07T09:44:57.169,0.956,20.45,1,1.783589476512413e-06,0,0,1600,,,
2026-07-07T09:44:57.666,0.956,20.45,2,1.8105171562200022e-06,0,0,1600,,,
2026-07-07T09:44:58.162,0.9559,20.45,1,1.783589476512413e-06,0,0,1600,,,
2026-07-07T09:44:58.657,0.956,20.45,2,1.783589476512413e-06,0,0,1600,,,
2026-07-07T09:44:59.153,0.956,20.45,1,1.7970028789290172e-06,0,0,1600,,,
2026-07-07T09:44:59.665,0.956,20.45,1,1.783589476512413e-06,0,0,1600,,,
2026-07-07T09:45:00.145,0.956,20.45,2,1.8105171562200022e-06,0,0,1600,,,
2026-07-07T09:45:00.656,0.956,20.45,1,1.7970028789290172e-06,0,0,1600,,,
2026-07-07T09:45:01.153,0.956,20.45,2,1.783589476512413e-06,0,0,1600,,,
2026-07-07T09:45:01.665,0.956,20.45,1,1.7970028789290172e-06,0,0,1600,,,
2026-07-07T09:45:02.161,0.956,20.45,2,1.7970028789290172e-06,0,0,1600,,,
2026-07-07T09:45:02.672,0.9561,20.46,1,1.8105171562200022e-06,0,0,1600,,,
2026-07-07T09:45:03.169,0.956,20.46,1,1.7970028789290172e-06,0,0,1600,,,
2026-07-07T09:45:03.668,0.956,20.45,2,1.783589476512413e-06,0,0,1600,,,
2026-07-07T09:45:04.164,0.956,20.46,1,1.7970028789290172e-06,0,0,1600,,,
2026-07-07T09:45:04.664,0.956,20.46,2,1.7970028789290172e-06,0,0,1600,,,
2026-07-07T09:45:05.161,0.956,20.46,1,1.8105171562200022e-06,0,0,1600,,,
2026-07-07T09:45:05.659,0.956,20.46,1,1.7970028789290172e-06,0,0,1600,,,
2026-07-07T09:45:06.158,0.9559,20.46,2,1.7970028789290172e-06,0,0,1600,,,
2026-07-07T09:45:06.671,0.956,20.46,1,1.783589476512413e-06,0,0,1600,,,
2026-07-07T09:45:07.167,0.9559,20.46,2,1.7970028789290172e-06,0,0,1600,,,
2026-07-07T09:45:07.666,0.956,20.46,1,1.7970028789290172e-06,0,0,1600,,,
2026-07-07T09:45:08.167,0.9559,20.46,1,1.8105171562200022e-06,0,0,1600,,,
2026-07-07T09:45:08.664,0.956,20.46,2,1.7970028789290172e-06,0,0,1600,,,
2026-07-07T09:45:09.163,0.956,20.47,1,1.7970028789290172e-06,0,0,1600,,,
2026-07-07T09:45:09.645,0.956,20.47,2,1.783589476512413e-06,0,0,1600,,,
2026-07-07T09:45:10.159,0.9559,20.47,1,1.7970028789290172e-06,0,0,1600,,,
2026-07-07T09:45:10.655,0.956,20.47,1,1.7970028789290172e-06,0,0,1600,,,
2026-07-07T09:45:11.167,0.956,20.47,2,1.7970028789290172e-06,0,0,1600,,,
2026-07-07T09:45:11.646,0.9559,20.47,1,1.7970028789290172e-06,0,0,1600,,,
2026-07-07T09:45:12.161,0.9559,20.47,2,1.7970028789290172e-06,0,0,1600,,,
2026-07-07T09:45:12.646,0.9559,20.47,1,1.783589476512413e-06,0,0,1600,,,
2026-07-07T09:45:13.165,0.956,20.47,2,1.7970028789290172e-06,0,0,1600,,,
2026-07-07T09:45:13.663,0.956,20.47,1,1.8105171562200022e-06,0,0,1600,,,
2026-07-07T09:45:14.159,0.956,20.47,1,1.8105171562200022e-06,0,0,1600,,,
2026-07-07T09:45:14.654,0.956,20.47,2,1.7970028789290172e-06,0,0,1600,,,
2026-07-07T09:45:15.168,0.9559,20.47,1,1.8105171562200022e-06,0,0,1600,,,
2026-07-07T09:45:15.669,0.9559,20.47,2,1.7970028789290172e-06,0,0,1600,,,
2026-07-07T09:45:16.165,0.956,20.48,1,1.7970028789290172e-06,0,0,1600,,,
2026-07-07T09:45:16.666,0.956,20.48,1,1.8105171562200022e-06,0,0,1600,,,
2026-07-07T09:45:17.166,0.9559,20.48,2,1.7970028789290172e-06,0,0,1600,,,
2026-07-07T09:45:17.668,0.956,20.48,1,1.783589476512413e-06,0,0,1600,,,
2026-07-07T09:45:18.170,0.9559,20.48,1,1.783589476512413e-06,0,0,1600,,,
2026-07-07T09:45:18.673,0.956,20.48,2,1.7970028789290172e-06,0,0,1600,,,
2026-07-07T09:45:19.173,0.956,20.48,1,1.7970028789290172e-06,0,0,1600,,,
2026-07-07T09:45:19.657,0.9559,20.48,2,1.7970028789290172e-06,0,0,1600,,,
2026-07-07T09:45:20.173,0.956,20.48,1,1.7970028789290172e-06,0,0,1600,,,
2026-07-07T09:45:20.669,0.956,20.48,1,1.7970028789290172e-06,0,0,1600,,,
2026-07-07T09:45:21.169,0.956,20.48,2,1.7970028789290172e-06,0,0,1600,,,
2026-07-07T09:45:21.669,0.956,20.48,1,1.783589476512413e-06,0,0,1600,,,
2026-07-07T09:45:22.170,0.9559,20.48,2,1.783589476512413e-06,0,0,1600,,,
2026-07-07T09:45:22.671,0.956,20.49,1,1.7970028789290172e-06,0,0,1600,,,
2026-07-07T09:45:23.158,0.9559,20.48,1,1.7970028789290172e-06,0,0,1600,,,
2026-07-07T09:45:23.663,0.9559,20.49,2,1.7970028789290172e-06,0,0,1600,,,
2026-07-07T09:45:24.165,0.956,20.49,1,1.783589476512413e-06,0,0,1600,,,
2026-07-07T09:45:24.666,0.9559,20.49,2,1.7970028789290172e-06,0,0,1600,,,
2026-07-07T09:45:25.171,0.956,20.49,1,1.783589476512413e-06,0,0,1600,,,
2026-07-07T09:45:25.659,0.9559,20.49,1,1.7970028789290172e-06,0,0,1600,,,
2026-07-07T09:45:26.160,0.956,20.49,2,1.783589476512413e-06,0,0,1600,,,
2026-07-07T09:45:26.666,0.9559,20.49,1,1.7970028789290172e-06,0,0,1600,,,
2026-07-07T09:45:27.167,0.956,20.49,2,1.7970028789290172e-06,0,0,1600,,,
2026-07-07T09:45:27.673,0.9559,20.49,1,1.7970028789290172e-06,0,0,1600,,,
2026-07-07T09:45:28.171,0.956,20.49,1,1.783589476512413e-06,0,0,1600,,,
2026-07-07T09:45:28.673,0.956,20.49,2,1.7970028789290172e-06,0,0,1600,,,
2026-07-07T09:45:29.171,0.956,20.49,1,1.783589476512413e-06,0,0,1600,,,
2026-07-07T09:45:29.672,0.9559,20.5,2,1.7970028789290172e-06,0,0,1600,,,
2026-07-07T09:45:30.170,0.956,20.5,1,1.783589476512413e-06,0,0,1600,,,
2026-07-07T09:45:30.659,0.956,20.5,1,1.783589476512413e-06,0,0,1600,,,
2026-07-07T09:45:31.160,0.956,20.5,2,1.8105171562200022e-06,0,0,1600,,,
2026-07-07T09:45:31.659,0.956,20.5,1,1.7970028789290172e-06,0,0,1600,,,
2026-07-07T09:45:32.159,0.956,20.5,2,1.7970028789290172e-06,0,0,1600,,,
2026-07-07T09:45:32.659,0.9559,20.5,1,1.783589476512413e-06,0,0,1600,,,
2026-07-07T09:45:33.161,0.9559,20.5,1,1.783589476512413e-06,0,0,1600,,,
2026-07-07T09:45:33.659,0.9559,20.5,2,1.783589476512413e-06,0,0,1600,,,
2026-07-07T09:45:34.161,0.956,20.5,1,1.783589476512413e-06,0,0,1600,,,
2026-07-07T09:45:34.659,0.956,20.5,2,0.00011754634520876009,1,1,1600,2026-07-07T09:45:34.605288,1600,1
2026-07-07T09:45:35.159,0.9558,20.5,1,5.65445990619213e-06,0,1,1600,,,
2026-07-07T09:45:35.661,0.9559,20.5,1,2.0258660133276635e-06,0,1,1600,,,
2026-07-07T09:45:36.174,0.9559,20.51,2,1.908006042515134e-06,0,1,1600,,,
2026-07-07T09:45:36.659,0.956,20.51,1,1.893764077095011e-06,0,1,1600,,,
2026-07-07T09:45:37.171,0.9559,20.51,2,1.8516728521565725e-06,0,1,1600,,,
2026-07-07T09:45:37.659,0.956,20.51,1,1.8516728521565725e-06,0,1,1600,,,
2026-07-07T09:45:38.172,0.956,20.51,1,1.8378513756296791e-06,0,1,1600,,,
2026-07-07T09:45:38.670,0.956,20.51,2,1.8378513756296791e-06,0,1,1600,,,
2026-07-07T09:45:39.171,0.956,20.51,1,1.8378513756296791e-06,0,1,1600,,,
2026-07-07T09:45:39.671,0.956,20.51,2,1.8241330670102055e-06,0,1,1600,,,
2026-07-07T09:45:40.170,0.956,20.51,1,1.8241330670102055e-06,0,1,1600,,,
2026-07-07T09:45:40.668,0.956,20.51,1,1.8241330670102055e-06,0,1,1600,,,
2026-07-07T09:45:41.169,0.9559,20.51,2,1.8241330670102055e-06,0,1,1600,,,
2026-07-07T09:45:41.670,0.956,20.51,1,1.8105171562200022e-06,0,1,1600,,,
2026-07-07T09:45:42.173,0.956,20.51,2,1.8105171562200022e-06,0,1,1600,,,
2026-07-07T09:45:42.660,0.956,20.51,1,1.8105171562200022e-06,0,1,1600,,,
2026-07-07T09:45:43.171,0.956,20.51,1,1.8105171562200022e-06,0,1,1600,,,
2026-07-07T09:45:43.671,0.9559,20.51,2,1.8105171562200022e-06,0,1,1600,,,
2026-07-07T09:45:44.159,0.9559,20.51,1,1.8241330670102055e-06,0,1,1600,,,
2026-07-07T09:45:44.672,0.9559,20.51,2,1.8105171562200022e-06,0,1,1600,,,
2026-07-07T09:45:45.163,0.956,20.51,1,1.8105171562200022e-06,0,1,1600,,,
2026-07-07T09:45:45.668,0.956,20.52,1,1.8105171562200022e-06,0,1,1600,,,
2026-07-07T09:45:46.167,0.956,20.51,2,1.8241330670102055e-06,0,1,1600,,,
2026-07-07T09:45:46.669,0.956,20.52,1,1.7970028789290172e-06,0,1,1600,,,
2026-07-07T09:45:47.172,0.956,20.52,2,1.8105171562200022e-06,0,1,1600,,,
2026-07-07T09:45:47.670,0.9559,20.52,1,1.8105171562200022e-06,0,1,1600,,,
2026-07-07T09:45:48.172,0.9559,20.52,1,1.8105171562200022e-06,0,1,1600,,,
2026-07-07T09:45:48.668,0.956,20.52,2,1.8105171562200022e-06,0,1,1600,,,
2026-07-07T09:45:49.169,0.956,20.52,1,1.7970028789290172e-06,0,1,1600,,,
2026-07-07T09:45:49.666,0.956,20.52,2,1.7970028789290172e-06,0,1,1600,,,
2026-07-07T09:45:50.163,0.956,20.52,1,1.7970028789290172e-06,0,1,1600,,,
2026-07-07T09:45:50.660,0.956,20.52,1,1.8105171562200022e-06,0,1,1600,,,
2026-07-07T09:45:51.160,0.956,20.52,2,1.8105171562200022e-06,0,1,1600,,,
2026-07-07T09:45:51.660,0.9561,20.52,1,1.8105171562200022e-06,0,1,1600,,,
2026-07-07T09:45:52.160,0.956,20.52,2,1.7970028789290172e-06,0,1,200,,,
2026-07-07T09:45:52.663,0.956,20.52,1,1.7970028789290172e-06,0,1,200,,,
2026-07-07T09:45:53.166,0.956,20.53,1,1.7970028789290172e-06,0,1,200,,,
2026-07-07T09:45:53.662,0.9559,20.52,2,1.7970028789290172e-06,0,1,200,,,
2026-07-07T09:45:54.159,0.9561,20.53,1,1.7970028789290172e-06,0,1,200,,,
2026-07-07T09:45:54.662,0.956,20.53,1,1.8105171562200022e-06,0,1,200,,,
2026-07-07T09:45:55.161,0.956,20.53,2,1.8105171562200022e-06,0,1,200,,,
2026-07-07T09:45:55.661,0.956,20.53,1,1.2417885408365733e-05,1,2,200,2026-07-07T09:45:55.451376,200,1
2026-07-07T09:45:56.166,0.956,20.53,2,2.424954739975317e-06,0,2,200,,,
2026-07-07T09:45:56.669,0.956,20.53,1,1.8241330670102055e-06,0,2,200,,,
2026-07-07T09:45:57.170,0.9561,20.53,1,1.8241330670102055e-06,0,2,200,,,
2026-07-07T09:45:57.669,0.956,20.53,2,1.8241330670102055e-06,0,2,200,,,
2026-07-07T09:45:58.169,0.956,20.53,1,1.8241330670102055e-06,0,2,200,,,
2026-07-07T09:45:58.671,0.9559,20.54,2,1.8105171562200022e-06,0,2,200,,,
2026-07-07T09:45:59.172,0.956,20.54,1,1.8105171562200022e-06,0,2,200,,,
2026-07-07T09:45:59.671,0.9559,20.54,2,1.8105171562200022e-06,0,2,200,,,
2026-07-07T09:46:00.172,0.956,20.54,1,1.8241330670102055e-06,0,2,200,,,
2026-07-07T09:46:00.672,0.9559,20.54,1,1.7970028789290172e-06,0,2,200,,,
2026-07-07T09:46:01.159,0.956,20.54,2,1.8105171562200022e-06,0,2,200,,,
2026-07-07T09:46:01.661,0.9559,20.54,1,1.7970028789290172e-06,0,2,100,,,
2026-07-07T09:46:02.163,0.956,20.54,2,1.7970028789290172e-06,0,2,100,,,
2026-07-07T09:46:02.668,0.956,20.54,1,1.8105171562200022e-06,0,2,100,,,
2026-07-07T09:46:03.158,0.9561,20.54,1,1.7970028789290172e-06,0,2,100,,,
2026-07-07T09:46:03.661,0.956,20.54,2,1.783589476512413e-06,0,2,100,,,
2026-07-07T09:46:04.162,0.956,20.54,1,1.7970028789290172e-06,0,2,100,,,
2026-07-07T09:46:04.664,0.956,20.55,2,1.7970028789290172e-06,0,2,100,,,
2026-07-07T09:46:05.167,0.9559,20.55,1,1.7970028789290172e-06,0,2,100,,,
2026-07-07T09:46:05.665,0.956,20.55,1,1.7970028789290172e-06,0,2,100,,,
2026-07-07T09:46:06.162,0.956,20.55,2,1.7970028789290172e-06,0,2,100,,,
2026-07-07T09:46:06.665,0.956,20.55,1,1.7970028789290172e-06,0,2,100,,,
2026-07-07T09:46:07.162,0.956,20.55,2,1.7970028789290172e-06,0,2,100,,,
2026-07-07T09:46:07.662,0.956,20.55,1,1.7970028789290172e-06,0,2,100,,,
2026-07-07T09:46:08.162,0.956,20.55,1,4.253476207590364e-06,1,3,100,2026-07-07T09:46:07.753872,100,1
2026-07-07T09:46:08.667,0.956,20.55,2,1.908006042515134e-06,0,3,100,,,
2026-07-07T09:46:09.167,0.956,20.55,1,1.8105171562200022e-06,0,3,100,,,
2026-07-07T09:46:09.668,0.956,20.55,2,1.8105171562200022e-06,0,3,100,,,
2026-07-07T09:46:10.173,0.9561,20.55,1,1.7970028789290172e-06,0,3,100,,,
2026-07-07T09:46:10.672,0.956,20.55,1,1.7970028789290172e-06,0,3,100,,,
2026-07-07T09:46:11.170,0.956,20.55,2,1.7970028789290172e-06,0,3,100,,,
2026-07-07T09:46:11.673,0.9561,20.56,1,1.7970028789290172e-06,0,3,100,,,
2026-07-07T09:46:12.157,0.956,20.56,2,1.7970028789290172e-06,0,3,100,,,
2026-07-07T09:46:12.673,0.956,20.56,1,1.8105171562200022e-06,0,3,100,,,
2026-07-07T09:46:13.172,0.956,20.56,1,1.8105171562200022e-06,0,3,100,,,
2026-07-07T09:46:13.658,0.956,20.56,2,1.7970028789290172e-06,0,3,100,,,
2026-07-07T09:46:14.170,0.956,20.56,1,1.7970028789290172e-06,0,3,100,,,
2026-07-07T09:46:14.670,0.956,20.56,2,1.8105171562200022e-06,0,3,100,,,
2026-07-07T09:46:15.169,0.956,20.56,1,1.7970028789290172e-06,0,3,100,,,
2026-07-07T09:46:15.669,0.956,20.56,1,1.783589476512413e-06,0,3,100,,,
2026-07-07T09:46:16.171,0.9559,20.56,2,1.7970028789290172e-06,0,3,100,,,
2026-07-07T09:46:16.658,0.956,20.57,1,1.7970028789290172e-06,0,3,100,,,
2026-07-07T09:46:17.174,0.956,20.56,2,1.7970028789290172e-06,0,3,100,,,
2026-07-07T09:46:17.673,0.956,20.57,1,7.349818851106496e-06,1,4,100,2026-07-07T09:46:17.400965,100,1
2026-07-07T09:46:18.173,0.9559,20.56,2,2.0564514545717104e-06,0,4,100,,,
2026-07-07T09:46:18.673,0.9559,20.57,1,1.7970028789290172e-06,0,4,100,,,
2026-07-07T09:46:19.171,0.956,20.57,1,1.7970028789290172e-06,0,4,100,,,
2026-07-07T09:46:19.658,0.956,20.56,2,1.8105171562200022e-06,0,4,100,,,
2026-07-07T09:46:20.171,0.9561,20.56,1,1.7970028789290172e-06,0,4,100,,,
2026-07-07T09:46:20.669,0.956,20.57,2,1.8105171562200022e-06,0,4,100,,,
2026-07-07T09:46:21.165,0.956,20.57,1,1.8105171562200022e-06,0,4,100,,,
2026-07-07T09:46:21.664,0.956,20.56,1,1.7970028789290172e-06,0,4,100,,,
2026-07-07T09:46:22.165,0.9559,20.57,2,1.8105171562200022e-06,0,4,100,,,
2026-07-07T09:46:22.664,0.956,20.57,1,1.7970028789290172e-06,0,4,100,,,
2026-07-07T09:46:23.163,0.956,20.57,2,1.7970028789290172e-06,0,4,100,,,
2026-07-07T09:46:23.663,0.956,20.57,1,1.8105171562200022e-06,0,4,100,,,
2026-07-07T09:46:24.161,0.956,20.57,1,1.7970028789290172e-06,0,4,100,,,
2026-07-07T09:46:24.658,0.956,20.57,2,8.666860587118794e-06,1,5,100,2026-07-07T09:46:24.424183,100,1
2026-07-07T09:46:25.172,0.9559,20.57,1,2.1671828891441195e-06,0,5,100,,,
2026-07-07T09:46:25.673,0.956,20.57,2,1.7970028789290172e-06,0,5,100,,,
2026-07-07T09:46:26.171,0.956,20.57,1,1.7970028789290172e-06,0,5,100,,,
2026-07-07T09:46:26.671,0.9559,20.58,1,1.8105171562200022e-06,0,5,100,,,
2026-07-07T09:46:27.169,0.956,20.58,2,1.8105171562200022e-06,0,5,100,,,
2026-07-07T09:46:27.668,0.956,20.58,1,1.7970028789290172e-06,0,5,100,,,
2026-07-07T09:46:28.168,0.956,20.58,2,1.8105171562200022e-06,0,5,100,,,
2026-07-07T09:46:28.668,0.956,20.58,1,1.7970028789290172e-06,0,5,100,,,
2026-07-07T09:46:29.167,0.956,20.58,1,1.8105171562200022e-06,0,5,100,,,
2026-07-07T09:46:29.672,0.9559,20.58,2,1.7970028789290172e-06,0,5,100,,,
2026-07-07T09:46:30.171,0.956,20.58,1,1.7970028789290172e-06,0,5,100,,,
2026-07-07T09:46:30.671,0.956,20.58,2,1.8105171562200022e-06,0,5,100,,,
2026-07-07T09:46:31.166,0.956,20.58,1,1.7970028789290172e-06,0,5,100,,,
2026-07-07T09:46:31.669,0.956,20.59,1,1.7970028789290172e-06,0,5,100,,,
2026-07-07T09:46:32.171,0.9559,20.59,2,1.7970028789290172e-06,0,5,100,,,
2026-07-07T09:46:32.672,0.9559,20.59,1,1.783589476512413e-06,0,5,100,,,
2026-07-07T09:46:33.170,0.956,20.59,2,1.7970028789290172e-06,0,5,100,,,
2026-07-07T09:46:33.664,0.956,20.59,1,1.783589476512413e-06,0,5,100,,,
2026-07-07T09:46:34.166,0.956,20.59,1,1.7970028789290172e-06,0,5,100,,,
2026-07-07T09:46:34.666,0.956,20.59,2,1.8105171562200022e-06,0,5,100,,,
2026-07-07T09:46:35.165,0.956,20.59,1,1.783589476512413e-06,0,5,100,,,
2026-07-07T09:46:35.661,0.956,20.59,2,1.7970028789290172e-06,0,5,100,,,
2026-07-07T09:46:36.164,0.956,20.59,1,1.7970028789290172e-06,0,5,100,,,
2026-07-07T09:46:36.664,0.956,20.59,1,1.7970028789290172e-06,0,5,100,,,
2026-07-07T09:46:37.165,0.956,20.59,2,1.783589476512413e-06,0,5,100,,,
2026-07-07T09:46:37.664,0.956,20.6,1,1.7970028789290172e-06,0,5,100,,,
2026-07-07T09:46:38.160,0.956,20.6,2,1.7970028789290172e-06,0,5,100,,,
2026-07-07T09:46:38.659,0.9559,20.6,1,1.7970028789290172e-06,0,5,100,,,
2026-07-07T09:46:39.158,0.9561,20.6,1,1.7970028789290172e-06,0,5,100,,,
2026-07-07T09:46:39.658,0.956,20.6,2,1.7970028789290172e-06,0,5,100,,,
2026-07-07T09:46:40.172,0.956,20.6,1,1.7970028789290172e-06,0,5,100,,,
2026-07-07T09:46:40.674,0.956,20.6,2,1.7970028789290172e-06,0,5,100,,,
2026-07-07T09:46:41.158,0.956,20.6,1,1.783589476512413e-06,0,5,100,,,
2026-07-07T09:46:41.661,0.9559,20.6,1,1.7970028789290172e-06,0,5,100,,,
2026-07-07T09:46:42.161,0.956,20.6,2,1.783589476512413e-06,0,5,100,,,
2026-07-07T09:46:42.662,0.956,20.6,1,1.7970028789290172e-06,0,5,100,,,
2026-07-07T09:46:43.162,0.9559,20.6,2,1.7970028789290172e-06,0,5,100,,,
2026-07-07T09:46:43.665,0.956,20.61,1,1.783589476512413e-06,0,5,100,,,
2026-07-07T09:46:44.163,0.956,20.61,1,1.7970028789290172e-06,0,5,100,,,
2026-07-07T09:46:44.662,0.956,20.61,2,1.8105171562200022e-06,0,5,100,,,
2026-07-07T09:46:45.163,0.956,20.61,1,1.783589476512413e-06,0,5,100,,,
2026-07-07T09:46:45.662,0.956,20.61,2,1.8105171562200022e-06,0,5,100,,,
2026-07-07T09:46:46.162,0.956,20.61,1,1.783589476512413e-06,0,5,100,,,
2026-07-07T09:46:46.659,0.956,20.61,1,1.7970028789290172e-06,0,5,100,,,
2026-07-07T09:46:47.173,0.956,20.61,2,1.7970028789290172e-06,0,5,100,,,
2026-07-07T09:46:47.658,0.956,20.61,1,1.7970028789290172e-06,0,5,100,,,
2026-07-07T09:46:48.159,0.956,20.61,2,1.7970028789290172e-06,0,5,100,,,
2026-07-07T09:46:48.659,0.956,20.61,1,1.783589476512413e-06,0,5,100,,,
2026-07-07T09:46:49.159,0.956,20.61,1,1.783589476512413e-06,0,5,100,,,
2026-07-07T09:46:49.661,0.956,20.62,2,1.783589476512413e-06,0,5,100,,,
2026-07-07T09:46:50.161,0.956,20.62,1,1.7970028789290172e-06,0,5,100,,,
2026-07-07T09:46:50.662,0.9559,20.62,2,1.783589476512413e-06,0,5,100,,,
2026-07-07T09:46:51.162,0.9559,20.62,1,1.783589476512413e-06,0,5,100,,,
2026-07-07T09:46:51.662,0.9559,20.62,2,1.7970028789290172e-06,0,5,100,,,
2026-07-07T09:46:52.162,0.956,20.62,1,1.7970028789290172e-06,0,5,100,,,
2026-07-07T09:46:52.664,0.956,20.62,1,1.783589476512413e-06,0,5,100,,,
2026-07-07T09:46:53.160,0.956,20.62,2,1.783589476512413e-06,0,5,100,,,
2026-07-07T09:46:53.663,0.9559,20.62,1,1.7702761960079692e-06,0,5,90,,,
2026-07-07T09:46:54.162,0.956,20.62,2,1.783589476512413e-06,0,5,90,,,
2026-07-07T09:46:54.662,0.956,20.62,1,1.783589476512413e-06,0,5,90,,,
2026-07-07T09:46:55.162,0.956,20.62,1,1.7702761960079692e-06,0,5,90,,,
2026-07-07T09:46:55.660,0.956,20.62,2,1.783589476512413e-06,0,5,90,,,
2026-07-07T09:46:56.172,0.956,20.62,1,1.783589476512413e-06,0,5,90,,,
2026-07-07T09:46:56.658,0.956,20.62,2,1.783589476512413e-06,0,5,90,,,
2026-07-07T09:46:57.162,0.956,20.63,1,1.783589476512413e-06,0,5,90,,,
2026-07-07T09:46:57.663,0.956,20.62,1,3.4228016384945714e-06,1,6,90,2026-07-07T09:46:57.508935,90,1
2026-07-07T09:46:58.162,0.9559,20.62,2,1.9513778030428477e-06,0,6,90,,,
2026-07-07T09:46:58.659,0.956,20.63,1,1.783589476512413e-06,0,6,90,,,
2026-07-07T09:46:59.163,0.9559,20.63,2,1.7970028789290172e-06,0,6,90,,,
2026-07-07T09:46:59.664,0.956,20.63,1,1.783589476512413e-06,0,6,90,,,
2026-07-07T09:47:00.159,0.956,20.63,1,1.783589476512413e-06,0,6,90,,,
2026-07-07T09:47:00.660,0.956,20.63,2,1.783589476512413e-06,0,6,90,,,
2026-07-07T09:47:01.171,0.956,20.63,1,1.783589476512413e-06,0,6,90,,,
2026-07-07T09:47:01.671,0.956,20.63,1,1.7970028789290172e-06,0,6,90,,,
2026-07-07T09:47:02.169,0.956,20.63,2,1.7970028789290172e-06,0,6,90,,,
2026-07-07T09:47:02.670,0.956,20.63,1,1.783589476512413e-06,0,6,90,,,
2026-07-07T09:47:03.165,0.9559,20.63,2,2.4068541046615227e-06,1,7,90,2026-07-07T09:47:02.708967,90,1
2026-07-07T09:47:03.666,0.956,20.63,1,1.7970028789290172e-06,0,7,90,,,
2026-07-07T09:47:04.164,0.9559,20.63,1,1.783589476512413e-06,0,7,90,,,
2026-07-07T09:47:04.665,0.956,20.64,2,1.783589476512413e-06,0,7,90,,,
2026-07-07T09:47:05.164,0.9559,20.64,1,1.7970028789290172e-06,0,7,90,,,
2026-07-07T09:47:05.665,0.956,20.64,2,1.7970028789290172e-06,0,7,90,,,
2026-07-07T09:47:06.165,0.9559,20.64,1,1.783589476512413e-06,0,7,90,,,
2026-07-07T09:47:06.664,0.956,20.64,1,1.783589476512413e-06,0,7,90,,,
2026-07-07T09:47:07.166,0.956,20.64,2,1.7970028789290172e-06,0,7,90,,,
2026-07-07T09:47:07.667,0.9559,20.64,1,1.7970028789290172e-06,0,7,90,,,
2026-07-07T09:47:08.167,0.9559,20.64,2,1.7970028789290172e-06,0,7,90,,,
2026-07-07T09:47:08.666,0.9559,20.64,1,1.7970028789290172e-06,0,7,90,,,
2026-07-07T09:47:09.168,0.956,20.64,1,1.7970028789290172e-06,0,7,90,,,
2026-07-07T09:47:09.666,0.956,20.64,2,1.783589476512413e-06,0,7,90,,,
2026-07-07T09:47:10.167,0.956,20.64,1,1.7970028789290172e-06,0,7,90,,,
2026-07-07T09:47:10.668,0.956,20.65,2,1.7970028789290172e-06,0,7,90,,,
2026-07-07T09:47:11.165,0.956,20.65,1,1.783589476512413e-06,0,7,90,,,
2026-07-07T09:47:11.666,0.956,20.65,1,1.783589476512413e-06,0,7,90,,,
2026-07-07T09:47:12.163,0.9559,20.65,2,1.7970028789290172e-06,0,7,90,,,
2026-07-07T09:47:12.664,0.956,20.65,1,1.7970028789290172e-06,0,7,90,,,
2026-07-07T09:47:13.165,0.9559,20.65,2,1.783589476512413e-06,0,7,90,,,
2026-07-07T09:47:13.665,0.956,20.65,1,1.783589476512413e-06,0,7,90,,,
2026-07-07T09:47:14.168,0.9559,20.65,1,1.783589476512413e-06,0,7,90,,,
2026-07-07T09:47:14.667,0.956,20.66,2,1.7702761960079692e-06,0,7,90,,,
2026-07-07T09:47:15.167,0.956,20.66,1,1.783589476512413e-06,0,7,90,,,
2026-07-07T09:47:15.663,0.9559,20.66,2,1.7970028789290172e-06,0,7,90,,,
2026-07-07T09:47:16.165,0.956,20.66,1,1.783589476512413e-06,0,7,90,,,
2026-07-07T09:47:16.667,0.956,20.66,1,1.7970028789290172e-06,0,7,90,,,
2026-07-07T09:47:17.167,0.9559,20.66,2,1.783589476512413e-06,0,7,90,,,
2026-07-07T09:47:17.672,0.956,20.66,1,1.783589476512413e-06,0,7,90,,,
2026-07-07T09:47:18.162,0.9559,20.66,2,1.783589476512413e-06,0,7,90,,,
2026-07-07T09:47:18.665,0.956,20.66,1,1.7970028789290172e-06,0,7,90,,,
2026-07-07T09:47:19.168,0.956,20.66,1,4.285464279281282e-06,1,8,90,2026-07-07T09:47:18.898865,90,1
2026-07-07T09:47:19.669,0.956,20.66,2,1.8241330670102055e-06,0,8,90,,,
2026-07-07T09:47:20.174,0.956,20.66,1,1.7970028789290172e-06,0,8,90,,,
2026-07-07T09:47:20.673,0.9559,20.67,2,1.7970028789290172e-06,0,8,90,,,
2026-07-07T09:47:21.171,0.956,20.67,1,1.783589476512413e-06,0,8,90,,,
2026-07-07T09:47:21.674,0.956,20.67,1,1.783589476512413e-06,0,8,90,,,
2026-07-07T09:47:22.172,0.956,20.67,2,1.783589476512413e-06,0,8,90,,,
2026-07-07T09:47:22.673,0.956,20.67,1,1.783589476512413e-06,0,8,90,,,
2026-07-07T09:47:23.171,0.9559,20.67,2,1.7970028789290172e-06,0,8,90,,,
2026-07-07T09:47:23.671,0.956,20.67,1,1.7970028789290172e-06,0,8,90,,,
2026-07-07T09:47:24.172,0.956,20.67,1,1.7970028789290172e-06,0,8,90,,,
2026-07-07T09:47:24.672,0.9559,20.67,2,1.8105171562200022e-06,0,8,90,,,
2026-07-07T09:47:25.172,0.956,20.67,1,1.7970028789290172e-06,0,8,90,,,
2026-07-07T09:47:25.673,0.9559,20.67,2,1.8105171562200022e-06,0,8,90,,,
2026-07-07T09:47:26.171,0.956,20.68,1,4.221726905065115e-06,1,9,90,2026-07-07T09:47:25.906793,90,1
2026-07-07T09:47:26.673,0.956,20.68,1,1.8241330670102055e-06,0,9,90,,,
2026-07-07T09:47:27.160,0.956,20.68,2,1.7970028789290172e-06,0,9,90,,,
2026-07-07T09:47:27.662,0.956,20.68,1,1.783589476512413e-06,0,9,90,,,
2026-07-07T09:47:28.175,0.956,20.68,2,1.7970028789290172e-06,0,9,90,,,
2026-07-07T09:47:28.659,0.956,20.68,1,1.783589476512413e-06,0,9,90,,,
2026-07-07T09:47:29.172,0.956,20.68,1,1.783589476512413e-06,0,9,90,,,
2026-07-07T09:47:29.672,0.956,20.68,2,1.783589476512413e-06,0,9,90,,,
2026-07-07T09:47:30.171,0.956,20.68,1,1.783589476512413e-06,0,9,90,,,
2026-07-07T09:47:30.658,0.9559,20.68,2,1.7970028789290172e-06,0,9,90,,,
2026-07-07T09:47:31.171,0.956,20.68,1,1.7970028789290172e-06,0,9,90,,,
2026-07-07T09:47:31.671,0.956,20.68,1,1.7970028789290172e-06,0,9,90,,,
2026-07-07T09:47:32.159,0.9559,20.68,2,1.783589476512413e-06,0,9,90,,,
2026-07-07T09:47:32.670,0.9559,20.68,1,1.8105171562200022e-06,0,9,90,,,
2026-07-07T09:47:33.171,0.956,20.68,2,1.783589476512413e-06,0,9,90,,,
2026-07-07T09:47:33.672,0.956,20.69,1,1.8105171562200022e-06,0,9,90,,,
2026-07-07T09:47:34.172,0.956,20.69,1,1.783589476512413e-06,0,9,90,,,
2026-07-07T09:47:34.671,0.956,20.69,2,1.7970028789290172e-06,0,9,90,,,
2026-07-07T09:47:35.172,0.956,20.69,1,1.7970028789290172e-06,0,9,90,,,
2026-07-07T09:47:35.660,0.956,20.69,2,1.783589476512413e-06,0,9,90,,,
2026-07-07T09:47:36.168,0.9559,20.69,1,1.7970028789290172e-06,0,9,90,,,
2026-07-07T09:47:36.668,0.956,20.69,1,1.783589476512413e-06,0,9,90,,,
2026-07-07T09:47:37.168,0.956,20.69,2,1.783589476512413e-06,0,9,90,,,
2026-07-07T09:47:37.671,0.956,20.69,1,1.783589476512413e-06,0,9,90,,,
2026-07-07T09:47:38.173,0.956,20.69,2,1.783589476512413e-06,0,9,90,,,
2026-07-07T09:47:38.670,0.956,20.69,1,1.783589476512413e-06,0,9,90,,,
2026-07-07T09:47:39.171,0.956,20.69,1,1.7970028789290172e-06,0,9,90,,,
2026-07-07T09:47:39.667,0.956,20.69,2,1.7702761960079692e-06,0,9,90,,,
2026-07-07T09:47:40.169,0.956,20.69,1,1.7970028789290172e-06,0,9,90,,,
2026-07-07T09:47:40.658,0.9559,20.7,1,1.7970028789290172e-06,0,9,90,,,
2026-07-07T09:47:41.171,0.956,20.7,2,1.783589476512413e-06,0,9,90,,,
2026-07-07T09:47:41.659,0.956,20.7,1,1.7970028789290172e-06,0,9,90,,,
2026-07-07T09:47:42.173,0.956,20.7,2,1.7702761960079692e-06,0,9,90,,,
2026-07-07T09:47:42.671,0.956,20.7,1,1.783589476512413e-06,0,9,90,,,
2026-07-07T09:47:43.173,0.9559,20.7,2,1.783589476512413e-06,0,9,90,,,
2026-07-07T09:47:43.671,0.956,20.71,1,1.7970028789290172e-06,0,9,90,,,
2026-07-07T09:47:44.168,0.956,20.7,1,1.783589476512413e-06,0,9,90,,,
2026-07-07T09:47:44.666,0.956,20.7,2,1.783589476512413e-06,0,9,90,,,
2026-07-07T09:47:45.164,0.956,20.71,1,1.783589476512413e-06,0,9,90,,,
2026-07-07T09:47:45.666,0.956,20.71,1,1.7970028789290172e-06,0,9,90,,,
2026-07-07T09:47:46.169,0.956,20.7,2,1.7970028789290172e-06,0,9,90,,,
2026-07-07T09:47:46.671,0.956,20.71,1,1.783589476512413e-06,0,9,90,,,
2026-07-07T09:47:47.169,0.956,20.71,2,1.783589476512413e-06,0,9,90,,,
2026-07-07T09:47:47.668,0.956,20.71,1,1.783589476512413e-06,0,9,90,,,
2026-07-07T09:47:48.168,0.956,20.71,1,1.783589476512413e-06,0,9,90,,,
2026-07-07T09:47:48.670,0.9559,20.71,2,1.783589476512413e-06,0,9,90,,,
2026-07-07T09:47:49.170,0.956,20.71,1,1.7970028789290172e-06,0,9,90,,,
2026-07-07T09:47:49.658,0.9559,20.71,2,1.7970028789290172e-06,0,9,90,,,
2026-07-07T09:47:50.159,0.9559,20.71,1,1.783589476512413e-06,0,9,90,,,
2026-07-07T09:47:50.673,0.956,20.71,1,1.783589476512413e-06,0,9,90,,,
2026-07-07T09:47:51.158,0.956,20.71,2,1.7970028789290172e-06,0,9,90,,,
2026-07-07T09:47:51.660,0.956,20.72,1,1.7970028789290172e-06,0,9,90,,,
2026-07-07T09:47:52.173,0.956,20.72,2,1.7970028789290172e-06,0,9,90,,,
2026-07-07T09:47:52.672,0.956,20.72,1,1.7970028789290172e-06,0,9,90,,,
2026-07-07T09:47:53.172,0.956,20.72,1,1.783589476512413e-06,0,9,90,,,
2026-07-07T09:47:53.672,0.956,20.72,2,1.783589476512413e-06,0,9,90,,,
2026-07-07T09:47:54.173,0.956,20.72,1,1.783589476512413e-06,0,9,90,,,
2026-07-07T09:47:54.673,0.956,20.72,2,1.7702761960079692e-06,0,9,90,,,
2026-07-07T09:47:55.172,0.956,20.72,1,1.783589476512413e-06,0,9,90,,,
2026-07-07T09:47:55.671,0.9559,20.73,1,1.7970028789290172e-06,0,9,90,,,
2026-07-07T09:47:56.170,0.956,20.73,2,1.7970028789290172e-06,0,9,90,,,
2026-07-07T09:47:56.672,0.956,20.73,1,1.7702761960079692e-06,0,9,90,,,
2026-07-07T09:47:57.171,0.956,20.73,2,1.783589476512413e-06,0,9,90,,,
2026-07-07T09:47:57.673,0.956,20.73,1,1.7970028789290172e-06,0,9,90,,,
2026-07-07T09:47:58.171,0.956,20.73,1,1.783589476512413e-06,0,9,90,,,
2026-07-07T09:47:58.671,0.956,20.73,2,1.7702761960079692e-06,0,9,90,,,
2026-07-07T09:47:59.167,0.9559,20.73,1,1.783589476512413e-06,0,9,90,,,
2026-07-07T09:47:59.669,0.956,20.73,2,1.783589476512413e-06,0,9,90,,,
2026-07-07T09:48:00.169,0.956,20.73,1,1.783589476512413e-06,0,9,90,,,
2026-07-07T09:48:00.667,0.956,20.73,1,1.783589476512413e-06,0,9,90,,,
2026-07-07T09:48:01.169,0.956,20.73,2,1.7702761960079692e-06,0,9,90,,,
2026-07-07T09:48:01.667,0.956,20.73,1,1.783589476512413e-06,0,9,90,,,
2026-07-07T09:48:02.165,0.9559,20.74,2,1.783589476512413e-06,0,9,90,,,
2026-07-07T09:48:02.664,0.956,20.74,1,1.783589476512413e-06,0,9,90,,,
2026-07-07T09:48:03.162,0.9559,20.74,2,1.783589476512413e-06,0,9,90,,,
2026-07-07T09:48:03.659,0.9561,20.74,1,1.7970028789290172e-06,0,9,90,,,
2026-07-07T09:48:04.160,0.956,20.74,1,5.285745935453795e-06,1,10,90,2026-07-07T09:48:03.918972,90,1
2026-07-07T09:48:04.662,0.9559,20.74,2,1.8378513756296791e-06,0,10,90,,,
2026-07-07T09:48:05.162,0.956,20.74,1,1.7702761960079692e-06,0,10,90,,,
2026-07-07T09:48:05.663,0.956,20.74,2,1.783589476512413e-06,0,10,90,,,
2026-07-07T09:48:06.161,0.956,20.74,1,1.783589476512413e-06,0,10,90,,,
2026-07-07T09:48:06.673,0.956,20.74,1,1.783589476512413e-06,0,10,90,,,
2026-07-07T09:48:07.170,0.9559,20.74,2,1.7970028789290172e-06,0,10,90,,,
2026-07-07T09:48:07.672,0.9561,20.74,1,1.783589476512413e-06,0,10,90,,,
2026-07-07T09:48:08.160,0.956,20.74,1,1.7970028789290172e-06,0,10,90,,,
2026-07-07T09:48:08.661,0.956,20.74,2,1.7970028789290172e-06,0,10,90,,,
2026-07-07T09:48:09.161,0.956,20.74,1,1.783589476512413e-06,0,10,90,,,
2026-07-07T09:48:09.663,0.9559,20.74,2,1.783589476512413e-06,0,10,90,,,
2026-07-07T09:48:10.164,0.956,20.74,1,1.783589476512413e-06,0,10,90,,,
2026-07-07T09:48:10.664,0.956,20.74,2,1.783589476512413e-06,0,10,90,,,
2026-07-07T09:48:11.164,0.956,20.74,1,1.7970028789290172e-06,0,10,90,,,
2026-07-07T09:48:11.666,0.956,20.74,1,1.7970028789290172e-06,0,10,90,,,
2026-07-07T09:48:12.165,0.9559,20.74,2,1.7970028789290172e-06,0,10,90,,,
2026-07-07T09:48:12.665,0.9559,20.74,1,1.7702761960079692e-06,0,10,90,,,
2026-07-07T09:48:13.164,0.956,20.75,2,1.783589476512413e-06,0,10,90,,,
2026-07-07T09:48:13.663,0.956,20.75,1,1.7970028789290172e-06,0,10,90,,,
2026-07-07T09:48:14.163,0.956,20.75,1,1.783589476512413e-06,0,10,90,,,
2026-07-07T09:48:14.665,0.9559,20.75,2,1.8105171562200022e-06,0,10,90,,,
2026-07-07T09:48:15.168,0.956,20.75,1,1.783589476512413e-06,0,10,90,,,
2026-07-07T09:48:15.669,0.956,20.75,2,1.7970028789290172e-06,0,10,90,,,
2026-07-07T09:48:16.170,0.956,20.75,1,1.783589476512413e-06,0,10,90,,,
2026-07-07T09:48:16.669,0.956,20.75,1,1.7702761960079692e-06,0,10,90,,,
2026-07-07T09:48:17.168,0.956,20.75,2,1.783589476512413e-06,0,10,90,,,
2026-07-07T09:48:17.668,0.9559,20.75,1,1.783589476512413e-06,0,10,90,,,
2026-07-07T09:48:18.165,0.956,20.75,2,1.7970028789290172e-06,0,10,90,,,
2026-07-07T09:48:18.668,0.956,20.75,1,1.783589476512413e-06,0,10,90,,,
2026-07-07T09:48:19.166,0.956,20.75,1,1.783589476512413e-06,0,10,90,,,
2026-07-07T09:48:19.665,0.9559,20.76,2,1.7970028789290172e-06,0,10,90,,,
2026-07-07T09:48:20.167,0.956,20.75,1,1.8105171562200022e-06,0,10,90,,,
2026-07-07T09:48:20.667,0.956,20.76,2,1.7702761960079692e-06,0,10,90,,,
2026-07-07T09:48:21.165,0.956,20.76,1,1.7970028789290172e-06,0,10,90,,,
2026-07-07T09:48:21.666,0.956,20.76,1,1.7970028789290172e-06,0,10,90,,,
2026-07-07T09:48:22.165,0.956,20.76,2,1.7970028789290172e-06,0,10,90,,,
2026-07-07T09:48:22.664,0.956,20.76,1,1.7970028789290172e-06,0,10,90,,,
2026-07-07T09:48:23.162,0.9559,20.76,2,1.7970028789290172e-06,0,10,90,,,
2026-07-07T09:48:23.662,0.956,20.76,1,1.783589476512413e-06,0,10,90,,,
2026-07-07T09:48:24.163,0.956,20.76,1,1.7970028789290172e-06,0,10,90,,,
2026-07-07T09:48:24.664,0.956,20.76,2,1.783589476512413e-06,0,10,90,,,
2026-07-07T09:48:25.161,0.956,20.76,1,1.7970028789290172e-06,0,10,90,,,
2026-07-07T09:48:25.662,0.956,20.76,2,1.7970028789290172e-06,0,10,90,,,
2026-07-07T09:48:26.161,0.956,20.76,1,1.783589476512413e-06,0,10,90,,,
2026-07-07T09:48:26.662,0.9561,20.76,1,1.7970028789290172e-06,0,10,90,,,
2026-07-07T09:48:27.169,0.9559,20.76,2,1.783589476512413e-06,0,10,90,,,
2026-07-07T09:48:27.673,0.956,20.76,1,1.783589476512413e-06,0,10,90,,,
2026-07-07T09:48:28.172,0.956,20.76,2,1.783589476512413e-06,0,10,90,,,
2026-07-07T09:48:28.672,0.9559,20.76,1,1.7970028789290172e-06,0,10,90,,,
2026-07-07T09:48:29.172,0.956,20.77,1,1.783589476512413e-06,0,10,90,,,
2026-07-07T09:48:29.671,0.9559,20.77,2,1.783589476512413e-06,0,10,90,,,
2026-07-07T09:48:30.172,0.956,20.77,1,1.783589476512413e-06,0,10,90,,,
2026-07-07T09:48:30.658,0.956,20.77,2,1.783589476512413e-06,0,10,90,,,
2026-07-07T09:48:31.170,0.956,20.77,1,1.7970028789290172e-06,0,10,90,,,
2026-07-07T09:48:31.672,0.956,20.77,1,1.7970028789290172e-06,0,10,90,,,
2026-07-07T09:48:32.170,0.956,20.77,2,1.7970028789290172e-06,0,10,90,,,
2026-07-07T09:48:32.665,0.956,20.77,1,1.783589476512413e-06,0,10,90,,,
2026-07-07T09:48:33.167,0.956,20.77,1,1.7970028789290172e-06,0,10,90,,,
2026-07-07T09:48:33.669,0.9559,20.77,2,1.783589476512413e-06,0,10,90,,,
2026-07-07T09:48:34.171,0.956,20.77,1,1.7970028789290172e-06,0,10,90,,,
2026-07-07T09:48:34.671,0.9559,20.77,2,1.783589476512413e-06,0,10,90,,,
2026-07-07T09:48:35.173,0.956,20.77,1,1.783589476512413e-06,0,10,90,,,
2026-07-07T09:48:35.672,0.956,20.77,2,1.7970028789290172e-06,0,10,90,,,
2026-07-07T09:48:36.160,0.956,20.77,1,1.783589476512413e-06,0,10,90,,,
2026-07-07T09:48:36.662,0.956,20.78,1,1.783589476512413e-06,0,10,90,,,
2026-07-07T09:48:37.160,0.956,20.77,2,1.7970028789290172e-06,0,10,90,,,
2026-07-07T09:48:37.659,0.956,20.78,1,1.783589476512413e-06,0,10,90,,,
2026-07-07T09:48:38.159,0.956,20.78,2,1.783589476512413e-06,0,10,90,,,
2026-07-07T09:48:38.673,0.9561,20.78,1,1.8105171562200022e-06,0,10,90,,,
2026-07-07T09:48:39.159,0.956,20.78,1,1.7970028789290172e-06,0,10,90,,,
2026-07-07T09:48:39.661,0.9559,20.78,2,1.7970028789290172e-06,0,10,90,,,
2026-07-07T09:48:40.159,0.956,20.78,1,1.7970028789290172e-06,0,10,90,,,
2026-07-07T09:48:40.659,0.956,20.78,2,1.783589476512413e-06,0,10,90,,,
2026-07-07T09:48:41.173,0.956,20.78,1,1.783589476512413e-06,0,10,90,,,
2026-07-07T09:48:41.674,0.956,20.78,1,1.783589476512413e-06,0,10,90,,,
2026-07-07T09:48:42.161,0.956,20.78,2,1.7970028789290172e-06,0,10,90,,,
2026-07-07T09:48:42.663,0.956,20.78,1,1.783589476512413e-06,0,10,90,,,
2026-07-07T09:48:43.163,0.9559,20.78,2,1.7970028789290172e-06,0,10,90,,,
2026-07-07T09:48:43.664,0.956,20.78,1,1.783589476512413e-06,0,10,90,,,
2026-07-07T09:48:44.162,0.956,20.78,1,1.7970028789290172e-06,0,10,90,,,
2026-07-07T09:48:44.663,0.956,20.78,2,1.7970028789290172e-06,0,10,90,,,
2026-07-07T09:48:45.161,0.956,20.78,1,1.7970028789290172e-06,0,10,90,,,
2026-07-07T09:48:45.659,0.956,20.78,2,1.7970028789290172e-06,0,10,90,,,
2026-07-07T09:48:46.172,0.956,20.78,1,1.783589476512413e-06,0,10,90,,,
2026-07-07T09:48:46.659,0.956,20.78,1,1.783589476512413e-06,0,10,90,,,
2026-07-07T09:48:47.158,0.956,20.78,2,1.783589476512413e-06,0,10,90,,,
2026-07-07T09:48:47.673,0.956,20.79,1,1.8105171562200022e-06,0,10,90,,,
2026-07-07T09:48:48.173,0.956,20.79,2,1.7970028789290172e-06,0,10,90,,,
2026-07-07T09:48:48.672,0.956,20.79,1,1.7970028789290172e-06,0,10,90,,,
2026-07-07T09:48:49.168,0.956,20.79,2,1.7970028789290172e-06,0,10,90,,,
2026-07-07T09:48:49.670,0.956,20.79,1,1.783589476512413e-06,0,10,90,,,
2026-07-07T09:48:50.170,0.956,20.79,1,1.783589476512413e-06,0,10,90,,,
2026-07-07T09:48:50.665,0.9559,20.79,2,1.7970028789290172e-06,0,10,90,,,
2026-07-07T09:48:51.168,0.956,20.79,1,1.7970028789290172e-06,0,10,90,,,
2026-07-07T09:48:51.671,0.956,20.79,2,1.783589476512413e-06,0,10,90,,,
2026-07-07T09:48:52.170,0.9559,20.79,1,1.7970028789290172e-06,0,10,90,,,
2026-07-07T09:48:52.670,0.956,20.79,1,1.7970028789290172e-06,0,10,90,,,
2026-07-07T09:48:53.166,0.956,20.79,2,1.7970028789290172e-06,0,10,90,,,
2026-07-07T09:48:53.669,0.956,20.79,1,1.7970028789290172e-06,0,10,90,,,
2026-07-07T09:48:54.169,0.956,20.79,1,1.7970028789290172e-06,0,10,90,,,
2026-07-07T09:48:54.667,0.9559,20.79,2,1.783589476512413e-06,0,10,90,,,
2026-07-07T09:48:55.169,0.956,20.79,1,1.783589476512413e-06,0,10,90,,,
2026-07-07T09:48:55.669,0.9559,20.79,2,1.783589476512413e-06,0,10,90,,,
2026-07-07T09:48:56.172,0.956,20.79,1,1.783589476512413e-06,0,10,90,,,
2026-07-07T09:48:56.659,0.956,20.79,2,1.783589476512413e-06,0,10,90,,,
2026-07-07T09:48:57.172,0.956,20.8,1,1.783589476512413e-06,0,10,90,,,
2026-07-07T09:48:57.673,0.956,20.8,1,1.783589476512413e-06,0,10,90,,,
2026-07-07T09:48:58.173,0.956,20.8,2,1.7970028789290172e-06,0,10,90,,,
2026-07-07T09:48:58.660,0.956,20.8,1,1.783589476512413e-06,0,10,90,,,
2026-07-07T09:48:59.161,0.956,20.8,1,1.7970028789290172e-06,0,10,90,,,
2026-07-07T09:48:59.672,0.9559,20.8,2,1.783589476512413e-06,0,10,90,,,
2026-07-07T09:49:00.171,0.956,20.8,1,1.8105171562200022e-06,0,10,90,,,
2026-07-07T09:49:00.669,0.9559,20.8,2,1.7970028789290172e-06,0,10,90,,,
2026-07-07T09:49:01.172,0.956,20.8,1,1.783589476512413e-06,0,10,90,,,
2026-07-07T09:49:01.673,0.956,20.8,2,1.783589476512413e-06,0,10,90,,,
2026-07-07T09:49:02.171,0.956,20.8,1,1.7970028789290172e-06,0,10,90,,,
2026-07-07T09:49:02.666,0.956,20.8,1,1.7970028789290172e-06,0,10,90,,,
2026-07-07T09:49:03.170,0.956,20.8,2,1.7970028789290172e-06,0,10,90,,,
2026-07-07T09:49:03.671,0.956,20.8,1,1.7970028789290172e-06,0,10,90,,,
2026-07-07T09:49:04.170,0.956,20.8,2,1.783589476512413e-06,0,10,90,,,
2026-07-07T09:49:04.671,0.956,20.8,1,1.7970028789290172e-06,0,10,90,,,
2026-07-07T09:49:05.160,0.956,20.8,1,1.783589476512413e-06,0,10,90,,,
2026-07-07T09:49:05.660,0.9559,20.8,2,1.783589476512413e-06,0,10,90,,,
2026-07-07T09:49:06.161,0.9561,20.8,1,1.783589476512413e-06,0,10,90,,,
2026-07-07T09:49:06.662,0.956,20.8,2,1.7970028789290172e-06,0,10,90,,,
2026-07-07T09:49:07.160,0.9561,20.8,1,1.783589476512413e-06,0,10,90,,,
2026-07-07T09:49:07.661,0.956,20.8,1,1.7702761960079692e-06,0,10,90,,,
2026-07-07T09:49:08.163,0.956,20.8,2,1.7970028789290172e-06,0,10,90,,,
2026-07-07T09:49:08.661,0.956,20.8,1,3.5269330654020527e-06,1,11,90,2026-07-07T09:49:08.344717,90,1
2026-07-07T09:49:09.161,0.956,20.8,1,1.8378513756296791e-06,0,11,90,,,
2026-07-07T09:49:09.662,0.956,20.8,2,1.783589476512413e-06,0,11,90,,,
2026-07-07T09:49:10.162,0.956,20.8,1,1.7970028789290172e-06,0,11,90,,,
2026-07-07T09:49:10.660,0.956,20.8,2,1.8105171562200022e-06,0,11,90,,,
2026-07-07T09:49:11.160,0.956,20.8,1,1.8105171562200022e-06,0,11,90,,,
2026-07-07T09:49:11.663,0.956,20.8,1,1.7970028789290172e-06,0,11,90,,,
2026-07-07T09:49:12.165,0.956,20.8,2,1.7970028789290172e-06,0,11,90,,,
2026-07-07T09:49:12.668,0.956,20.8,1,1.783589476512413e-06,0,11,90,,,
2026-07-07T09:49:13.171,0.956,20.8,2,1.7970028789290172e-06,0,11,90,,,
2026-07-07T09:49:13.671,0.956,20.8,1,1.7970028789290172e-06,0,11,90,,,
2026-07-07T09:49:14.173,0.956,20.8,1,1.783589476512413e-06,0,11,90,,,
2026-07-07T09:49:14.659,0.956,20.8,2,1.7970028789290172e-06,0,11,90,,,
2026-07-07T09:49:15.173,0.956,20.81,1,1.783589476512413e-06,0,11,90,,,
2026-07-07T09:49:15.671,0.956,20.8,2,1.7970028789290172e-06,0,11,90,,,
2026-07-07T09:49:16.172,0.956,20.8,1,1.7970028789290172e-06,0,11,90,,,
2026-07-07T09:49:16.672,0.9559,20.8,2,1.7970028789290172e-06,0,11,90,,,
2026-07-07T09:49:17.172,0.956,20.8,1,3.105141533759142e-06,1,12,90,2026-07-07T09:49:16.855901,90,1
2026-07-07T09:49:17.673,0.956,20.8,1,1.8241330670102055e-06,0,12,90,,,
2026-07-07T09:49:18.172,0.956,20.8,2,1.783589476512413e-06,0,12,90,,,
2026-07-07T09:49:18.671,0.956,20.81,1,1.7702761960079692e-06,0,12,90,,,
2026-07-07T09:49:19.168,0.9559,20.81,1,1.7970028789290172e-06,0,12,90,,,
2026-07-07T09:49:19.668,0.956,20.81,2,1.783589476512413e-06,0,12,90,,,
2026-07-07T09:49:20.167,0.956,20.81,1,1.7970028789290172e-06,0,12,90,,,
2026-07-07T09:49:20.665,0.9559,20.8,2,1.783589476512413e-06,0,12,90,,,
2026-07-07T09:49:21.162,0.956,20.81,1,1.7970028789290172e-06,0,12,90,,,
2026-07-07T09:49:21.662,0.9559,20.8,1,1.7970028789290172e-06,0,12,90,,,
2026-07-07T09:49:22.166,0.956,20.81,2,1.7970028789290172e-06,0,12,90,,,
2026-07-07T09:49:22.665,0.9559,20.81,1,1.783589476512413e-06,0,12,90,,,
2026-07-07T09:49:23.167,0.956,20.81,2,1.783589476512413e-06,0,12,90,,,
2026-07-07T09:49:23.665,0.956,20.81,1,1.7970028789290172e-06,0,12,85,,,
2026-07-07T09:49:24.165,0.9561,20.81,1,1.7970028789290172e-06,0,12,85,,,
2026-07-07T09:49:24.668,0.956,20.81,2,1.7970028789290172e-06,0,12,85,,,
2026-07-07T09:49:25.169,0.956,20.81,1,1.7970028789290172e-06,0,12,85,,,
2026-07-07T09:49:25.673,0.9559,20.81,2,1.783589476512413e-06,0,12,85,,,
2026-07-07T09:49:26.159,0.956,20.81,1,1.783589476512413e-06,0,12,85,,,
2026-07-07T09:49:26.659,0.956,20.81,1,1.783589476512413e-06,0,12,85,,,
2026-07-07T09:49:27.173,0.956,20.81,2,2.0719169029126138e-06,1,13,85,2026-07-07T09:49:26.807314,85,1
2026-07-07T09:49:27.673,0.956,20.81,1,1.8105171562200022e-06,0,13,85,,,
2026-07-07T09:49:28.159,0.956,20.81,2,1.7970028789290172e-06,0,13,85,,,
2026-07-07T09:49:28.674,0.956,20.81,1,1.783589476512413e-06,0,13,85,,,
2026-07-07T09:49:29.171,0.956,20.81,1,1.783589476512413e-06,0,13,85,,,
2026-07-07T09:49:29.669,0.956,20.81,2,1.783589476512413e-06,0,13,85,,,
2026-07-07T09:49:30.168,0.9559,20.81,1,1.7702761960079692e-06,0,13,85,,,
2026-07-07T09:49:30.669,0.9559,20.81,2,1.783589476512413e-06,0,13,85,,,
2026-07-07T09:49:31.171,0.9561,20.81,1,1.783589476512413e-06,0,13,85,,,
2026-07-07T09:49:31.672,0.956,20.81,2,1.7970028789290172e-06,0,13,85,,,
2026-07-07T09:49:32.173,0.956,20.81,1,1.7702761960079692e-06,0,13,85,,,
2026-07-07T09:49:32.659,0.956,20.81,1,1.7970028789290172e-06,0,13,85,,,
2026-07-07T09:49:33.161,0.956,20.81,2,1.7970028789290172e-06,0,13,85,,,
2026-07-07T09:49:33.663,0.956,20.81,1,2.216446117453304e-06,1,14,85,2026-07-07T09:49:33.302061,85,1
2026-07-07T09:49:34.168,0.956,20.81,2,1.7970028789290172e-06,0,14,85,,,
2026-07-07T09:49:34.664,0.956,20.81,1,1.783589476512413e-06,0,14,85,,,
2026-07-07T09:49:35.164,0.956,20.81,1,1.7970028789290172e-06,0,14,85,,,
2026-07-07T09:49:35.663,0.956,20.81,2,1.783589476512413e-06,0,14,85,,,
2026-07-07T09:49:36.164,0.9559,20.81,1,1.783589476512413e-06,0,14,85,,,
2026-07-07T09:49:36.665,0.956,20.81,1,1.7970028789290172e-06,0,14,85,,,
2026-07-07T09:49:37.164,0.9559,20.81,2,1.783589476512413e-06,0,14,85,,,
2026-07-07T09:49:37.669,0.9561,20.82,1,1.783589476512413e-06,0,14,85,,,
2026-07-07T09:49:38.167,0.956,20.82,2,1.783589476512413e-06,0,14,85,,,
2026-07-07T09:49:38.667,0.956,20.82,1,1.783589476512413e-06,0,14,85,,,
2026-07-07T09:49:39.166,0.956,20.82,2,1.7970028789290172e-06,0,14,85,,,
2026-07-07T09:49:39.664,0.9561,20.82,1,1.783589476512413e-06,0,14,85,,,
2026-07-07T09:49:40.163,0.956,20.82,1,1.783589476512413e-06,0,14,85,,,
2026-07-07T09:49:40.665,0.956,20.82,2,1.7702761960079692e-06,0,14,85,,,
2026-07-07T09:49:41.171,0.9561,20.81,1,1.783589476512413e-06,0,14,85,,,
2026-07-07T09:49:41.658,0.956,20.82,1,1.783589476512413e-06,0,14,85,,,
2026-07-07T09:49:42.159,0.956,20.82,2,1.783589476512413e-06,0,14,85,,,
2026-07-07T09:49:42.661,0.956,20.82,1,1.783589476512413e-06,0,14,85,,,
2026-07-07T09:49:43.164,0.956,20.81,2,1.783589476512413e-06,0,14,85,,,
2026-07-07T09:49:43.661,0.956,20.82,1,1.783589476512413e-06,0,14,85,,,
2026-07-07T09:49:44.159,0.956,20.82,2,1.783589476512413e-06,0,14,85,,,
2026-07-07T09:49:44.660,0.956,20.82,1,1.7702761960079692e-06,0,14,85,,,
2026-07-07T09:49:45.172,0.956,20.82,1,1.7970028789290172e-06,0,14,85,,,
2026-07-07T09:49:45.659,0.956,20.82,2,1.783589476512413e-06,0,14,85,,,
2026-07-07T09:49:46.173,0.956,20.82,1,1.7970028789290172e-06,0,14,85,,,
2026-07-07T09:49:46.661,0.956,20.82,1,1.7970028789290172e-06,0,14,85,,,
2026-07-07T09:49:47.160,0.956,20.82,2,1.783589476512413e-06,0,14,85,,,
2026-07-07T09:49:47.662,0.956,20.82,1,1.783589476512413e-06,0,14,85,,,
2026-07-07T09:49:48.163,0.956,20.82,2,1.7970028789290172e-06,0,14,85,,,
2026-07-07T09:49:48.668,0.956,20.82,1,1.783589476512413e-06,0,14,85,,,
2026-07-07T09:49:49.169,0.956,20.82,2,1.7702761960079692e-06,0,14,85,,,
2026-07-07T09:49:49.669,0.956,20.82,1,1.7970028789290172e-06,0,14,85,,,
2026-07-07T09:49:50.168,0.9561,20.82,1,1.7970028789290172e-06,0,14,85,,,
2026-07-07T09:49:50.667,0.956,20.82,2,1.7970028789290172e-06,0,14,85,,,
2026-07-07T09:49:51.169,0.9561,20.82,1,1.783589476512413e-06,0,14,85,,,
2026-07-07T09:49:51.668,0.956,20.82,2,1.7970028789290172e-06,0,14,85,,,
2026-07-07T09:49:52.168,0.956,20.82,1,1.783589476512413e-06,0,14,85,,,
2026-07-07T09:49:52.670,0.956,20.82,1,1.783589476512413e-06,0,14,85,,,
2026-07-07T09:49:53.164,0.956,20.82,2,1.7970028789290172e-06,0,14,85,,,
2026-07-07T09:49:53.664,0.956,20.82,1,1.7970028789290172e-06,0,14,85,,,
2026-07-07T09:49:54.165,0.956,20.82,2,1.7702761960079692e-06,0,14,85,,,
2026-07-07T09:49:54.667,0.956,20.82,1,1.783589476512413e-06,0,14,85,,,
2026-07-07T09:49:55.167,0.956,20.82,1,1.783589476512413e-06,0,14,85,,,
2026-07-07T09:49:55.667,0.956,20.82,2,1.783589476512413e-06,0,14,85,,,
2026-07-07T09:49:56.166,0.956,20.82,1,1.7970028789290172e-06,0,14,85,,,
2026-07-07T09:49:56.664,0.956,20.82,1,1.783589476512413e-06,0,14,85,,,
2026-07-07T09:49:57.167,0.956,20.82,2,1.7970028789290172e-06,0,14,85,,,
2026-07-07T09:49:57.665,0.9559,20.82,1,1.783589476512413e-06,0,14,85,,,
2026-07-07T09:49:58.166,0.956,20.82,2,1.783589476512413e-06,0,14,85,,,
2026-07-07T09:49:58.667,0.956,20.83,1,1.783589476512413e-06,0,14,85,,,
2026-07-07T09:49:59.168,0.956,20.82,1,1.783589476512413e-06,0,14,85,,,
2026-07-07T09:49:59.666,0.956,20.82,2,1.7970028789290172e-06,0,14,85,,,
2026-07-07T09:50:00.167,0.956,20.82,1,1.7970028789290172e-06,0,14,85,,,
2026-07-07T09:50:00.669,0.956,20.82,2,1.783589476512413e-06,0,14,85,,,
2026-07-07T09:50:01.165,0.956,20.82,1,1.7970028789290172e-06,0,14,85,,,
2026-07-07T09:50:01.666,0.956,20.82,1,1.783589476512413e-06,0,14,85,,,
2026-07-07T09:50:02.165,0.956,20.82,2,1.7970028789290172e-06,0,14,85,,,
2026-07-07T09:50:02.665,0.956,20.82,1,1.7970028789290172e-06,0,14,85,,,
2026-07-07T09:50:03.164,0.956,20.82,2,1.783589476512413e-06,0,14,85,,,
2026-07-07T09:50:03.661,0.956,20.82,1,1.783589476512413e-06,0,14,85,,,
2026-07-07T09:50:04.161,0.9561,20.82,1,1.783589476512413e-06,0,14,85,,,
2026-07-07T09:50:04.659,0.956,20.82,2,1.7702761960079692e-06,0,14,85,,,
2026-07-07T09:50:05.173,0.956,20.82,1,1.783589476512413e-06,0,14,85,,,
2026-07-07T09:50:05.673,0.956,20.83,2,1.783589476512413e-06,0,14,85,,,
2026-07-07T09:50:06.160,0.956,20.82,1,1.783589476512413e-06,0,14,85,,,
2026-07-07T09:50:06.660,0.9561,20.83,1,1.7702761960079692e-06,0,14,85,,,
2026-07-07T09:50:07.162,0.956,20.82,2,1.7702761960079692e-06,0,14,85,,,
2026-07-07T09:50:07.665,0.956,20.83,1,1.783589476512413e-06,0,14,85,,,
2026-07-07T09:50:08.164,0.956,20.82,2,1.783589476512413e-06,0,14,85,,,
2026-07-07T09:50:08.667,0.956,20.82,1,1.783589476512413e-06,0,14,85,,,
2026-07-07T09:50:09.167,0.956,20.83,2,1.7970028789290172e-06,0,14,85,,,
2026-07-07T09:50:09.662,0.956,20.82,1,1.7702761960079692e-06,0,14,85,,,
2026-07-07T09:50:10.161,0.956,20.83,1,1.7970028789290172e-06,0,14,85,,,
2026-07-07T09:50:10.660,0.956,20.82,2,1.7970028789290172e-06,0,14,85,,,
2026-07-07T09:50:11.174,0.956,20.83,1,1.783589476512413e-06,0,14,85,,,
2026-07-07T09:50:11.657,0.956,20.82,1,1.783589476512413e-06,0,14,85,,,
2026-07-07T09:50:12.172,0.956,20.83,2,1.7702761960079692e-06,0,14,85,,,
2026-07-07T09:50:12.671,0.956,20.83,1,1.7970028789290172e-06,0,14,85,,,
2026-07-07T09:50:13.173,0.956,20.83,2,1.783589476512413e-06,0,14,85,,,
2026-07-07T09:50:13.660,0.956,20.83,1,1.783589476512413e-06,0,14,85,,,
2026-07-07T09:50:14.171,0.956,20.83,2,1.783589476512413e-06,0,14,85,,,
2026-07-07T09:50:14.672,0.956,20.82,1,1.783589476512413e-06,0,14,85,,,
2026-07-07T09:50:15.170,0.956,20.82,1,1.7970028789290172e-06,0,14,85,,,
2026-07-07T09:50:15.665,0.956,20.83,2,1.783589476512413e-06,0,14,85,,,
2026-07-07T09:50:16.167,0.9561,20.83,1,1.783589476512413e-06,0,14,85,,,
2026-07-07T09:50:16.666,0.9561,20.83,1,1.7970028789290172e-06,0,14,85,,,
2026-07-07T09:50:17.168,0.956,20.83,2,1.783589476512413e-06,0,14,85,,,
2026-07-07T09:50:17.668,0.9561,20.83,1,1.783589476512413e-06,0,14,85,,,
2026-07-07T09:50:18.170,0.956,20.83,2,1.783589476512413e-06,0,14,85,,,
2026-07-07T09:50:18.668,0.956,20.83,1,1.783589476512413e-06,0,14,85,,,
2026-07-07T09:50:19.166,0.956,20.83,1,1.783589476512413e-06,0,14,85,,,
2026-07-07T09:50:19.665,0.956,20.83,2,1.783589476512413e-06,0,14,85,,,
2026-07-07T09:50:20.164,0.9561,20.83,1,1.783589476512413e-06,0,14,85,,,
2026-07-07T09:50:20.663,0.956,20.83,2,1.7702761960079692e-06,0,14,85,,,
2026-07-07T09:50:21.164,0.956,20.83,1,1.783589476512413e-06,0,14,85,,,
2026-07-07T09:50:21.663,0.956,20.83,1,1.7970028789290172e-06,0,14,85,,,
2026-07-07T09:50:22.162,0.956,20.83,2,1.783589476512413e-06,0,14,85,,,
2026-07-07T09:50:22.661,0.956,20.83,1,1.7702761960079692e-06,0,14,85,,,
2026-07-07T09:50:23.167,0.956,20.83,2,1.783589476512413e-06,0,14,85,,,
2026-07-07T09:50:23.665,0.956,20.83,1,1.783589476512413e-06,0,14,85,,,
2026-07-07T09:50:24.166,0.956,20.83,1,1.783589476512413e-06,0,14,85,,,
2026-07-07T09:50:24.664,0.956,20.83,2,1.7702761960079692e-06,0,14,85,,,
2026-07-07T09:50:25.161,0.956,20.83,1,1.783589476512413e-06,0,14,85,,,
2026-07-07T09:50:25.663,0.956,20.83,2,1.7702761960079692e-06,0,14,85,,,
2026-07-07T09:50:26.165,0.956,20.83,1,1.783589476512413e-06,0,14,85,,,
2026-07-07T09:50:26.672,0.956,20.83,1,1.7970028789290172e-06,0,14,85,,,
2026-07-07T09:50:27.172,0.9561,20.83,2,1.7970028789290172e-06,0,14,85,,,
2026-07-07T09:50:27.671,0.956,20.83,1,1.7702761960079692e-06,0,14,85,,,
2026-07-07T09:50:28.171,0.956,20.83,2,1.7702761960079692e-06,0,14,85,,,
2026-07-07T09:50:28.667,0.956,20.83,1,1.7702761960079692e-06,0,14,85,,,
2026-07-07T09:50:29.169,0.956,20.83,1,1.783589476512413e-06,0,14,85,,,
2026-07-07T09:50:29.659,0.956,20.83,2,1.783589476512413e-06,0,14,85,,,
2026-07-07T09:50:30.173,0.956,20.83,1,1.783589476512413e-06,0,14,85,,,
2026-07-07T09:50:30.673,0.956,20.83,2,1.7702761960079692e-06,0,14,85,,,
2026-07-07T09:50:31.160,0.956,20.83,1,1.7702761960079692e-06,0,14,85,,,
2026-07-07T09:50:31.660,0.956,20.83,1,1.7702761960079692e-06,0,14,85,,,
2026-07-07T09:50:32.159,0.956,20.83,2,1.7702761960079692e-06,0,14,85,,,
2026-07-07T09:50:32.662,0.956,20.83,1,1.783589476512413e-06,0,14,85,,,
2026-07-07T09:50:33.165,0.956,20.83,2,1.783589476512413e-06,0,14,85,,,
2026-07-07T09:50:33.664,0.956,20.83,1,1.783589476512413e-06,0,14,85,,,
2026-07-07T09:50:34.169,0.9561,20.83,1,1.783589476512413e-06,0,14,85,,,
2026-07-07T09:50:34.671,0.9559,20.83,2,1.7970028789290172e-06,0,14,85,,,
2026-07-07T09:50:35.174,0.9559,20.83,1,1.783589476512413e-06,0,14,85,,,
2026-07-07T09:50:35.670,0.956,20.83,2,1.7702761960079692e-06,0,14,85,,,
2026-07-07T09:50:36.167,0.9561,20.83,1,1.7702761960079692e-06,0,14,85,,,
2026-07-07T09:50:36.666,0.9559,20.83,2,1.783589476512413e-06,0,14,85,,,
2026-07-07T09:50:37.166,0.956,20.83,1,1.7702761960079692e-06,0,14,85,,,
2026-07-07T09:50:37.668,0.956,20.83,1,1.7702761960079692e-06,0,14,85,,,
2026-07-07T09:50:38.169,0.956,20.83,2,1.7702761960079692e-06,0,14,85,,,
2026-07-07T09:50:38.667,0.956,20.83,1,1.783589476512413e-06,0,14,85,,,
2026-07-07T09:50:39.165,0.9561,20.83,1,1.7702761960079692e-06,0,14,85,,,
2026-07-07T09:50:39.666,0.9561,20.83,2,1.7702761960079692e-06,0,14,85,,,
2026-07-07T09:50:40.170,0.9561,20.83,1,1.783589476512413e-06,0,14,85,,,
2026-07-07T09:50:40.671,0.956,20.83,2,1.7702761960079692e-06,0,14,85,,,
2026-07-07T09:50:41.173,0.956,20.83,1,1.7702761960079692e-06,0,14,85,,,
2026-07-07T09:50:41.672,0.956,20.83,2,1.783589476512413e-06,0,14,85,,,
2026-07-07T09:50:42.169,0.956,20.83,1,1.7702761960079692e-06,0,14,85,,,
2026-07-07T09:50:42.669,0.956,20.83,1,1.783589476512413e-06,0,14,85,,,
2026-07-07T09:50:43.167,0.9561,20.83,2,1.783589476512413e-06,0,14,85,,,
2026-07-07T09:50:43.671,0.956,20.83,1,1.7702761960079692e-06,0,14,85,,,
2026-07-07T09:50:44.169,0.956,20.83,2,1.7702761960079692e-06,0,14,85,,,
2026-07-07T09:50:44.669,0.956,20.83,1,1.783589476512413e-06,0,14,85,,,
2026-07-07T09:50:45.164,0.956,20.83,1,1.783589476512413e-06,0,14,85,,,
2026-07-07T09:50:45.662,0.956,20.83,2,1.783589476512413e-06,0,14,85,,,
2026-07-07T09:50:46.161,0.956,20.83,1,1.783589476512413e-06,0,14,85,,,
2026-07-07T09:50:46.661,0.9561,20.83,1,2.424954739975317e-06,1,15,85,2026-07-07T09:50:46.569985,85,1
2026-07-07T09:50:47.161,0.956,20.83,2,1.8378513756296791e-06,0,15,85,,,
2026-07-07T09:50:47.660,0.9561,20.83,1,1.783589476512413e-06,0,15,85,,,
2026-07-07T09:50:48.161,0.956,20.83,2,1.7702761960079692e-06,0,15,85,,,
2026-07-07T09:50:48.661,0.9559,20.83,1,1.7702761960079692e-06,0,15,85,,,
2026-07-07T09:50:49.160,0.956,20.83,1,1.783589476512413e-06,0,15,85,,,
2026-07-07T09:50:49.674,0.956,20.83,2,1.783589476512413e-06,0,15,85,,,
2026-07-07T09:50:50.173,0.956,20.83,1,1.783589476512413e-06,0,15,85,,,
2026-07-07T09:50:50.659,0.956,20.83,2,1.7702761960079692e-06,0,15,85,,,
2026-07-07T09:50:51.173,0.956,20.83,1,1.7702761960079692e-06,0,15,85,,,
2026-07-07T09:50:51.669,0.956,20.83,1,2.103197595850687e-06,1,16,85,2026-07-07T09:50:51.288628,85,1
2026-07-07T09:50:52.170,0.956,20.83,2,1.7970028789290172e-06,0,16,85,,,
2026-07-07T09:50:52.671,0.956,20.83,1,1.783589476512413e-06,0,16,85,,,
2026-07-07T09:50:53.171,0.956,20.83,2,1.783589476512413e-06,0,16,85,,,
2026-07-07T09:50:53.673,0.956,20.83,1,1.783589476512413e-06,0,16,85,,,
2026-07-07T09:50:54.170,0.956,20.83,1,1.783589476512413e-06,0,16,85,,,
2026-07-07T09:50:54.669,0.956,20.83,2,1.7970028789290172e-06,0,16,85,,,
2026-07-07T09:50:55.168,0.956,20.84,1,1.783589476512413e-06,0,16,85,,,
2026-07-07T09:50:55.666,0.956,20.83,1,1.7702761960079692e-06,0,16,85,,,
2026-07-07T09:50:56.163,0.956,20.83,2,1.7702761960079692e-06,0,16,85,,,
2026-07-07T09:50:56.664,0.956,20.83,1,1.7702761960079692e-06,0,16,85,,,
2026-07-07T09:50:57.159,0.956,20.84,2,1.783589476512413e-06,0,16,85,,,
2026-07-07T09:50:57.662,0.956,20.83,1,1.7702761960079692e-06,0,16,85,,,
2026-07-07T09:50:58.160,0.9561,20.83,1,1.783589476512413e-06,0,16,85,,,
2026-07-07T09:50:58.659,0.956,20.84,2,1.783589476512413e-06,0,16,85,,,
2026-07-07T09:50:59.158,0.956,20.83,1,1.783589476512413e-06,0,16,85,,,
2026-07-07T09:50:59.673,0.956,20.84,2,1.783589476512413e-06,0,16,85,,,
2026-07-07T09:51:00.170,0.956,20.83,1,1.7702761960079692e-06,0,16,85,,,
2026-07-07T09:51:00.669,0.956,20.83,1,1.783589476512413e-06,0,16,85,,,
2026-07-07T09:51:01.168,0.956,20.84,2,1.7970028789290172e-06,0,16,85,,,
2026-07-07T09:51:01.665,0.956,20.84,1,1.7702761960079692e-06,0,16,85,,,
2026-07-07T09:51:02.165,0.956,20.83,2,1.7702761960079692e-06,0,16,85,,,
2026-07-07T09:51:02.665,0.956,20.83,1,1.783589476512413e-06,0,16,85,,,
2026-07-07T09:51:03.163,0.956,20.83,1,1.783589476512413e-06,0,16,85,,,
2026-07-07T09:51:03.665,0.9559,20.83,2,1.7702761960079692e-06,0,16,85,,,
2026-07-07T09:51:04.168,0.9561,20.83,1,1.783589476512413e-06,0,16,85,,,
2026-07-07T09:51:04.671,0.9561,20.83,2,1.7970028789290172e-06,0,16,85,,,
2026-07-07T09:51:05.171,0.956,20.83,1,1.7702761960079692e-06,0,16,85,,,
2026-07-07T09:51:05.671,0.956,20.83,1,1.783589476512413e-06,0,16,85,,,
2026-07-07T09:51:06.173,0.956,20.83,2,1.7702761960079692e-06,0,16,85,,,
2026-07-07T09:51:06.661,0.9561,20.83,1,1.783589476512413e-06,0,16,85,,,
2026-07-07T09:51:07.162,0.956,20.83,2,1.7702761960079692e-06,0,16,85,,,
2026-07-07T09:51:07.658,0.956,20.83,1,1.7702761960079692e-06,0,16,85,,,
2026-07-07T09:51:08.159,0.956,20.83,1,1.7702761960079692e-06,0,16,85,,,
2026-07-07T09:51:08.671,0.956,20.83,2,1.7570622900738048e-06,0,16,85,,,
2026-07-07T09:51:09.159,0.956,20.83,1,1.7702761960079692e-06,0,16,85,,,
2026-07-07T09:51:09.658,0.956,20.83,2,1.7702761960079692e-06,0,16,85,,,
2026-07-07T09:51:10.173,0.956,20.83,1,1.7702761960079692e-06,0,16,85,,,
2026-07-07T09:51:10.672,0.9561,20.83,1,1.7702761960079692e-06,0,16,85,,,
2026-07-07T09:51:11.169,0.956,20.84,2,1.7702761960079692e-06,0,16,85,,,
2026-07-07T09:51:11.668,0.956,20.83,1,1.7702761960079692e-06,0,16,85,,,
2026-07-07T09:51:12.165,0.956,20.84,2,1.783589476512413e-06,0,16,85,,,
2026-07-07T09:51:12.666,0.9561,20.83,1,1.7570622900738048e-06,0,16,85,,,
2026-07-07T09:51:13.166,0.956,20.83,1,1.7702761960079692e-06,0,16,85,,,
2026-07-07T09:51:13.665,0.956,20.83,2,1.783589476512413e-06,0,16,85,,,
2026-07-07T09:51:14.165,0.9559,20.83,1,1.7702761960079692e-06,0,16,85,,,
2026-07-07T09:51:14.663,0.9561,20.83,2,1.7702761960079692e-06,0,16,85,,,
2026-07-07T09:51:15.163,0.956,20.83,1,1.7702761960079692e-06,0,16,85,,,
2026-07-07T09:51:15.661,0.9561,20.83,1,1.7702761960079692e-06,0,16,85,,,
2026-07-07T09:51:16.161,0.956,20.83,2,1.7702761960079692e-06,0,16,85,,,
2026-07-07T09:51:16.663,0.956,20.83,1,1.7702761960079692e-06,0,16,85,,,
2026-07-07T09:51:17.162,0.956,20.83,2,1.7702761960079692e-06,0,16,85,,,
2026-07-07T09:51:17.664,0.956,20.83,1,1.7702761960079692e-06,0,16,85,,,
2026-07-07T09:51:18.168,0.956,20.83,1,1.7702761960079692e-06,0,16,85,,,
2026-07-07T09:51:18.669,0.9561,20.83,2,1.7702761960079692e-06,0,16,85,,,
2026-07-07T09:51:19.167,0.956,20.83,1,1.7702761960079692e-06,0,16,85,,,
2026-07-07T09:51:19.669,0.956,20.83,2,1.7702761960079692e-06,0,16,85,,,
2026-07-07T09:51:20.172,0.956,20.83,1,1.7702761960079692e-06,0,16,85,,,
2026-07-07T09:51:20.670,0.956,20.83,1,1.783589476512413e-06,0,16,85,,,
2026-07-07T09:51:21.170,0.9559,20.83,2,1.7702761960079692e-06,0,16,85,,,
2026-07-07T09:51:21.669,0.956,20.83,1,1.7970028789290172e-06,0,16,85,,,
2026-07-07T09:51:22.165,0.956,20.83,2,1.7570622900738048e-06,0,16,85,,,
2026-07-07T09:51:22.667,0.956,20.83,1,1.783589476512413e-06,0,16,85,,,
2026-07-07T09:51:23.168,0.956,20.83,1,1.7702761960079692e-06,0,16,85,,,
2026-07-07T09:51:23.666,0.956,20.83,2,1.783589476512413e-06,0,16,85,,,
2026-07-07T09:51:24.165,0.956,20.83,1,1.7570622900738048e-06,0,16,85,,,
2026-07-07T09:51:24.662,0.956,20.83,2,1.783589476512413e-06,0,16,85,,,
2026-07-07T09:51:25.159,0.956,20.83,1,1.7702761960079692e-06,0,16,85,,,
2026-07-07T09:51:25.660,0.956,20.84,1,1.7570622900738048e-06,0,16,85,,,
2026-07-07T09:51:26.174,0.956,20.83,2,1.7702761960079692e-06,0,16,85,,,
2026-07-07T09:51:26.659,0.9561,20.83,1,1.783589476512413e-06,0,16,85,,,
2026-07-07T09:51:27.172,0.956,20.84,2,1.7970028789290172e-06,0,16,85,,,
2026-07-07T09:51:27.673,0.956,20.83,1,1.783589476512413e-06,0,16,85,,,
2026-07-07T09:51:28.172,0.956,20.83,1,1.7702761960079692e-06,0,16,85,,,
2026-07-07T09:51:28.670,0.956,20.84,2,1.783589476512413e-06,0,16,85,,,
2026-07-07T09:51:29.170,0.956,20.83,1,1.7702761960079692e-06,0,16,85,,,
2026-07-07T09:51:29.665,0.956,20.83,1,1.783589476512413e-06,0,16,85,,,
2026-07-07T09:51:30.164,0.956,20.83,2,1.7702761960079692e-06,0,16,85,,,
2026-07-07T09:51:30.664,0.956,20.83,1,1.7702761960079692e-06,0,16,85,,,
2026-07-07T09:51:31.166,0.956,20.84,2,1.7702761960079692e-06,0,16,85,,,
2026-07-07T09:51:31.663,0.9561,20.83,1,1.7702761960079692e-06,0,16,85,,,
2026-07-07T09:51:32.164,0.956,20.83,1,1.783589476512413e-06,0,16,85,,,
2026-07-07T09:51:32.668,0.9561,20.83,2,1.7702761960079692e-06,0,16,85,,,
2026-07-07T09:51:33.169,0.956,20.83,1,1.7570622900738048e-06,0,16,85,,,
2026-07-07T09:51:33.670,0.956,20.83,2,1.7702761960079692e-06,0,16,85,,,
2026-07-07T09:51:34.170,0.956,20.83,1,1.7702761960079692e-06,0,16,85,,,
2026-07-07T09:51:34.666,0.956,20.83,1,1.7702761960079692e-06,0,16,85,,,
2026-07-07T09:51:35.167,0.956,20.83,2,1.7570622900738048e-06,0,16,85,,,
2026-07-07T09:51:35.665,0.956,20.83,1,1.783589476512413e-06,0,16,85,,,
2026-07-07T09:51:36.164,0.956,20.83,2,1.783589476512413e-06,0,16,85,,,
2026-07-07T09:51:36.667,0.9561,20.83,1,1.7702761960079692e-06,0,16,85,,,
2026-07-07T09:51:37.163,0.9561,20.83,1,1.783589476512413e-06,0,16,85,,,
2026-07-07T09:51:37.663,0.956,20.83,2,1.7702761960079692e-06,0,16,85,,,
2026-07-07T09:51:38.171,0.956,20.83,1,1.7702761960079692e-06,0,16,85,,,
2026-07-07T09:51:38.672,0.956,20.83,2,1.7702761960079692e-06,0,16,85,,,
2026-07-07T09:51:39.172,0.9561,20.83,1,1.7702761960079692e-06,0,16,85,,,
2026-07-07T09:51:39.672,0.956,20.84,1,1.7702761960079692e-06,0,16,85,,,
2026-07-07T09:51:40.174,0.956,20.83,2,1.7570622900738048e-06,0,16,85,,,
2026-07-07T09:51:40.662,0.956,20.83,1,1.7702761960079692e-06,0,16,85,,,
2026-07-07T09:51:41.169,0.956,20.83,2,1.7702761960079692e-06,0,16,85,,,
2026-07-07T09:51:41.667,0.956,20.83,1,1.7702761960079692e-06,0,16,85,,,
2026-07-07T09:51:42.171,0.956,20.83,1,1.7570622900738048e-06,0,16,85,,,
2026-07-07T09:51:42.671,0.956,20.83,2,1.7570622900738048e-06,0,16,85,,,
2026-07-07T09:51:43.168,0.956,20.83,1,1.7970028789290172e-06,0,16,85,,,
2026-07-07T09:51:43.673,0.956,20.83,2,1.7702761960079692e-06,0,16,85,,,
2026-07-07T09:51:44.169,0.956,20.83,1,1.7570622900738048e-06,0,16,85,,,
2026-07-07T09:51:44.668,0.956,20.83,1,1.783589476512413e-06,0,16,85,,,
2026-07-07T09:51:45.171,0.956,20.83,2,1.7439470169464482e-06,0,16,85,,,
2026-07-07T09:51:45.671,0.956,20.83,1,1.7702761960079692e-06,0,16,85,,,
2026-07-07T09:51:46.171,0.956,20.83,1,1.7570622900738048e-06,0,16,85,,,
2026-07-07T09:51:46.671,0.956,20.83,2,1.7702761960079692e-06,0,16,85,,,
2026-07-07T09:51:47.172,0.9561,20.83,1,1.7702761960079692e-06,0,16,85,,,
2026-07-07T09:51:47.673,0.9559,20.83,2,1.783589476512413e-06,0,16,85,,,
2026-07-07T09:51:48.170,0.9561,20.83,1,1.7702761960079692e-06,0,16,85,,,
2026-07-07T09:51:48.669,0.956,20.83,1,1.7702761960079692e-06,0,16,85,,,
2026-07-07T09:51:49.170,0.956,20.83,2,1.7702761960079692e-06,0,16,85,,,
2026-07-07T09:51:49.671,0.956,20.83,1,1.7702761960079692e-06,0,16,85,,,
2026-07-07T09:51:50.168,0.9561,20.83,2,1.783589476512413e-06,0,16,85,,,
2026-07-07T09:51:50.668,0.956,20.83,1,1.783589476512413e-06,0,16,85,,,
2026-07-07T09:51:51.168,0.956,20.83,1,1.783589476512413e-06,0,16,85,,,
2026-07-07T09:51:51.665,0.956,20.83,2,1.783589476512413e-06,0,16,85,,,
2026-07-07T09:51:52.168,0.956,20.83,1,1.7702761960079692e-06,0,16,85,,,
2026-07-07T09:51:52.664,0.956,20.83,2,1.7702761960079692e-06,0,16,85,,,
2026-07-07T09:51:53.165,0.9561,20.83,1,1.7702761960079692e-06,0,16,85,,,
2026-07-07T09:51:53.668,0.956,20.83,2,1.783589476512413e-06,0,16,85,,,
2026-07-07T09:51:54.166,0.9561,20.83,1,1.7702761960079692e-06,0,16,85,,,
2026-07-07T09:51:54.663,0.9561,20.83,1,1.7702761960079692e-06,0,16,85,,,
2026-07-07T09:51:55.161,0.956,20.83,2,1.783589476512413e-06,0,16,85,,,
2026-07-07T09:51:55.660,0.9561,20.83,1,1.7702761960079692e-06,0,16,85,,,
2026-07-07T09:51:56.173,0.956,20.83,2,1.7702761960079692e-06,0,16,85,,,
2026-07-07T09:51:56.668,0.9561,20.83,1,1.7702761960079692e-06,0,16,85,,,
2026-07-07T09:51:57.168,0.956,20.83,1,1.7702761960079692e-06,0,16,85,,,
2026-07-07T09:51:57.668,0.956,20.83,2,1.7570622900738048e-06,0,16,85,,,
2026-07-07T09:51:58.166,0.9561,20.83,1,1.7702761960079692e-06,0,16,85,,,
2026-07-07T09:51:58.667,0.956,20.83,2,1.7702761960079692e-06,0,16,85,,,
2026-07-07T09:51:59.172,0.9561,20.83,1,1.7702761960079692e-06,0,16,85,,,
2026-07-07T09:51:59.658,0.9561,20.83,1,1.783589476512413e-06,0,16,85,,,
2026-07-07T09:52:00.168,0.956,20.83,2,1.7702761960079692e-06,0,16,85,,,
2026-07-07T09:52:00.671,0.956,20.83,1,1.7702761960079692e-06,0,16,85,,,
2026-07-07T09:52:01.173,0.9561,20.83,2,1.783589476512413e-06,0,16,85,,,
2026-07-07T09:52:01.673,0.956,20.83,1,1.7570622900738048e-06,0,16,85,,,
2026-07-07T09:52:02.168,0.9561,20.83,1,1.7702761960079692e-06,0,16,85,,,
2026-07-07T09:52:02.664,0.956,20.83,2,1.7702761960079692e-06,0,16,85,,,
2026-07-07T09:52:03.166,0.956,20.83,1,1.7702761960079692e-06,0,16,85,,,
2026-07-07T09:52:03.668,0.956,20.83,2,1.7702761960079692e-06,0,16,85,,,
2026-07-07T09:52:04.169,0.956,20.83,1,1.7702761960079692e-06,0,16,85,,,
2026-07-07T09:52:04.658,0.9561,20.83,1,1.783589476512413e-06,0,16,85,,,
2026-07-07T09:52:05.170,0.956,20.83,2,1.7702761960079692e-06,0,16,85,,,
2026-07-07T09:52:05.666,0.956,20.83,1,1.7702761960079692e-06,0,16,85,,,
2026-07-07T09:52:06.170,0.956,20.83,2,1.783589476512413e-06,0,16,85,,,
2026-07-07T09:52:06.672,0.9561,20.83,1,1.7570622900738048e-06,0,16,85,,,
2026-07-07T09:52:07.171,0.956,20.83,1,1.7702761960079692e-06,0,16,85,,,
2026-07-07T09:52:07.670,0.956,20.83,2,1.7702761960079692e-06,0,16,85,,,
2026-07-07T09:52:08.168,0.9561,20.83,1,1.7702761960079692e-06,0,16,85,,,
2026-07-07T09:52:08.668,0.956,20.83,2,1.783589476512413e-06,0,16,85,,,
2026-07-07T09:52:09.166,0.956,20.83,1,1.7702761960079692e-06,0,16,85,,,
2026-07-07T09:52:09.666,0.956,20.83,1,1.7702761960079692e-06,0,16,85,,,
2026-07-07T09:52:10.164,0.956,20.83,2,1.783589476512413e-06,0,16,85,,,
2026-07-07T09:52:10.663,0.956,20.83,1,1.7702761960079692e-06,0,16,85,,,
2026-07-07T09:52:11.161,0.956,20.83,2,1.7702761960079692e-06,0,16,85,,,
2026-07-07T09:52:11.661,0.956,20.83,1,1.783589476512413e-06,0,16,85,,,
2026-07-07T09:52:12.165,0.956,20.83,1,1.7702761960079692e-06,0,16,85,,,
2026-07-07T09:52:12.665,0.956,20.83,2,1.7702761960079692e-06,0,16,85,,,
2026-07-07T09:52:13.162,0.956,20.83,1,1.7702761960079692e-06,0,16,85,,,
2026-07-07T09:52:13.660,0.956,20.83,2,1.7702761960079692e-06,0,16,85,,,
2026-07-07T09:52:14.172,0.956,20.83,1,1.7702761960079692e-06,0,16,85,,,
2026-07-07T09:52:14.669,0.956,20.83,1,1.7702761960079692e-06,0,16,85,,,
2026-07-07T09:52:15.171,0.956,20.83,2,1.7702761960079692e-06,0,16,85,,,
2026-07-07T09:52:15.659,0.956,20.83,1,1.7702761960079692e-06,0,16,85,,,
2026-07-07T09:52:16.173,0.956,20.83,2,1.7970028789290172e-06,0,16,85,,,
2026-07-07T09:52:16.672,0.956,20.83,1,1.7702761960079692e-06,0,16,85,,,
2026-07-07T09:52:17.159,0.956,20.82,1,1.7702761960079692e-06,0,16,85,,,
2026-07-07T09:52:17.659,0.956,20.83,2,1.7702761960079692e-06,0,16,85,,,
2026-07-07T09:52:18.159,0.956,20.83,1,1.7702761960079692e-06,0,16,85,,,
2026-07-07T09:52:18.673,0.956,20.83,2,1.783589476512413e-06,0,16,85,,,
2026-07-07T09:52:19.168,0.956,20.83,1,1.7570622900738048e-06,0,16,85,,,
2026-07-07T09:52:19.669,0.956,20.83,1,1.7439470169464482e-06,0,16,85,,,
2026-07-07T09:52:20.169,0.956,20.83,2,1.7702761960079692e-06,0,16,85,,,
2026-07-07T09:52:20.667,0.956,20.83,1,1.7702761960079692e-06,0,16,85,,,
2026-07-07T09:52:21.167,0.956,20.83,1,1.7702761960079692e-06,0,16,85,,,
2026-07-07T09:52:21.669,0.9561,20.83,2,1.7702761960079692e-06,0,16,85,,,
2026-07-07T09:52:22.168,0.956,20.83,1,1.7702761960079692e-06,0,16,85,,,
2026-07-07T09:52:22.663,0.956,20.83,2,1.7702761960079692e-06,0,16,85,,,
2026-07-07T09:52:23.162,0.956,20.83,1,1.7702761960079692e-06,0,16,85,,,
2026-07-07T09:52:23.663,0.956,20.83,1,1.7702761960079692e-06,0,16,85,,,
2026-07-07T09:52:24.162,0.956,20.83,2,1.783589476512413e-06,0,16,85,,,
2026-07-07T09:52:24.663,0.956,20.83,1,1.7570622900738048e-06,0,16,85,,,
2026-07-07T09:52:25.161,0.956,20.83,2,1.7702761960079692e-06,0,16,85,,,
2026-07-07T09:52:25.662,0.956,20.83,1,1.7702761960079692e-06,0,16,85,,,
2026-07-07T09:52:26.162,0.956,20.83,1,1.783589476512413e-06,0,16,85,,,
2026-07-07T09:52:26.662,0.956,20.83,2,1.783589476512413e-06,0,16,85,,,
2026-07-07T09:52:27.164,0.9559,20.83,1,1.7702761960079692e-06,0,16,85,,,
2026-07-07T09:52:27.663,0.956,20.83,2,1.7570622900738048e-06,0,16,85,,,
2026-07-07T09:52:28.161,0.956,20.83,1,1.7702761960079692e-06,0,16,85,,,
2026-07-07T09:52:28.668,0.956,20.83,1,1.7570622900738048e-06,0,16,85,,,
2026-07-07T09:52:29.169,0.9559,20.83,2,1.7702761960079692e-06,0,16,85,,,
2026-07-07T09:52:29.673,0.956,20.83,1,1.783589476512413e-06,0,16,85,,,
2026-07-07T09:52:30.173,0.956,20.83,2,1.7702761960079692e-06,0,16,85,,,
2026-07-07T09:52:30.672,0.9561,20.82,1,1.7702761960079692e-06,0,16,85,,,
2026-07-07T09:52:31.172,0.956,20.83,2,1.7702761960079692e-06,0,16,85,,,
2026-07-07T09:52:31.670,0.956,20.83,1,1.7702761960079692e-06,0,16,85,,,
2026-07-07T09:52:32.166,0.9561,20.83,1,1.7970028789290172e-06,0,16,85,,,
2026-07-07T09:52:32.665,0.956,20.82,2,1.7702761960079692e-06,0,16,85,,,
2026-07-07T09:52:33.161,0.956,20.83,1,1.7702761960079692e-06,0,16,85,,,
2026-07-07T09:52:33.659,0.956,20.82,1,1.7702761960079692e-06,0,16,85,,,
2026-07-07T09:52:34.161,0.956,20.83,2,1.7702761960079692e-06,0,16,85,,,
2026-07-07T09:52:34.672,0.956,20.83,1,1.783589476512413e-06,0,16,85,,,
2026-07-07T09:52:35.171,0.956,20.82,2,1.7702761960079692e-06,0,16,85,,,
2026-07-07T09:52:35.673,0.956,20.83,1,1.7702761960079692e-06,0,16,85,,,
2026-07-07T09:52:36.173,0.9561,20.83,1,1.7702761960079692e-06,0,16,85,,,
2026-07-07T09:52:36.669,0.956,20.82,2,1.7570622900738048e-06,0,16,85,,,
2026-07-07T09:52:37.167,0.9561,20.82,1,1.7570622900738048e-06,0,16,85,,,
2026-07-07T09:52:37.662,0.956,20.82,2,1.7570622900738048e-06,0,16,85,,,
2026-07-07T09:52:38.167,0.9561,20.82,1,1.7570622900738048e-06,0,16,85,,,
2026-07-07T09:52:38.669,0.9561,20.82,1,1.7702761960079692e-06,0,16,85,,,
2026-07-07T09:52:39.167,0.956,20.83,2,1.7570622900738048e-06,0,16,85,,,
2026-07-07T09:52:39.665,0.9561,20.83,1,1.7702761960079692e-06,0,16,85,,,
2026-07-07T09:52:40.171,0.956,20.82,2,1.7702761960079692e-06,0,16,85,,,
2026-07-07T09:52:40.672,0.956,20.82,1,1.783589476512413e-06,0,16,85,,,
2026-07-07T09:52:41.160,0.956,20.83,1,1.7570622900738048e-06,0,16,85,,,
2026-07-07T09:52:41.661,0.956,20.83,2,1.7702761960079692e-06,0,16,85,,,
2026-07-07T09:52:42.159,0.956,20.83,1,1.7702761960079692e-06,0,16,85,,,
2026-07-07T09:52:42.672,0.956,20.82,2,1.7702761960079692e-06,0,16,85,,,
2026-07-07T09:52:43.171,0.9561,20.82,1,1.7702761960079692e-06,0,16,85,,,
2026-07-07T09:52:43.660,0.956,20.83,1,1.7702761960079692e-06,0,16,85,,,
2026-07-07T09:52:44.160,0.956,20.83,2,1.7702761960079692e-06,0,16,85,,,
2026-07-07T09:52:44.661,0.956,20.82,1,1.7702761960079692e-06,0,16,85,,,
2026-07-07T09:52:45.161,0.956,20.82,2,1.7570622900738048e-06,0,16,85,,,
2026-07-07T09:52:45.662,0.956,20.82,1,1.7702761960079692e-06,0,16,85,,,
2026-07-07T09:52:46.165,0.956,20.82,1,1.7702761960079692e-06,0,16,85,,,
2026-07-07T09:52:46.665,0.956,20.82,2,1.7702761960079692e-06,0,16,85,,,
2026-07-07T09:52:47.171,0.956,20.83,1,1.7702761960079692e-06,0,16,85,,,
2026-07-07T09:52:47.672,0.956,20.83,2,1.7702761960079692e-06,0,16,85,,,
2026-07-07T09:52:48.172,0.9561,20.83,1,1.7702761960079692e-06,0,16,85,,,
2026-07-07T09:52:48.669,0.956,20.83,2,1.7702761960079692e-06,0,16,85,,,
2026-07-07T09:52:49.166,0.956,20.82,1,1.7570622900738048e-06,0,16,85,,,
2026-07-07T09:52:49.665,0.956,20.82,1,1.7570622900738048e-06,0,16,85,,,
2026-07-07T09:52:50.165,0.956,20.83,2,1.7570622900738048e-06,0,16,85,,,
2026-07-07T09:52:50.664,0.9561,20.82,1,1.7702761960079692e-06,0,16,85,,,
2026-07-07T09:52:51.165,0.956,20.82,2,1.7570622900738048e-06,0,16,85,,,
2026-07-07T09:52:51.667,0.9561,20.82,1,1.7570622900738048e-06,0,16,85,,,
2026-07-07T09:52:52.165,0.956,20.82,1,1.7702761960079692e-06,0,16,85,,,
2026-07-07T09:52:52.661,0.956,20.82,2,1.7570622900738048e-06,0,16,85,,,
2026-07-07T09:52:53.162,0.956,20.82,1,1.7570622900738048e-06,0,16,85,,,
2026-07-07T09:52:53.667,0.9561,20.82,1,1.7702761960079692e-06,0,16,85,,,
2026-07-07T09:52:54.166,0.956,20.82,2,1.7570622900738048e-06,0,16,85,,,
2026-07-07T09:52:54.666,0.956,20.83,1,1.7570622900738048e-06,0,16,85,,,
2026-07-07T09:52:55.165,0.956,20.82,2,1.7702761960079692e-06,0,16,85,,,
2026-07-07T09:52:55.666,0.956,20.83,1,1.7439470169464482e-06,0,16,85,,,
2026-07-07T09:52:56.161,0.956,20.82,1,1.7702761960079692e-06,0,16,85,,,
2026-07-07T09:52:56.662,0.956,20.82,2,1.7570622900738048e-06,0,16,85,,,
2026-07-07T09:52:57.161,0.956,20.82,1,1.7570622900738048e-06,0,16,85,,,
2026-07-07T09:52:57.662,0.956,20.82,2,1.7439470169464482e-06,0,16,85,,,
2026-07-07T09:52:58.165,0.9561,20.83,1,1.7570622900738048e-06,0,16,85,,,
2026-07-07T09:52:58.662,0.9561,20.82,1,1.7702761960079692e-06,0,16,85,,,
2026-07-07T09:52:59.172,0.9561,20.82,2,1.783589476512413e-06,0,16,85,,,
2026-07-07T09:52:59.671,0.956,20.82,1,1.7439470169464482e-06,0,16,85,,,
2026-07-07T09:53:00.167,0.956,20.82,2,1.7702761960079692e-06,0,16,85,,,
2026-07-07T09:53:00.668,0.956,20.82,1,1.7570622900738048e-06,0,16,85,,,
2026-07-07T09:53:01.167,0.956,20.83,1,1.7702761960079692e-06,0,16,85,,,
2026-07-07T09:53:01.667,0.956,20.82,2,1.7439470169464482e-06,0,16,85,,,
2026-07-07T09:53:02.163,0.956,20.82,1,1.7570622900738048e-06,0,16,85,,,
2026-07-07T09:53:02.660,0.9561,20.83,1,1.7439470169464482e-06,0,16,85,,,
2026-07-07T09:53:03.158,0.956,20.82,2,1.7570622900738048e-06,0,16,85,,,
2026-07-07T09:53:03.670,0.9559,20.82,1,1.7570622900738048e-06,0,16,85,,,
2026-07-07T09:53:04.168,0.9561,20.82,2,1.7570622900738048e-06,0,16,85,,,
2026-07-07T09:53:04.668,0.9561,20.82,1,1.7570622900738048e-06,0,16,85,,,
2026-07-07T09:53:05.167,0.956,20.82,2,1.7439470169464482e-06,0,16,85,,,
2026-07-07T09:53:05.666,0.9561,20.82,1,1.7702761960079692e-06,0,16,85,,,
2026-07-07T09:53:06.164,0.9561,20.82,1,1.7702761960079692e-06,0,16,85,,,
2026-07-07T09:53:06.663,0.956,20.82,2,1.7439470169464482e-06,0,16,85,,,
2026-07-07T09:53:07.164,0.9561,20.82,1,1.7570622900738048e-06,0,16,85,,,
2026-07-07T09:53:07.660,0.956,20.82,2,1.7570622900738048e-06,0,16,85,,,
2026-07-07T09:53:08.160,0.956,20.82,1,1.7570622900738048e-06,0,16,85,,,
2026-07-07T09:53:08.659,0.956,20.82,1,1.7439470169464482e-06,0,16,85,,,
2026-07-07T09:53:09.171,0.956,20.82,2,1.7570622900738048e-06,0,16,85,,,
2026-07-07T09:53:09.669,0.956,20.82,1,1.7570622900738048e-06,0,16,85,,,
2026-07-07T09:53:10.167,0.956,20.82,2,1.7570622900738048e-06,0,16,85,,,
2026-07-07T09:53:10.666,0.956,20.82,1,1.7702761960079692e-06,0,16,85,,,
2026-07-07T09:53:11.165,0.956,20.82,1,1.7570622900738048e-06,0,16,85,,,
2026-07-07T09:53:11.663,0.9561,20.82,2,1.7570622900738048e-06,0,16,85,,,
2026-07-07T09:53:12.164,0.9561,20.82,1,1.7570622900738048e-06,0,16,85,,,
2026-07-07T09:53:12.666,0.9561,20.82,2,1.7570622900738048e-06,0,16,85,,,
2026-07-07T09:53:13.166,0.956,20.82,1,1.7570622900738048e-06,0,16,85,,,
2026-07-07T09:53:13.663,0.9561,20.82,1,1.7570622900738048e-06,0,16,85,,,
2026-07-07T09:53:14.161,0.956,20.82,2,1.7570622900738048e-06,0,16,85,,,
2026-07-07T09:53:14.660,0.9561,20.82,1,1.7570622900738048e-06,0,16,85,,,
2026-07-07T09:53:15.160,0.956,20.82,2,1.7570622900738048e-06,0,16,85,,,
2026-07-07T09:53:15.663,0.956,20.82,1,1.7702761960079692e-06,0,16,85,,,
2026-07-07T09:53:16.162,0.956,20.82,1,1.7702761960079692e-06,0,16,85,,,
2026-07-07T09:53:16.665,0.9561,20.82,2,1.7570622900738048e-06,0,16,85,,,
2026-07-07T09:53:17.162,0.956,20.82,1,1.7570622900738048e-06,0,16,85,,,
2026-07-07T09:53:17.660,0.9561,20.82,1,1.7702761960079692e-06,0,16,85,,,
2026-07-07T09:53:18.162,0.956,20.82,2,1.7702761960079692e-06,0,16,85,,,
2026-07-07T09:53:18.660,0.956,20.82,1,1.7570622900738048e-06,0,16,85,,,
2026-07-07T09:53:19.162,0.956,20.82,2,1.7702761960079692e-06,0,16,85,,,
2026-07-07T09:53:19.672,0.956,20.82,1,1.7570622900738048e-06,0,16,85,,,
2026-07-07T09:53:20.173,0.956,20.82,2,1.7702761960079692e-06,0,16,85,,,
2026-07-07T09:53:20.674,0.9561,20.82,1,1.7570622900738048e-06,0,16,85,,,
2026-07-07T09:53:21.159,0.956,20.82,1,1.7439470169464482e-06,0,16,85,,,
2026-07-07T09:53:21.672,0.956,20.82,2,1.7570622900738048e-06,0,16,85,,,
2026-07-07T09:53:22.172,0.9561,20.82,1,1.7439470169464482e-06,0,16,85,,,
2026-07-07T09:53:22.660,0.956,20.82,2,1.783589476512413e-06,0,16,85,,,
2026-07-07T09:53:23.158,0.9561,20.82,1,1.7570622900738048e-06,0,16,85,,,
2026-07-07T09:53:23.673,0.9561,20.82,1,1.7570622900738048e-06,0,16,85,,,
2026-07-07T09:53:24.170,0.956,20.82,2,1.7570622900738048e-06,0,16,85,,,
2026-07-07T09:53:24.672,0.956,20.82,1,1.7570622900738048e-06,0,16,85,,,
2026-07-07T09:53:25.171,0.956,20.82,2,1.7570622900738048e-06,0,16,85,,,
2026-07-07T09:53:25.670,0.956,20.82,1,1.7439470169464482e-06,0,16,85,,,
2026-07-07T09:53:26.170,0.9561,20.82,1,1.7702761960079692e-06,0,16,85,,,
2026-07-07T09:53:26.668,0.956,20.82,2,1.7570622900738048e-06,0,16,85,,,
2026-07-07T09:53:27.166,0.9561,20.82,1,1.7702761960079692e-06,0,16,85,,,
2026-07-07T09:53:27.665,0.956,20.82,2,1.7570622900738048e-06,0,16,85,,,
2026-07-07T09:53:28.165,0.956,20.82,1,1.7702761960079692e-06,0,16,85,,,
2026-07-07T09:53:28.660,0.956,20.82,1,1.7439470169464482e-06,0,16,85,,,
2026-07-07T09:53:29.160,0.956,20.82,2,1.7570622900738048e-06,0,16,85,,,
2026-07-07T09:53:29.672,0.956,20.82,1,1.7570622900738048e-06,0,16,85,,,
2026-07-07T09:53:30.159,0.956,20.82,2,1.7439470169464482e-06,0,16,85,,,
2026-07-07T09:53:30.661,0.956,20.82,1,1.7702761960079692e-06,0,16,85,,,
2026-07-07T09:53:31.160,0.956,20.82,1,1.7570622900738048e-06,0,16,85,,,
2026-07-07T09:53:31.662,0.956,20.82,2,1.7439470169464482e-06,0,16,85,,,
2026-07-07T09:53:32.173,0.956,20.82,1,1.7702761960079692e-06,0,16,85,,,
2026-07-07T09:53:32.673,0.956,20.82,2,1.7702761960079692e-06,0,16,85,,,
2026-07-07T09:53:33.171,0.9561,20.82,1,1.7570622900738048e-06,0,16,85,,,
2026-07-07T09:53:33.671,0.956,20.82,1,1.7570622900738048e-06,0,16,85,,,
2026-07-07T09:53:34.170,0.956,20.82,2,1.7570622900738048e-06,0,16,85,,,
2026-07-07T09:53:34.670,0.956,20.82,1,1.7439470169464482e-06,0,16,85,,,
2026-07-07T09:53:35.167,0.9561,20.82,2,1.7702761960079692e-06,0,16,85,,,
2026-07-07T09:53:35.667,0.956,20.82,1,1.7570622900738048e-06,0,16,85,,,
2026-07-07T09:53:36.162,0.9561,20.82,1,1.7570622900738048e-06,0,16,85,,,
2026-07-07T09:53:36.659,0.956,20.82,2,1.7570622900738048e-06,0,16,85,,,
2026-07-07T09:53:37.172,0.9559,20.82,1,1.7570622900738048e-06,0,16,85,,,
2026-07-07T09:53:37.668,0.9561,20.82,2,1.7439470169464482e-06,0,16,85,,,
2026-07-07T09:53:38.170,0.956,20.82,1,1.7570622900738048e-06,0,16,85,,,
2026-07-07T09:53:38.669,0.956,20.82,1,1.7570622900738048e-06,0,16,85,,,
2026-07-07T09:53:39.164,0.956,20.82,2,1.7702761960079692e-06,0,16,85,,,
2026-07-07T09:53:39.658,0.956,20.82,1,1.7570622900738048e-06,0,16,85,,,
2026-07-07T09:53:40.173,0.956,20.82,2,1.7570622900738048e-06,0,16,85,,,
2026-07-07T09:53:40.673,0.9561,20.82,1,1.7570622900738048e-06,0,16,85,,,
2026-07-07T09:53:41.159,0.956,20.82,1,1.7570622900738048e-06,0,16,85,,,
2026-07-07T09:53:41.672,0.956,20.82,2,1.7439470169464482e-06,0,16,85,,,
2026-07-07T09:53:42.168,0.9561,20.83,1,1.7570622900738048e-06,0,16,85,,,
2026-07-07T09:53:42.668,0.956,20.83,2,1.7702761960079692e-06,0,16,85,,,
2026-07-07T09:53:43.163,0.956,20.83,1,1.7570622900738048e-06,0,16,85,,,
2026-07-07T09:53:43.660,0.9561,20.83,1,1.7439470169464482e-06,0,16,85,,,
2026-07-07T09:53:44.159,0.956,20.82,2,1.7702761960079692e-06,0,16,85,,,
2026-07-07T09:53:44.671,0.956,20.82,1,1.7570622900738048e-06,0,16,85,,,
2026-07-07T09:53:45.171,0.956,20.83,2,1.7570622900738048e-06,0,16,85,,,
2026-07-07T09:53:45.670,0.956,20.83,1,1.7570622900738048e-06,0,16,85,,,
2026-07-07T09:53:46.166,0.956,20.82,1,1.7439470169464482e-06,0,16,85,,,
2026-07-07T09:53:46.662,0.956,20.83,2,1.7570622900738048e-06,0,16,85,,,
2026-07-07T09:53:47.163,0.956,20.83,1,1.7570622900738048e-06,0,16,85,,,
2026-07-07T09:53:47.662,0.956,20.83,2,1.7570622900738048e-06,0,16,85,,,
2026-07-07T09:53:48.162,0.956,20.83,1,1.7570622900738048e-06,0,16,85,,,
2026-07-07T09:53:48.659,0.956,20.83,1,1.783589476512413e-06,0,16,85,,,
2026-07-07T09:53:49.159,0.956,20.83,2,1.7702761960079692e-06,0,16,85,,,
2026-07-07T09:53:49.671,0.956,20.83,1,1.7570622900738048e-06,0,16,85,,,
2026-07-07T09:53:50.171,0.9561,20.83,2,1.7570622900738048e-06,0,16,85,,,
2026-07-07T09:53:50.672,0.956,20.83,1,1.7439470169464482e-06,0,16,85,,,
2026-07-07T09:53:51.170,0.9561,20.83,1,1.7570622900738048e-06,0,16,85,,,
2026-07-07T09:53:51.672,0.956,20.83,2,1.7702761960079692e-06,0,16,85,,,
2026-07-07T09:53:52.170,0.956,20.83,1,1.7570622900738048e-06,0,16,85,,,
2026-07-07T09:53:52.670,0.956,20.83,2,1.7570622900738048e-06,0,16,85,,,
2026-07-07T09:53:53.173,0.9561,20.83,1,1.7570622900738048e-06,0,16,85,,,
2026-07-07T09:53:53.658,0.956,20.83,1,1.7439470169464482e-06,0,16,85,,,
2026-07-07T09:53:54.172,0.956,20.83,2,1.7439470169464482e-06,0,16,85,,,
2026-07-07T09:53:54.659,0.956,20.83,1,1.7439470169464482e-06,0,16,85,,,
2026-07-07T09:53:55.162,0.956,20.83,1,1.7570622900738048e-06,0,16,85,,,
2026-07-07T09:53:55.664,0.956,20.83,2,1.7570622900738048e-06,0,16,85,,,
2026-07-07T09:53:56.164,0.956,20.83,1,1.7570622900738048e-06,0,16,85,,,
2026-07-07T09:53:56.664,0.956,20.83,2,1.7570622900738048e-06,0,16,85,,,
2026-07-07T09:53:57.163,0.956,20.83,1,1.7439470169464482e-06,0,16,85,,,
2026-07-07T09:53:57.662,0.9561,20.83,1,1.7439470169464482e-06,0,16,85,,,
2026-07-07T09:53:58.167,0.956,20.83,2,1.7439470169464482e-06,0,16,85,,,
2026-07-07T09:53:58.670,0.9561,20.83,1,1.7439470169464482e-06,0,16,85,,,
2026-07-07T09:53:59.167,0.956,20.84,2,1.7439470169464482e-06,0,16,85,,,
2026-07-07T09:53:59.672,0.9561,20.83,1,1.7439470169464482e-06,0,16,85,,,
2026-07-07T09:54:00.172,0.9561,20.83,1,1.7439470169464482e-06,0,16,85,,,
2026-07-07T09:54:00.661,0.9561,20.84,2,1.7570622900738048e-06,0,16,85,,,
2026-07-07T09:54:01.162,0.9561,20.84,1,1.7570622900738048e-06,0,16,85,,,
2026-07-07T09:54:01.666,0.956,20.83,2,1.7439470169464482e-06,0,16,85,,,
2026-07-07T09:54:02.166,0.956,20.83,1,1.7570622900738048e-06,0,16,85,,,
2026-07-07T09:54:02.666,0.9561,20.83,1,1.7570622900738048e-06,0,16,85,,,
2026-07-07T09:54:03.164,0.956,20.84,2,1.7570622900738048e-06,0,16,85,,,
2026-07-07T09:54:03.665,0.9561,20.84,1,1.7309296403991825e-06,0,16,85,,,
2026-07-07T09:54:04.162,0.956,20.84,1,1.7439470169464482e-06,0,16,85,,,
2026-07-07T09:54:04.664,0.956,20.84,2,1.7570622900738048e-06,0,16,85,,,
2026-07-07T09:54:05.161,0.956,20.84,1,1.7439470169464482e-06,0,16,85,,,
2026-07-07T09:54:05.661,0.956,20.84,2,1.7570622900738048e-06,0,16,85,,,
2026-07-07T09:54:06.165,0.9561,20.84,1,1.7439470169464482e-06,0,16,85,,,
2026-07-07T09:54:06.664,0.956,20.84,2,1.7439470169464482e-06,0,16,85,,,
2026-07-07T09:54:07.160,0.9561,20.84,1,1.7570622900738048e-06,0,16,85,,,
2026-07-07T09:54:07.661,0.956,20.84,1,1.7570622900738048e-06,0,16,85,,,
2026-07-07T09:54:08.163,0.9561,20.84,2,1.7570622900738048e-06,0,16,85,,,
2026-07-07T09:54:08.663,0.956,20.84,1,1.7570622900738048e-06,0,16,85,,,
2026-07-07T09:54:09.167,0.956,20.84,2,1.7439470169464482e-06,0,16,85,,,
2026-07-07T09:54:09.665,0.9561,20.84,1,1.7570622900738048e-06,0,16,85,,,
2026-07-07T09:54:10.164,0.956,20.84,1,1.7439470169464482e-06,0,16,85,,,
2026-07-07T09:54:10.663,0.9561,20.84,2,1.7439470169464482e-06,0,16,85,,,
2026-07-07T09:54:11.162,0.9561,20.84,1,1.7570622900738048e-06,0,16,85,,,
2026-07-07T09:54:11.667,0.956,20.84,1,1.7570622900738048e-06,0,16,85,,,
2026-07-07T09:54:12.168,0.956,20.84,2,1.7702761960079692e-06,0,16,85,,,
2026-07-07T09:54:12.670,0.956,20.84,1,1.7309296403991825e-06,0,16,85,,,
2026-07-07T09:54:13.171,0.956,20.84,2,1.7570622900738048e-06,0,16,85,,,
2026-07-07T09:54:13.668,0.9561,20.84,1,1.7309296403991825e-06,0,16,85,,,
2026-07-07T09:54:14.167,0.956,20.84,1,1.7570622900738048e-06,0,16,85,,,
2026-07-07T09:54:14.667,0.956,20.84,2,1.7439470169464482e-06,0,16,85,,,
2026-07-07T09:54:15.170,0.956,20.85,1,1.7439470169464482e-06,0,16,85,,,
2026-07-07T09:54:15.668,0.956,20.84,2,1.7570622900738048e-06,0,16,85,,,
2026-07-07T09:54:16.166,0.956,20.84,1,1.7439470169464482e-06,0,16,85,,,
2026-07-07T09:54:16.665,0.9561,20.85,1,1.7570622900738048e-06,0,16,85,,,
2026-07-07T09:54:17.162,0.956,20.84,2,1.7570622900738048e-06,0,16,85,,,
2026-07-07T09:54:17.662,0.9561,20.84,1,1.7570622900738048e-06,0,16,85,,,
2026-07-07T09:54:18.163,0.956,20.84,2,1.7570622900738048e-06,0,16,85,,,
2026-07-07T09:54:18.662,0.956,20.85,1,1.7439470169464482e-06,0,16,85,,,
2026-07-07T09:54:19.161,0.9559,20.85,2,1.7439470169464482e-06,0,16,85,,,
2026-07-07T09:54:19.672,0.956,20.85,1,1.7570622900738048e-06,0,16,85,,,
2026-07-07T09:54:20.169,0.956,20.85,1,1.7570622900738048e-06,0,16,85,,,
2026-07-07T09:54:20.667,0.956,20.85,2,1.7439470169464482e-06,0,16,85,,,
2026-07-07T09:54:21.167,0.956,20.85,1,1.7439470169464482e-06,0,16,85,,,
2026-07-07T09:54:21.667,0.956,20.85,1,1.7439470169464482e-06,0,16,85,,,
2026-07-07T09:54:22.163,0.956,20.85,2,1.7439470169464482e-06,0,16,85,,,
2026-07-07T09:54:22.662,0.956,20.85,1,1.7439470169464482e-06,0,16,85,,,
2026-07-07T09:54:23.163,0.956,20.85,2,1.7702761960079692e-06,0,16,85,,,
2026-07-07T09:54:23.660,0.956,20.85,1,1.7570622900738048e-06,0,16,85,,,
2026-07-07T09:54:24.163,0.956,20.85,1,1.7439470169464482e-06,0,16,85,,,
2026-07-07T09:54:24.664,0.956,20.85,2,1.7439470169464482e-06,0,16,85,,,
2026-07-07T09:54:25.162,0.956,20.85,1,1.7570622900738048e-06,0,16,85,,,
2026-07-07T09:54:25.663,0.956,20.85,2,1.7570622900738048e-06,0,16,85,,,
2026-07-07T09:54:26.163,0.956,20.85,1,1.7439470169464482e-06,0,16,85,,,
2026-07-07T09:54:26.662,0.956,20.85,2,1.7570622900738048e-06,0,16,85,,,
2026-07-07T09:54:27.163,0.956,20.86,1,1.7570622900738048e-06,0,16,85,,,
2026-07-07T09:54:27.660,0.9561,20.85,1,1.7439470169464482e-06,0,16,85,,,
2026-07-07T09:54:28.163,0.956,20.85,2,1.7570622900738048e-06,0,16,85,,,
2026-07-07T09:54:28.660,0.956,20.86,1,1.7439470169464482e-06,0,16,85,,,
2026-07-07T09:54:29.159,0.956,20.85,2,1.7570622900738048e-06,0,16,85,,,
2026-07-07T09:54:29.660,0.956,20.85,1,1.7570622900738048e-06,0,16,85,,,
2026-07-07T09:54:30.158,0.956,20.86,1,1.7439470169464482e-06,0,16,85,,,
2026-07-07T09:54:30.672,0.956,20.85,2,1.7570622900738048e-06,0,16,85,,,
2026-07-07T09:54:31.158,0.956,20.85,1,1.7309296403991825e-06,0,16,85,,,
2026-07-07T09:54:31.673,0.956,20.85,2,1.7439470169464482e-06,0,16,85,,,
2026-07-07T09:54:32.172,0.956,20.85,1,1.7570622900738048e-06,0,16,85,,,
2026-07-07T09:54:32.671,0.956,20.86,1,1.7439470169464482e-06,0,16,85,,,
2026-07-07T09:54:33.172,0.956,20.86,2,1.7439470169464482e-06,0,16,85,,,
2026-07-07T09:54:33.673,0.956,20.86,1,1.7439470169464482e-06,0,16,85,,,
2026-07-07T09:54:34.170,0.956,20.86,2,1.7439470169464482e-06,0,16,85,,,
2026-07-07T09:54:34.657,0.956,20.86,1,1.7439470169464482e-06,0,16,85,,,
2026-07-07T09:54:35.171,0.956,20.86,1,1.7439470169464482e-06,0,16,85,,,
2026-07-07T09:54:35.669,0.956,20.86,2,1.7570622900738048e-06,0,16,85,,,
2026-07-07T09:54:36.168,0.9561,20.86,1,1.7439470169464482e-06,0,16,85,,,
2026-07-07T09:54:36.667,0.956,20.86,1,1.7570622900738048e-06,0,16,85,,,
2026-07-07T09:54:37.164,0.956,20.86,2,1.7439470169464482e-06,0,16,85,,,
2026-07-07T09:54:37.666,0.956,20.86,1,1.7570622900738048e-06,0,16,85,,,
2026-07-07T09:54:38.164,0.956,20.86,2,1.7570622900738048e-06,0,16,85,,,
2026-07-07T09:54:38.667,0.956,20.86,1,1.7309296403991825e-06,0,16,85,,,
2026-07-07T09:54:39.163,0.956,20.86,2,1.7570622900738048e-06,0,16,85,,,
2026-07-07T09:54:39.664,0.956,20.86,1,1.7439470169464482e-06,0,16,85,,,
2026-07-07T09:54:40.162,0.956,20.86,1,1.7439470169464482e-06,0,16,85,,,
2026-07-07T09:54:40.668,0.956,20.86,2,1.7439470169464482e-06,0,16,85,,,
2026-07-07T09:54:41.168,0.956,20.86,1,1.7702761960079692e-06,0,16,85,,,
2026-07-07T09:54:41.667,0.956,20.86,2,1.7570622900738048e-06,0,16,85,,,
2026-07-07T09:54:42.163,0.956,20.86,1,1.7570622900738048e-06,0,16,85,,,
2026-07-07T09:54:42.660,0.956,20.86,1,1.7439470169464482e-06,0,16,85,,,
2026-07-07T09:54:43.160,0.956,20.86,2,1.7439470169464482e-06,0,16,85,,,
2026-07-07T09:54:43.672,0.956,20.86,1,1.7439470169464482e-06,0,16,85,,,
2026-07-07T09:54:44.169,0.956,20.86,2,1.7570622900738048e-06,0,16,85,,,
2026-07-07T09:54:44.670,0.956,20.86,1,1.7570622900738048e-06,0,16,85,,,
2026-07-07T09:54:45.171,0.956,20.86,1,1.7439470169464482e-06,0,16,85,,,
2026-07-07T09:54:45.671,0.9559,20.86,2,1.7570622900738048e-06,0,16,85,,,
2026-07-07T09:54:46.168,0.956,20.86,1,1.7309296403991825e-06,0,16,85,,,
2026-07-07T09:54:46.670,0.956,20.86,1,1.7439470169464482e-06,0,16,85,,,
2026-07-07T09:54:47.160,0.956,20.87,2,1.7570622900738048e-06,0,16,85,,,
2026-07-07T09:54:47.663,0.956,20.87,1,1.7439470169464482e-06,0,16,85,,,
2026-07-07T09:54:48.163,0.956,20.86,2,1.7439470169464482e-06,0,16,85,,,
2026-07-07T09:54:48.661,0.9561,20.87,1,1.7570622900738048e-06,0,16,85,,,
2026-07-07T09:54:49.162,0.9559,20.87,2,1.7702761960079692e-06,0,16,85,,,
2026-07-07T09:54:49.663,0.9561,20.87,1,1.7570622900738048e-06,0,16,85,,,
2026-07-07T09:54:50.164,0.9561,20.87,1,1.7570622900738048e-06,0,16,85,,,
2026-07-07T09:54:50.660,0.9559,20.87,2,1.7570622900738048e-06,0,16,85,,,
2026-07-07T09:54:51.162,0.956,20.87,1,1.7702761960079692e-06,0,16,85,,,
2026-07-07T09:54:51.663,0.956,20.87,2,1.7439470169464482e-06,0,16,85,,,
2026-07-07T09:54:52.166,0.956,20.87,1,1.7570622900738048e-06,0,16,85,,,
2026-07-07T09:54:52.664,0.956,20.87,1,1.7309296403991825e-06,0,16,85,,,
2026-07-07T09:54:53.161,0.956,20.87,2,1.7439470169464482e-06,0,16,85,,,
2026-07-07T09:54:53.661,0.9559,20.87,1,1.7309296403991825e-06,0,16,85,,,
2026-07-07T09:54:54.158,0.956,20.87,2,1.7309296403991825e-06,0,16,85,,,
2026-07-07T09:54:54.663,0.956,20.87,1,1.7309296403991825e-06,0,16,85,,,
2026-07-07T09:54:55.163,0.956,20.87,1,1.7439470169464482e-06,0,16,85,,,
2026-07-07T09:54:55.663,0.956,20.87,2,1.7439470169464482e-06,0,16,85,,,
2026-07-07T09:54:56.160,0.9561,20.87,1,1.7439470169464482e-06,0,16,85,,,
2026-07-07T09:54:56.661,0.956,20.88,2,1.7439470169464482e-06,0,16,85,,,
2026-07-07T09:54:57.160,0.956,20.87,1,1.7439470169464482e-06,0,16,85,,,
2026-07-07T09:54:57.660,0.956,20.88,1,1.7309296403991825e-06,0,16,85,,,
2026-07-07T09:54:58.162,0.956,20.88,2,1.7439470169464482e-06,0,16,85,,,
2026-07-07T09:54:58.659,0.956,20.88,1,1.7309296403991825e-06,0,16,85,,,
2026-07-07T09:54:59.159,0.956,20.88,2,1.7439470169464482e-06,0,16,85,,,
2026-07-07T09:54:59.660,0.956,20.88,1,1.7439470169464482e-06,0,16,85,,,
2026-07-07T09:55:00.164,0.956,20.88,1,1.7309296403991825e-06,0,16,85,,,
2026-07-07T09:55:00.669,0.956,20.88,2,1.7439470169464482e-06,0,16,85,,,
2026-07-07T09:55:01.169,0.956,20.88,1,1.7439470169464482e-06,0,16,85,,,
2026-07-07T09:55:01.669,0.956,20.88,2,1.7439470169464482e-06,0,16,85,,,
2026-07-07T09:55:02.172,0.956,20.88,1,1.7439470169464482e-06,0,16,85,,,
2026-07-07T09:55:02.668,0.956,20.88,1,1.7439470169464482e-06,0,16,85,,,
2026-07-07T09:55:03.168,0.9559,20.88,2,1.7309296403991825e-06,0,16,85,,,
2026-07-07T09:55:03.667,0.9561,20.88,1,1.7439470169464482e-06,0,16,85,,,
2026-07-07T09:55:04.167,0.9559,20.88,2,1.7439470169464482e-06,0,16,85,,,
2026-07-07T09:55:04.665,0.956,20.88,1,1.7570622900738048e-06,0,16,85,,,
2026-07-07T09:55:05.164,0.9559,20.88,1,1.7439470169464482e-06,0,16,85,,,
2026-07-07T09:55:05.660,0.956,20.88,2,1.7570622900738048e-06,0,16,85,,,
2026-07-07T09:55:06.160,0.9561,20.88,1,1.7309296403991825e-06,0,16,85,,,
2026-07-07T09:55:06.660,0.956,20.88,2,1.7439470169464482e-06,0,16,85,,,
2026-07-07T09:55:07.162,0.956,20.88,1,1.7439470169464482e-06,0,16,85,,,
2026-07-07T09:55:07.661,0.956,20.88,1,1.7439470169464482e-06,0,16,85,,,
2026-07-07T09:55:08.160,0.956,20.89,2,1.7439470169464482e-06,0,16,85,,,
2026-07-07T09:55:08.660,0.9561,20.89,1,1.7570622900738048e-06,0,16,85,,,
2026-07-07T09:55:09.159,0.956,20.88,2,1.7570622900738048e-06,0,16,85,,,
2026-07-07T09:55:09.658,0.956,20.89,1,1.7439470169464482e-06,0,16,85,,,
2026-07-07T09:55:10.172,0.956,20.88,2,1.7309296403991825e-06,0,16,85,,,
2026-07-07T09:55:10.673,0.9559,20.89,1,1.7439470169464482e-06,0,16,85,,,
2026-07-07T09:55:11.158,0.956,20.89,1,1.7439470169464482e-06,0,16,85,,,
2026-07-07T09:55:11.673,0.956,20.88,2,1.7439470169464482e-06,0,16,85,,,
2026-07-07T09:55:12.172,0.956,20.89,1,1.7570622900738048e-06,0,16,85,,,
2026-07-07T09:55:12.666,0.956,20.89,2,1.7309296403991825e-06,0,16,85,,,
2026-07-07T09:55:13.163,0.956,20.89,1,1.7439470169464482e-06,0,16,85,,,
2026-07-07T09:55:13.663,0.956,20.89,1,1.7439470169464482e-06,0,16,85,,,
2026-07-07T09:55:14.161,0.956,20.89,2,1.7439470169464482e-06,0,16,85,,,
2026-07-07T09:55:14.666,0.9561,20.89,1,1.7439470169464482e-06,0,16,85,,,
2026-07-07T09:55:15.162,0.956,20.89,1,1.7439470169464482e-06,0,16,85,,,
2026-07-07T09:55:15.660,0.956,20.89,2,1.7570622900738048e-06,0,16,85,,,
2026-07-07T09:55:16.171,0.9559,20.89,1,1.7439470169464482e-06,0,16,85,,,
2026-07-07T09:55:16.665,0.9561,20.89,1,1.7309296403991825e-06,0,16,85,,,
2026-07-07T09:55:17.169,0.956,20.89,2,1.7309296403991825e-06,0,16,85,,,
2026-07-07T09:55:17.660,0.9559,20.9,1,1.7439470169464482e-06,0,16,85,,,
2026-07-07T09:55:18.158,0.956,20.89,2,1.7309296403991825e-06,0,16,85,,,
2026-07-07T09:55:18.651,0.956,20.9,1,1.7439470169464482e-06,0,16,85,,,
2026-07-07T09:55:19.162,0.956,20.9,1,1.7570622900738048e-06,0,16,85,,,
2026-07-07T09:55:19.658,0.956,20.89,2,1.7439470169464482e-06,0,16,85,,,
2026-07-07T09:55:20.169,0.956,20.9,1,1.7702761960079692e-06,0,16,85,,,
2026-07-07T09:55:20.665,0.956,20.9,1,1.7439470169464482e-06,0,16,85,,,
2026-07-07T09:55:21.165,0.956,20.9,2,1.7439470169464482e-06,0,16,85,,,
2026-07-07T09:55:21.660,0.9561,20.9,1,1.7439470169464482e-06,0,16,85,,,
2026-07-07T09:55:22.157,0.9561,20.9,2,1.7570622900738048e-06,0,16,85,,,
2026-07-07T09:55:22.643,0.956,20.9,1,1.7439470169464482e-06,0,16,85,,,
2026-07-07T09:55:23.165,0.956,20.9,2,1.7439470169464482e-06,0,16,85,,,
2026-07-07T09:55:23.667,0.9559,20.9,1,1.7309296403991825e-06,0,16,85,,,
2026-07-07T09:55:24.165,0.956,20.9,1,1.7439470169464482e-06,0,16,85,,,
2026-07-07T09:55:24.664,0.956,20.9,2,1.7439470169464482e-06,0,16,85,,,
2026-07-07T09:55:25.166,0.956,20.9,1,1.7570622900738048e-06,0,16,85,,,
2026-07-07T09:55:25.671,0.956,20.91,2,1.7439470169464482e-06,0,16,85,,,
2026-07-07T09:55:26.170,0.956,20.91,1,1.7309296403991825e-06,0,16,85,,,
2026-07-07T09:55:26.673,0.956,20.91,1,1.7439470169464482e-06,0,16,85,,,
2026-07-07T09:55:27.170,0.956,20.91,2,1.7570622900738048e-06,0,16,85,,,
2026-07-07T09:55:27.663,0.956,20.91,1,1.7439470169464482e-06,0,16,85,,,
2026-07-07T09:55:28.159,0.956,20.91,2,1.7439470169464482e-06,0,16,85,,,
2026-07-07T09:55:28.665,0.956,20.91,1,1.7439470169464482e-06,0,16,85,,,
2026-07-07T09:55:29.149,0.956,20.91,1,1.7309296403991825e-06,0,16,85,,,
2026-07-07T09:55:29.662,0.956,20.91,2,1.7309296403991825e-06,0,16,85,,,
2026-07-07T09:55:30.168,0.956,20.91,1,1.7439470169464482e-06,0,16,85,,,
2026-07-07T09:55:30.663,0.956,20.91,1,1.7439470169464482e-06,0,16,85,,,
2026-07-07T09:55:31.169,0.956,20.91,2,1.7309296403991825e-06,0,16,85,,,
2026-07-07T09:55:31.660,0.956,20.91,1,1.7309296403991825e-06,0,16,85,,,
2026-07-07T09:55:32.159,0.956,20.91,2,1.7439470169464482e-06,0,16,85,,,
2026-07-07T09:55:32.657,0.956,20.91,1,1.7570622900738048e-06,0,16,85,,,
2026-07-07T09:55:33.166,0.9559,20.91,2,1.7439470169464482e-06,0,16,85,,,
2026-07-07T09:55:33.663,0.956,20.91,1,1.7570622900738048e-06,0,16,85,,,
2026-07-07T09:55:34.160,0.9561,20.91,1,1.7439470169464482e-06,0,16,85,,,
2026-07-07T09:55:34.672,0.956,20.91,2,1.7570622900738048e-06,0,16,85,,,
2026-07-07T09:55:35.168,0.956,20.91,1,1.7309296403991825e-06,0,16,85,,,
2026-07-07T09:55:35.646,0.9559,20.91,2,1.7439470169464482e-06,0,16,85,,,
2026-07-07T09:55:36.159,0.956,20.91,1,1.7439470169464482e-06,0,16,85,,,
2026-07-07T09:55:36.669,0.956,20.92,2,1.7439470169464482e-06,0,16,85,,,
2026-07-07T09:55:37.148,0.956,20.91,1,1.7439470169464482e-06,0,16,85,,,
2026-07-07T09:55:37.660,0.9561,20.91,1,1.7439470169464482e-06,0,16,85,,,
2026-07-07T09:55:38.164,0.956,20.91,2,1.7439470169464482e-06,0,16,85,,,
2026-07-07T09:55:38.644,0.9561,20.92,1,1.7439470169464482e-06,0,16,85,,,
2026-07-07T09:55:39.156,0.956,20.92,1,1.7439470169464482e-06,0,16,85,,,
2026-07-07T09:55:39.653,0.956,20.92,2,1.7439470169464482e-06,0,16,85,,,
2026-07-07T09:55:40.163,0.956,20.92,1,1.7570622900738048e-06,0,16,85,,,
2026-07-07T09:55:40.657,0.9561,20.92,1,1.7439470169464482e-06,0,16,85,,,
2026-07-07T09:55:41.165,0.956,20.92,2,1.7570622900738048e-06,0,16,85,,,
2026-07-07T09:55:41.660,0.956,20.92,1,1.7439470169464482e-06,0,16,85,,,
2026-07-07T09:55:42.166,0.956,20.92,2,1.7439470169464482e-06,0,16,85,,,
2026-07-07T09:55:42.663,0.956,20.92,1,1.7309296403991825e-06,0,16,85,,,
2026-07-07T09:55:43.159,0.956,20.92,1,1.7439470169464482e-06,0,16,85,,,
2026-07-07T09:55:43.668,0.956,20.92,2,1.7309296403991825e-06,0,16,85,,,
2026-07-07T09:55:44.158,0.956,20.92,1,1.7570622900738048e-06,0,16,85,,,
2026-07-07T09:55:44.664,0.956,20.92,2,1.7439470169464482e-06,0,16,85,,,
2026-07-07T09:55:45.173,0.956,20.92,1,1.7570622900738048e-06,0,16,85,,,
2026-07-07T09:55:45.669,0.956,20.92,2,1.7439470169464482e-06,0,16,85,,,
2026-07-07T09:55:46.165,0.9559,20.92,1,1.7439470169464482e-06,0,16,85,,,
2026-07-07T09:55:46.665,0.956,20.92,1,1.7439470169464482e-06,0,16,85,,,
2026-07-07T09:55:47.147,0.9559,20.92,2,1.7439470169464482e-06,0,16,85,,,
2026-07-07T09:55:47.660,0.9561,20.92,1,1.7439470169464482e-06,0,16,85,,,
2026-07-07T09:55:48.173,0.9561,20.92,1,1.7439470169464482e-06,0,16,85,,,
2026-07-07T09:55:48.669,0.956,20.92,2,1.7439470169464482e-06,0,16,85,,,
2026-07-07T09:55:49.164,0.956,20.92,1,1.7439470169464482e-06,0,16,85,,,
2026-07-07T09:55:49.660,0.956,20.93,2,1.7309296403991825e-06,0,16,85,,,
2026-07-07T09:55:50.172,0.956,20.92,1,1.7570622900738048e-06,0,16,85,,,
2026-07-07T09:55:50.667,0.956,20.93,2,1.7570622900738048e-06,0,16,85,,,
2026-07-07T09:55:51.164,0.956,20.93,1,1.7439470169464482e-06,0,16,85,,,
2026-07-07T09:55:51.660,0.956,20.93,1,1.7570622900738048e-06,0,16,85,,,
2026-07-07T09:55:52.169,0.956,20.93,2,1.7309296403991825e-06,0,16,85,,,
2026-07-07T09:55:52.664,0.956,20.93,1,1.7309296403991825e-06,0,16,85,,,
2026-07-07T09:55:53.155,0.9559,20.93,2,1.7439470169464482e-06,0,16,85,,,
2026-07-07T09:55:53.665,0.956,20.93,1,1.7439470169464482e-06,0,16,85,,,
2026-07-07T09:55:54.160,0.956,20.93,1,1.7570622900738048e-06,0,16,85,,,
2026-07-07T09:55:54.675,0.956,20.93,2,1.7570622900738048e-06,0,16,85,,,
2026-07-07T09:55:55.174,0.956,20.93,1,1.7439470169464482e-06,0,16,85,,,
2026-07-07T09:55:55.657,0.956,20.93,1,1.7439470169464482e-06,0,16,85,,,
2026-07-07T09:55:56.150,0.956,20.93,2,1.7439470169464482e-06,0,16,85,,,
2026-07-07T09:55:56.670,0.956,20.93,1,1.7570622900738048e-06,0,16,85,,,
2026-07-07T09:55:57.159,0.956,20.93,2,1.7570622900738048e-06,0,16,85,,,
2026-07-07T09:55:57.670,0.956,20.93,1,1.7439470169464482e-06,0,16,85,,,
2026-07-07T09:55:58.149,0.956,20.93,2,1.7570622900738048e-06,0,16,85,,,
2026-07-07T09:55:58.665,0.956,20.93,1,1.7570622900738048e-06,0,16,85,,,
2026-07-07T09:55:59.160,0.9559,20.93,1,1.7570622900738048e-06,0,16,85,,,
2026-07-07T09:55:59.657,0.9559,20.94,2,1.7309296403991825e-06,0,16,85,,,
2026-07-07T09:56:00.168,0.956,20.94,1,1.7309296403991825e-06,0,16,85,,,
2026-07-07T09:56:00.663,0.956,20.94,2,1.7439470169464482e-06,0,16,85,,,
2026-07-07T09:56:01.159,0.956,20.94,1,1.7439470169464482e-06,0,16,85,,,
2026-07-07T09:56:01.671,0.956,20.94,2,1.7439470169464482e-06,0,16,85,,,
2026-07-07T09:56:02.167,0.956,20.94,1,1.7309296403991825e-06,0,16,85,,,
2026-07-07T09:56:02.649,0.9561,20.94,1,1.7439470169464482e-06,0,16,85,,,
2026-07-07T09:56:03.161,0.956,20.94,2,1.7309296403991825e-06,0,16,85,,,
2026-07-07T09:56:03.672,0.956,20.94,1,1.7570622900738048e-06,0,16,85,,,
2026-07-07T09:56:04.167,0.9561,20.94,2,1.7309296403991825e-06,0,16,85,,,
2026-07-07T09:56:04.657,0.956,20.94,1,1.7439470169464482e-06,0,16,85,,,
2026-07-07T09:56:05.168,0.9561,20.94,1,1.7570622900738048e-06,0,16,85,,,
2026-07-07T09:56:05.663,0.956,20.94,2,1.7439470169464482e-06,0,16,85,,,
2026-07-07T09:56:06.161,0.956,20.94,1,1.7439470169464482e-06,0,16,85,,,
2026-07-07T09:56:06.654,0.956,20.94,1,1.718009429700726e-06,0,16,85,,,
2026-07-07T09:56:07.165,0.956,20.94,2,1.7439470169464482e-06,0,16,85,,,
2026-07-07T09:56:07.672,0.956,20.95,1,1.7439470169464482e-06,0,16,85,,,
2026-07-07T09:56:08.170,0.9561,20.94,2,1.7309296403991825e-06,0,16,85,,,
2026-07-07T09:56:08.666,0.956,20.94,1,1.7439470169464482e-06,0,16,85,,,
2026-07-07T09:56:09.167,0.956,20.95,1,1.7439470169464482e-06,0,16,85,,,
2026-07-07T09:56:09.668,0.956,20.95,2,1.7439470169464482e-06,0,16,85,,,
2026-07-07T09:56:10.164,0.9559,20.95,1,1.7309296403991825e-06,0,16,85,,,
2026-07-07T09:56:10.661,0.956,20.95,2,1.7309296403991825e-06,0,16,85,,,
2026-07-07T09:56:11.161,0.956,20.95,1,1.7309296403991825e-06,0,16,85,,,
2026-07-07T09:56:11.661,0.956,20.95,2,1.7439470169464482e-06,0,16,85,,,
2026-07-07T09:56:12.171,0.956,20.95,1,1.7439470169464482e-06,0,16,85,,,
2026-07-07T09:56:12.669,0.956,20.95,1,1.7439470169464482e-06,0,16,85,,,
2026-07-07T09:56:13.167,0.956,20.95,2,1.7439470169464482e-06,0,16,85,,,
2026-07-07T09:56:13.664,0.956,20.95,1,1.7439470169464482e-06,0,16,85,,,
2026-07-07T09:56:14.164,0.9559,20.95,2,1.7309296403991825e-06,0,16,85,,,
2026-07-07T09:56:14.662,0.956,20.95,1,1.7439470169464482e-06,0,16,85,,,
2026-07-07T09:56:15.160,0.956,20.95,1,1.7439470169464482e-06,0,16,85,,,
2026-07-07T09:56:15.659,0.9559,20.95,2,1.7439470169464482e-06,0,16,85,,,
2026-07-07T09:56:16.171,0.956,20.95,1,1.7309296403991825e-06,0,16,85,,,
2026-07-07T09:56:16.668,0.956,20.95,2,1.7439470169464482e-06,0,16,85,,,
2026-07-07T09:56:17.166,0.956,20.95,1,1.7439470169464482e-06,0,16,85,,,
2026-07-07T09:56:17.665,0.9561,20.95,1,1.7439470169464482e-06,0,16,85,,,
2026-07-07T09:56:18.163,0.956,20.95,2,1.7309296403991825e-06,0,16,85,,,
2026-07-07T09:56:18.661,0.956,20.96,1,1.7309296403991825e-06,0,16,85,,,
2026-07-07T09:56:19.162,0.956,20.95,2,1.7439470169464482e-06,0,16,85,,,
2026-07-07T09:56:19.673,0.956,20.95,1,1.7309296403991825e-06,0,16,85,,,
2026-07-07T09:56:20.171,0.956,20.95,2,1.7439470169464482e-06,0,16,85,,,
2026-07-07T09:56:20.670,0.9559,20.96,1,1.7439470169464482e-06,0,16,85,,,
2026-07-07T09:56:21.170,0.956,20.96,1,1.7309296403991825e-06,0,16,85,,,
2026-07-07T09:56:21.664,0.956,20.96,2,1.7439470169464482e-06,0,16,85,,,
2026-07-07T09:56:22.161,0.956,20.96,1,1.7439470169464482e-06,0,16,85,,,
2026-07-07T09:56:22.673,0.956,20.96,2,1.7439470169464482e-06,0,16,85,,,
2026-07-07T09:56:23.172,0.956,20.96,1,1.7309296403991825e-06,0,16,85,,,
2026-07-07T09:56:23.671,0.956,20.96,1,1.7439470169464482e-06,0,16,85,,,
2026-07-07T09:56:24.172,0.956,20.96,2,1.7439470169464482e-06,0,16,85,,,
2026-07-07T09:56:24.672,0.956,20.96,1,1.7439470169464482e-06,0,16,85,,,
2026-07-07T09:56:25.158,0.9561,20.96,1,1.7309296403991825e-06,0,16,85,,,
2026-07-07T09:56:25.669,0.956,20.96,2,1.7439470169464482e-06,0,16,85,,,
2026-07-07T09:56:26.168,0.956,20.96,1,1.7309296403991825e-06,0,16,85,,,
2026-07-07T09:56:26.669,0.956,20.96,2,1.7439470169464482e-06,0,16,85,,,
2026-07-07T09:56:27.169,0.9561,20.96,1,1.7309296403991825e-06,0,16,85,,,
2026-07-07T09:56:27.669,0.956,20.96,2,1.7309296403991825e-06,0,16,85,,,
2026-07-07T09:56:28.170,0.9561,20.96,1,1.7309296403991825e-06,0,16,85,,,
2026-07-07T09:56:28.671,0.956,20.96,1,1.718009429700726e-06,0,16,85,,,
2026-07-07T09:56:29.173,0.956,20.96,2,1.7439470169464482e-06,0,16,85,,,
2026-07-07T09:56:29.673,0.9561,20.96,1,1.7439470169464482e-06,0,16,85,,,
2026-07-07T09:56:30.171,0.9561,20.97,2,1.7309296403991825e-06,0,16,85,,,
2026-07-07T09:56:30.670,0.956,20.97,1,1.7309296403991825e-06,0,16,85,,,
2026-07-07T09:56:31.169,0.956,20.96,1,1.7439470169464482e-06,0,16,85,,,
2026-07-07T09:56:31.670,0.956,20.96,2,1.7439470169464482e-06,0,16,85,,,
2026-07-07T09:56:32.169,0.956,20.97,1,1.7309296403991825e-06,0,16,85,,,
2026-07-07T09:56:32.667,0.9561,20.97,1,1.7309296403991825e-06,0,16,85,,,
2026-07-07T09:56:33.168,0.956,20.97,2,1.7309296403991825e-06,0,16,85,,,
2026-07-07T09:56:33.665,0.9561,20.97,1,1.7309296403991825e-06,0,16,85,,,
2026-07-07T09:56:34.164,0.956,20.97,2,1.7570622900738048e-06,0,16,85,,,
2026-07-07T09:56:34.662,0.9561,20.97,1,1.7439470169464482e-06,0,16,85,,,
2026-07-07T09:56:35.161,0.9561,20.97,2,1.7309296403991825e-06,0,16,85,,,
2026-07-07T09:56:35.664,0.956,20.97,1,1.7309296403991825e-06,0,16,85,,,
2026-07-07T09:56:36.162,0.9559,20.97,1,1.7309296403991825e-06,0,16,85,,,
2026-07-07T09:56:36.663,0.9561,20.97,2,1.7439470169464482e-06,0,16,85,,,
2026-07-07T09:56:37.165,0.9561,20.97,1,1.7309296403991825e-06,0,16,85,,,
2026-07-07T09:56:37.670,0.9561,20.97,1,1.7309296403991825e-06,0,16,85,,,
2026-07-07T09:56:38.166,0.956,20.97,2,1.7309296403991825e-06,0,16,85,,,
2026-07-07T09:56:38.668,0.956,20.97,1,1.7309296403991825e-06,0,16,85,,,
2026-07-07T09:56:39.169,0.956,20.97,2,1.7439470169464482e-06,0,16,85,,,
2026-07-07T09:56:39.670,0.956,20.97,1,1.7439470169464482e-06,0,16,85,,,
2026-07-07T09:56:40.168,0.956,20.97,1,1.7439470169464482e-06,0,16,85,,,
2026-07-07T09:56:40.671,0.956,20.97,2,1.7309296403991825e-06,0,16,85,,,
2026-07-07T09:56:41.168,0.956,20.97,1,1.7309296403991825e-06,0,16,85,,,
2026-07-07T09:56:41.666,0.956,20.97,2,1.7309296403991825e-06,0,16,85,,,
2026-07-07T09:56:42.163,0.956,20.97,1,1.7309296403991825e-06,0,16,85,,,
2026-07-07T09:56:42.659,0.9561,20.97,1,1.7439470169464482e-06,0,16,85,,,
2026-07-07T09:56:43.158,0.956,20.97,2,1.7439470169464482e-06,0,16,85,,,
2026-07-07T09:56:43.660,0.9562,20.97,1,1.7570622900738048e-06,0,16,85,,,
2026-07-07T09:56:44.160,0.956,20.97,2,1.7439470169464482e-06,0,16,85,,,
2026-07-07T09:56:44.669,0.956,20.97,1,1.7439470169464482e-06,0,16,85,,,
2026-07-07T09:56:45.166,0.956,20.97,1,1.7309296403991825e-06,0,16,85,,,
2026-07-07T09:56:45.667,0.956,20.97,2,1.7309296403991825e-06,0,16,85,,,
2026-07-07T09:56:46.167,0.9561,20.97,1,1.7439470169464482e-06,0,16,85,,,
2026-07-07T09:56:46.663,0.956,20.97,2,1.7309296403991825e-06,0,16,85,,,
2026-07-07T09:56:47.162,0.956,20.97,1,1.7439470169464482e-06,0,16,85,,,
2026-07-07T09:56:47.666,0.956,20.97,1,1.7309296403991825e-06,0,16,85,,,
2026-07-07T09:56:48.164,0.956,20.97,2,1.7439470169464482e-06,0,16,85,,,
2026-07-07T09:56:48.663,0.956,20.97,1,1.7309296403991825e-06,0,16,85,,,
2026-07-07T09:56:49.161,0.956,20.97,2,1.7309296403991825e-06,0,16,85,,,
2026-07-07T09:56:49.674,0.9561,20.98,1,1.7309296403991825e-06,0,16,85,,,
2026-07-07T09:56:50.174,0.9561,20.97,2,1.7439470169464482e-06,0,16,85,,,
2026-07-07T09:56:50.672,0.956,20.97,1,1.7439470169464482e-06,0,16,85,,,
2026-07-07T09:56:51.171,0.9561,20.97,1,1.7439470169464482e-06,0,16,85,,,
2026-07-07T09:56:51.671,0.956,20.98,2,1.7439470169464482e-06,0,16,85,,,
2026-07-07T09:56:52.172,0.956,20.97,1,1.7309296403991825e-06,0,16,85,,,
2026-07-07T09:56:52.673,0.956,20.97,2,1.7309296403991825e-06,0,16,85,,,
2026-07-07T09:56:53.160,0.9561,20.97,1,1.7570622900738048e-06,0,16,85,,,
2026-07-07T09:56:53.660,0.956,20.98,1,1.7439470169464482e-06,0,16,85,,,
2026-07-07T09:56:54.173,0.956,20.98,2,1.7702761960079692e-06,0,16,85,,,
2026-07-07T09:56:54.658,0.9561,20.97,1,1.7309296403991825e-06,0,16,85,,,
2026-07-07T09:56:55.160,0.956,20.98,2,1.7439470169464482e-06,0,16,85,,,
2026-07-07T09:56:55.660,0.956,20.98,1,1.7439470169464482e-06,0,16,85,,,
2026-07-07T09:56:56.161,0.9561,20.98,1,1.7439470169464482e-06,0,16,85,,,
2026-07-07T09:56:56.673,0.956,20.98,2,1.7309296403991825e-06,0,16,85,,,
2026-07-07T09:56:57.172,0.956,20.98,1,1.7309296403991825e-06,0,16,85,,,
2026-07-07T09:56:57.671,0.956,20.98,2,1.7439470169464482e-06,0,16,85,,,
2026-07-07T09:56:58.171,0.956,20.98,1,1.7309296403991825e-06,0,16,85,,,
2026-07-07T09:56:58.672,0.956,20.98,1,1.7309296403991825e-06,0,16,85,,,
2026-07-07T09:56:59.170,0.956,20.98,2,1.7309296403991825e-06,0,16,85,,,
2026-07-07T09:56:59.669,0.956,20.98,1,1.7439470169464482e-06,0,16,85,,,
2026-07-07T09:57:00.169,0.956,20.98,2,1.7309296403991825e-06,0,16,85,,,
2026-07-07T09:57:00.669,0.9561,20.98,1,1.718009429700726e-06,0,16,85,,,
2026-07-07T09:57:01.167,0.956,20.98,1,1.7309296403991825e-06,0,16,85,,,
2026-07-07T09:57:01.663,0.956,20.98,2,1.7570622900738048e-06,0,16,85,,,
2026-07-07T09:57:02.164,0.9561,20.98,1,1.7309296403991825e-06,0,16,85,,,
2026-07-07T09:57:02.667,0.956,20.98,2,1.7309296403991825e-06,0,16,85,,,
2026-07-07T09:57:03.165,0.956,20.98,1,1.7439470169464482e-06,0,16,85,,,
2026-07-07T09:57:03.665,0.956,20.98,1,1.7439470169464482e-06,0,16,85,,,
2026-07-07T09:57:04.167,0.956,20.98,2,1.7439470169464482e-06,0,16,85,,,
2026-07-07T09:57:04.668,0.9561,20.98,1,1.7439470169464482e-06,0,16,85,,,
2026-07-07T09:57:05.171,0.956,20.98,2,1.7309296403991825e-06,0,16,85,,,
2026-07-07T09:57:05.669,0.956,20.99,1,1.7439470169464482e-06,0,16,85,,,
2026-07-07T09:57:06.167,0.956,20.98,2,1.7309296403991825e-06,0,16,85,,,
2026-07-07T09:57:06.665,0.956,20.99,1,1.7439470169464482e-06,0,16,85,,,
2026-07-07T09:57:07.165,0.956,20.99,1,1.7309296403991825e-06,0,16,85,,,
2026-07-07T09:57:07.667,0.956,20.98,2,1.7439470169464482e-06,0,16,85,,,
2026-07-07T09:57:08.164,0.956,20.98,1,1.7309296403991825e-06,0,16,85,,,
2026-07-07T09:57:08.663,0.9561,20.98,1,1.7309296403991825e-06,0,16,85,,,
2026-07-07T09:57:09.166,0.956,20.98,2,1.7309296403991825e-06,0,16,85,,,
2026-07-07T09:57:09.666,0.9561,20.99,1,1.7439470169464482e-06,0,16,85,,,
2026-07-07T09:57:10.163,0.956,20.98,2,1.7439470169464482e-06,0,16,85,,,
2026-07-07T09:57:10.662,0.956,20.98,1,1.7309296403991825e-06,0,16,85,,,
2026-07-07T09:57:11.174,0.956,20.98,2,1.7570622900738048e-06,0,16,85,,,
2026-07-07T09:57:11.673,0.956,20.98,1,1.7439470169464482e-06,0,16,85,,,
2026-07-07T09:57:12.159,0.9561,20.99,1,1.7439470169464482e-06,0,16,85,,,
2026-07-07T09:57:12.658,0.9559,20.98,2,1.7439470169464482e-06,0,16,85,,,
2026-07-07T09:57:13.159,0.956,20.98,1,1.7309296403991825e-06,0,16,85,,,
2026-07-07T09:57:13.671,0.956,20.98,2,1.7309296403991825e-06,0,16,85,,,
2026-07-07T09:57:14.170,0.956,20.99,1,1.7309296403991825e-06,0,16,85,,,
2026-07-07T09:57:14.667,0.956,20.99,1,1.7309296403991825e-06,0,16,85,,,
2026-07-07T09:57:15.164,0.956,20.99,2,1.7309296403991825e-06,0,16,85,,,
2026-07-07T09:57:15.661,0.9561,20.99,1,1.7439470169464482e-06,0,16,85,,,
2026-07-07T09:57:16.163,0.956,20.99,1,1.7309296403991825e-06,0,16,85,,,
2026-07-07T09:57:16.661,0.956,20.99,2,1.7439470169464482e-06,0,16,85,,,
2026-07-07T09:57:17.161,0.956,20.98,1,1.7439470169464482e-06,0,16,85,,,
2026-07-07T09:57:17.672,0.956,20.99,2,1.7439470169464482e-06,0,16,85,,,
2026-07-07T09:57:18.172,0.956,20.99,1,1.7439470169464482e-06,0,16,85,,,
2026-07-07T09:57:18.670,0.956,20.99,1,1.7439470169464482e-06,0,16,85,,,
2026-07-07T09:57:19.169,0.956,20.99,2,1.7309296403991825e-06,0,16,85,,,
2026-07-07T09:57:19.663,0.956,20.99,1,1.7439470169464482e-06,0,16,85,,,
2026-07-07T09:57:20.162,0.956,20.99,2,1.7309296403991825e-06,0,16,85,,,
2026-07-07T09:57:20.661,0.9561,20.99,1,1.7309296403991825e-06,0,16,85,,,
2026-07-07T09:57:21.159,0.956,20.99,1,1.7439470169464482e-06,0,16,85,,,
2026-07-07T09:57:21.669,0.956,20.99,2,1.7309296403991825e-06,0,16,85,,,
2026-07-07T09:57:22.169,0.956,20.99,1,1.7309296403991825e-06,0,16,85,,,
2026-07-07T09:57:22.670,0.956,20.99,2,1.7439470169464482e-06,0,16,85,,,
2026-07-07T09:57:23.171,0.9561,20.99,1,1.7309296403991825e-06,0,16,85,,,
2026-07-07T09:57:23.666,0.956,20.99,2,1.7309296403991825e-06,0,16,85,,,
2026-07-07T09:57:24.165,0.956,20.99,1,1.7439470169464482e-06,0,16,85,,,
2026-07-07T09:57:24.664,0.956,20.99,1,1.7309296403991825e-06,0,16,85,,,
2026-07-07T09:57:25.162,0.956,20.99,2,1.7309296403991825e-06,0,16,85,,,
2026-07-07T09:57:25.664,0.9561,20.99,1,1.7309296403991825e-06,0,16,85,,,
2026-07-07T09:57:26.164,0.956,20.99,1,1.7309296403991825e-06,0,16,85,,,
2026-07-07T09:57:26.663,0.956,20.99,2,1.7309296403991825e-06,0,16,85,,,
2026-07-07T09:57:27.161,0.956,20.99,1,1.7309296403991825e-06,0,16,85,,,
2026-07-07T09:57:27.661,0.9559,20.99,2,1.7309296403991825e-06,0,16,85,,,
2026-07-07T09:57:28.162,0.956,20.99,1,1.7439470169464482e-06,0,16,85,,,
2026-07-07T09:57:28.673,0.9561,20.99,1,1.7309296403991825e-06,0,16,85,,,
2026-07-07T09:57:29.171,0.956,20.99,2,1.7309296403991825e-06,0,16,85,,,
2026-07-07T09:57:29.669,0.9561,20.99,1,1.7309296403991825e-06,0,16,85,,,
2026-07-07T09:57:30.166,0.956,20.99,2,1.718009429700726e-06,0,16,85,,,
2026-07-07T09:57:30.663,0.9561,20.99,1,1.7439470169464482e-06,0,16,85,,,
2026-07-07T09:57:31.164,0.956,20.99,1,1.718009429700726e-06,0,16,85,,,
2026-07-07T09:57:31.666,0.956,20.99,2,1.7309296403991825e-06,0,16,85,,,
2026-07-07T09:57:32.164,0.956,20.99,1,1.7439470169464482e-06,0,16,85,,,
2026-07-07T09:57:32.664,0.956,20.99,2,1.7439470169464482e-06,0,16,85,,,
2026-07-07T09:57:33.164,0.9561,20.99,1,1.7439470169464482e-06,0,16,85,,,
2026-07-07T09:57:33.662,0.956,20.99,1,1.718009429700726e-06,0,16,85,,,
2026-07-07T09:57:34.174,0.956,20.99,2,1.7439470169464482e-06,0,16,85,,,
2026-07-07T09:57:34.662,0.956,20.99,1,1.7309296403991825e-06,0,16,85,,,
2026-07-07T09:57:35.161,0.956,20.99,2,1.7309296403991825e-06,0,16,85,,,
2026-07-07T09:57:35.660,0.9559,20.99,1,1.7309296403991825e-06,0,16,85,,,
2026-07-07T09:57:36.159,0.9561,20.99,1,1.7309296403991825e-06,0,16,85,,,
2026-07-07T09:57:36.664,0.956,20.99,2,1.7309296403991825e-06,0,16,85,,,
2026-07-07T09:57:37.166,0.9559,20.99,1,1.718009429700726e-06,0,16,85,,,
2026-07-07T09:57:37.663,0.956,20.99,2,1.7309296403991825e-06,0,16,85,,,
2026-07-07T09:57:38.162,0.9561,20.99,1,1.7309296403991825e-06,0,16,85,,,
2026-07-07T09:57:38.663,0.956,20.99,1,1.7439470169464482e-06,0,16,85,,,
2026-07-07T09:57:39.164,0.9561,20.99,2,1.7439470169464482e-06,0,16,85,,,
2026-07-07T09:57:39.664,0.9561,20.99,1,1.7309296403991825e-06,0,16,85,,,
2026-07-07T09:57:40.162,0.956,20.99,2,1.7309296403991825e-06,0,16,85,,,
2026-07-07T09:57:40.660,0.9561,20.98,1,1.7439470169464482e-06,0,16,85,,,
2026-07-07T09:57:41.160,0.956,20.99,1,1.7309296403991825e-06,0,16,85,,,
2026-07-07T09:57:41.659,0.956,20.98,2,1.7309296403991825e-06,0,16,85,,,
2026-07-07T09:57:42.171,0.956,20.99,1,1.7439470169464482e-06,0,16,85,,,
2026-07-07T09:57:42.670,0.956,20.98,2,1.718009429700726e-06,0,16,85,,,
2026-07-07T09:57:43.168,0.956,20.98,1,1.7439470169464482e-06,0,16,85,,,
2026-07-07T09:57:43.669,0.9561,20.99,1,1.7439470169464482e-06,0,16,85,,,
2026-07-07T09:57:44.166,0.956,20.98,2,1.7309296403991825e-06,0,16,85,,,
2026-07-07T09:57:44.666,0.9561,20.99,1,1.7309296403991825e-06,0,16,85,,,
2026-07-07T09:57:45.172,0.956,20.99,2,1.7439470169464482e-06,0,16,85,,,
2026-07-07T09:57:45.673,0.956,20.98,1,1.7439470169464482e-06,0,16,85,,,
2026-07-07T09:57:46.158,0.9561,20.98,1,1.7439470169464482e-06,0,16,85,,,
2026-07-07T09:57:46.659,0.956,20.98,2,1.7309296403991825e-06,0,16,85,,,
2026-07-07T09:57:47.160,0.956,20.98,1,1.7439470169464482e-06,0,16,85,,,
2026-07-07T09:57:47.660,0.956,20.98,2,1.718009429700726e-06,0,16,85,,,
2026-07-07T09:57:48.160,0.9561,20.98,1,1.7309296403991825e-06,0,16,85,,,
2026-07-07T09:57:48.660,0.956,20.98,1,1.718009429700726e-06,0,16,85,,,
2026-07-07T09:57:49.160,0.956,20.98,2,1.7439470169464482e-06,0,16,85,,,
2026-07-07T09:57:49.670,0.956,20.98,1,1.7309296403991825e-06,0,16,85,,,
2026-07-07T09:57:50.169,0.956,20.98,2,1.718009429700726e-06,0,16,85,,,
2026-07-07T09:57:50.668,0.956,20.98,1,1.7439470169464482e-06,0,16,85,,,
2026-07-07T09:57:51.162,0.9561,20.98,1,1.7439470169464482e-06,0,16,85,,,
2026-07-07T09:57:51.660,0.956,20.98,2,1.7439470169464482e-06,0,16,85,,,
2026-07-07T09:57:52.160,0.9561,20.98,1,1.7309296403991825e-06,0,16,85,,,
2026-07-07T09:57:52.659,0.956,20.98,2,1.7439470169464482e-06,0,16,85,,,
2026-07-07T09:57:53.173,0.956,20.98,1,1.7570622900738048e-06,0,16,85,,,
2026-07-07T09:57:53.659,0.956,20.98,1,1.7309296403991825e-06,0,16,85,,,
2026-07-07T09:57:54.172,0.956,20.98,2,1.7439470169464482e-06,0,16,85,,,
2026-07-07T09:57:54.673,0.956,20.98,1,1.7309296403991825e-06,0,16,85,,,
2026-07-07T09:57:55.172,0.956,20.98,2,1.7309296403991825e-06,0,16,85,,,
2026-07-07T09:57:55.670,0.9561,20.98,1,1.7439470169464482e-06,0,16,85,,,
2026-07-07T09:57:56.168,0.9561,20.98,1,1.7309296403991825e-06,0,16,85,,,
2026-07-07T09:57:56.669,0.956,20.98,2,1.7570622900738048e-06,0,16,85,,,
2026-07-07T09:57:57.168,0.9561,20.98,1,1.7309296403991825e-06,0,16,85,,,
2026-07-07T09:57:57.666,0.956,20.98,2,1.7309296403991825e-06,0,16,85,,,
2026-07-07T09:57:58.165,0.9561,20.97,1,1.7309296403991825e-06,0,16,85,,,
2026-07-07T09:57:58.664,0.956,20.98,1,1.7439470169464482e-06,0,16,85,,,
2026-07-07T09:57:59.161,0.956,20.98,2,1.7439470169464482e-06,0,16,85,,,
2026-07-07T09:57:59.660,0.956,20.98,1,1.7439470169464482e-06,0,16,85,,,
2026-07-07T09:58:00.161,0.956,20.98,2,1.7439470169464482e-06,0,16,85,,,
2026-07-07T09:58:00.678,0.956,20.98,1,1.7439470169464482e-06,0,16,85,,,
2026-07-07T09:58:01.172,0.9561,20.98,1,1.7309296403991825e-06,0,16,85,,,
2026-07-07T09:58:01.665,0.9561,20.98,2,1.7309296403991825e-06,0,16,85,,,
2026-07-07T09:58:02.165,0.956,20.97,1,1.7309296403991825e-06,0,16,85,,,
2026-07-07T09:58:02.663,0.956,20.98,2,1.7570622900738048e-06,0,16,85,,,
2026-07-07T09:58:03.163,0.9561,20.97,1,1.7439470169464482e-06,0,16,85,,,
2026-07-07T09:58:03.661,0.956,20.98,1,1.7439470169464482e-06,0,16,85,,,
2026-07-07T09:58:04.159,0.956,20.98,2,1.7309296403991825e-06,0,16,85,,,
2026-07-07T09:58:04.658,0.956,20.97,1,1.7309296403991825e-06,0,16,85,,,
2026-07-07T09:58:05.172,0.956,20.98,2,1.7439470169464482e-06,0,16,85,,,
2026-07-07T09:58:05.670,0.956,20.97,1,1.7309296403991825e-06,0,16,85,,,
2026-07-07T09:58:06.168,0.956,20.97,2,1.7309296403991825e-06,0,16,85,,,
2026-07-07T09:58:06.669,0.956,20.98,1,1.7439470169464482e-06,0,16,85,,,
2026-07-07T09:58:07.165,0.956,20.97,1,1.7439470169464482e-06,0,16,85,,,
2026-07-07T09:58:07.667,0.956,20.97,2,1.7309296403991825e-06,0,16,85,,,
2026-07-07T09:58:08.161,0.956,20.97,1,1.7309296403991825e-06,0,16,85,,,
2026-07-07T09:58:08.658,0.9561,20.97,2,1.7439470169464482e-06,0,16,85,,,
2026-07-07T09:58:09.172,0.9561,20.97,1,1.7439470169464482e-06,0,16,85,,,
2026-07-07T09:58:09.670,0.956,20.97,1,1.718009429700726e-06,0,16,85,,,
2026-07-07T09:58:10.170,0.956,20.97,2,1.7439470169464482e-06,0,16,85,,,
2026-07-07T09:58:10.667,0.9561,20.97,1,1.7309296403991825e-06,0,16,85,,,
2026-07-07T09:58:11.164,0.956,20.97,2,1.7439470169464482e-06,0,16,85,,,
2026-07-07T09:58:11.666,0.956,20.97,1,1.7439470169464482e-06,0,16,85,,,
2026-07-07T09:58:12.169,0.956,20.97,1,1.7439470169464482e-06,0,16,85,,,
2026-07-07T09:58:12.666,0.956,20.97,2,1.7309296403991825e-06,0,16,85,,,
2026-07-07T09:58:13.170,0.956,20.97,1,1.7309296403991825e-06,0,16,85,,,
2026-07-07T09:58:13.669,0.956,20.97,2,1.7439470169464482e-06,0,16,85,,,
2026-07-07T09:58:14.169,0.956,20.97,1,1.7439470169464482e-06,0,16,85,,,
2026-07-07T09:58:14.668,0.9561,20.97,1,1.7309296403991825e-06,0,16,85,,,
2026-07-07T09:58:15.169,0.956,20.97,2,1.7570622900738048e-06,0,16,85,,,
2026-07-07T09:58:15.668,0.9561,20.97,1,1.7309296403991825e-06,0,16,85,,,
2026-07-07T09:58:16.168,0.9561,20.97,2,1.718009429700726e-06,0,16,85,,,
2026-07-07T09:58:16.671,0.9561,20.97,1,1.7309296403991825e-06,0,16,85,,,
2026-07-07T09:58:17.171,0.956,20.97,1,1.7309296403991825e-06,0,16,85,,,
2026-07-07T09:58:17.669,0.956,20.97,2,1.7570622900738048e-06,0,16,85,,,
2026-07-07T09:58:18.170,0.9561,20.97,1,1.7309296403991825e-06,0,16,85,,,
2026-07-07T09:58:18.670,0.956,20.96,2,1.718009429700726e-06,0,16,85,,,
2026-07-07T09:58:19.171,0.956,20.97,1,1.7309296403991825e-06,0,16,85,,,
2026-07-07T09:58:19.668,0.9561,20.97,1,1.7439470169464482e-06,0,16,85,,,
2026-07-07T09:58:20.163,0.9561,20.97,2,1.718009429700726e-06,0,16,85,,,
2026-07-07T09:58:20.665,0.956,20.97,1,1.7309296403991825e-06,0,16,85,,,
2026-07-07T09:58:21.161,0.956,20.97,1,1.7309296403991825e-06,0,16,85,,,
2026-07-07T09:58:21.659,0.956,20.97,2,1.7309296403991825e-06,0,16,85,,,
2026-07-07T09:58:22.159,0.956,20.97,1,1.7309296403991825e-06,0,16,85,,,
2026-07-07T09:58:22.673,0.956,20.97,2,1.7309296403991825e-06,0,16,85,,,
2026-07-07T09:58:23.158,0.956,20.97,1,1.7439470169464482e-06,0,16,85,,,
2026-07-07T09:58:23.671,0.956,20.96,2,1.7439470169464482e-06,0,16,85,,,
2026-07-07T09:58:24.170,0.956,20.97,1,1.7309296403991825e-06,0,16,85,,,
2026-07-07T09:58:24.672,0.956,20.97,1,1.718009429700726e-06,0,16,85,,,
2026-07-07T09:58:25.168,0.956,20.96,2,1.7309296403991825e-06,0,16,85,,,
2026-07-07T09:58:25.666,0.9561,20.96,1,1.7309296403991825e-06,0,16,85,,,
2026-07-07T09:58:26.166,0.9561,20.96,1,1.7309296403991825e-06,0,16,85,,,
2026-07-07T09:58:26.664,0.956,20.96,2,1.718009429700726e-06,0,16,85,,,
2026-07-07T09:58:27.165,0.9561,20.96,1,1.7570622900738048e-06,0,16,85,,,
2026-07-07T09:58:27.670,0.956,20.96,2,1.7309296403991825e-06,0,16,85,,,
2026-07-07T09:58:28.173,0.9561,20.96,1,1.7309296403991825e-06,0,16,85,,,
2026-07-07T09:58:28.658,0.956,20.96,1,1.7439470169464482e-06,0,16,85,,,
2026-07-07T09:58:29.173,0.956,20.96,2,1.7439470169464482e-06,0,16,85,,,
2026-07-07T09:58:29.658,0.956,20.96,1,1.7439470169464482e-06,0,16,85,,,
2026-07-07T09:58:30.161,0.956,20.96,2,1.7309296403991825e-06,0,16,85,,,
2026-07-07T09:58:30.662,0.956,20.96,1,1.718009429700726e-06,0,16,85,,,
2026-07-07T09:58:31.161,0.956,20.96,1,1.7309296403991825e-06,0,16,85,,,
2026-07-07T09:58:31.673,0.9561,20.96,2,1.7309296403991825e-06,0,16,85,,,
2026-07-07T09:58:32.164,0.956,20.96,1,1.7309296403991825e-06,0,16,85,,,
2026-07-07T09:58:32.656,0.956,20.96,2,1.7309296403991825e-06,0,16,85,,,
2026-07-07T09:58:33.164,0.956,20.96,1,1.7309296403991825e-06,0,16,85,,,
2026-07-07T09:58:33.661,0.9561,20.96,2,1.7309296403991825e-06,0,16,85,,,
2026-07-07T09:58:34.153,0.956,20.96,1,1.7309296403991825e-06,0,16,85,,,
2026-07-07T09:58:34.663,0.9561,20.96,1,1.7309296403991825e-06,0,16,85,,,
2026-07-07T09:58:35.157,0.9561,20.96,2,1.7309296403991825e-06,0,16,85,,,
2026-07-07T09:58:35.665,0.956,20.96,1,1.7309296403991825e-06,0,16,85,,,
2026-07-07T09:58:36.160,0.9561,20.95,2,1.7439470169464482e-06,0,16,85,,,
2026-07-07T09:58:36.669,0.9561,20.95,1,1.7309296403991825e-06,0,16,85,,,
2026-07-07T09:58:37.167,0.9561,20.95,1,1.7439470169464482e-06,0,16,85,,,
2026-07-07T09:58:37.666,0.9561,20.95,2,1.718009429700726e-06,0,16,85,,,
2026-07-07T09:58:38.161,0.9561,20.96,1,1.7439470169464482e-06,0,16,85,,,
2026-07-07T09:58:38.658,0.956,20.95,1,1.7439470169464482e-06,0,16,85,,,
2026-07-07T09:58:39.169,0.956,20.95,2,1.7439470169464482e-06,0,16,85,,,
2026-07-07T09:58:39.666,0.956,20.95,1,1.7309296403991825e-06,0,16,85,,,
2026-07-07T09:58:40.167,0.9561,20.95,1,1.718009429700726e-06,0,16,85,,,
2026-07-07T09:58:40.663,0.956,20.95,2,1.7309296403991825e-06,0,16,85,,,
2026-07-07T09:58:41.155,0.9561,20.95,1,1.718009429700726e-06,0,16,85,,,
2026-07-07T09:58:41.660,0.956,20.95,2,1.7439470169464482e-06,0,16,85,,,
2026-07-07T09:58:42.165,0.9561,20.95,1,1.7309296403991825e-06,0,16,85,,,
2026-07-07T09:58:42.656,0.9561,20.95,1,1.7309296403991825e-06,0,16,85,,,
2026-07-07T09:58:43.165,0.956,20.95,2,1.7309296403991825e-06,0,16,85,,,
2026-07-07T09:58:43.657,0.956,20.95,1,1.7439470169464482e-06,0,16,85,,,
2026-07-07T09:58:44.166,0.9561,20.95,2,1.7439470169464482e-06,0,16,85,,,
2026-07-07T09:58:44.656,0.9561,20.95,1,1.7309296403991825e-06,0,16,85,,,
2026-07-07T09:58:45.162,0.9561,20.94,1,1.7051856595741968e-06,0,16,85,,,
2026-07-07T09:58:45.669,0.956,20.94,2,1.718009429700726e-06,0,16,85,,,
2026-07-07T09:58:46.172,0.9561,20.94,1,1.7309296403991825e-06,0,16,85,,,
2026-07-07T09:58:46.671,0.9561,20.94,2,1.7309296403991825e-06,0,16,85,,,
2026-07-07T09:58:47.170,0.9561,20.94,1,1.7309296403991825e-06,0,16,85,,,
2026-07-07T09:58:47.670,0.956,20.94,2,1.7439470169464482e-06,0,16,85,,,
2026-07-07T09:58:48.169,0.9561,20.95,1,1.7309296403991825e-06,0,16,85,,,
2026-07-07T09:58:48.670,0.956,20.94,1,1.7309296403991825e-06,0,16,85,,,
2026-07-07T09:58:49.166,0.9561,20.94,2,1.7309296403991825e-06,0,16,85,,,
2026-07-07T09:58:49.659,0.956,20.94,1,1.7439470169464482e-06,0,16,85,,,
2026-07-07T09:58:50.171,0.956,20.94,2,1.7439470169464482e-06,0,16,85,,,
2026-07-07T09:58:50.672,0.956,20.94,1,1.7309296403991825e-06,0,16,85,,,
2026-07-07T09:58:51.173,0.956,20.94,1,1.7309296403991825e-06,0,16,85,,,
2026-07-07T09:58:51.670,0.956,20.94,2,1.7439470169464482e-06,0,16,85,,,
2026-07-07T09:58:52.171,0.956,20.94,1,1.718009429700726e-06,0,16,85,,,
2026-07-07T09:58:52.669,0.9561,20.94,2,1.7439470169464482e-06,0,16,85,,,
2026-07-07T09:58:53.169,0.956,20.94,1,1.7309296403991825e-06,0,16,85,,,
2026-07-07T09:58:53.668,0.956,20.94,2,1.7439470169464482e-06,0,16,85,,,
2026-07-07T09:58:54.169,0.956,20.94,1,1.7309296403991825e-06,0,16,85,,,
2026-07-07T09:58:54.659,0.956,20.94,1,1.7309296403991825e-06,0,16,85,,,
2026-07-07T09:58:55.163,0.956,20.94,2,1.7309296403991825e-06,0,16,85,,,
2026-07-07T09:58:55.668,0.956,20.93,1,1.7309296403991825e-06,0,16,85,,,
2026-07-07T09:58:56.166,0.956,20.94,2,1.7309296403991825e-06,0,16,85,,,
2026-07-07T09:58:56.671,0.9561,20.93,1,1.7439470169464482e-06,0,16,85,,,
2026-07-07T09:58:57.171,0.956,20.94,1,1.7439470169464482e-06,0,16,85,,,
2026-07-07T09:58:57.670,0.956,20.93,2,1.7309296403991825e-06,0,16,85,,,
2026-07-07T09:58:58.169,0.956,20.94,1,1.7309296403991825e-06,0,16,85,,,
2026-07-07T09:58:58.672,0.9561,20.93,2,1.7309296403991825e-06,0,16,85,,,
2026-07-07T09:58:59.171,0.9561,20.93,1,1.718009429700726e-06,0,16,85,,,
2026-07-07T09:58:59.672,0.956,20.93,1,1.7309296403991825e-06,0,16,85,,,
2026-07-07T09:59:00.170,0.9561,20.93,2,1.7439470169464482e-06,0,16,85,,,
2026-07-07T09:59:00.668,0.9561,20.93,1,1.718009429700726e-06,0,16,85,,,
2026-07-07T09:59:01.167,0.956,20.93,2,1.7309296403991825e-06,0,16,85,,,
2026-07-07T09:59:01.666,0.9561,20.93,1,1.7439470169464482e-06,0,16,85,,,
2026-07-07T09:59:02.165,0.956,20.93,1,1.7439470169464482e-06,0,16,85,,,
2026-07-07T09:59:02.665,0.956,20.93,2,1.7309296403991825e-06,0,16,85,,,
2026-07-07T09:59:03.168,0.956,20.93,1,1.718009429700726e-06,0,16,85,,,
2026-07-07T09:59:03.668,0.956,20.93,2,1.7309296403991825e-06,0,16,85,,,
2026-07-07T09:59:04.163,0.9561,20.93,1,1.7309296403991825e-06,0,16,85,,,
2026-07-07T09:59:04.660,0.9561,20.93,1,1.7309296403991825e-06,0,16,85,,,
2026-07-07T09:59:05.160,0.956,20.93,2,1.7309296403991825e-06,0,16,85,,,
2026-07-07T09:59:05.673,0.956,20.93,1,1.718009429700726e-06,0,16,85,,,
2026-07-07T09:59:06.168,0.9559,20.93,2,1.7309296403991825e-06,0,16,85,,,
2026-07-07T09:59:06.669,0.956,20.92,1,1.718009429700726e-06,0,16,85,,,
2026-07-07T09:59:07.168,0.956,20.92,1,1.7309296403991825e-06,0,16,85,,,
2026-07-07T09:59:07.666,0.9561,20.93,2,1.718009429700726e-06,0,16,85,,,
2026-07-07T09:59:08.166,0.956,20.92,1,1.718009429700726e-06,0,16,85,,,
2026-07-07T09:59:08.666,0.956,20.93,2,1.7439470169464482e-06,0,16,85,,,
2026-07-07T09:59:09.165,0.9561,20.92,1,1.7309296403991825e-06,0,16,85,,,
2026-07-07T09:59:09.663,0.9561,20.92,1,1.7309296403991825e-06,0,16,85,,,
2026-07-07T09:59:10.162,0.956,20.93,2,1.718009429700726e-06,0,16,85,,,
2026-07-07T09:59:10.662,0.956,20.92,1,1.7309296403991825e-06,0,16,85,,,
2026-07-07T09:59:11.160,0.956,20.92,2,1.7309296403991825e-06,0,16,85,,,
2026-07-07T09:59:11.663,0.9561,20.92,1,1.7309296403991825e-06,0,16,85,,,
2026-07-07T09:59:12.161,0.9561,20.92,1,1.7309296403991825e-06,0,16,85,,,
2026-07-07T09:59:12.661,0.956,20.92,2,1.718009429700726e-06,0,16,85,,,
2026-07-07T09:59:13.161,0.956,20.92,1,1.7051856595741968e-06,0,16,85,,,
2026-07-07T09:59:13.658,0.956,20.92,2,1.7309296403991825e-06,0,16,85,,,
2026-07-07T09:59:14.172,0.956,20.92,1,1.7309296403991825e-06,0,16,85,,,
2026-07-07T09:59:14.668,0.9561,20.92,1,1.7309296403991825e-06,0,16,85,,,
2026-07-07T09:59:15.168,0.956,20.92,2,1.718009429700726e-06,0,16,85,,,
2026-07-07T09:59:15.667,0.9561,20.92,1,1.7439470169464482e-06,0,16,85,,,
2026-07-07T09:59:16.168,0.9561,20.92,2,1.7309296403991825e-06,0,16,85,,,
2026-07-07T09:59:16.671,0.9561,20.92,1,1.718009429700726e-06,0,16,85,,,
2026-07-07T09:59:17.157,0.9561,20.92,1,1.7309296403991825e-06,0,16,85,,,
2026-07-07T09:59:17.673,0.956,20.91,2,1.718009429700726e-06,0,16,85,,,
2026-07-07T09:59:18.173,0.9561,20.92,1,1.7309296403991825e-06,0,16,85,,,
2026-07-07T09:59:18.660,0.956,20.91,2,1.7309296403991825e-06,0,16,85,,,
2026-07-07T09:59:19.162,0.956,20.92,1,1.7309296403991825e-06,0,16,85,,,
2026-07-07T09:59:19.658,0.956,20.92,1,1.7439470169464482e-06,0,16,85,,,
2026-07-07T09:59:20.171,0.956,20.92,2,1.718009429700726e-06,0,16,85,,,
2026-07-07T09:59:20.671,0.956,20.92,1,1.718009429700726e-06,0,16,85,,,
2026-07-07T09:59:21.167,0.956,20.91,2,1.718009429700726e-06,0,16,85,,,
2026-07-07T09:59:21.666,0.956,20.91,1,1.7309296403991825e-06,0,16,85,,,
2026-07-07T09:59:22.167,0.956,20.91,2,1.7439470169464482e-06,0,16,85,,,
2026-07-07T09:59:22.671,0.956,20.91,1,1.718009429700726e-06,0,16,85,,,
2026-07-07T09:59:23.172,0.956,20.91,1,1.718009429700726e-06,0,16,85,,,
2026-07-07T09:59:23.671,0.956,20.91,2,1.718009429700726e-06,0,16,85,,,
2026-07-07T09:59:24.169,0.956,20.91,1,1.718009429700726e-06,0,16,85,,,
2026-07-07T09:59:24.666,0.9559,20.91,2,1.7309296403991825e-06,0,16,85,,,
2026-07-07T09:59:25.164,0.956,20.91,1,1.7309296403991825e-06,0,16,85,,,
2026-07-07T09:59:25.667,0.956,20.91,1,1.7439470169464482e-06,0,16,85,,,
2026-07-07T09:59:26.166,0.956,20.91,2,1.718009429700726e-06,0,16,85,,,
2026-07-07T09:59:26.666,0.956,20.91,1,1.7309296403991825e-06,0,16,85,,,
2026-07-07T09:59:27.165,0.956,20.91,1,1.718009429700726e-06,0,16,85,,,
2026-07-07T09:59:27.665,0.956,20.91,2,1.7309296403991825e-06,0,16,85,,,
2026-07-07T09:59:28.165,0.956,20.91,1,1.7309296403991825e-06,0,16,85,,,
2026-07-07T09:59:28.662,0.956,20.91,2,1.7309296403991825e-06,0,16,85,,,
2026-07-07T09:59:29.161,0.956,20.91,1,1.7439470169464482e-06,0,16,85,,,
2026-07-07T09:59:29.660,0.956,20.91,1,1.7309296403991825e-06,0,16,85,,,
2026-07-07T09:59:30.172,0.956,20.91,2,1.7309296403991825e-06,0,16,85,,,
2026-07-07T09:59:30.670,0.9559,20.91,1,1.718009429700726e-06,0,16,85,,,
2026-07-07T09:59:31.169,0.956,20.91,2,1.718009429700726e-06,0,16,85,,,
2026-07-07T09:59:31.666,0.956,20.91,1,1.7309296403991825e-06,0,16,85,,,
2026-07-07T09:59:32.164,0.956,20.91,1,1.7051856595741968e-06,0,16,85,,,
2026-07-07T09:59:32.662,0.956,20.91,2,1.718009429700726e-06,0,16,85,,,
2026-07-07T09:59:33.160,0.956,20.91,1,1.7309296403991825e-06,0,16,85,,,
2026-07-07T09:59:33.672,0.956,20.91,2,1.7309296403991825e-06,0,16,85,,,
2026-07-07T09:59:34.172,0.9561,20.91,1,1.7309296403991825e-06,0,16,85,,,
2026-07-07T09:59:34.670,0.956,20.91,1,1.7309296403991825e-06,0,16,85,,,
2026-07-07T09:59:35.173,0.956,20.91,2,1.7309296403991825e-06,0,16,85,,,
2026-07-07T09:59:35.658,0.956,20.91,1,1.7309296403991825e-06,0,16,85,,,
2026-07-07T09:59:36.159,0.9561,20.9,1,1.718009429700726e-06,0,16,85,,,
2026-07-07T09:59:36.672,0.956,20.9,2,1.718009429700726e-06,0,16,85,,,
2026-07-07T09:59:37.171,0.956,20.9,1,1.7309296403991825e-06,0,16,85,,,
2026-07-07T09:59:37.668,0.956,20.9,2,1.718009429700726e-06,0,16,85,,,
2026-07-07T09:59:38.169,0.956,20.9,1,1.718009429700726e-06,0,16,85,,,
2026-07-07T09:59:38.672,0.956,20.9,1,1.7309296403991825e-06,0,16,85,,,
2026-07-07T09:59:39.157,0.956,20.9,2,1.718009429700726e-06,0,16,85,,,
2026-07-07T09:59:39.673,0.9561,20.9,1,1.718009429700726e-06,0,16,85,,,
2026-07-07T09:59:40.163,0.956,20.9,2,1.7309296403991825e-06,0,16,85,,,
2026-07-07T09:59:40.666,0.956,20.9,1,1.718009429700726e-06,0,16,85,,,
2026-07-07T09:59:41.164,0.9561,20.9,1,1.7309296403991825e-06,0,16,85,,,
2026-07-07T09:59:41.662,0.956,20.9,2,1.7309296403991825e-06,0,16,85,,,
2026-07-07T09:59:42.161,0.9561,20.9,1,1.718009429700726e-06,0,16,85,,,
2026-07-07T09:59:42.658,0.956,20.9,2,1.7051856595741968e-06,0,16,85,,,
2026-07-07T09:59:43.173,0.956,20.9,1,1.718009429700726e-06,0,16,85,,,
2026-07-07T09:59:43.670,0.956,20.89,1,1.7309296403991825e-06,0,16,85,,,
2026-07-07T09:59:44.168,0.956,20.89,2,1.7309296403991825e-06,0,16,85,,,
2026-07-07T09:59:44.668,0.956,20.89,1,1.7309296403991825e-06,0,16,85,,,
2026-07-07T09:59:45.168,0.956,20.89,2,1.7309296403991825e-06,0,16,85,,,
2026-07-07T09:59:45.669,0.956,20.89,1,1.7309296403991825e-06,0,16,85,,,
2026-07-07T09:59:46.166,0.9561,20.89,1,1.718009429700726e-06,0,16,85,,,
2026-07-07T09:59:46.668,0.956,20.89,2,1.718009429700726e-06,0,16,85,,,
2026-07-07T09:59:47.165,0.956,20.89,1,1.718009429700726e-06,0,16,85,,,
2026-07-07T09:59:47.663,0.956,20.89,2,1.7309296403991825e-06,0,16,85,,,
2026-07-07T09:59:48.162,0.956,20.89,1,1.718009429700726e-06,0,16,85,,,
2026-07-07T09:59:48.660,0.9561,20.89,1,1.7309296403991825e-06,0,16,85,,,
2026-07-07T09:59:49.174,0.956,20.89,2,1.7439470169464482e-06,0,16,85,,,
2026-07-07T09:59:49.661,0.9561,20.89,1,1.7439470169464482e-06,0,16,85,,,
2026-07-07T09:59:50.163,0.956,20.89,2,1.7309296403991825e-06,0,16,85,,,
2026-07-07T09:59:50.664,0.9561,20.89,1,1.718009429700726e-06,0,16,85,,,
2026-07-07T09:59:51.160,0.956,20.89,1,1.7309296403991825e-06,0,16,85,,,
2026-07-07T09:59:51.660,0.956,20.88,2,1.718009429700726e-06,0,16,85,,,
2026-07-07T09:59:52.160,0.956,20.89,1,1.718009429700726e-06,0,16,85,,,
2026-07-07T09:59:52.659,0.956,20.88,2,1.7439470169464482e-06,0,16,85,,,
2026-07-07T09:59:53.172,0.956,20.88,1,1.7309296403991825e-06,0,16,85,,,
2026-07-07T09:59:53.673,0.956,20.88,1,1.7051856595741968e-06,0,16,85,,,
2026-07-07T09:59:54.171,0.956,20.88,2,1.7309296403991825e-06,0,16,85,,,
2026-07-07T09:59:54.671,0.9561,20.88,1,1.7051856595741968e-06,0,16,85,,,
2026-07-07T09:59:55.170,0.956,20.88,2,1.7051856595741968e-06,0,16,85,,,
2026-07-07T09:59:55.671,0.956,20.88,1,1.718009429700726e-06,0,16,85,,,
2026-07-07T09:59:56.172,0.956,20.88,1,1.7439470169464482e-06,0,16,85,,,
2026-07-07T09:59:56.672,0.956,20.88,2,1.718009429700726e-06,0,16,85,,,
2026-07-07T09:59:57.172,0.9561,20.88,1,1.718009429700726e-06,0,16,85,,,
2026-07-07T09:59:57.671,0.956,20.88,2,1.7309296403991825e-06,0,16,85,,,
2026-07-07T09:59:58.169,0.956,20.87,1,1.7309296403991825e-06,0,16,85,,,
2026-07-07T09:59:58.672,0.956,20.87,1,1.718009429700726e-06,0,16,85,,,
2026-07-07T09:59:59.158,0.956,20.88,2,1.7051856595741968e-06,0,16,85,,,
2026-07-07T09:59:59.658,0.9561,20.87,1,1.718009429700726e-06,0,16,85,,,
2026-07-07T10:00:00.168,0.9561,20.88,2,1.7051856595741968e-06,0,16,85,,,
2026-07-07T10:00:00.668,0.956,20.87,1,1.718009429700726e-06,0,16,85,,,
2026-07-07T10:00:01.168,0.956,20.87,1,1.718009429700726e-06,0,16,85,,,
2026-07-07T10:00:01.665,0.956,20.87,2,1.7309296403991825e-06,0,16,85,,,
2026-07-07T10:00:02.164,0.9561,20.87,1,1.7309296403991825e-06,0,16,85,,,
2026-07-07T10:00:02.663,0.9561,20.87,2,1.7309296403991825e-06,0,16,85,,,
2026-07-07T10:00:03.159,0.956,20.87,1,1.718009429700726e-06,0,16,85,,,
2026-07-07T10:00:03.659,0.956,20.87,1,1.7309296403991825e-06,0,16,85,,,
2026-07-07T10:00:04.159,0.956,20.87,2,1.7051856595741968e-06,0,16,85,,,
2026-07-07T10:00:04.659,0.956,20.87,1,1.718009429700726e-06,0,16,85,,,
2026-07-07T10:00:05.159,0.956,20.87,2,1.718009429700726e-06,0,16,85,,,
2026-07-07T10:00:05.673,0.956,20.87,1,1.718009429700726e-06,0,16,85,,,
2026-07-07T10:00:06.158,0.956,20.87,1,1.718009429700726e-06,0,16,85,,,
2026-07-07T10:00:06.672,0.956,20.87,2,1.7051856595741968e-06,0,16,85,,,
2026-07-07T10:00:07.172,0.956,20.87,1,1.7051856595741968e-06,0,16,85,,,
2026-07-07T10:00:07.671,0.956,20.87,2,1.718009429700726e-06,0,16,85,,,
2026-07-07T10:00:08.171,0.9561,20.87,1,1.7051856595741968e-06,0,16,85,,,
2026-07-07T10:00:08.665,0.9559,20.87,2,1.718009429700726e-06,0,16,85,,,
2026-07-07T10:00:09.163,0.9561,20.86,1,1.718009429700726e-06,0,16,85,,,
2026-07-07T10:00:09.663,0.956,20.86,1,1.7051856595741968e-06,0,16,85,,,
2026-07-07T10:00:10.162,0.956,20.86,2,1.718009429700726e-06,0,16,85,,,
2026-07-07T10:00:10.660,0.956,20.86,1,1.718009429700726e-06,0,16,85,,,
2026-07-07T10:00:11.172,0.9559,20.86,2,1.7439470169464482e-06,0,16,85,,,
2026-07-07T10:00:11.671,0.9561,20.86,1,1.7051856595741968e-06,0,16,85,,,
2026-07-07T10:00:12.171,0.956,20.86,1,1.718009429700726e-06,0,16,85,,,
2026-07-07T10:00:12.670,0.9561,20.86,2,1.718009429700726e-06,0,16,85,,,
2026-07-07T10:00:13.169,0.956,20.86,1,1.7309296403991825e-06,0,16,85,,,
2026-07-07T10:00:13.673,0.956,20.86,1,1.718009429700726e-06,0,16,85,,,
2026-07-07T10:00:14.172,0.956,20.86,2,1.7309296403991825e-06,0,16,85,,,
2026-07-07T10:00:14.659,0.956,20.86,1,1.718009429700726e-06,0,16,85,,,
2026-07-07T10:00:15.171,0.956,20.86,2,1.7051856595741968e-06,0,16,85,,,
2026-07-07T10:00:15.671,0.956,20.86,1,1.718009429700726e-06,0,16,85,,,
2026-07-07T10:00:16.172,0.956,20.86,2,1.718009429700726e-06,0,16,85,,,
2026-07-07T10:00:16.668,0.956,20.85,1,1.7051856595741968e-06,0,16,85,,,
2026-07-07T10:00:17.163,0.956,20.86,1,1.7051856595741968e-06,0,16,85,,,
2026-07-07T10:00:17.662,0.956,20.86,2,1.7309296403991825e-06,0,16,85,,,
2026-07-07T10:00:18.161,0.956,20.86,1,1.7051856595741968e-06,0,16,85,,,
2026-07-07T10:00:18.659,0.956,20.86,2,1.718009429700726e-06,0,16,85,,,
2026-07-07T10:00:19.171,0.956,20.85,1,1.7051856595741968e-06,0,16,85,,,
2026-07-07T10:00:19.669,0.956,20.85,1,1.7051856595741968e-06,0,16,85,,,
2026-07-07T10:00:20.165,0.956,20.86,2,1.7051856595741968e-06,0,16,85,,,
2026-07-07T10:00:20.664,0.956,20.85,1,1.7309296403991825e-06,0,16,85,,,
2026-07-07T10:00:21.164,0.956,20.85,1,1.7051856595741968e-06,0,16,85,,,
2026-07-07T10:00:21.662,0.956,20.85,2,1.7309296403991825e-06,0,16,85,,,
2026-07-07T10:00:22.160,0.956,20.85,1,1.7439470169464482e-06,0,16,85,,,
2026-07-07T10:00:22.662,0.956,20.85,2,1.7051856595741968e-06,0,16,85,,,
2026-07-07T10:00:23.159,0.9561,20.85,1,1.718009429700726e-06,0,16,85,,,
2026-07-07T10:00:23.660,0.956,20.85,2,1.718009429700726e-06,0,16,85,,,
2026-07-07T10:00:24.161,0.956,20.85,1,1.718009429700726e-06,0,16,85,,,
2026-07-07T10:00:24.661,0.956,20.85,1,1.7309296403991825e-06,0,16,85,,,
2026-07-07T10:00:25.161,0.956,20.85,2,1.7309296403991825e-06,0,16,85,,,
2026-07-07T10:00:25.661,0.956,20.85,1,1.718009429700726e-06,0,16,85,,,
2026-07-07T10:00:26.164,0.956,20.85,1,1.7051856595741968e-06,0,16,85,,,
2026-07-07T10:00:26.669,0.956,20.85,2,1.718009429700726e-06,0,16,85,,,
2026-07-07T10:00:27.170,0.956,20.85,1,1.718009429700726e-06,0,16,85,,,
2026-07-07T10:00:27.666,0.956,20.85,2,1.718009429700726e-06,0,16,85,,,
2026-07-07T10:00:28.169,0.956,20.85,1,1.7051856595741968e-06,0,16,85,,,
2026-07-07T10:00:28.670,0.956,20.84,2,1.7051856595741968e-06,0,16,85,,,
2026-07-07T10:00:29.168,0.956,20.84,1,1.718009429700726e-06,0,16,85,,,
2026-07-07T10:00:29.669,0.9561,20.84,1,1.7051856595741968e-06,0,16,85,,,
2026-07-07T10:00:30.171,0.956,20.84,2,1.718009429700726e-06,0,16,85,,,
2026-07-07T10:00:30.669,0.956,20.84,1,1.6924576101564223e-06,0,16,85,,,
2026-07-07T10:00:31.170,0.956,20.84,2,1.718009429700726e-06,0,16,85,,,
2026-07-07T10:00:31.669,0.956,20.84,1,1.718009429700726e-06,0,16,85,,,
2026-07-07T10:00:32.174,0.956,20.84,1,1.7051856595741968e-06,0,16,85,,,
2026-07-07T10:00:32.669,0.956,20.84,2,1.718009429700726e-06,0,16,85,,,
2026-07-07T10:00:33.172,0.956,20.84,1,1.718009429700726e-06,0,16,85,,,
2026-07-07T10:00:33.670,0.956,20.83,1,1.718009429700726e-06,0,16,85,,,
2026-07-07T10:00:34.169,0.956,20.84,2,1.718009429700726e-06,0,16,85,,,
2026-07-07T10:00:34.665,0.956,20.83,1,1.718009429700726e-06,0,16,85,,,
2026-07-07T10:00:35.167,0.956,20.83,2,1.7051856595741968e-06,0,16,85,,,
2026-07-07T10:00:35.662,0.956,20.83,1,1.7051856595741968e-06,0,16,85,,,
2026-07-07T10:00:36.165,0.956,20.83,1,1.7051856595741968e-06,0,16,85,,,
2026-07-07T10:00:36.662,0.956,20.83,2,1.7051856595741968e-06,0,16,85,,,
2026-07-07T10:00:37.160,0.9559,20.83,1,1.7051856595741968e-06,0,16,85,,,
2026-07-07T10:00:37.660,0.956,20.83,2,1.7051856595741968e-06,0,16,85,,,
2026-07-07T10:00:38.161,0.956,20.83,1,1.718009429700726e-06,0,16,85,,,
2026-07-07T10:00:38.664,0.9559,20.83,1,1.718009429700726e-06,0,16,85,,,
2026-07-07T10:00:39.164,0.956,20.83,2,1.7051856595741968e-06,0,16,85,,,
2026-07-07T10:00:39.666,0.9561,20.82,1,1.718009429700726e-06,0,16,85,,,
2026-07-07T10:00:40.166,0.956,20.82,2,1.7051856595741968e-06,0,16,85,,,
2026-07-07T10:00:40.664,0.956,20.82,1,1.718009429700726e-06,0,16,85,,,
2026-07-07T10:00:41.163,0.956,20.82,1,1.7051856595741968e-06,0,16,85,,,
2026-07-07T10:00:41.662,0.956,20.82,2,1.718009429700726e-06,0,16,85,,,
2026-07-07T10:00:42.162,0.956,20.82,1,1.7051856595741968e-06,0,16,85,,,
2026-07-07T10:00:42.666,0.956,20.82,2,1.6924576101564223e-06,0,16,85,,,
2026-07-07T10:00:43.169,0.9561,20.82,1,1.7309296403991825e-06,0,16,85,,,
2026-07-07T10:00:43.672,0.9561,20.82,1,1.718009429700726e-06,0,16,85,,,
2026-07-07T10:00:44.168,0.956,20.82,2,1.718009429700726e-06,0,16,85,,,
2026-07-07T10:00:44.669,0.956,20.82,1,1.718009429700726e-06,0,16,85,,,
2026-07-07T10:00:45.168,0.956,20.82,1,1.718009429700726e-06,0,16,85,,,
2026-07-07T10:00:45.666,0.956,20.81,2,1.7051856595741968e-06,0,16,85,,,
2026-07-07T10:00:46.166,0.956,20.82,1,1.7051856595741968e-06,0,16,85,,,
2026-07-07T10:00:46.670,0.9559,20.81,2,2.5175203817084446e-06,1,17,85,2026-07-07T10:00:46.528530,85,1
2026-07-07T10:00:47.171,0.956,20.81,1,1.7702761960079692e-06,0,17,85,,,
2026-07-07T10:00:47.661,0.9559,20.81,1,1.718009429700726e-06,0,17,85,,,
2026-07-07T10:00:48.160,0.956,20.81,2,1.6924576101564223e-06,0,17,85,,,
2026-07-07T10:00:48.663,0.956,20.81,1,1.7309296403991825e-06,0,17,85,,,
2026-07-07T10:00:49.161,0.956,20.81,2,1.718009429700726e-06,0,17,85,,,
2026-07-07T10:00:49.663,0.956,20.81,1,1.7309296403991825e-06,0,17,85,,,
2026-07-07T10:00:50.162,0.956,20.81,1,1.718009429700726e-06,0,17,85,,,
2026-07-07T10:00:50.660,0.956,20.81,2,1.718009429700726e-06,0,17,85,,,
2026-07-07T10:00:51.160,0.9561,20.81,1,1.718009429700726e-06,0,17,85,,,
2026-07-07T10:00:51.659,0.956,20.81,2,1.718009429700726e-06,0,17,85,,,
2026-07-07T10:00:52.158,0.956,20.81,1,1.718009429700726e-06,0,17,85,,,
2026-07-07T10:00:52.673,0.956,20.8,1,1.7051856595741968e-06,0,17,85,,,
2026-07-07T10:00:53.171,0.956,20.8,2,1.7309296403991825e-06,0,17,85,,,
2026-07-07T10:00:53.670,0.956,20.8,1,1.718009429700726e-06,0,17,85,,,
2026-07-07T10:00:54.170,0.956,20.8,2,1.7309296403991825e-06,0,17,85,,,
2026-07-07T10:00:54.672,0.9561,20.8,1,1.7051856595741968e-06,0,17,85,,,
2026-07-07T10:00:55.162,0.956,20.8,1,1.7439470169464482e-06,0,17,85,,,
2026-07-07T10:00:55.664,0.9559,20.8,2,1.7309296403991825e-06,0,17,85,,,
2026-07-07T10:00:56.162,0.956,20.8,1,1.7439470169464482e-06,0,17,85,,,
2026-07-07T10:00:56.661,0.9559,20.8,2,1.718009429700726e-06,0,17,85,,,
2026-07-07T10:00:57.161,0.956,20.8,1,1.7309296403991825e-06,0,17,85,,,
2026-07-07T10:00:57.659,0.956,20.8,1,1.6924576101564223e-06,0,17,85,,,
2026-07-07T10:00:58.160,0.956,20.8,2,1.7309296403991825e-06,0,17,85,,,
2026-07-07T10:00:58.665,0.956,20.8,1,1.718009429700726e-06,0,17,85,,,
2026-07-07T10:00:59.167,0.9561,20.8,1,1.718009429700726e-06,0,17,85,,,
2026-07-07T10:00:59.665,0.956,20.8,2,1.7051856595741968e-06,0,17,85,,,
2026-07-07T10:01:00.165,0.9559,20.79,1,1.7051856595741968e-06,0,17,85,,,
2026-07-07T10:01:00.670,0.956,20.8,2,1.718009429700726e-06,0,17,85,,,
2026-07-07T10:01:01.168,0.9561,20.8,1,1.718009429700726e-06,0,17,85,,,
2026-07-07T10:01:01.666,0.956,20.8,1,1.6924576101564223e-06,0,17,85,,,
2026-07-07T10:01:02.171,0.956,20.8,2,1.7051856595741968e-06,0,17,85,,,
2026-07-07T10:01:02.670,0.9561,20.8,1,1.718009429700726e-06,0,17,85,,,
2026-07-07T10:01:03.169,0.956,20.79,2,1.718009429700726e-06,0,17,85,,,
2026-07-07T10:01:03.662,0.956,20.79,1,1.7051856595741968e-06,0,17,85,,,
2026-07-07T10:01:04.168,0.956,20.79,1,1.7051856595741968e-06,0,17,85,,,
2026-07-07T10:01:04.666,0.956,20.79,2,1.718009429700726e-06,0,17,85,,,
2026-07-07T10:01:05.168,0.956,20.79,1,1.7051856595741968e-06,0,17,85,,,
2026-07-07T10:01:05.666,0.956,20.79,2,1.718009429700726e-06,0,17,85,,,
2026-07-07T10:01:06.167,0.9561,20.79,1,1.718009429700726e-06,0,17,85,,,
2026-07-07T10:01:06.667,0.956,20.79,1,1.718009429700726e-06,0,17,85,,,
2026-07-07T10:01:07.172,0.956,20.79,2,1.7309296403991825e-06,0,17,85,,,
2026-07-07T10:01:07.659,0.956,20.79,1,1.7051856595741968e-06,0,17,85,,,
2026-07-07T10:01:08.161,0.9561,20.79,2,1.6924576101564223e-06,0,17,85,,,
2026-07-07T10:01:08.668,0.956,20.78,1,1.718009429700726e-06,0,17,85,,,
2026-07-07T10:01:09.168,0.9561,20.79,1,1.7051856595741968e-06,0,17,85,,,
2026-07-07T10:01:09.672,0.9559,20.79,2,1.718009429700726e-06,0,17,85,,,
2026-07-07T10:01:10.158,0.9559,20.78,1,1.718009429700726e-06,0,17,85,,,
2026-07-07T10:01:10.661,0.9561,20.78,1,1.7309296403991825e-06,0,17,85,,,
2026-07-07T10:01:11.161,0.956,20.78,2,1.7051856595741968e-06,0,17,85,,,
2026-07-07T10:01:11.661,0.956,20.78,1,1.7051856595741968e-06,0,17,85,,,
2026-07-07T10:01:12.160,0.956,20.78,2,1.7051856595741968e-06,0,17,85,,,
2026-07-07T10:01:12.658,0.956,20.78,1,1.718009429700726e-06,0,17,85,,,
2026-07-07T10:01:13.163,0.9561,20.78,1,1.7051856595741968e-06,0,17,85,,,
2026-07-07T10:01:13.666,0.956,20.78,2,1.718009429700726e-06,0,17,85,,,
2026-07-07T10:01:14.163,0.956,20.78,1,1.7309296403991825e-06,0,17,85,,,
2026-07-07T10:01:14.664,0.956,20.78,2,1.7051856595741968e-06,0,17,85,,,
2026-07-07T10:01:15.164,0.956,20.77,1,1.7051856595741968e-06,0,17,85,,,
2026-07-07T10:01:15.671,0.9559,20.78,1,1.7051856595741968e-06,0,17,85,,,
2026-07-07T10:01:16.173,0.956,20.78,2,1.7309296403991825e-06,0,17,85,,,
2026-07-07T10:01:16.660,0.956,20.77,1,1.718009429700726e-06,0,17,85,,,
2026-07-07T10:01:17.160,0.956,20.78,2,1.7309296403991825e-06,0,17,85,,,
2026-07-07T10:01:17.671,0.9561,20.77,1,1.718009429700726e-06,0,17,85,,,
2026-07-07T10:01:18.169,0.956,20.77,1,1.7309296403991825e-06,0,17,85,,,
2026-07-07T10:01:18.670,0.956,20.77,2,1.718009429700726e-06,0,17,85,,,
2026-07-07T10:01:19.171,0.956,20.77,1,1.6924576101564223e-06,0,17,85,,,
2026-07-07T10:01:19.665,0.956,20.77,2,1.7051856595741968e-06,0,17,85,,,
2026-07-07T10:01:20.165,0.956,20.77,1,1.7051856595741968e-06,0,17,85,,,
2026-07-07T10:01:20.661,0.956,20.77,1,1.7051856595741968e-06,0,17,85,,,
2026-07-07T10:01:21.160,0.956,20.77,2,1.7051856595741968e-06,0,17,85,,,
2026-07-07T10:01:21.672,0.9559,20.77,1,1.7051856595741968e-06,0,17,85,,,
2026-07-07T10:01:22.159,0.9561,20.77,2,1.7051856595741968e-06,0,17,85,,,
2026-07-07T10:01:22.658,0.956,20.77,1,1.7051856595741968e-06,0,17,85,,,
2026-07-07T10:01:23.159,0.9561,20.77,1,1.7051856595741968e-06,0,17,85,,,
2026-07-07T10:01:23.671,0.956,20.77,2,1.7051856595741968e-06,0,17,85,,,
2026-07-07T10:01:24.169,0.9559,20.77,1,1.7051856595741968e-06,0,17,85,,,
2026-07-07T10:01:24.672,0.956,20.77,2,1.718009429700726e-06,0,17,85,,,
2026-07-07T10:01:25.161,0.9561,20.77,1,1.7051856595741968e-06,0,17,85,,,
2026-07-07T10:01:25.661,0.956,20.77,1,1.718009429700726e-06,0,17,85,,,
2026-07-07T10:01:26.166,0.956,20.77,2,1.718009429700726e-06,0,17,85,,,
2026-07-07T10:01:26.669,0.9559,20.76,1,1.718009429700726e-06,0,17,85,,,
2026-07-07T10:01:27.167,0.956,20.76,1,1.7051856595741968e-06,0,17,85,,,
2026-07-07T10:01:27.666,0.9561,20.76,2,1.7051856595741968e-06,0,17,85,,,
2026-07-07T10:01:28.166,0.956,20.76,1,1.7051856595741968e-06,0,17,85,,,
2026-07-07T10:01:28.666,0.956,20.77,2,1.718009429700726e-06,0,17,85,,,
2026-07-07T10:01:29.165,0.956,20.76,1,1.7051856595741968e-06,0,17,85,,,
2026-07-07T10:01:29.664,0.9561,20.76,1,1.7051856595741968e-06,0,17,85,,,
2026-07-07T10:01:30.167,0.956,20.77,2,1.7051856595741968e-06,0,17,85,,,
2026-07-07T10:01:30.667,0.9561,20.76,1,1.718009429700726e-06,0,17,85,,,
2026-07-07T10:01:31.165,0.9561,20.76,2,1.7051856595741968e-06,0,17,85,,,
2026-07-07T10:01:31.665,0.956,20.76,1,1.7051856595741968e-06,0,17,85,,,
2026-07-07T10:01:32.165,0.956,20.76,1,1.7051856595741968e-06,0,17,85,,,
2026-07-07T10:01:32.664,0.956,20.76,2,1.718009429700726e-06,0,17,85,,,
2026-07-07T10:01:33.165,0.956,20.76,1,1.6924576101564223e-06,0,17,85,,,
2026-07-07T10:01:33.664,0.9561,20.76,2,1.718009429700726e-06,0,17,85,,,
2026-07-07T10:01:34.164,0.956,20.76,1,1.6924576101564223e-06,0,17,85,,,
2026-07-07T10:01:34.665,0.9561,20.76,1,1.718009429700726e-06,0,17,85,,,
2026-07-07T10:01:35.162,0.956,20.76,2,1.718009429700726e-06,0,17,85,,,
2026-07-07T10:01:35.663,0.956,20.76,1,1.718009429700726e-06,0,17,85,,,
2026-07-07T10:01:36.161,0.956,20.76,2,1.718009429700726e-06,0,17,85,,,
2026-07-07T10:01:36.662,0.956,20.76,1,1.718009429700726e-06,0,17,85,,,
2026-07-07T10:01:37.163,0.9559,20.76,1,1.718009429700726e-06,0,17,85,,,
2026-07-07T10:01:37.665,0.956,20.76,2,1.7051856595741968e-06,0,17,85,,,
2026-07-07T10:01:38.166,0.956,20.76,1,1.7051856595741968e-06,0,17,85,,,
2026-07-07T10:01:38.666,0.956,20.76,2,1.6798245669575142e-06,0,17,85,,,
2026-07-07T10:01:39.165,0.9561,20.76,1,1.6924576101564223e-06,0,17,85,,,
2026-07-07T10:01:39.670,0.956,20.76,1,1.7051856595741968e-06,0,17,85,,,
2026-07-07T10:01:40.161,0.956,20.76,2,1.718009429700726e-06,0,17,85,,,
2026-07-07T10:01:40.660,0.956,20.76,1,1.7051856595741968e-06,0,17,85,,,
2026-07-07T10:01:41.164,0.9559,20.75,1,1.7309296403991825e-06,0,17,85,,,
2026-07-07T10:01:41.664,0.956,20.76,2,1.7309296403991825e-06,0,17,85,,,
2026-07-07T10:01:42.169,0.9559,20.75,1,1.718009429700726e-06,0,17,85,,,
2026-07-07T10:01:42.673,0.9559,20.76,2,1.718009429700726e-06,0,17,85,,,
2026-07-07T10:01:43.161,0.956,20.75,1,1.7051856595741968e-06,0,17,85,,,
2026-07-07T10:01:43.660,0.956,20.75,2,1.718009429700726e-06,0,17,85,,,
2026-07-07T10:01:44.163,0.956,20.75,1,1.7051856595741968e-06,0,17,85,,,
2026-07-07T10:01:44.662,0.956,20.75,1,1.718009429700726e-06,0,17,85,,,
2026-07-07T10:01:45.173,0.956,20.76,2,1.7051856595741968e-06,0,17,85,,,
2026-07-07T10:01:45.658,0.956,20.75,1,1.718009429700726e-06,0,17,85,,,
2026-07-07T10:01:46.161,0.956,20.76,2,1.718009429700726e-06,0,17,85,,,
2026-07-07T10:01:46.659,0.956,20.75,1,1.7051856595741968e-06,0,17,85,,,
2026-07-07T10:01:47.162,0.956,20.75,1,1.718009429700726e-06,0,17,85,,,
2026-07-07T10:01:47.661,0.9559,20.76,2,1.718009429700726e-06,0,17,85,,,
2026-07-07T10:01:48.161,0.956,20.75,1,1.718009429700726e-06,0,17,85,,,
2026-07-07T10:01:48.663,0.956,20.75,2,1.7309296403991825e-06,0,17,85,,,
2026-07-07T10:01:49.162,0.9559,20.75,1,1.7051856595741968e-06,0,17,85,,,
2026-07-07T10:01:49.666,0.956,20.75,1,1.7051856595741968e-06,0,17,85,,,
2026-07-07T10:01:50.170,0.9559,20.75,2,1.718009429700726e-06,0,17,85,,,
2026-07-07T10:01:50.674,0.956,20.75,1,1.718009429700726e-06,0,17,85,,,
2026-07-07T10:01:51.159,0.956,20.75,2,1.7051856595741968e-06,0,17,85,,,
2026-07-07T10:01:51.660,0.956,20.75,1,1.7051856595741968e-06,0,17,85,,,
2026-07-07T10:01:52.160,0.956,20.75,1,1.7309296403991825e-06,0,17,85,,,
2026-07-07T10:01:52.661,0.956,20.75,2,1.718009429700726e-06,0,17,85,,,
2026-07-07T10:01:53.163,0.956,20.75,1,1.718009429700726e-06,0,17,85,,,
2026-07-07T10:01:53.668,0.956,20.75,1,1.718009429700726e-06,0,17,85,,,
2026-07-07T10:01:54.170,0.9559,20.75,2,1.7309296403991825e-06,0,17,85,,,
2026-07-07T10:01:54.667,0.9561,20.75,1,1.718009429700726e-06,0,17,85,,,
2026-07-07T10:01:55.166,0.9559,20.75,2,1.718009429700726e-06,0,17,85,,,
2026-07-07T10:01:55.664,0.956,20.75,1,1.7051856595741968e-06,0,17,85,,,
2026-07-07T10:01:56.163,0.9559,20.75,1,1.7051856595741968e-06,0,17,85,,,
2026-07-07T10:01:56.666,0.956,20.75,2,1.7051856595741968e-06,0,17,85,,,
2026-07-07T10:01:57.168,0.9559,20.75,1,1.718009429700726e-06,0,17,85,,,
2026-07-07T10:01:57.671,0.956,20.75,2,1.7051856595741968e-06,0,17,85,,,
2026-07-07T10:01:58.159,0.956,20.75,1,1.718009429700726e-06,0,17,85,,,
2026-07-07T10:01:58.659,0.956,20.75,1,1.718009429700726e-06,0,17,85,,,
2026-07-07T10:01:59.161,0.956,20.75,2,1.7051856595741968e-06,0,17,85,,,
2026-07-07T10:01:59.666,0.956,20.75,1,1.718009429700726e-06,0,17,85,,,
2026-07-07T10:02:00.165,0.956,20.75,2,1.718009429700726e-06,0,17,85,,,
2026-07-07T10:02:00.665,0.9559,20.75,1,1.718009429700726e-06,0,17,85,,,
2026-07-07T10:02:01.169,0.9559,20.75,1,1.7051856595741968e-06,0,17,85,,,
2026-07-07T10:02:01.671,0.956,20.75,2,1.7051856595741968e-06,0,17,85,,,
2026-07-07T10:02:02.173,0.956,20.75,1,1.718009429700726e-06,0,17,85,,,
2026-07-07T10:02:02.659,0.956,20.75,1,1.7051856595741968e-06,0,17,85,,,
2026-07-07T10:02:03.173,0.9559,20.75,2,1.7051856595741968e-06,0,17,85,,,
2026-07-07T10:02:03.671,0.956,20.75,1,1.7051856595741968e-06,0,17,85,,,
2026-07-07T10:02:04.159,0.956,20.75,2,1.7051856595741968e-06,0,17,85,,,
2026-07-07T10:02:04.664,0.9559,20.75,1,1.718009429700726e-06,0,17,85,,,
2026-07-07T10:02:05.167,0.956,20.75,1,1.7051856595741968e-06,0,17,85,,,
2026-07-07T10:02:05.663,0.956,20.75,2,1.7051856595741968e-06,0,17,85,,,
2026-07-07T10:02:06.168,0.956,20.75,1,1.718009429700726e-06,0,17,85,,,
2026-07-07T10:02:06.667,0.956,20.75,2,1.718009429700726e-06,0,17,85,,,
2026-07-07T10:02:07.170,0.956,20.75,1,1.718009429700726e-06,0,17,85,,,
2026-07-07T10:02:07.658,0.956,20.75,1,1.7051856595741968e-06,0,17,85,,,
2026-07-07T10:02:08.158,0.956,20.75,2,1.6924576101564223e-06,0,17,85,,,
2026-07-07T10:02:08.660,0.956,20.74,1,1.7051856595741968e-06,0,17,85,,,
2026-07-07T10:02:09.165,0.9559,20.75,2,1.7051856595741968e-06,0,17,85,,,
2026-07-07T10:02:09.670,0.956,20.75,1,1.7051856595741968e-06,0,17,85,,,
2026-07-07T10:02:10.158,0.956,20.75,1,1.718009429700726e-06,0,17,85,,,
2026-07-07T10:02:10.658,0.9559,20.75,2,1.718009429700726e-06,0,17,85,,,
2026-07-07T10:02:11.174,0.956,20.75,1,1.718009429700726e-06,0,17,85,,,
2026-07-07T10:02:11.663,0.9559,20.75,2,1.718009429700726e-06,0,17,85,,,
2026-07-07T10:02:12.173,0.9559,20.75,1,1.718009429700726e-06,0,17,85,,,
2026-07-07T10:02:12.659,0.9561,20.75,1,1.718009429700726e-06,0,17,85,,,
2026-07-07T10:02:13.158,0.956,20.75,2,1.7051856595741968e-06,0,17,85,,,
2026-07-07T10:02:13.673,0.9561,20.75,1,1.718009429700726e-06,0,17,85,,,
2026-07-07T10:02:14.160,0.956,20.75,1,1.6924576101564223e-06,0,17,85,,,
2026-07-07T10:02:14.665,0.9559,20.75,2,1.7051856595741968e-06,0,17,85,,,
2026-07-07T10:02:15.170,0.956,20.75,1,1.7051856595741968e-06,0,17,85,,,
2026-07-07T10:02:15.659,0.956,20.75,2,1.718009429700726e-06,0,17,85,,,
2026-07-07T10:02:16.164,0.956,20.75,1,1.7051856595741968e-06,0,17,85,,,
2026-07-07T10:02:16.666,0.956,20.75,1,1.7051856595741968e-06,0,17,85,,,
2026-07-07T10:02:17.168,0.956,20.75,2,1.718009429700726e-06,0,17,85,,,
2026-07-07T10:02:17.667,0.956,20.75,1,1.7309296403991825e-06,0,17,85,,,
2026-07-07T10:02:18.169,0.956,20.74,2,1.7439470169464482e-06,0,17,85,,,
2026-07-07T10:02:18.671,0.956,20.74,1,1.7051856595741968e-06,0,17,85,,,
2026-07-07T10:02:19.171,0.956,20.75,1,1.718009429700726e-06,0,17,85,,,
2026-07-07T10:02:19.659,0.9559,20.75,2,1.718009429700726e-06,0,17,85,,,
2026-07-07T10:02:20.162,0.956,20.75,1,1.6924576101564223e-06,0,17,85,,,
2026-07-07T10:02:20.662,0.9559,20.75,2,1.718009429700726e-06,0,17,85,,,
2026-07-07T10:02:21.163,0.9559,20.75,1,1.6924576101564223e-06,0,17,85,,,
2026-07-07T10:02:21.665,0.9559,20.75,1,1.718009429700726e-06,0,17,85,,,
2026-07-07T10:02:22.166,0.9559,20.75,2,1.718009429700726e-06,0,17,85,,,
2026-07-07T10:02:22.672,0.956,20.75,1,1.7051856595741968e-06,0,17,85,,,
2026-07-07T10:02:23.171,0.956,20.75,2,1.718009429700726e-06,0,17,85,,,
2026-07-07T10:02:23.658,0.9559,20.75,1,1.7051856595741968e-06,0,17,85,,,
2026-07-07T10:02:24.174,0.956,20.74,1,1.7309296403991825e-06,0,17,85,,,
2026-07-07T10:02:24.673,0.9559,20.75,2,1.718009429700726e-06,0,17,85,,,
2026-07-07T10:02:25.172,0.956,20.75,1,1.718009429700726e-06,0,17,85,,,
2026-07-07T10:02:25.672,0.956,20.75,1,1.7051856595741968e-06,0,17,85,,,
2026-07-07T10:02:26.163,0.956,20.75,2,1.7051856595741968e-06,0,17,85,,,
2026-07-07T10:02:26.661,0.956,20.75,1,1.718009429700726e-06,0,17,85,,,
2026-07-07T10:02:27.166,0.9559,20.75,2,1.718009429700726e-06,0,17,85,,,
2026-07-07T10:02:27.664,0.956,20.75,1,1.718009429700726e-06,0,17,85,,,
2026-07-07T10:02:28.166,0.956,20.75,1,1.718009429700726e-06,0,17,85,,,
2026-07-07T10:02:28.668,0.9559,20.75,2,1.718009429700726e-06,0,17,85,,,
2026-07-07T10:02:29.170,0.9559,20.75,1,1.718009429700726e-06,0,17,85,,,
2026-07-07T10:02:29.673,0.956,20.75,2,1.7051856595741968e-06,0,17,85,,,
2026-07-07T10:02:30.172,0.956,20.75,1,1.718009429700726e-06,0,17,85,,,
2026-07-07T10:02:30.664,0.9559,20.75,1,1.6924576101564223e-06,0,17,85,,,
2026-07-07T10:02:31.163,0.956,20.75,2,1.718009429700726e-06,0,17,85,,,
2026-07-07T10:02:31.666,0.956,20.75,1,1.7051856595741968e-06,0,17,85,,,
2026-07-07T10:02:32.163,0.9559,20.75,2,1.7051856595741968e-06,0,17,85,,,
2026-07-07T10:02:32.665,0.956,20.75,1,1.7051856595741968e-06,0,17,85,,,
2026-07-07T10:02:33.168,0.956,20.75,1,1.7051856595741968e-06,0,17,85,,,
2026-07-07T10:02:33.671,0.956,20.75,2,1.7051856595741968e-06,0,17,85,,,
2026-07-07T10:02:34.160,0.956,20.75,1,1.7051856595741968e-06,0,17,85,,,
2026-07-07T10:02:34.661,0.956,20.75,2,1.6924576101564223e-06,0,17,85,,,
2026-07-07T10:02:35.165,0.9559,20.75,1,1.7051856595741968e-06,0,17,85,,,
2026-07-07T10:02:35.664,0.956,20.75,1,1.6924576101564223e-06,0,17,85,,,
2026-07-07T10:02:36.163,0.9559,20.75,2,1.718009429700726e-06,0,17,85,,,
2026-07-07T10:02:36.664,0.956,20.75,1,1.7051856595741968e-06,0,17,85,,,
2026-07-07T10:02:37.164,0.956,20.75,2,1.7051856595741968e-06,0,17,85,,,
2026-07-07T10:02:37.666,0.956,20.75,1,1.7051856595741968e-06,0,17,85,,,
2026-07-07T10:02:38.168,0.956,20.75,1,1.7051856595741968e-06,0,17,85,,,
2026-07-07T10:02:38.669,0.956,20.75,2,1.718009429700726e-06,0,17,85,,,
2026-07-07T10:02:39.171,0.956,20.75,1,1.718009429700726e-06,0,17,85,,,
2026-07-07T10:02:39.661,0.9559,20.75,2,1.7051856595741968e-06,0,17,85,,,
2026-07-07T10:02:40.164,0.956,20.75,1,1.718009429700726e-06,0,17,85,,,
2026-07-07T10:02:40.663,0.956,20.75,1,1.7051856595741968e-06,0,17,85,,,
2026-07-07T10:02:41.165,0.956,20.76,2,1.6924576101564223e-06,0,17,85,,,
2026-07-07T10:02:41.667,0.956,20.76,1,1.718009429700726e-06,0,17,85,,,
2026-07-07T10:02:42.172,0.956,20.76,2,1.7309296403991825e-06,0,17,85,,,
2026-07-07T10:02:42.674,0.956,20.76,1,1.7051856595741968e-06,0,17,85,,,
2026-07-07T10:02:43.162,0.956,20.76,1,1.6924576101564223e-06,0,17,85,,,
2026-07-07T10:02:43.663,0.956,20.76,2,1.718009429700726e-06,0,17,85,,,
2026-07-07T10:02:44.164,0.956,20.75,1,1.7309296403991825e-06,0,17,85,,,
2026-07-07T10:02:44.668,0.956,20.76,2,1.6924576101564223e-06,0,17,85,,,
2026-07-07T10:02:45.159,0.956,20.75,1,1.7051856595741968e-06,0,17,85,,,
2026-07-07T10:02:45.661,0.956,20.75,1,1.7051856595741968e-06,0,17,85,,,
2026-07-07T10:02:46.164,0.956,20.76,2,1.7051856595741968e-06,0,17,85,,,
2026-07-07T10:02:46.669,0.956,20.76,1,1.718009429700726e-06,0,17,85,,,
2026-07-07T10:02:47.171,0.9559,20.76,2,1.7051856595741968e-06,0,17,85,,,
2026-07-07T10:02:47.673,0.9559,20.76,1,1.7051856595741968e-06,0,17,85,,,
2026-07-07T10:02:48.173,0.9559,20.76,1,1.6924576101564223e-06,0,17,85,,,
2026-07-07T10:02:48.671,0.956,20.76,2,1.718009429700726e-06,0,17,85,,,
2026-07-07T10:02:49.159,0.9561,20.76,1,1.6924576101564223e-06,0,17,85,,,
2026-07-07T10:02:49.661,0.956,20.76,1,1.7051856595741968e-06,0,17,85,,,
2026-07-07T10:02:50.159,0.956,20.76,2,1.6924576101564223e-06,0,17,85,,,
2026-07-07T10:02:50.661,0.9561,20.76,1,1.718009429700726e-06,0,17,85,,,
2026-07-07T10:02:51.173,0.956,20.76,2,1.7051856595741968e-06,0,17,85,,,
2026-07-07T10:02:51.660,0.956,20.76,1,1.7051856595741968e-06,0,17,85,,,
2026-07-07T10:02:52.166,0.956,20.76,1,1.718009429700726e-06,0,17,85,,,
2026-07-07T10:02:52.669,0.956,20.76,2,1.7051856595741968e-06,0,17,85,,,
2026-07-07T10:02:53.172,0.956,20.76,1,1.7051856595741968e-06,0,17,85,,,
2026-07-07T10:02:53.667,0.956,20.76,2,1.7051856595741968e-06,0,17,85,,,
2026-07-07T10:02:54.171,0.956,20.76,1,1.7051856595741968e-06,0,17,85,,,
2026-07-07T10:02:54.669,0.956,20.76,1,1.6924576101564223e-06,0,17,85,,,
2026-07-07T10:02:55.174,0.956,20.76,2,1.718009429700726e-06,0,17,85,,,
2026-07-07T10:02:55.659,0.956,20.76,1,1.7051856595741968e-06,0,17,85,,,
2026-07-07T10:02:56.174,0.956,20.76,2,1.718009429700726e-06,0,17,85,,,
2026-07-07T10:02:56.661,0.9559,20.76,1,1.6924576101564223e-06,0,17,85,,,
2026-07-07T10:02:57.163,0.9561,20.76,1,1.6924576101564223e-06,0,17,85,,,
2026-07-07T10:02:57.666,0.9559,20.76,2,1.6924576101564223e-06,0,17,85,,,
2026-07-07T10:02:58.167,0.9559,20.76,1,1.6924576101564223e-06,0,17,85,,,
2026-07-07T10:02:58.669,0.956,20.76,2,1.6924576101564223e-06,0,17,85,,,
2026-07-07T10:02:59.172,0.9559,20.76,1,1.718009429700726e-06,0,17,85,,,
2026-07-07T10:02:59.658,0.956,20.76,1,1.7051856595741968e-06,0,17,85,,,
2026-07-07T10:03:00.161,0.956,20.76,2,1.6924576101564223e-06,0,17,85,,,
2026-07-07T10:03:00.665,0.956,20.76,1,1.7051856595741968e-06,0,17,85,,,
2026-07-07T10:03:01.165,0.956,20.77,2,1.6924576101564223e-06,0,17,85,,,
2026-07-07T10:03:01.668,0.9559,20.76,1,1.6924576101564223e-06,0,17,85,,,
2026-07-07T10:03:02.171,0.956,20.77,1,1.6924576101564223e-06,0,17,85,,,
2026-07-07T10:03:02.667,0.956,20.76,2,1.7051856595741968e-06,0,17,85,,,
2026-07-07T10:03:03.170,0.956,20.76,1,1.718009429700726e-06,0,17,85,,,
2026-07-07T10:03:03.667,0.956,20.77,1,1.7051856595741968e-06,0,17,85,,,
2026-07-07T10:03:04.167,0.9559,20.77,2,1.6924576101564223e-06,0,17,85,,,
2026-07-07T10:03:04.671,0.956,20.76,1,1.6924576101564223e-06,0,17,85,,,
2026-07-07T10:03:05.172,0.9559,20.77,2,1.6798245669575142e-06,0,17,85,,,
2026-07-07T10:03:05.672,0.956,20.77,1,1.7051856595741968e-06,0,17,85,,,
2026-07-07T10:03:06.174,0.956,20.77,1,1.718009429700726e-06,0,17,85,,,
2026-07-07T10:03:06.662,0.9559,20.77,2,1.7051856595741968e-06,0,17,85,,,
2026-07-07T10:03:07.163,0.956,20.77,1,1.6924576101564223e-06,0,17,85,,,
2026-07-07T10:03:07.664,0.956,20.77,2,1.7051856595741968e-06,0,17,85,,,
2026-07-07T10:03:08.163,0.9559,20.77,1,1.7051856595741968e-06,0,17,85,,,
2026-07-07T10:03:08.666,0.9559,20.76,2,1.6924576101564223e-06,0,17,85,,,
2026-07-07T10:03:09.168,0.956,20.76,1,1.718009429700726e-06,0,17,85,,,
2026-07-07T10:03:09.666,0.9559,20.77,1,1.7051856595741968e-06,0,17,85,,,
2026-07-07T10:03:10.171,0.956,20.77,2,1.6924576101564223e-06,0,17,85,,,
2026-07-07T10:03:10.672,0.956,20.77,1,1.718009429700726e-06,0,17,85,,,
2026-07-07T10:03:11.160,0.956,20.77,1,1.718009429700726e-06,0,17,85,,,
2026-07-07T10:03:11.661,0.9559,20.77,2,1.718009429700726e-06,0,17,85,,,
2026-07-07T10:03:12.162,0.956,20.77,1,1.7051856595741968e-06,0,17,85,,,
2026-07-07T10:03:12.665,0.9559,20.77,2,1.7309296403991825e-06,0,17,85,,,
2026-07-07T10:03:13.169,0.956,20.77,1,1.6924576101564223e-06,0,17,85,,,
2026-07-07T10:03:13.668,0.956,20.77,1,1.7051856595741968e-06,0,17,85,,,
2026-07-07T10:03:14.173,0.956,20.77,2,1.7051856595741968e-06,0,17,85,,,
2026-07-07T10:03:14.660,0.956,20.77,1,1.718009429700726e-06,0,17,85,,,
2026-07-07T10:03:15.164,0.9559,20.77,2,1.7051856595741968e-06,0,17,85,,,
2026-07-07T10:03:15.670,0.9559,20.77,1,1.6924576101564223e-06,0,17,85,,,
2026-07-07T10:03:16.174,0.956,20.77,1,1.7051856595741968e-06,0,17,85,,,
2026-07-07T10:03:16.663,0.956,20.77,2,1.7051856595741968e-06,0,17,85,,,
2026-07-07T10:03:17.165,0.9559,20.77,1,1.7051856595741968e-06,0,17,85,,,
2026-07-07T10:03:17.663,0.956,20.77,2,1.7051856595741968e-06,0,17,85,,,
2026-07-07T10:03:18.170,0.9559,20.77,1,1.6924576101564223e-06,0,17,85,,,
2026-07-07T10:03:18.673,0.956,20.77,1,1.7051856595741968e-06,0,17,85,,,
2026-07-07T10:03:19.159,0.956,20.77,2,1.7051856595741968e-06,0,17,85,,,
2026-07-07T10:03:19.663,0.956,20.77,1,1.7051856595741968e-06,0,17,85,,,
2026-07-07T10:03:20.165,0.956,20.77,2,1.7051856595741968e-06,0,17,85,,,
2026-07-07T10:03:20.673,0.956,20.77,1,1.7051856595741968e-06,0,17,85,,,
2026-07-07T10:03:21.171,0.956,20.77,1,1.6924576101564223e-06,0,17,85,,,
2026-07-07T10:03:21.659,0.956,20.77,2,1.7051856595741968e-06,0,17,85,,,
2026-07-07T10:03:22.160,0.956,20.77,1,1.7051856595741968e-06,0,17,85,,,
2026-07-07T10:03:22.661,0.956,20.77,2,1.7051856595741968e-06,0,17,85,,,
2026-07-07T10:03:23.162,0.956,20.78,1,1.6924576101564223e-06,0,17,85,,,
2026-07-07T10:03:23.664,0.956,20.77,1,1.718009429700726e-06,0,17,85,,,
2026-07-07T10:03:24.163,0.956,20.77,2,1.7051856595741968e-06,0,17,85,,,
2026-07-07T10:03:24.667,0.9559,20.77,1,1.6924576101564223e-06,0,17,85,,,
2026-07-07T10:03:25.170,0.9559,20.77,2,1.7051856595741968e-06,0,17,85,,,
2026-07-07T10:03:25.670,0.956,20.77,1,1.7051856595741968e-06,0,17,85,,,
2026-07-07T10:03:26.159,0.956,20.77,1,1.7051856595741968e-06,0,17,85,,,
2026-07-07T10:03:26.661,0.956,20.77,2,1.7051856595741968e-06,0,17,85,,,
2026-07-07T10:03:27.159,0.9559,20.77,1,1.6924576101564223e-06,0,17,85,,,
2026-07-07T10:03:27.661,0.9561,20.77,1,1.7051856595741968e-06,0,17,85,,,
2026-07-07T10:03:28.166,0.956,20.77,2,1.6924576101564223e-06,0,17,85,,,
2026-07-07T10:03:28.667,0.956,20.78,1,1.6924576101564223e-06,0,17,85,,,
2026-07-07T10:03:29.167,0.9559,20.77,2,1.7051856595741968e-06,0,17,85,,,
2026-07-07T10:03:29.667,0.956,20.77,1,1.7051856595741968e-06,0,17,85,,,
2026-07-07T10:03:30.174,0.956,20.78,1,1.718009429700726e-06,0,17,85,,,
2026-07-07T10:03:30.661,0.956,20.77,2,1.6924576101564223e-06,0,17,85,,,
2026-07-07T10:03:31.164,0.956,20.77,1,1.7051856595741968e-06,0,17,85,,,
2026-07-07T10:03:31.668,0.9559,20.77,2,1.718009429700726e-06,0,17,85,,,
2026-07-07T10:03:32.159,0.956,20.77,1,1.718009429700726e-06,0,17,85,,,
2026-07-07T10:03:32.660,0.956,20.77,1,1.7051856595741968e-06,0,17,85,,,
2026-07-07T10:03:33.165,0.956,20.77,2,1.7051856595741968e-06,0,17,85,,,
2026-07-07T10:03:33.667,0.956,20.78,1,1.7051856595741968e-06,0,17,85,,,
2026-07-07T10:03:34.170,0.956,20.77,2,1.7051856595741968e-06,0,17,85,,,
2026-07-07T10:03:34.673,0.956,20.78,1,1.7051856595741968e-06,0,17,85,,,
2026-07-07T10:03:35.158,0.9561,20.78,1,1.7051856595741968e-06,0,17,85,,,
2026-07-07T10:03:35.661,0.9559,20.78,2,1.6924576101564223e-06,0,17,85,,,
2026-07-07T10:03:36.165,0.9559,20.78,1,1.7051856595741968e-06,0,17,85,,,
2026-07-07T10:03:36.667,0.956,20.78,2,1.7051856595741968e-06,0,17,85,,,
2026-07-07T10:03:37.167,0.956,20.78,1,1.6924576101564223e-06,0,17,85,,,
2026-07-07T10:03:37.670,0.956,20.78,1,1.718009429700726e-06,0,17,85,,,
2026-07-07T10:03:38.172,0.956,20.78,2,1.7051856595741968e-06,0,17,85,,,
2026-07-07T10:03:38.669,0.956,20.78,1,1.7051856595741968e-06,0,17,85,,,
2026-07-07T10:03:39.166,0.956,20.78,1,1.7051856595741968e-06,0,17,85,,,
2026-07-07T10:03:39.671,0.956,20.78,2,1.6924576101564223e-06,0,17,85,,,
2026-07-07T10:03:40.158,0.956,20.78,1,1.7051856595741968e-06,0,17,85,,,
2026-07-07T10:03:40.663,0.956,20.77,2,1.7051856595741968e-06,0,17,85,,,
2026-07-07T10:03:41.166,0.956,20.78,1,1.718009429700726e-06,0,17,85,,,
2026-07-07T10:03:41.665,0.956,20.78,1,1.718009429700726e-06,0,17,85,,,
2026-07-07T10:03:42.164,0.956,20.78,2,1.7051856595741968e-06,0,17,85,,,
2026-07-07T10:03:42.668,0.956,20.78,1,1.7051856595741968e-06,0,17,85,,,
2026-07-07T10:03:43.173,0.9559,20.78,2,1.7309296403991825e-06,0,17,85,,,
2026-07-07T10:03:43.660,0.956,20.77,1,1.7051856595741968e-06,0,17,85,,,
2026-07-07T10:03:44.161,0.956,20.78,1,1.7051856595741968e-06,0,17,85,,,
2026-07-07T10:03:44.669,0.9559,20.77,2,1.6924576101564223e-06,0,17,85,,,
2026-07-07T10:03:45.167,0.956,20.78,1,1.7051856595741968e-06,0,17,85,,,
2026-07-07T10:03:45.667,0.9559,20.78,2,1.6924576101564223e-06,0,17,85,,,
2026-07-07T10:03:46.167,0.956,20.78,1,1.718009429700726e-06,0,17,85,,,
2026-07-07T10:03:46.665,0.956,20.78,1,1.7051856595741968e-06,0,17,85,,,
2026-07-07T10:03:47.165,0.956,20.77,2,1.7051856595741968e-06,0,17,85,,,
2026-07-07T10:03:47.664,0.9559,20.78,1,1.7051856595741968e-06,0,17,85,,,
2026-07-07T10:03:48.165,0.956,20.78,2,1.6924576101564223e-06,0,17,85,,,
2026-07-07T10:03:48.668,0.956,20.78,1,1.7051856595741968e-06,0,17,85,,,
2026-07-07T10:03:49.167,0.956,20.78,1,1.718009429700726e-06,0,17,85,,,
2026-07-07T10:03:49.666,0.956,20.78,2,1.7051856595741968e-06,0,17,85,,,
2026-07-07T10:03:50.165,0.956,20.77,1,1.6924576101564223e-06,0,17,85,,,
2026-07-07T10:03:50.669,0.956,20.78,1,1.6798245669575142e-06,0,17,85,,,
2026-07-07T10:03:51.172,0.956,20.77,2,1.718009429700726e-06,0,17,85,,,
2026-07-07T10:03:51.660,0.956,20.77,1,1.7051856595741968e-06,0,17,85,,,
2026-07-07T10:03:52.159,0.956,20.78,2,1.6798245669575142e-06,0,17,85,,,
2026-07-07T10:03:52.663,0.956,20.78,1,1.6798245669575142e-06,0,17,85,,,
2026-07-07T10:03:53.165,0.956,20.78,1,1.7051856595741968e-06,0,17,85,,,
2026-07-07T10:03:53.665,0.956,20.78,2,1.7051856595741968e-06,0,17,85,,,
2026-07-07T10:03:54.170,0.956,20.78,1,1.6798245669575142e-06,0,17,85,,,
2026-07-07T10:03:54.670,0.956,20.78,2,1.7051856595741968e-06,0,17,85,,,
2026-07-07T10:03:55.170,0.956,20.78,1,1.7051856595741968e-06,0,17,85,,,
2026-07-07T10:03:55.667,0.956,20.78,1,1.718009429700726e-06,0,17,85,,,
2026-07-07T10:03:56.171,0.956,20.77,2,1.7051856595741968e-06,0,17,85,,,
2026-07-07T10:03:56.660,0.956,20.77,1,1.7051856595741968e-06,0,17,85,,,
2026-07-07T10:03:57.160,0.9559,20.77,2,1.6924576101564223e-06,0,17,85,,,
2026-07-07T10:03:57.662,0.956,20.78,1,1.6798245669575142e-06,0,17,85,,,
2026-07-07T10:03:58.163,0.9559,20.77,1,1.718009429700726e-06,0,17,85,,,
2026-07-07T10:03:58.666,0.9559,20.77,2,1.6924576101564223e-06,0,17,85,,,
2026-07-07T10:03:59.170,0.956,20.77,1,1.6924576101564223e-06,0,17,85,,,
2026-07-07T10:03:59.658,0.956,20.77,2,1.7051856595741968e-06,0,17,85,,,
2026-07-07T10:04:00.165,0.956,20.77,1,1.7051856595741968e-06,0,17,85,,,
2026-07-07T10:04:00.665,0.956,20.77,1,1.6924576101564223e-06,0,17,85,,,
2026-07-07T10:04:01.168,0.9559,20.77,2,1.7051856595741968e-06,0,17,85,,,
2026-07-07T10:04:01.671,0.956,20.78,1,1.6924576101564223e-06,0,17,85,,,
2026-07-07T10:04:02.158,0.9559,20.77,1,1.6924576101564223e-06,0,17,85,,,
2026-07-07T10:04:02.674,0.956,20.78,2,1.6798245669575142e-06,0,17,85,,,
2026-07-07T10:04:03.161,0.956,20.77,1,1.7051856595741968e-06,0,17,85,,,
2026-07-07T10:04:03.659,0.956,20.77,2,1.7051856595741968e-06,0,17,85,,,
2026-07-07T10:04:04.165,0.9559,20.77,1,1.6924576101564223e-06,0,17,85,,,
2026-07-07T10:04:04.670,0.956,20.77,1,1.6924576101564223e-06,0,17,85,,,
2026-07-07T10:04:05.173,0.9561,20.77,2,1.6924576101564223e-06,0,17,85,,,
2026-07-07T10:04:05.660,0.956,20.77,1,1.7051856595741968e-06,0,17,85,,,
2026-07-07T10:04:06.163,0.956,20.77,2,1.7051856595741968e-06,0,17,85,,,
2026-07-07T10:04:06.663,0.956,20.77,1,1.6924576101564223e-06,0,17,85,,,
2026-07-07T10:04:07.163,0.956,20.77,1,1.6924576101564223e-06,0,17,85,,,
2026-07-07T10:04:07.666,0.956,20.77,2,1.6924576101564223e-06,0,17,85,,,
2026-07-07T10:04:08.164,0.956,20.77,1,1.7051856595741968e-06,0,17,85,,,
2026-07-07T10:04:08.665,0.956,20.77,2,1.6798245669575142e-06,0,17,85,,,
2026-07-07T10:04:09.171,0.956,20.77,1,1.6924576101564223e-06,0,17,85,,,
2026-07-07T10:04:09.672,0.956,20.77,2,1.6924576101564223e-06,0,17,85,,,
2026-07-07T10:04:10.171,0.956,20.77,1,1.6924576101564223e-06,0,17,85,,,
2026-07-07T10:04:10.674,0.9561,20.77,1,1.6924576101564223e-06,0,17,85,,,
2026-07-07T10:04:11.161,0.956,20.77,2,1.6798245669575142e-06,0,17,85,,,
2026-07-07T10:04:11.664,0.9561,20.77,1,1.7051856595741968e-06,0,17,85,,,
2026-07-07T10:04:12.167,0.956,20.77,1,1.6924576101564223e-06,0,17,85,,,
2026-07-07T10:04:12.670,0.956,20.77,2,1.6924576101564223e-06,0,17,85,,,
2026-07-07T10:04:13.172,0.956,20.77,1,1.6924576101564223e-06,0,17,85,,,
2026-07-07T10:04:13.673,0.956,20.77,2,1.6924576101564223e-06,0,17,85,,,
2026-07-07T10:04:14.172,0.956,20.77,1,1.7051856595741968e-06,0,17,85,,,
2026-07-07T10:04:14.673,0.956,20.77,2,1.6924576101564223e-06,0,17,85,,,
2026-07-07T10:04:15.171,0.956,20.77,1,1.7051856595741968e-06,0,17,85,,,
2026-07-07T10:04:15.659,0.956,20.77,1,1.6798245669575142e-06,0,17,85,,,
2026-07-07T10:04:16.160,0.956,20.77,2,1.7051856595741968e-06,0,17,85,,,
2026-07-07T10:04:16.661,0.9559,20.77,1,1.6924576101564223e-06,0,17,85,,,
2026-07-07T10:04:17.166,0.956,20.77,2,1.7051856595741968e-06,0,17,85,,,
2026-07-07T10:04:17.669,0.9559,20.77,1,1.6924576101564223e-06,0,17,85,,,
2026-07-07T10:04:18.171,0.956,20.77,1,1.6798245669575142e-06,0,17,85,,,
2026-07-07T10:04:18.660,0.9559,20.77,2,1.6798245669575142e-06,0,17,85,,,
2026-07-07T10:04:19.159,0.956,20.77,1,1.6924576101564223e-06,0,17,85,,,
2026-07-07T10:04:19.671,0.9559,20.77,2,1.6924576101564223e-06,0,17,85,,,
2026-07-07T10:04:20.160,0.956,20.77,1,1.6924576101564223e-06,0,17,85,,,
2026-07-07T10:04:20.661,0.956,20.77,1,1.6798245669575142e-06,0,17,85,,,
2026-07-07T10:04:21.163,0.9561,20.77,2,1.6924576101564223e-06,0,17,85,,,
2026-07-07T10:04:21.665,0.956,20.77,1,1.7051856595741968e-06,0,17,85,,,
2026-07-07T10:04:22.166,0.956,20.77,2,1.6924576101564223e-06,0,17,85,,,
2026-07-07T10:04:22.669,0.9559,20.77,1,1.6924576101564223e-06,0,17,85,,,
2026-07-07T10:04:23.171,0.956,20.77,1,1.7051856595741968e-06,0,17,85,,,
2026-07-07T10:04:23.672,0.956,20.77,2,1.6924576101564223e-06,0,17,85,,,
2026-07-07T10:04:24.158,0.956,20.77,1,1.6924576101564223e-06,0,17,85,,,
2026-07-07T10:04:24.661,0.956,20.77,2,1.7051856595741968e-06,0,17,85,,,
2026-07-07T10:04:25.160,0.9561,20.77,1,1.7051856595741968e-06,0,17,85,,,
2026-07-07T10:04:25.665,0.956,20.77,1,1.6924576101564223e-06,0,17,85,,,
2026-07-07T10:04:26.162,0.956,20.77,2,1.7051856595741968e-06,0,17,85,,,
2026-07-07T10:04:26.664,0.956,20.77,1,1.6672858208207679e-06,0,17,85,,,
2026-07-07T10:04:27.166,0.9559,20.77,2,1.6924576101564223e-06,0,17,85,,,
2026-07-07T10:04:27.669,0.956,20.77,1,1.718009429700726e-06,0,17,85,,,
2026-07-07T10:04:28.163,0.956,20.77,1,1.6924576101564223e-06,0,17,85,,,
2026-07-07T10:04:28.663,0.956,20.77,2,1.7051856595741968e-06,0,17,85,,,
2026-07-07T10:04:29.163,0.956,20.77,1,1.6924576101564223e-06,0,17,85,,,
2026-07-07T10:04:29.665,0.9559,20.77,2,1.6924576101564223e-06,0,17,85,,,
2026-07-07T10:04:30.171,0.956,20.76,1,1.6798245669575142e-06,0,17,85,,,
2026-07-07T10:04:30.674,0.956,20.77,1,1.6924576101564223e-06,0,17,85,,,
2026-07-07T10:04:31.172,0.956,20.77,2,1.6798245669575142e-06,0,17,85,,,
2026-07-07T10:04:31.660,0.9561,20.77,1,1.6924576101564223e-06,0,17,85,,,
2026-07-07T10:04:32.159,0.9559,20.77,2,1.6798245669575142e-06,0,17,85,,,
2026-07-07T10:04:32.660,0.9559,20.77,1,1.6798245669575142e-06,0,17,85,,,
2026-07-07T10:04:33.161,0.956,20.77,1,1.7051856595741968e-06,0,17,85,,,
2026-07-07T10:04:33.663,0.956,20.77,2,1.6924576101564223e-06,0,17,85,,,
2026-07-07T10:04:34.167,0.956,20.77,1,1.6924576101564223e-06,0,17,85,,,
2026-07-07T10:04:34.668,0.956,20.77,1,1.7051856595741968e-06,0,17,85,,,
2026-07-07T10:04:35.169,0.956,20.77,2,1.6924576101564223e-06,0,17,85,,,
2026-07-07T10:04:35.667,0.956,20.77,1,1.6924576101564223e-06,0,17,85,,,
2026-07-07T10:04:36.170,0.956,20.77,2,1.6798245669575142e-06,0,17,85,,,
2026-07-07T10:04:36.659,0.956,20.76,1,1.6924576101564223e-06,0,17,85,,,
2026-07-07T10:04:37.161,0.9559,20.77,1,1.7051856595741968e-06,0,17,85,,,
2026-07-07T10:04:37.664,0.9559,20.77,2,1.6924576101564223e-06,0,17,85,,,
2026-07-07T10:04:38.164,0.956,20.77,1,1.6924576101564223e-06,0,17,85,,,
2026-07-07T10:04:38.665,0.956,20.77,2,1.6924576101564223e-06,0,17,85,,,
2026-07-07T10:04:39.171,0.9559,20.76,1,1.6672858208207679e-06,0,17,85,,,
2026-07-07T10:04:39.659,0.956,20.77,1,1.6672858208207679e-06,0,17,85,,,
2026-07-07T10:04:40.160,0.956,20.77,2,1.7051856595741968e-06,0,17,85,,,
2026-07-07T10:04:40.659,0.9559,20.76,1,1.7051856595741968e-06,0,17,85,,,
2026-07-07T10:04:41.161,0.956,20.77,2,1.6924576101564223e-06,0,17,85,,,
2026-07-07T10:04:41.663,0.9559,20.77,1,1.6798245669575142e-06,0,17,85,,,
2026-07-07T10:04:42.167,0.956,20.76,1,1.6924576101564223e-06,0,17,85,,,
2026-07-07T10:04:42.668,0.956,20.76,2,1.6924576101564223e-06,0,17,85,,,
2026-07-07T10:04:43.170,0.9559,20.76,1,1.718009429700726e-06,0,17,85,,,
2026-07-07T10:04:43.673,0.9559,20.76,2,1.6798245669575142e-06,0,17,85,,,
2026-07-07T10:04:44.174,0.956,20.76,1,1.6924576101564223e-06,0,17,85,,,
2026-07-07T10:04:44.672,0.956,20.76,1,1.7051856595741968e-06,0,17,85,,,
2026-07-07T10:04:45.158,0.956,20.77,2,1.7051856595741968e-06,0,17,85,,,
2026-07-07T10:04:45.663,0.9559,20.76,1,1.6924576101564223e-06,0,17,85,,,
2026-07-07T10:04:46.170,0.956,20.76,2,1.6924576101564223e-06,0,17,85,,,
2026-07-07T10:04:46.670,0.956,20.76,1,1.6924576101564223e-06,0,17,85,,,
2026-07-07T10:04:47.171,0.956,20.76,1,1.6924576101564223e-06,0,17,85,,,
2026-07-07T10:04:47.672,0.956,20.77,2,1.6924576101564223e-06,0,17,85,,,
2026-07-07T10:04:48.172,0.956,20.76,1,1.6798245669575142e-06,0,17,85,,,
2026-07-07T10:04:48.659,0.9559,20.76,1,1.6798245669575142e-06,0,17,85,,,
2026-07-07T10:04:49.160,0.956,20.77,2,1.6798245669575142e-06,0,17,85,,,
2026-07-07T10:04:49.663,0.956,20.77,1,1.6798245669575142e-06,0,17,85,,,
2026-07-07T10:04:50.163,0.956,20.76,2,1.7051856595741968e-06,0,17,85,,,
2026-07-07T10:04:50.666,0.956,20.76,1,1.7051856595741968e-06,0,17,85,,,
2026-07-07T10:04:51.166,0.956,20.76,1,1.6798245669575142e-06,0,17,85,,,
2026-07-07T10:04:51.667,0.9559,20.76,2,1.718009429700726e-06,0,17,85,,,
2026-07-07T10:04:52.170,0.956,20.77,1,1.6798245669575142e-06,0,17,85,,,
2026-07-07T10:04:52.671,0.9559,20.76,2,1.6798245669575142e-06,0,17,85,,,
2026-07-07T10:04:53.159,0.956,20.76,1,1.6798245669575142e-06,0,17,85,,,
2026-07-07T10:04:53.661,0.956,20.76,1,1.6924576101564223e-06,0,17,85,,,
2026-07-07T10:04:54.165,0.956,20.76,2,1.7051856595741968e-06,0,17,85,,,
2026-07-07T10:04:54.665,0.956,20.76,1,1.6924576101564223e-06,0,17,85,,,
2026-07-07T10:04:55.168,0.956,20.76,2,1.6924576101564223e-06,0,17,85,,,
2026-07-07T10:04:55.665,0.956,20.76,1,1.6798245669575142e-06,0,17,85,,,
2026-07-07T10:04:56.165,0.956,20.76,1,1.6924576101564223e-06,0,17,85,,,
2026-07-07T10:04:56.665,0.9559,20.76,2,1.6798245669575142e-06,0,17,85,,,
2026-07-07T10:04:57.168,0.9559,20.76,1,1.6924576101564223e-06,0,17,85,,,
2026-07-07T10:04:57.668,0.9561,20.76,1,1.6924576101564223e-06,0,17,85,,,
2026-07-07T10:04:58.169,0.956,20.76,2,1.6924576101564223e-06,0,17,85,,,
2026-07-07T10:04:58.667,0.9559,20.76,1,1.6924576101564223e-06,0,17,85,,,
2026-07-07T10:04:59.170,0.9559,20.76,2,1.6924576101564223e-06,0,17,85,,,
2026-07-07T10:04:59.670,0.9561,20.76,1,1.6924576101564223e-06,0,17,85,,,
2026-07-07T10:05:00.171,0.956,20.76,1,1.6924576101564223e-06,0,17,85,,,
2026-07-07T10:05:00.671,0.956,20.76,2,1.6924576101564223e-06,0,17,85,,,
2026-07-07T10:05:01.174,0.956,20.76,1,1.6924576101564223e-06,0,17,85,,,
2026-07-07T10:05:01.663,0.956,20.76,2,1.6798245669575142e-06,0,17,85,,,
2026-07-07T10:05:02.166,0.956,20.76,1,1.6924576101564223e-06,0,17,85,,,
2026-07-07T10:05:02.668,0.956,20.76,1,1.6924576101564223e-06,0,17,85,,,
2026-07-07T10:05:03.166,0.956,20.76,2,1.7051856595741968e-06,0,17,85,,,
2026-07-07T10:05:03.658,0.956,20.76,1,1.6924576101564223e-06,0,17,85,,,
2026-07-07T10:05:04.158,0.956,20.76,2,1.6798245669575142e-06,0,17,85,,,
2026-07-07T10:05:04.661,0.956,20.76,1,1.6924576101564223e-06,0,17,85,,,
2026-07-07T10:05:05.163,0.9559,20.76,1,1.6798245669575142e-06,0,17,85,,,
2026-07-07T10:05:05.662,0.956,20.76,2,1.7051856595741968e-06,0,17,85,,,
2026-07-07T10:05:06.171,0.956,20.76,1,1.6924576101564223e-06,0,17,85,,,
2026-07-07T10:05:06.672,0.9559,20.76,2,1.6924576101564223e-06,0,17,85,,,
2026-07-07T10:05:07.174,0.956,20.76,1,1.6924576101564223e-06,0,17,85,,,
2026-07-07T10:05:07.662,0.956,20.76,1,1.7051856595741968e-06,0,17,85,,,
2026-07-07T10:05:08.170,0.956,20.76,2,1.6798245669575142e-06,0,17,85,,,
2026-07-07T10:05:08.669,0.9561,20.76,1,1.7051856595741968e-06,0,17,85,,,
2026-07-07T10:05:09.171,0.956,20.76,2,1.6924576101564223e-06,0,17,85,,,
2026-07-07T10:05:09.658,0.956,20.76,1,1.6798245669575142e-06,0,17,85,,,
2026-07-07T10:05:10.163,0.956,20.76,1,1.718009429700726e-06,0,17,85,,,
2026-07-07T10:05:10.663,0.956,20.76,2,1.6924576101564223e-06,0,17,85,,,
2026-07-07T10:05:11.163,0.956,20.76,1,1.6798245669575142e-06,0,17,85,,,
2026-07-07T10:05:11.667,0.956,20.76,2,1.6672858208207679e-06,0,17,85,,,
2026-07-07T10:05:12.168,0.956,20.76,1,1.6798245669575142e-06,0,17,85,,,
2026-07-07T10:05:12.668,0.956,20.76,1,1.6924576101564223e-06,0,17,85,,,
2026-07-07T10:05:13.172,0.956,20.76,2,1.6924576101564223e-06,0,17,85,,,
2026-07-07T10:05:13.659,0.9559,20.76,1,1.6672858208207679e-06,0,17,85,,,
2026-07-07T10:05:14.162,0.9559,20.76,2,1.6672858208207679e-06,0,17,85,,,
2026-07-07T10:05:14.658,0.956,20.76,1,1.6924576101564223e-06,0,17,85,,,
2026-07-07T10:05:15.159,0.956,20.76,1,1.6924576101564223e-06,0,17,85,,,
2026-07-07T10:05:15.666,0.9559,20.76,2,1.6798245669575142e-06,0,17,85,,,
2026-07-07T10:05:16.168,0.9559,20.76,1,1.6798245669575142e-06,0,17,85,,,
2026-07-07T10:05:16.670,0.9559,20.76,1,1.6672858208207679e-06,0,17,85,,,
2026-07-07T10:05:17.161,0.956,20.76,2,1.6924576101564223e-06,0,17,85,,,
2026-07-07T10:05:17.663,0.956,20.76,1,1.6924576101564223e-06,0,17,85,,,
2026-07-07T10:05:18.165,0.956,20.76,2,1.6924576101564223e-06,0,17,85,,,
2026-07-07T10:05:18.667,0.956,20.76,1,1.7051856595741968e-06,0,17,85,,,
2026-07-07T10:05:19.168,0.956,20.76,1,1.6924576101564223e-06,0,17,85,,,
2026-07-07T10:05:19.673,0.956,20.76,2,1.6798245669575142e-06,0,17,85,,,
2026-07-07T10:05:20.159,0.956,20.75,1,1.6672858208207679e-06,0,17,85,,,
2026-07-07T10:05:20.663,0.9559,20.76,2,1.7051856595741968e-06,0,17,85,,,
2026-07-07T10:05:21.163,0.956,20.76,1,1.6924576101564223e-06,0,17,85,,,
2026-07-07T10:05:21.663,0.956,20.76,1,1.6798245669575142e-06,0,17,85,,,
2026-07-07T10:05:22.161,0.956,20.76,2,1.6924576101564223e-06,0,17,85,,,
2026-07-07T10:05:22.665,0.956,20.76,1,1.6798245669575142e-06,0,17,85,,,
2026-07-07T10:05:23.164,0.956,20.76,2,1.6798245669575142e-06,0,17,85,,,
2026-07-07T10:05:23.666,0.956,20.76,1,1.6798245669575142e-06,0,17,85,,,
2026-07-07T10:05:24.168,0.956,20.76,1,1.6924576101564223e-06,0,17,85,,,
2026-07-07T10:05:24.671,0.956,20.76,2,1.6924576101564223e-06,0,17,85,,,
2026-07-07T10:05:25.161,0.956,20.76,1,1.6798245669575142e-06,0,17,85,,,
2026-07-07T10:05:25.661,0.956,20.76,2,1.6798245669575142e-06,0,17,85,,,
2026-07-07T10:05:26.163,0.956,20.76,1,1.6924576101564223e-06,0,17,85,,,
2026-07-07T10:05:26.667,0.9559,20.76,1,1.6798245669575142e-06,0,17,85,,,
2026-07-07T10:05:27.171,0.956,20.76,2,1.6798245669575142e-06,0,17,85,,,
2026-07-07T10:05:27.669,0.956,20.76,1,1.6798245669575142e-06,0,17,85,,,
2026-07-07T10:05:28.172,0.956,20.76,2,1.7051856595741968e-06,0,17,85,,,
2026-07-07T10:05:28.659,0.9559,20.76,1,1.6924576101564223e-06,0,17,85,,,
2026-07-07T10:05:29.163,0.956,20.76,1,1.6798245669575142e-06,0,17,85,,,
2026-07-07T10:05:29.665,0.9559,20.76,2,1.6798245669575142e-06,0,17,85,,,
2026-07-07T10:05:30.167,0.956,20.76,1,1.6924576101564223e-06,0,17,85,,,
2026-07-07T10:05:30.669,0.956,20.76,2,1.6924576101564223e-06,0,17,85,,,
2026-07-07T10:05:31.171,0.956,20.76,1,1.6798245669575142e-06,0,17,85,,,
2026-07-07T10:05:31.658,0.956,20.76,1,1.6798245669575142e-06,0,17,85,,,
2026-07-07T10:05:32.158,0.956,20.76,2,1.6798245669575142e-06,0,17,85,,,
2026-07-07T10:05:32.662,0.956,20.76,1,1.6798245669575142e-06,0,17,85,,,
2026-07-07T10:05:33.164,0.9561,20.76,1,1.6798245669575142e-06,0,17,85,,,
2026-07-07T10:05:33.660,0.956,20.76,2,1.6924576101564223e-06,0,17,85,,,
2026-07-07T10:05:34.167,0.956,20.76,1,1.6798245669575142e-06,0,17,85,,,
2026-07-07T10:05:34.671,0.956,20.76,2,1.6924576101564223e-06,0,17,85,,,
2026-07-07T10:05:35.174,0.956,20.76,1,1.6924576101564223e-06,0,17,85,,,
2026-07-07T10:05:35.659,0.956,20.76,1,1.6924576101564223e-06,0,17,85,,,
2026-07-07T10:05:36.161,0.956,20.76,2,1.6924576101564223e-06,0,17,85,,,
2026-07-07T10:05:36.663,0.956,20.76,1,1.6798245669575142e-06,0,17,85,,,
2026-07-07T10:05:37.162,0.956,20.76,2,1.6798245669575142e-06,0,17,85,,,
2026-07-07T10:05:37.665,0.956,20.76,1,1.6924576101564223e-06,0,17,85,,,
2026-07-07T10:05:38.167,0.956,20.76,1,1.6924576101564223e-06,0,17,85,,,
2026-07-07T10:05:38.668,0.956,20.76,2,1.7051856595741968e-06,0,17,85,,,
2026-07-07T10:05:39.173,0.956,20.76,1,1.6924576101564223e-06,0,17,85,,,
2026-07-07T10:05:39.672,0.9559,20.76,2,1.6798245669575142e-06,0,17,85,,,
2026-07-07T10:05:40.161,0.9559,20.76,1,1.6798245669575142e-06,0,17,85,,,
2026-07-07T10:05:40.664,0.956,20.76,1,1.6924576101564223e-06,0,17,85,,,
2026-07-07T10:05:41.162,0.956,20.76,2,1.6924576101564223e-06,0,17,85,,,
2026-07-07T10:05:41.666,0.956,20.76,1,1.6798245669575142e-06,0,17,85,,,
2026-07-07T10:05:42.169,0.956,20.76,2,1.6924576101564223e-06,0,17,85,,,
2026-07-07T10:05:42.660,0.9561,20.76,1,1.7051856595741968e-06,0,17,85,,,
2026-07-07T10:05:43.165,0.956,20.76,1,1.6798245669575142e-06,0,17,85,,,
2026-07-07T10:05:43.668,0.9559,20.76,2,1.6798245669575142e-06,0,17,85,,,
2026-07-07T10:05:44.172,0.9561,20.76,1,1.6798245669575142e-06,0,17,85,,,
2026-07-07T10:05:44.670,0.956,20.76,1,1.6924576101564223e-06,0,17,85,,,
2026-07-07T10:05:45.169,0.9559,20.76,2,1.6798245669575142e-06,0,17,85,,,
2026-07-07T10:05:45.671,0.956,20.76,1,1.6924576101564223e-06,0,17,85,,,
2026-07-07T10:05:46.160,0.956,20.76,2,1.6924576101564223e-06,0,17,85,,,
2026-07-07T10:05:46.660,0.956,20.76,1,1.6798245669575142e-06,0,17,85,,,
2026-07-07T10:05:47.160,0.956,20.76,1,1.6924576101564223e-06,0,17,85,,,
2026-07-07T10:05:47.659,0.956,20.76,2,1.6798245669575142e-06,0,17,85,,,
2026-07-07T10:05:48.163,0.956,20.76,1,1.6798245669575142e-06,0,17,85,,,
2026-07-07T10:05:48.664,0.956,20.76,2,1.6672858208207679e-06,0,17,85,,,
2026-07-07T10:05:49.166,0.956,20.76,1,1.6924576101564223e-06,0,17,85,,,
2026-07-07T10:05:49.669,0.956,20.76,2,1.6798245669575142e-06,0,17,85,,,
2026-07-07T10:05:50.167,0.9561,20.76,1,1.6924576101564223e-06,0,17,85,,,
2026-07-07T10:05:50.669,0.956,20.76,1,1.6798245669575142e-06,0,17,85,,,
2026-07-07T10:05:51.165,0.956,20.76,2,1.6798245669575142e-06,0,17,85,,,
2026-07-07T10:05:51.664,0.956,20.76,1,1.6924576101564223e-06,0,17,85,,,
2026-07-07T10:05:52.167,0.956,20.76,1,1.6798245669575142e-06,0,17,85,,,
2026-07-07T10:05:52.674,0.956,20.76,2,1.6798245669575142e-06,0,17,85,,,
2026-07-07T10:05:53.161,0.956,20.76,1,1.6672858208207679e-06,0,17,85,,,
2026-07-07T10:05:53.666,0.9559,20.76,2,1.6798245669575142e-06,0,17,85,,,
2026-07-07T10:05:54.166,0.956,20.76,1,1.6798245669575142e-06,0,17,85,,,
2026-07-07T10:05:54.658,0.956,20.76,1,1.6798245669575142e-06,0,17,85,,,
2026-07-07T10:05:55.164,0.9561,20.76,2,1.6798245669575142e-06,0,17,85,,,
2026-07-07T10:05:55.666,0.9561,20.76,1,1.6798245669575142e-06,0,17,85,,,
2026-07-07T10:05:56.170,0.956,20.76,2,1.6798245669575142e-06,0,17,85,,,
2026-07-07T10:05:56.660,0.956,20.76,1,1.6798245669575142e-06,0,17,85,,,
2026-07-07T10:05:57.161,0.956,20.76,1,1.6924576101564223e-06,0,17,85,,,
2026-07-07T10:05:57.666,0.956,20.76,2,1.6798245669575142e-06,0,17,85,,,
2026-07-07T10:05:58.166,0.956,20.76,1,1.6672858208207679e-06,0,17,85,,,
2026-07-07T10:05:58.667,0.9561,20.76,1,1.6924576101564223e-06,0,17,85,,,
2026-07-07T10:05:59.166,0.956,20.76,2,1.6798245669575142e-06,0,17,85,,,
2026-07-07T10:05:59.666,0.956,20.76,1,1.6924576101564223e-06,0,17,85,,,
2026-07-07T10:06:00.169,0.9559,20.76,2,1.6798245669575142e-06,0,17,85,,,
2026-07-07T10:06:00.673,0.956,20.76,1,1.6672858208207679e-06,0,17,85,,,
2026-07-07T10:06:01.171,0.9559,20.76,1,1.6672858208207679e-06,0,17,85,,,
2026-07-07T10:06:01.672,0.956,20.76,2,1.6924576101564223e-06,0,17,85,,,
2026-07-07T10:06:02.162,0.956,20.76,1,1.6798245669575142e-06,0,17,85,,,
2026-07-07T10:06:02.662,0.956,20.76,2,1.6672858208207679e-06,0,17,85,,,
2026-07-07T10:06:03.164,0.956,20.76,1,1.6672858208207679e-06,0,17,85,,,
2026-07-07T10:06:03.664,0.9559,20.76,1,1.6798245669575142e-06,0,17,85,,,
2026-07-07T10:06:04.161,0.956,20.77,2,1.6798245669575142e-06,0,17,85,,,
2026-07-07T10:06:04.664,0.956,20.76,1,1.6798245669575142e-06,0,17,85,,,
2026-07-07T10:06:05.169,0.956,20.76,2,1.6672858208207679e-06,0,17,85,,,
2026-07-07T10:06:05.671,0.9561,20.77,1,1.6672858208207679e-06,0,17,85,,,
2026-07-07T10:06:06.162,0.956,20.76,1,1.6798245669575142e-06,0,17,85,,,
2026-07-07T10:06:06.661,0.956,20.76,2,1.6924576101564223e-06,0,17,85,,,
2026-07-07T10:06:07.162,0.956,20.76,1,1.6672858208207679e-06,0,17,85,,,
2026-07-07T10:06:07.664,0.956,20.76,2,1.6672858208207679e-06,0,17,85,,,
2026-07-07T10:06:08.166,0.956,20.77,1,1.6798245669575142e-06,0,17,85,,,
2026-07-07T10:06:08.670,0.956,20.77,1,1.6798245669575142e-06,0,17,85,,,
2026-07-07T10:06:09.170,0.956,20.77,2,1.6798245669575142e-06,0,17,85,,,
2026-07-07T10:06:09.669,0.956,20.77,1,1.6672858208207679e-06,0,17,85,,,
2026-07-07T10:06:10.173,0.956,20.77,1,1.6798245669575142e-06,0,17,85,,,
2026-07-07T10:06:10.659,0.956,20.77,2,1.6672858208207679e-06,0,17,85,,,
2026-07-07T10:06:11.161,0.956,20.77,1,1.6798245669575142e-06,0,17,85,,,
2026-07-07T10:06:11.658,0.956,20.77,2,1.7051856595741968e-06,0,17,85,,,
2026-07-07T10:06:12.163,0.956,20.77,1,1.6672858208207679e-06,0,17,85,,,
2026-07-07T10:06:12.662,0.956,20.77,1,1.6798245669575142e-06,0,17,85,,,
2026-07-07T10:06:13.168,0.956,20.77,2,1.6798245669575142e-06,0,17,85,,,
2026-07-07T10:06:13.671,0.956,20.77,1,1.6548406678828405e-06,0,17,85,,,
2026-07-07T10:06:14.171,0.9559,20.77,2,1.6672858208207679e-06,0,17,85,,,
2026-07-07T10:06:14.658,0.956,20.77,1,1.6548406678828405e-06,0,17,85,,,
2026-07-07T10:06:15.159,0.956,20.77,1,1.6798245669575142e-06,0,17,85,,,
2026-07-07T10:06:15.673,0.9559,20.77,2,1.6924576101564223e-06,0,17,85,,,
2026-07-07T10:06:16.170,0.956,20.77,1,1.6672858208207679e-06,0,17,85,,,
2026-07-07T10:06:16.668,0.9559,20.77,2,1.6798245669575142e-06,0,17,85,,,
2026-07-07T10:06:17.169,0.956,20.77,1,1.6924576101564223e-06,0,17,85,,,
2026-07-07T10:06:17.668,0.9559,20.77,2,1.6798245669575142e-06,0,17,85,,,
2026-07-07T10:06:18.167,0.956,20.77,1,1.6672858208207679e-06,0,17,85,,,
2026-07-07T10:06:18.669,0.956,20.77,1,1.6548406678828405e-06,0,17,85,,,
2026-07-07T10:06:19.174,0.956,20.77,2,1.6798245669575142e-06,0,17,85,,,
2026-07-07T10:06:19.664,0.956,20.77,1,1.6798245669575142e-06,0,17,85,,,
2026-07-07T10:06:20.170,0.956,20.77,1,1.6798245669575142e-06,0,17,85,,,
2026-07-07T10:06:20.660,0.956,20.77,2,1.6798245669575142e-06,0,17,85,,,
2026-07-07T10:06:21.161,0.9561,20.78,1,1.6672858208207679e-06,0,17,85,,,
2026-07-07T10:06:21.661,0.956,20.77,2,1.6798245669575142e-06,0,17,85,,,
2026-07-07T10:06:22.162,0.956,20.77,1,1.6798245669575142e-06,0,17,85,,,
2026-07-07T10:06:22.667,0.956,20.77,1,1.6924576101564223e-06,0,17,85,,,
2026-07-07T10:06:23.172,0.956,20.77,2,1.6798245669575142e-06,0,17,85,,,
2026-07-07T10:06:23.659,0.956,20.78,1,1.6798245669575142e-06,0,17,85,,,
2026-07-07T10:06:24.160,0.9559,20.77,2,1.6924576101564223e-06,0,17,85,,,
2026-07-07T10:06:24.665,0.956,20.78,1,1.6798245669575142e-06,0,17,85,,,
2026-07-07T10:06:25.167,0.9561,20.78,1,1.6672858208207679e-06,0,17,85,,,
2026-07-07T10:06:25.667,0.956,20.78,2,1.6798245669575142e-06,0,17,85,,,
2026-07-07T10:06:26.170,0.956,20.78,1,1.6798245669575142e-06,0,17,85,,,
2026-07-07T10:06:26.674,0.956,20.78,2,1.6672858208207679e-06,0,17,85,,,
2026-07-07T10:06:27.159,0.956,20.78,1,1.6924576101564223e-06,0,17,85,,,
2026-07-07T10:06:27.673,0.956,20.78,1,1.6798245669575142e-06,0,17,85,,,
2026-07-07T10:06:28.173,0.956,20.78,2,1.6798245669575142e-06,0,17,85,,,
2026-07-07T10:06:28.674,0.956,20.78,1,1.6798245669575142e-06,0,17,85,,,
2026-07-07T10:06:29.161,0.956,20.78,1,1.6672858208207679e-06,0,17,85,,,
2026-07-07T10:06:29.662,0.956,20.78,2,1.6798245669575142e-06,0,17,85,,,
2026-07-07T10:06:30.164,0.9559,20.78,1,1.6798245669575142e-06,0,17,85,,,
2026-07-07T10:06:30.667,0.956,20.78,2,1.6798245669575142e-06,0,17,85,,,
2026-07-07T10:06:31.168,0.9561,20.78,1,1.6798245669575142e-06,0,17,85,,,
2026-07-07T10:06:31.673,0.9559,20.78,1,1.6798245669575142e-06,0,17,85,,,
2026-07-07T10:06:32.159,0.956,20.78,2,1.6798245669575142e-06,0,17,85,,,
2026-07-07T10:06:32.662,0.9559,20.78,1,1.6672858208207679e-06,0,17,85,,,
2026-07-07T10:06:33.164,0.9559,20.78,2,1.6798245669575142e-06,0,17,85,,,
2026-07-07T10:06:33.671,0.956,20.78,1,1.6672858208207679e-06,0,17,85,,,
2026-07-07T10:06:34.171,0.956,20.78,1,1.6798245669575142e-06,0,17,85,,,
2026-07-07T10:06:34.671,0.956,20.78,2,1.6672858208207679e-06,0,17,85,,,
2026-07-07T10:06:35.171,0.956,20.78,1,1.6924576101564223e-06,0,17,85,,,
2026-07-07T10:06:35.659,0.956,20.78,1,1.6672858208207679e-06,0,17,85,,,
2026-07-07T10:06:36.163,0.956,20.78,2,1.6672858208207679e-06,0,17,85,,,
2026-07-07T10:06:36.668,0.956,20.78,1,1.6672858208207679e-06,0,17,85,,,
2026-07-07T10:06:37.158,0.9559,20.79,2,1.6672858208207679e-06,0,17,85,,,
2026-07-07T10:06:37.660,0.9559,20.78,1,1.6798245669575142e-06,0,17,85,,,
2026-07-07T10:06:38.163,0.9559,20.78,1,1.6798245669575142e-06,0,17,85,,,
2026-07-07T10:06:38.665,0.956,20.79,2,1.6798245669575142e-06,0,17,85,,,
2026-07-07T10:06:39.170,0.956,20.78,1,1.6672858208207679e-06,0,17,85,,,
2026-07-07T10:06:39.670,0.956,20.79,2,1.6798245669575142e-06,0,17,85,,,
2026-07-07T10:06:40.169,0.956,20.78,1,1.6798245669575142e-06,0,17,85,,,
2026-07-07T10:06:40.670,0.956,20.79,1,1.6924576101564223e-06,0,17,85,,,
2026-07-07T10:06:41.159,0.956,20.79,2,1.6672858208207679e-06,0,17,85,,,
2026-07-07T10:06:41.660,0.956,20.79,1,1.6548406678828405e-06,0,17,85,,,
2026-07-07T10:06:42.161,0.9559,20.79,2,1.6798245669575142e-06,0,17,85,,,
2026-07-07T10:06:42.660,0.9559,20.79,1,1.6798245669575142e-06,0,17,85,,,
2026-07-07T10:06:43.162,0.9559,20.79,1,1.6798245669575142e-06,0,17,85,,,
2026-07-07T10:06:43.659,0.956,20.79,2,1.6798245669575142e-06,0,17,85,,,
2026-07-07T10:06:44.159,0.956,20.79,1,1.6798245669575142e-06,0,17,85,,,
2026-07-07T10:06:44.661,0.956,20.79,2,1.6672858208207679e-06,0,17,85,,,
2026-07-07T10:06:45.165,0.9559,20.79,1,1.6672858208207679e-06,0,17,85,,,
2026-07-07T10:06:45.667,0.956,20.79,1,1.6924576101564223e-06,0,17,85,,,
2026-07-07T10:06:46.171,0.956,20.79,2,1.6798245669575142e-06,0,17,85,,,
2026-07-07T10:06:46.668,0.9561,20.79,1,1.6672858208207679e-06,0,17,85,,,
2026-07-07T10:06:47.172,0.956,20.79,2,1.6672858208207679e-06,0,17,85,,,
2026-07-07T10:06:47.672,0.956,20.79,1,1.6798245669575142e-06,0,17,85,,,
2026-07-07T10:06:48.158,0.956,20.79,1,1.6798245669575142e-06,0,17,85,,,
2026-07-07T10:06:48.662,0.956,20.79,2,1.6798245669575142e-06,0,17,85,,,
2026-07-07T10:06:49.164,0.956,20.79,1,1.6798245669575142e-06,0,17,85,,,
2026-07-07T10:06:49.665,0.956,20.79,2,1.6672858208207679e-06,0,17,85,,,
2026-07-07T10:06:50.166,0.956,20.79,1,1.6924576101564223e-06,0,17,85,,,
2026-07-07T10:06:50.666,0.956,20.8,1,1.6798245669575142e-06,0,17,85,,,
2026-07-07T10:06:51.167,0.956,20.8,2,1.6798245669575142e-06,0,17,85,,,
2026-07-07T10:06:51.667,0.956,20.79,1,1.6672858208207679e-06,0,17,85,,,
2026-07-07T10:06:52.169,0.956,20.8,2,1.6798245669575142e-06,0,17,85,,,
2026-07-07T10:06:52.672,0.956,20.8,1,1.6798245669575142e-06,0,17,85,,,
2026-07-07T10:06:53.173,0.956,20.8,1,1.6798245669575142e-06,0,17,85,,,
2026-07-07T10:06:53.661,0.956,20.8,2,1.6672858208207679e-06,0,17,85,,,
2026-07-07T10:06:54.167,0.956,20.8,1,1.6672858208207679e-06,0,17,85,,,
2026-07-07T10:06:54.674,0.956,20.8,2,1.6672858208207679e-06,0,17,85,,,
2026-07-07T10:06:55.163,0.956,20.8,1,1.6672858208207679e-06,0,17,85,,,
2026-07-07T10:06:55.666,0.956,20.8,1,1.6672858208207679e-06,0,17,85,,,
2026-07-07T10:06:56.164,0.956,20.8,2,1.6798245669575142e-06,0,17,85,,,
2026-07-07T10:06:56.665,0.956,20.8,1,1.6798245669575142e-06,0,17,85,,,
2026-07-07T10:06:57.164,0.956,20.8,2,1.6672858208207679e-06,0,17,85,,,
2026-07-07T10:06:57.665,0.956,20.8,1,1.6672858208207679e-06,0,17,85,,,
2026-07-07T10:06:58.169,0.956,20.8,1,1.6798245669575142e-06,0,17,85,,,
2026-07-07T10:06:58.671,0.956,20.8,2,1.6798245669575142e-06,0,17,85,,,
2026-07-07T10:06:59.170,0.956,20.8,1,1.6798245669575142e-06,0,17,85,,,
2026-07-07T10:06:59.674,0.956,20.8,2,1.6798245669575142e-06,0,17,85,,,
2026-07-07T10:07:00.160,0.956,20.8,1,1.6924576101564223e-06,0,17,85,,,
2026-07-07T10:07:00.661,0.956,20.8,1,1.6672858208207679e-06,0,17,85,,,
2026-07-07T10:07:01.161,0.9561,20.8,2,1.6924576101564223e-06,0,17,85,,,
2026-07-07T10:07:01.662,0.956,20.8,1,1.6798245669575142e-06,0,17,85,,,
2026-07-07T10:07:02.164,0.956,20.8,1,1.6672858208207679e-06,0,17,85,,,
2026-07-07T10:07:02.660,0.956,20.8,2,1.6672858208207679e-06,0,17,85,,,
2026-07-07T10:07:03.160,0.956,20.8,1,1.6798245669575142e-06,0,17,85,,,
2026-07-07T10:07:03.662,0.956,20.8,2,1.6798245669575142e-06,0,17,85,,,
2026-07-07T10:07:04.161,0.9559,20.8,1,1.6798245669575142e-06,0,17,85,,,
2026-07-07T10:07:04.666,0.956,20.8,1,1.6672858208207679e-06,0,17,85,,,
2026-07-07T10:07:05.168,0.9559,20.8,2,1.6672858208207679e-06,0,17,85,,,
2026-07-07T10:07:05.674,0.956,20.8,1,1.6672858208207679e-06,0,17,85,,,
2026-07-07T10:07:06.161,0.9559,20.8,2,1.6798245669575142e-06,0,17,85,,,
2026-07-07T10:07:06.662,0.956,20.81,1,1.6672858208207679e-06,0,17,85,,,
2026-07-07T10:07:07.163,0.956,20.81,1,1.6798245669575142e-06,0,17,85,,,
2026-07-07T10:07:07.664,0.956,20.81,2,1.6672858208207679e-06,0,17,85,,,
2026-07-07T10:07:08.163,0.9561,20.81,1,1.6672858208207679e-06,0,17,85,,,
2026-07-07T10:07:08.664,0.9559,20.81,2,1.6798245669575142e-06,0,17,85,,,
2026-07-07T10:07:09.166,0.956,20.81,1,1.6672858208207679e-06,0,17,85,,,
2026-07-07T10:07:09.668,0.956,20.81,1,1.6798245669575142e-06,0,17,85,,,
2026-07-07T10:07:10.169,0.956,20.81,2,1.6672858208207679e-06,0,17,85,,,
2026-07-07T10:07:10.672,0.956,20.81,1,1.6798245669575142e-06,0,17,85,,,
2026-07-07T10:07:11.161,0.956,20.81,2,1.6672858208207679e-06,0,17,85,,,
2026-07-07T10:07:11.665,0.956,20.81,1,1.6672858208207679e-06,0,17,85,,,
2026-07-07T10:07:12.167,0.956,20.81,1,1.6672858208207679e-06,0,17,85,,,
2026-07-07T10:07:12.665,0.9559,20.81,2,1.6798245669575142e-06,0,17,85,,,
2026-07-07T10:07:13.166,0.9561,20.81,1,1.6798245669575142e-06,0,17,85,,,
2026-07-07T10:07:13.671,0.956,20.81,2,1.6798245669575142e-06,0,17,85,,,
2026-07-07T10:07:14.175,0.956,20.81,1,1.6798245669575142e-06,0,17,85,,,
2026-07-07T10:07:14.659,0.956,20.81,1,1.6798245669575142e-06,0,17,85,,,
2026-07-07T10:07:15.158,0.956,20.81,2,1.6798245669575142e-06,0,17,85,,,
2026-07-07T10:07:15.659,0.956,20.82,1,1.6924576101564223e-06,0,17,85,,,
2026-07-07T10:07:16.163,0.9559,20.82,1,1.6672858208207679e-06,0,17,85,,,
2026-07-07T10:07:16.664,0.956,20.82,2,1.6798245669575142e-06,0,17,85,,,
2026-07-07T10:07:17.166,0.9559,20.82,1,1.6798245669575142e-06,0,17,85,,,
2026-07-07T10:07:17.672,0.956,20.82,2,1.6672858208207679e-06,0,17,85,,,
2026-07-07T10:07:18.162,0.956,20.81,1,1.6798245669575142e-06,0,17,85,,,
2026-07-07T10:07:18.664,0.956,20.82,1,1.6798245669575142e-06,0,17,85,,,
2026-07-07T10:07:19.169,0.956,20.82,2,1.6548406678828405e-06,0,17,85,,,
2026-07-07T10:07:19.671,0.956,20.82,1,1.6924576101564223e-06,0,17,85,,,
2026-07-07T10:07:20.174,0.9559,20.82,2,1.6798245669575142e-06,0,17,85,,,
2026-07-07T10:07:20.660,0.956,20.82,1,1.6798245669575142e-06,0,17,85,,,
2026-07-07T10:07:21.173,0.956,20.82,1,1.6798245669575142e-06,0,17,85,,,
2026-07-07T10:07:21.671,0.956,20.82,2,1.6672858208207679e-06,0,17,85,,,
2026-07-07T10:07:22.173,0.9561,20.82,1,1.6798245669575142e-06,0,17,85,,,
2026-07-07T10:07:22.658,0.9559,20.82,1,1.6672858208207679e-06,0,17,85,,,
2026-07-07T10:07:23.160,0.956,20.82,2,1.6672858208207679e-06,0,17,85,,,
2026-07-07T10:07:23.664,0.956,20.82,1,1.6798245669575142e-06,0,17,85,,,
2026-07-07T10:07:24.168,0.956,20.82,2,1.6798245669575142e-06,0,17,85,,,
2026-07-07T10:07:24.672,0.956,20.82,1,1.6672858208207679e-06,0,17,85,,,
2026-07-07T10:07:25.173,0.956,20.82,2,1.6798245669575142e-06,0,17,85,,,
2026-07-07T10:07:25.670,0.956,20.83,1,1.6798245669575142e-06,0,17,85,,,
2026-07-07T10:07:26.171,0.956,20.82,1,1.6798245669575142e-06,0,17,85,,,
2026-07-07T10:07:26.661,0.9559,20.82,2,1.6798245669575142e-06,0,17,85,,,
2026-07-07T10:07:27.162,0.9559,20.83,1,1.6798245669575142e-06,0,17,85,,,
2026-07-07T10:07:27.663,0.956,20.83,1,1.6672858208207679e-06,0,17,85,,,
2026-07-07T10:07:28.166,0.9559,20.82,2,1.6672858208207679e-06,0,17,85,,,
2026-07-07T10:07:28.661,0.956,20.83,1,1.6798245669575142e-06,0,17,85,,,
2026-07-07T10:07:29.159,0.9559,20.83,2,1.6672858208207679e-06,0,17,85,,,
2026-07-07T10:07:29.660,0.956,20.83,1,1.6672858208207679e-06,0,17,85,,,
2026-07-07T10:07:30.161,0.9559,20.83,1,1.6798245669575142e-06,0,17,85,,,
2026-07-07T10:07:30.664,0.956,20.83,2,1.6798245669575142e-06,0,17,85,,,
2026-07-07T10:07:31.170,0.9559,20.83,1,1.6672858208207679e-06,0,17,85,,,
2026-07-07T10:07:31.673,0.956,20.83,2,1.6672858208207679e-06,0,17,85,,,
2026-07-07T10:07:32.161,0.956,20.83,1,1.6672858208207679e-06,0,17,85,,,
2026-07-07T10:07:32.661,0.956,20.83,1,1.6672858208207679e-06,0,17,85,,,
2026-07-07T10:07:33.161,0.956,20.83,2,1.6548406678828405e-06,0,17,85,,,
2026-07-07T10:07:33.664,0.9559,20.83,1,1.6798245669575142e-06,0,17,85,,,
2026-07-07T10:07:34.172,0.9559,20.83,2,1.7051856595741968e-06,0,17,85,,,
2026-07-07T10:07:34.660,0.9559,20.83,1,1.6798245669575142e-06,0,17,85,,,
2026-07-07T10:07:35.162,0.956,20.83,1,1.6672858208207679e-06,0,17,85,,,
2026-07-07T10:07:35.665,0.956,20.84,2,1.6672858208207679e-06,0,17,85,,,
2026-07-07T10:07:36.168,0.956,20.84,1,1.6672858208207679e-06,0,17,85,,,
2026-07-07T10:07:36.668,0.956,20.84,1,1.6548406678828405e-06,0,17,85,,,
2026-07-07T10:07:37.172,0.9559,20.84,2,1.6548406678828405e-06,0,17,85,,,
2026-07-07T10:07:37.662,0.956,20.84,1,1.6672858208207679e-06,0,17,85,,,
2026-07-07T10:07:38.166,0.956,20.84,2,1.6798245669575142e-06,0,17,85,,,
2026-07-07T10:07:38.668,0.956,20.84,1,1.6672858208207679e-06,0,17,85,,,
2026-07-07T10:07:39.168,0.956,20.84,1,1.6798245669575142e-06,0,17,85,,,
2026-07-07T10:07:39.670,0.9559,20.84,2,1.6672858208207679e-06,0,17,85,,,
2026-07-07T10:07:40.171,0.956,20.84,1,1.6672858208207679e-06,0,17,85,,,
2026-07-07T10:07:40.673,0.956,20.84,1,1.6672858208207679e-06,0,17,85,,,
2026-07-07T10:07:41.172,0.956,20.84,2,1.6672858208207679e-06,0,17,85,,,
2026-07-07T10:07:41.670,0.9559,20.84,1,1.6798245669575142e-06,0,17,85,,,
2026-07-07T10:07:42.158,0.956,20.84,2,1.6798245669575142e-06,0,17,85,,,
2026-07-07T10:07:42.659,0.956,20.84,1,1.6672858208207679e-06,0,17,85,,,
2026-07-07T10:07:43.164,0.956,20.84,1,1.6672858208207679e-06,0,17,85,,,
2026-07-07T10:07:43.667,0.956,20.84,2,1.6672858208207679e-06,0,17,85,,,
2026-07-07T10:07:44.172,0.9559,20.84,1,1.6672858208207679e-06,0,17,85,,,
2026-07-07T10:07:44.669,0.9559,20.84,2,1.6672858208207679e-06,0,17,85,,,
2026-07-07T10:07:45.170,0.956,20.84,1,1.6672858208207679e-06,0,17,85,,,
2026-07-07T10:07:45.670,0.956,20.85,1,1.6672858208207679e-06,0,17,85,,,
2026-07-07T10:07:46.173,0.956,20.84,2,1.6672858208207679e-06,0,17,85,,,
2026-07-07T10:07:46.660,0.956,20.84,1,1.6798245669575142e-06,0,17,85,,,
2026-07-07T10:07:47.161,0.956,20.84,2,1.6672858208207679e-06,0,17,85,,,
2026-07-07T10:07:47.665,0.9559,20.85,1,1.6672858208207679e-06,0,17,85,,,
2026-07-07T10:07:48.166,0.956,20.85,1,1.6672858208207679e-06,0,17,85,,,
2026-07-07T10:07:48.670,0.9559,20.85,2,1.6798245669575142e-06,0,17,85,,,
2026-07-07T10:07:49.170,0.956,20.85,1,1.6798245669575142e-06,0,17,85,,,
2026-07-07T10:07:49.664,0.9559,20.85,2,1.6798245669575142e-06,0,17,85,,,
2026-07-07T10:07:50.164,0.9559,20.85,1,1.6672858208207679e-06,0,17,85,,,
2026-07-07T10:07:50.664,0.956,20.85,1,1.6798245669575142e-06,0,17,85,,,
2026-07-07T10:07:51.166,0.956,20.85,2,1.6548406678828405e-06,0,17,85,,,
2026-07-07T10:07:51.668,0.9559,20.85,1,1.6798245669575142e-06,0,17,85,,,
2026-07-07T10:07:52.159,0.956,20.85,1,1.6672858208207679e-06,0,17,85,,,
2026-07-07T10:07:52.661,0.956,20.85,2,1.6548406678828405e-06,0,17,85,,,
2026-07-07T10:07:53.162,0.956,20.85,1,1.6672858208207679e-06,0,17,85,,,
2026-07-07T10:07:53.660,0.956,20.86,2,1.6672858208207679e-06,0,17,85,,,
2026-07-07T10:07:54.163,0.956,20.85,1,1.6672858208207679e-06,0,17,85,,,
2026-07-07T10:07:54.671,0.956,20.85,1,1.6672858208207679e-06,0,17,85,,,
2026-07-07T10:07:55.172,0.956,20.86,2,1.6672858208207679e-06,0,17,85,,,
2026-07-07T10:07:55.660,0.956,20.86,1,1.6672858208207679e-06,0,17,85,,,
2026-07-07T10:07:56.159,0.956,20.86,1,1.6672858208207679e-06,0,17,85,,,
2026-07-07T10:07:56.664,0.9559,20.85,2,1.6672858208207679e-06,0,17,85,,,
2026-07-07T10:07:57.164,0.956,20.86,1,1.6548406678828405e-06,0,17,85,,,
2026-07-07T10:07:57.667,0.9559,20.85,2,1.6672858208207679e-06,0,17,85,,,
2026-07-07T10:07:58.170,0.956,20.86,1,1.6548406678828405e-06,0,17,85,,,
2026-07-07T10:07:58.659,0.956,20.85,1,1.6548406678828405e-06,0,17,85,,,
2026-07-07T10:07:59.160,0.956,20.86,2,1.6672858208207679e-06,0,17,85,,,
2026-07-07T10:07:59.661,0.956,20.86,1,1.6672858208207679e-06,0,17,85,,,
2026-07-07T10:08:00.162,0.9559,20.86,2,1.6798245669575142e-06,0,17,85,,,
2026-07-07T10:08:00.669,0.9559,20.86,1,1.6672858208207679e-06,0,17,85,,,
2026-07-07T10:08:01.158,0.956,20.86,1,1.6672858208207679e-06,0,17,85,,,
2026-07-07T10:08:01.664,0.956,20.86,2,1.6672858208207679e-06,0,17,85,,,
2026-07-07T10:08:02.169,0.956,20.86,1,1.6672858208207679e-06,0,17,85,,,
2026-07-07T10:08:02.659,0.9559,20.86,1,1.6672858208207679e-06,0,17,85,,,
2026-07-07T10:08:03.165,0.9559,20.86,2,1.6672858208207679e-06,0,17,85,,,
2026-07-07T10:08:03.671,0.956,20.86,1,1.6548406678828405e-06,0,17,85,,,
2026-07-07T10:08:04.161,0.9559,20.86,2,1.6548406678828405e-06,0,17,85,,,
2026-07-07T10:08:04.666,0.956,20.86,1,1.6548406678828405e-06,0,17,85,,,
2026-07-07T10:08:05.169,0.956,20.86,1,1.6672858208207679e-06,0,17,85,,,
2026-07-07T10:08:05.661,0.956,20.86,2,1.6672858208207679e-06,0,17,85,,,
2026-07-07T10:08:06.165,0.956,20.86,1,1.6798245669575142e-06,0,17,85,,,
2026-07-07T10:08:06.672,0.9559,20.86,2,1.6798245669575142e-06,0,17,85,,,
2026-07-07T10:08:07.163,0.956,20.86,1,1.6672858208207679e-06,0,17,85,,,
2026-07-07T10:08:07.666,0.956,20.86,1,1.6672858208207679e-06,0,17,85,,,
2026-07-07T10:08:08.169,0.956,20.86,2,1.6672858208207679e-06,0,17,85,,,
2026-07-07T10:08:08.664,0.956,20.86,1,1.6548406678828405e-06,0,17,85,,,
2026-07-07T10:08:09.171,0.956,20.86,2,1.6672858208207679e-06,0,17,85,,,
2026-07-07T10:08:09.665,0.9559,20.86,1,1.6548406678828405e-06,0,17,85,,,
2026-07-07T10:08:10.159,0.956,20.87,1,1.6798245669575142e-06,0,17,85,,,
2026-07-07T10:08:10.658,0.956,20.87,2,1.6672858208207679e-06,0,17,85,,,
2026-07-07T10:08:11.167,0.956,20.87,1,1.6672858208207679e-06,0,17,85,,,
2026-07-07T10:08:11.660,0.956,20.86,1,1.6798245669575142e-06,0,17,85,,,
2026-07-07T10:08:12.165,0.9559,20.87,2,1.6548406678828405e-06,0,17,85,,,
2026-07-07T10:08:12.671,0.9559,20.87,1,1.6672858208207679e-06,0,17,85,,,
2026-07-07T10:08:13.168,0.9559,20.87,2,1.6548406678828405e-06,0,17,85,,,
2026-07-07T10:08:13.671,0.956,20.87,1,1.6548406678828405e-06,0,17,85,,,
2026-07-07T10:08:14.164,0.956,20.87,1,1.6548406678828405e-06,0,17,85,,,
2026-07-07T10:08:14.660,0.956,20.87,2,1.6672858208207679e-06,0,17,85,,,
2026-07-07T10:08:15.168,0.956,20.87,1,1.6798245669575142e-06,0,17,85,,,
2026-07-07T10:08:15.660,0.956,20.87,1,1.6672858208207679e-06,0,17,85,,,
2026-07-07T10:08:16.169,0.9559,20.87,2,1.6672858208207679e-06,0,17,85,,,
2026-07-07T10:08:16.660,0.9559,20.87,1,1.6548406678828405e-06,0,17,85,,,
2026-07-07T10:08:17.170,0.956,20.87,2,1.6672858208207679e-06,0,17,85,,,
2026-07-07T10:08:17.662,0.956,20.87,1,1.6672858208207679e-06,0,17,85,,,
2026-07-07T10:08:18.170,0.956,20.87,1,1.6798245669575142e-06,0,17,85,,,
2026-07-07T10:08:18.659,0.9559,20.87,2,1.6672858208207679e-06,0,17,85,,,
2026-07-07T10:08:19.165,0.9561,20.87,1,1.6672858208207679e-06,0,17,85,,,
2026-07-07T10:08:19.658,0.956,20.87,2,1.6672858208207679e-06,0,17,85,,,
2026-07-07T10:08:20.165,0.9559,20.88,1,1.6672858208207679e-06,0,17,85,,,
2026-07-07T10:08:20.672,0.956,20.88,1,1.6672858208207679e-06,0,17,85,,,
2026-07-07T10:08:21.164,0.9559,20.88,2,1.6548406678828405e-06,0,17,85,,,
2026-07-07T10:08:21.670,0.956,20.88,1,1.6672858208207679e-06,0,17,85,,,
2026-07-07T10:08:22.172,0.9559,20.88,2,1.6672858208207679e-06,0,17,85,,,
2026-07-07T10:08:22.673,0.956,20.88,1,1.6672858208207679e-06,0,17,85,,,
2026-07-07T10:08:23.165,0.9559,20.88,2,1.6672858208207679e-06,0,17,85,,,
2026-07-07T10:08:23.670,0.956,20.88,1,1.6672858208207679e-06,0,17,85,,,
2026-07-07T10:08:24.172,0.956,20.88,1,1.6798245669575142e-06,0,17,85,,,
2026-07-07T10:08:24.667,0.9559,20.88,2,1.6672858208207679e-06,0,17,85,,,
2026-07-07T10:08:25.168,0.956,20.88,1,1.6548406678828405e-06,0,17,85,,,
2026-07-07T10:08:25.661,0.9559,20.88,2,1.6672858208207679e-06,0,17,85,,,
2026-07-07T10:08:26.165,0.956,20.88,1,1.6672858208207679e-06,0,17,85,,,
2026-07-07T10:08:26.671,0.956,20.88,1,1.6672858208207679e-06,0,17,85,,,
2026-07-07T10:08:27.168,0.9559,20.88,2,1.6798245669575142e-06,0,17,85,,,
2026-07-07T10:08:27.662,0.956,20.88,1,1.6672858208207679e-06,0,17,85,,,
2026-07-07T10:08:28.170,0.9559,20.88,2,1.6672858208207679e-06,0,17,85,,,
2026-07-07T10:08:28.664,0.956,20.88,1,1.6672858208207679e-06,0,17,85,,,
2026-07-07T10:08:29.173,0.956,20.88,1,1.6672858208207679e-06,0,17,85,,,
2026-07-07T10:08:29.666,0.9559,20.88,2,1.6548406678828405e-06,0,17,85,,,
2026-07-07T10:08:30.160,0.9559,20.88,1,1.6672858208207679e-06,0,17,85,,,
2026-07-07T10:08:30.673,0.9559,20.88,2,1.6672858208207679e-06,0,17,85,,,
2026-07-07T10:08:31.162,0.956,20.88,1,1.6672858208207679e-06,0,17,85,,,
2026-07-07T10:08:31.667,0.956,20.88,1,1.6672858208207679e-06,0,17,85,,,
2026-07-07T10:08:32.159,0.956,20.88,2,1.6672858208207679e-06,0,17,85,,,
2026-07-07T10:08:32.665,0.9559,20.88,1,1.6548406678828405e-06,0,17,85,,,
2026-07-07T10:08:33.170,0.956,20.88,2,1.6672858208207679e-06,0,17,85,,,
2026-07-07T10:08:33.662,0.956,20.88,1,1.6672858208207679e-06,0,17,85,,,
2026-07-07T10:08:34.167,0.9559,20.88,1,1.6548406678828405e-06,0,17,85,,,
2026-07-07T10:08:34.665,0.956,20.89,2,1.6672858208207679e-06,0,17,85,,,
2026-07-07T10:08:35.172,0.956,20.88,1,1.6798245669575142e-06,0,17,85,,,
2026-07-07T10:08:35.662,0.956,20.88,2,1.6798245669575142e-06,0,17,85,,,
2026-07-07T10:08:36.167,0.9559,20.89,1,1.6548406678828405e-06,0,17,85,,,
2026-07-07T10:08:36.664,0.956,20.88,1,1.6548406678828405e-06,0,17,85,,,
2026-07-07T10:08:37.170,0.9559,20.88,2,1.6672858208207679e-06,0,17,85,,,
2026-07-07T10:08:37.660,0.956,20.88,1,1.6672858208207679e-06,0,17,85,,,
2026-07-07T10:08:38.165,0.9559,20.89,2,1.6798245669575142e-06,0,17,85,,,
2026-07-07T10:08:38.671,0.9559,20.89,1,1.6548406678828405e-06,0,17,85,,,
2026-07-07T10:08:39.160,0.956,20.88,1,1.6798245669575142e-06,0,17,85,,,
2026-07-07T10:08:39.666,0.956,20.89,2,1.6548406678828405e-06,0,17,85,,,
2026-07-07T10:08:40.171,0.956,20.89,1,1.6672858208207679e-06,0,17,85,,,
2026-07-07T10:08:40.664,0.9559,20.89,2,1.6672858208207679e-06,0,17,85,,,
2026-07-07T10:08:41.172,0.956,20.89,1,1.6672858208207679e-06,0,17,85,,,
2026-07-07T10:08:41.669,0.956,20.89,2,1.6798245669575142e-06,0,17,85,,,
2026-07-07T10:08:42.167,0.956,20.89,1,1.6672858208207679e-06,0,17,85,,,
2026-07-07T10:08:42.670,0.956,20.89,1,1.6672858208207679e-06,0,17,85,,,
2026-07-07T10:08:43.172,0.956,20.89,2,1.6672858208207679e-06,0,17,85,,,
2026-07-07T10:08:43.661,0.956,20.89,1,1.6548406678828405e-06,0,17,85,,,
2026-07-07T10:08:44.161,0.9559,20.89,2,1.6672858208207679e-06,0,17,85,,,
2026-07-07T10:08:44.662,0.956,20.89,1,1.6798245669575142e-06,0,17,85,,,
2026-07-07T10:08:45.166,0.9559,20.89,1,1.6672858208207679e-06,0,17,85,,,
2026-07-07T10:08:45.671,0.956,20.89,2,1.6798245669575142e-06,0,17,85,,,
2026-07-07T10:08:46.161,0.956,20.89,1,1.6672858208207679e-06,0,17,85,,,
2026-07-07T10:08:46.664,0.956,20.89,1,1.6672858208207679e-06,0,17,85,,,
2026-07-07T10:08:47.166,0.9559,20.89,2,1.6798245669575142e-06,0,17,85,,,
2026-07-07T10:08:47.662,0.9559,20.89,1,1.6798245669575142e-06,0,17,85,,,
2026-07-07T10:08:48.162,0.9559,20.89,2,1.6672858208207679e-06,0,17,85,,,
2026-07-07T10:08:48.663,0.956,20.89,1,1.6672858208207679e-06,0,17,85,,,
2026-07-07T10:08:49.167,0.956,20.89,1,1.6798245669575142e-06,0,17,85,,,
2026-07-07T10:08:49.672,0.956,20.89,2,1.6548406678828405e-06,0,17,85,,,
2026-07-07T10:08:50.160,0.9559,20.89,1,1.6672858208207679e-06,0,17,85,,,
2026-07-07T10:08:50.663,0.9559,20.89,2,1.6672858208207679e-06,0,17,85,,,
2026-07-07T10:08:51.160,0.9559,20.89,1,1.6798245669575142e-06,0,17,85,,,
2026-07-07T10:08:51.662,0.956,20.89,1,1.6548406678828405e-06,0,17,85,,,
2026-07-07T10:08:52.162,0.9559,20.89,2,1.6548406678828405e-06,0,17,85,,,
2026-07-07T10:08:52.666,0.956,20.89,1,1.6672858208207679e-06,0,17,85,,,
2026-07-07T10:08:53.168,0.9559,20.89,2,1.6548406678828405e-06,0,17,85,,,
2026-07-07T10:08:53.670,0.9559,20.89,1,1.6548406678828405e-06,0,17,85,,,
2026-07-07T10:08:54.170,0.9559,20.89,1,1.6798245669575142e-06,0,17,85,,,
2026-07-07T10:08:54.669,0.9559,20.89,2,1.6672858208207679e-06,0,17,85,,,
2026-07-07T10:08:55.169,0.9559,20.89,1,1.6672858208207679e-06,0,17,85,,,
2026-07-07T10:08:55.670,0.956,20.9,2,1.6548406678828405e-06,0,17,85,,,
2026-07-07T10:08:56.168,0.956,20.89,1,1.6672858208207679e-06,0,17,85,,,
2026-07-07T10:08:56.670,0.956,20.9,1,1.6798245669575142e-06,0,17,85,,,
2026-07-07T10:08:57.173,0.9559,20.89,2,1.6548406678828405e-06,0,17,85,,,
2026-07-07T10:08:57.659,0.956,20.9,1,1.6672858208207679e-06,0,17,85,,,
2026-07-07T10:08:58.160,0.9559,20.9,2,1.6672858208207679e-06,0,17,85,,,
2026-07-07T10:08:58.662,0.9559,20.89,1,1.6548406678828405e-06,0,17,85,,,
2026-07-07T10:08:59.162,0.956,20.89,1,1.6672858208207679e-06,0,17,85,,,
2026-07-07T10:08:59.662,0.9559,20.89,2,1.6672858208207679e-06,0,17,85,,,
2026-07-07T10:09:00.164,0.956,20.9,1,1.6548406678828405e-06,0,17,85,,,
2026-07-07T10:09:00.664,0.9559,20.9,1,1.6548406678828405e-06,0,17,85,,,
2026-07-07T10:09:01.163,0.956,20.9,2,1.6548406678828405e-06,0,17,85,,,
2026-07-07T10:09:01.664,0.956,20.9,1,1.6672858208207679e-06,0,17,85,,,
2026-07-07T10:09:02.167,0.956,20.9,2,1.6672858208207679e-06,0,17,85,,,
2026-07-07T10:09:02.670,0.9559,20.9,1,1.6672858208207679e-06,0,17,85,,,
2026-07-07T10:09:03.159,0.9559,20.9,1,1.6672858208207679e-06,0,17,85,,,
2026-07-07T10:09:03.660,0.9559,20.9,2,1.6672858208207679e-06,0,17,85,,,
2026-07-07T10:09:04.164,0.9559,20.9,1,1.6672858208207679e-06,0,17,85,,,
2026-07-07T10:09:04.666,0.9559,20.9,2,1.6672858208207679e-06,0,17,85,,,
2026-07-07T10:09:05.168,0.956,20.9,1,1.6672858208207679e-06,0,17,85,,,
2026-07-07T10:09:05.668,0.956,20.9,1,1.6798245669575142e-06,0,17,85,,,
2026-07-07T10:09:06.170,0.9559,20.9,2,1.6672858208207679e-06,0,17,85,,,
2026-07-07T10:09:06.669,0.956,20.9,1,1.6672858208207679e-06,0,17,85,,,
2026-07-07T10:09:07.169,0.956,20.9,2,1.6672858208207679e-06,0,17,85,,,
2026-07-07T10:09:07.671,0.956,20.9,1,1.6672858208207679e-06,0,17,85,,,
2026-07-07T10:09:08.173,0.9559,20.9,1,1.6548406678828405e-06,0,17,85,,,
2026-07-07T10:09:08.660,0.9559,20.9,2,1.6798245669575142e-06,0,17,85,,,
2026-07-07T10:09:09.161,0.956,20.9,1,1.6798245669575142e-06,0,17,85,,,
2026-07-07T10:09:09.662,0.9559,20.9,2,1.6672858208207679e-06,0,17,85,,,
2026-07-07T10:09:10.167,0.956,20.9,1,1.6798245669575142e-06,0,17,85,,,
2026-07-07T10:09:10.667,0.956,20.9,1,1.6672858208207679e-06,0,17,85,,,
2026-07-07T10:09:11.170,0.9559,20.9,2,1.6672858208207679e-06,0,17,85,,,
2026-07-07T10:09:11.667,0.956,20.9,1,1.6672858208207679e-06,0,17,85,,,
2026-07-07T10:09:12.169,0.956,20.9,2,1.6672858208207679e-06,0,17,85,,,
2026-07-07T10:09:12.670,0.956,20.9,1,1.6548406678828405e-06,0,17,85,,,
2026-07-07T10:09:13.171,0.956,20.9,1,1.6672858208207679e-06,0,17,85,,,
2026-07-07T10:09:13.672,0.9559,20.9,2,1.6672858208207679e-06,0,17,85,,,
2026-07-07T10:09:14.174,0.956,20.9,1,1.6798245669575142e-06,0,17,85,,,
2026-07-07T10:09:14.659,0.9559,20.9,2,1.6548406678828405e-06,0,17,85,,,
2026-07-07T10:09:15.164,0.956,20.9,1,1.6548406678828405e-06,0,17,85,,,
2026-07-07T10:09:15.667,0.956,20.9,1,1.6672858208207679e-06,0,17,85,,,
2026-07-07T10:09:16.173,0.9559,20.9,2,1.6672858208207679e-06,0,17,85,,,
2026-07-07T10:09:16.660,0.956,20.9,1,1.6798245669575142e-06,0,17,85,,,
2026-07-07T10:09:17.161,0.956,20.9,2,1.6548406678828405e-06,0,17,85,,,
2026-07-07T10:09:17.666,0.956,20.9,1,1.6548406678828405e-06,0,17,85,,,
2026-07-07T10:09:18.170,0.9559,20.9,1,1.6672858208207679e-06,0,17,85,,,
2026-07-07T10:09:18.668,0.956,20.9,2,1.6548406678828405e-06,0,17,85,,,
2026-07-07T10:09:19.170,0.956,20.9,1,1.6672858208207679e-06,0,17,85,,,
2026-07-07T10:09:19.670,0.9559,20.9,2,1.6548406678828405e-06,0,17,85,,,
2026-07-07T10:09:20.175,0.9561,20.91,1,1.6672858208207679e-06,0,17,85,,,
2026-07-07T10:09:20.664,0.956,20.91,1,1.6672858208207679e-06,0,17,85,,,
2026-07-07T10:09:21.167,0.956,20.91,2,1.6548406678828405e-06,0,17,85,,,
2026-07-07T10:09:21.670,0.956,20.91,1,1.6548406678828405e-06,0,17,85,,,
2026-07-07T10:09:22.162,0.956,20.9,2,1.6548406678828405e-06,0,17,85,,,
2026-07-07T10:09:22.666,0.956,20.91,1,1.6672858208207679e-06,0,17,85,,,
2026-07-07T10:09:23.170,0.956,20.9,1,1.6672858208207679e-06,0,17,85,,,
2026-07-07T10:09:23.672,0.956,20.91,2,1.6672858208207679e-06,0,17,85,,,
2026-07-07T10:09:24.163,0.956,20.91,1,1.6424884095342596e-06,0,17,85,,,
2026-07-07T10:09:24.666,0.956,20.91,2,1.6672858208207679e-06,0,17,85,,,
2026-07-07T10:09:25.167,0.9559,20.91,1,1.6672858208207679e-06,0,17,85,,,
2026-07-07T10:09:25.671,0.956,20.9,1,1.6548406678828405e-06,0,17,85,,,
2026-07-07T10:09:26.173,0.956,20.91,2,1.6548406678828405e-06,0,17,85,,,
2026-07-07T10:09:26.673,0.956,20.91,1,1.6798245669575142e-06,0,17,85,,,
2026-07-07T10:09:27.161,0.956,20.9,2,1.6548406678828405e-06,0,17,85,,,
2026-07-07T10:09:27.662,0.9561,20.91,1,1.6548406678828405e-06,0,17,85,,,
2026-07-07T10:09:28.159,0.956,20.91,1,1.6798245669575142e-06,0,17,85,,,
2026-07-07T10:09:28.662,0.956,20.91,2,1.6672858208207679e-06,0,17,85,,,
2026-07-07T10:09:29.172,0.956,20.91,1,1.6672858208207679e-06,0,17,85,,,
2026-07-07T10:09:29.670,0.956,20.91,2,1.6548406678828405e-06,0,17,85,,,
2026-07-07T10:09:30.170,0.956,20.91,1,1.6548406678828405e-06,0,17,85,,,
2026-07-07T10:09:30.671,0.956,20.91,1,1.6548406678828405e-06,0,17,85,,,
2026-07-07T10:09:31.168,0.956,20.91,2,1.6548406678828405e-06,0,17,85,,,
2026-07-07T10:09:31.669,0.956,20.91,1,1.6548406678828405e-06,0,17,85,,,
2026-07-07T10:09:32.169,0.9559,20.91,2,1.6672858208207679e-06,0,17,85,,,
2026-07-07T10:09:32.659,0.956,20.91,1,1.6548406678828405e-06,0,17,85,,,
2026-07-07T10:09:33.159,0.9559,20.91,1,1.6424884095342596e-06,0,17,85,,,
2026-07-07T10:09:33.660,0.9559,20.91,2,1.6548406678828405e-06,0,17,85,,,
2026-07-07T10:09:34.162,0.9559,20.91,1,1.6672858208207679e-06,0,17,85,,,
2026-07-07T10:09:34.663,0.956,20.91,2,1.6548406678828405e-06,0,17,85,,,
2026-07-07T10:09:35.163,0.956,20.91,1,1.6548406678828405e-06,0,17,85,,,
2026-07-07T10:09:35.665,0.9559,20.91,1,1.6548406678828405e-06,0,17,85,,,
2026-07-07T10:09:36.167,0.956,20.91,2,1.6548406678828405e-06,0,17,85,,,
2026-07-07T10:09:36.668,0.9559,20.91,1,1.6672858208207679e-06,0,17,85,,,
2026-07-07T10:09:37.170,0.956,20.91,2,1.6548406678828405e-06,0,17,85,,,
2026-07-07T10:09:37.673,0.956,20.91,1,1.6548406678828405e-06,0,17,85,,,
2026-07-07T10:09:38.159,0.956,20.91,1,1.6548406678828405e-06,0,17,85,,,
2026-07-07T10:09:38.672,0.956,20.91,2,1.6672858208207679e-06,0,17,85,,,
2026-07-07T10:09:39.171,0.956,20.91,1,1.6548406678828405e-06,0,17,85,,,
2026-07-07T10:09:39.671,0.956,20.91,1,1.6548406678828405e-06,0,17,85,,,
2026-07-07T10:09:40.160,0.956,20.91,2,1.6672858208207679e-06,0,17,85,,,
2026-07-07T10:09:40.660,0.956,20.91,1,1.6548406678828405e-06,0,17,85,,,
2026-07-07T10:09:41.160,0.9559,20.91,2,1.6548406678828405e-06,0,17,85,,,
2026-07-07T10:09:41.663,0.956,20.91,1,1.6424884095342596e-06,0,17,85,,,
2026-07-07T10:09:42.164,0.9559,20.91,1,1.6672858208207679e-06,0,17,85,,,
2026-07-07T10:09:42.665,0.956,20.91,2,1.6548406678828405e-06,0,17,85,,,
2026-07-07T10:09:43.167,0.9559,20.91,1,1.6424884095342596e-06,0,17,85,,,
2026-07-07T10:09:43.672,0.9559,20.91,2,1.6672858208207679e-06,0,17,85,,,
2026-07-07T10:09:44.163,0.956,20.91,1,1.6672858208207679e-06,0,17,85,,,
2026-07-07T10:09:44.663,0.956,20.91,1,1.6548406678828405e-06,0,17,85,,,
2026-07-07T10:09:45.163,0.956,20.91,2,1.6548406678828405e-06,0,17,85,,,
2026-07-07T10:09:45.665,0.956,20.91,1,1.6672858208207679e-06,0,17,85,,,
2026-07-07T10:09:46.164,0.9559,20.91,1,1.6548406678828405e-06,0,17,85,,,
2026-07-07T10:09:46.665,0.956,20.91,2,1.6548406678828405e-06,0,17,85,,,
2026-07-07T10:09:47.172,0.956,20.91,1,1.6548406678828405e-06,0,17,85,,,
2026-07-07T10:09:47.673,0.956,20.91,2,1.6672858208207679e-06,0,17,85,,,
2026-07-07T10:09:48.172,0.9559,20.91,1,1.6548406678828405e-06,0,17,85,,,
2026-07-07T10:09:48.673,0.956,20.91,1,1.6424884095342596e-06,0,17,85,,,
2026-07-07T10:09:49.170,0.956,20.91,2,1.6548406678828405e-06,0,17,85,,,
2026-07-07T10:09:49.659,0.9559,20.91,1,1.6672858208207679e-06,0,17,85,,,
2026-07-07T10:09:50.160,0.956,20.91,2,1.6548406678828405e-06,0,17,85,,,
2026-07-07T10:09:50.668,0.9559,20.91,1,1.6548406678828405e-06,0,17,85,,,
2026-07-07T10:09:51.169,0.956,20.91,1,1.6798245669575142e-06,0,17,85,,,
2026-07-07T10:09:51.668,0.956,20.91,2,1.6672858208207679e-06,0,17,85,,,
2026-07-07T10:09:52.171,0.956,20.91,1,1.6548406678828405e-06,0,17,85,,,
2026-07-07T10:09:52.659,0.956,20.91,2,1.6672858208207679e-06,0,17,85,,,
2026-07-07T10:09:53.160,0.956,20.91,1,1.6672858208207679e-06,0,17,85,,,
2026-07-07T10:09:53.661,0.956,20.91,1,1.6548406678828405e-06,0,17,85,,,
2026-07-07T10:09:54.164,0.956,20.91,2,1.6798245669575142e-06,0,17,85,,,
2026-07-07T10:09:54.668,0.956,20.91,1,1.6672858208207679e-06,0,17,85,,,
2026-07-07T10:09:55.167,0.956,20.91,2,1.6672858208207679e-06,0,17,85,,,
2026-07-07T10:09:55.671,0.9559,20.91,1,1.6672858208207679e-06,0,17,85,,,
2026-07-07T10:09:56.171,0.9561,20.91,1,1.6548406678828405e-06,0,17,85,,,
2026-07-07T10:09:56.660,0.9559,20.91,2,1.6548406678828405e-06,0,17,85,,,
2026-07-07T10:09:57.165,0.956,20.91,1,1.6672858208207679e-06,0,17,85,,,
2026-07-07T10:09:57.669,0.956,20.91,2,1.6548406678828405e-06,0,17,85,,,
2026-07-07T10:09:58.167,0.956,20.91,1,1.6548406678828405e-06,0,17,85,,,
2026-07-07T10:09:58.670,0.956,20.91,1,1.6672858208207679e-06,0,17,85,,,
2026-07-07T10:09:59.158,0.956,20.91,2,1.6548406678828405e-06,0,17,85,,,
2026-07-07T10:09:59.665,0.956,20.91,1,1.6548406678828405e-06,0,17,85,,,
2026-07-07T10:10:00.172,0.956,20.91,2,1.6672858208207679e-06,0,17,85,,,
2026-07-07T10:10:00.660,0.9561,20.91,1,1.6672858208207679e-06,0,17,85,,,
2026-07-07T10:10:01.163,0.956,20.91,1,1.6548406678828405e-06,0,17,85,,,
2026-07-07T10:10:01.666,0.9559,20.91,2,1.6672858208207679e-06,0,17,85,,,
2026-07-07T10:10:02.165,0.956,20.91,1,1.6548406678828405e-06,0,17,85,,,
2026-07-07T10:10:02.668,0.956,20.91,1,1.6548406678828405e-06,0,17,85,,,
2026-07-07T10:10:03.168,0.956,20.91,2,1.6672858208207679e-06,0,17,85,,,
2026-07-07T10:10:03.670,0.956,20.91,1,1.6548406678828405e-06,0,17,85,,,
2026-07-07T10:10:04.173,0.956,20.91,2,1.6672858208207679e-06,0,17,85,,,
2026-07-07T10:10:04.672,0.956,20.91,1,1.6548406678828405e-06,0,17,85,,,
2026-07-07T10:10:05.173,0.956,20.91,1,1.6548406678828405e-06,0,17,85,,,
2026-07-07T10:10:05.672,0.9559,20.91,2,1.6548406678828405e-06,0,17,85,,,
2026-07-07T10:10:06.171,0.956,20.91,1,1.6548406678828405e-06,0,17,85,,,
2026-07-07T10:10:06.672,0.956,20.91,2,1.6424884095342596e-06,0,17,85,,,
2026-07-07T10:10:07.161,0.956,20.91,1,1.6672858208207679e-06,0,17,85,,,
2026-07-07T10:10:07.664,0.956,20.91,1,1.6548406678828405e-06,0,17,85,,,
2026-07-07T10:10:08.170,0.956,20.91,2,1.6548406678828405e-06,0,17,85,,,
2026-07-07T10:10:08.672,0.956,20.91,1,1.6672858208207679e-06,0,17,85,,,
2026-07-07T10:10:09.159,0.956,20.91,2,1.6672858208207679e-06,0,17,85,,,
2026-07-07T10:10:09.663,0.956,20.91,1,1.6548406678828405e-06,0,17,85,,,
2026-07-07T10:10:10.163,0.956,20.91,1,1.6548406678828405e-06,0,17,85,,,
2026-07-07T10:10:10.667,0.956,20.91,2,1.6672858208207679e-06,0,17,85,,,
2026-07-07T10:10:11.167,0.956,20.91,1,1.6672858208207679e-06,0,17,85,,,
2026-07-07T10:10:11.670,0.956,20.91,2,1.6548406678828405e-06,0,17,85,,,
2026-07-07T10:10:12.169,0.956,20.91,1,1.6672858208207679e-06,0,17,85,,,
2026-07-07T10:10:12.670,0.956,20.91,1,1.6548406678828405e-06,0,17,85,,,
2026-07-07T10:10:13.171,0.956,20.91,2,1.6424884095342596e-06,0,17,85,,,
2026-07-07T10:10:13.659,0.956,20.91,1,1.6548406678828405e-06,0,17,85,,,
2026-07-07T10:10:14.159,0.956,20.91,2,1.6548406678828405e-06,0,17,85,,,
2026-07-07T10:10:14.662,0.9559,20.91,1,1.6672858208207679e-06,0,17,85,,,
2026-07-07T10:10:15.162,0.956,20.91,1,1.6672858208207679e-06,0,17,85,,,
2026-07-07T10:10:15.666,0.956,20.91,2,1.6548406678828405e-06,0,17,85,,,
2026-07-07T10:10:16.168,0.956,20.91,1,1.6548406678828405e-06,0,17,85,,,
2026-07-07T10:10:16.671,0.956,20.91,2,1.6548406678828405e-06,0,17,85,,,
2026-07-07T10:10:17.161,0.956,20.91,1,1.6548406678828405e-06,0,17,85,,,
2026-07-07T10:10:17.662,0.956,20.91,1,1.6672858208207679e-06,0,17,85,,,
2026-07-07T10:10:18.169,0.956,20.91,2,1.6548406678828405e-06,0,17,85,,,
2026-07-07T10:10:18.659,0.956,20.91,1,1.6548406678828405e-06,0,17,85,,,
2026-07-07T10:10:19.165,0.956,20.91,2,1.6672858208207679e-06,0,17,85,,,
2026-07-07T10:10:19.663,0.956,20.91,1,1.6672858208207679e-06,0,17,85,,,
2026-07-07T10:10:20.167,0.9561,20.91,1,1.6548406678828405e-06,0,17,85,,,
2026-07-07T10:10:20.668,0.956,20.91,2,1.6548406678828405e-06,0,17,85,,,
2026-07-07T10:10:21.170,0.9561,20.91,1,1.6548406678828405e-06,0,17,85,,,
2026-07-07T10:10:21.672,0.956,20.91,2,1.6548406678828405e-06,0,17,85,,,
2026-07-07T10:10:22.161,0.956,20.91,1,1.6548406678828405e-06,0,17,85,,,
2026-07-07T10:10:22.665,0.9559,20.91,1,1.6424884095342596e-06,0,17,85,,,
2026-07-07T10:10:23.170,0.956,20.91,2,1.6672858208207679e-06,0,17,85,,,
2026-07-07T10:10:23.667,0.956,20.91,1,1.6548406678828405e-06,0,17,85,,,
2026-07-07T10:10:24.170,0.956,20.91,2,1.6548406678828405e-06,0,17,85,,,
2026-07-07T10:10:24.661,0.9561,20.91,1,1.6424884095342596e-06,0,17,85,,,
2026-07-07T10:10:25.160,0.956,20.91,1,1.6548406678828405e-06,0,17,85,,,
2026-07-07T10:10:25.662,0.956,20.91,2,1.6548406678828405e-06,0,17,85,,,
2026-07-07T10:10:26.161,0.956,20.91,1,1.6424884095342596e-06,0,17,85,,,
2026-07-07T10:10:26.659,0.956,20.91,2,1.6548406678828405e-06,0,17,85,,,
2026-07-07T10:10:27.160,0.956,20.91,1,1.6548406678828405e-06,0,17,85,,,
2026-07-07T10:10:27.664,0.9561,20.91,1,1.6548406678828405e-06,0,17,85,,,
2026-07-07T10:10:28.162,0.956,20.91,2,1.6672858208207679e-06,0,17,85,,,
2026-07-07T10:10:28.662,0.956,20.9,1,1.6548406678828405e-06,0,17,85,,,
2026-07-07T10:10:29.160,0.956,20.91,2,1.6548406678828405e-06,0,17,85,,,
2026-07-07T10:10:29.663,0.956,20.91,1,1.6672858208207679e-06,0,17,85,,,
2026-07-07T10:10:30.160,0.9559,20.9,1,1.6548406678828405e-06,0,17,85,,,
2026-07-07T10:10:30.661,0.9559,20.91,2,1.6548406678828405e-06,0,17,85,,,
2026-07-07T10:10:31.159,0.956,20.9,1,1.6548406678828405e-06,0,17,85,,,
2026-07-07T10:10:31.658,0.956,20.91,2,1.6548406678828405e-06,0,17,85,,,
2026-07-07T10:10:32.173,0.956,20.91,1,1.6548406678828405e-06,0,17,85,,,
2026-07-07T10:10:32.659,0.956,20.91,1,1.6672858208207679e-06,0,17,85,,,
2026-07-07T10:10:33.163,0.956,20.91,2,1.6548406678828405e-06,0,17,85,,,
2026-07-07T10:10:33.659,0.956,20.91,1,1.6424884095342596e-06,0,17,85,,,
2026-07-07T10:10:34.173,0.956,20.9,2,1.6424884095342596e-06,0,17,85,,,
2026-07-07T10:10:34.671,0.956,20.9,1,1.6548406678828405e-06,0,17,85,,,
2026-07-07T10:10:35.170,0.956,20.9,1,1.6424884095342596e-06,0,17,85,,,
2026-07-07T10:10:35.670,0.956,20.9,2,1.6424884095342596e-06,1,18,85,2026-07-07T10:10:35.667367,85,1
2026-07-07T10:10:36.168,0.956,20.9,1,1.783589476512413e-06,0,18,85,,,
2026-07-07T10:10:36.670,0.956,20.9,2,1.6424884095342596e-06,0,18,85,,,
2026-07-07T10:10:37.167,0.9561,20.9,1,1.6548406678828405e-06,0,18,85,,,
2026-07-07T10:10:37.666,0.9561,20.9,1,1.6548406678828405e-06,0,18,85,,,
2026-07-07T10:10:38.166,0.956,20.9,2,1.6548406678828405e-06,0,18,85,,,
2026-07-07T10:10:38.665,0.956,20.9,1,1.6424884095342596e-06,0,18,85,,,
2026-07-07T10:10:39.161,0.956,20.9,2,1.6424884095342596e-06,0,18,85,,,
2026-07-07T10:10:39.660,0.9559,20.9,1,1.6672858208207679e-06,0,18,85,,,
2026-07-07T10:10:40.171,0.9559,20.9,1,1.6424884095342596e-06,0,18,85,,,
2026-07-07T10:10:40.657,0.956,20.9,2,1.6672858208207679e-06,0,18,85,,,
2026-07-07T10:10:41.172,0.9561,20.9,1,1.6672858208207679e-06,0,18,85,,,
2026-07-07T10:10:41.669,0.956,20.9,2,1.6424884095342596e-06,0,18,85,,,
2026-07-07T10:10:42.169,0.9561,20.9,1,1.6548406678828405e-06,0,18,85,,,
2026-07-07T10:10:42.666,0.956,20.9,1,1.6548406678828405e-06,0,18,85,,,
2026-07-07T10:10:43.164,0.956,20.9,2,1.6672858208207679e-06,0,18,85,,,
2026-07-07T10:10:43.663,0.9561,20.9,1,1.6548406678828405e-06,0,18,85,,,
2026-07-07T10:10:44.162,0.956,20.9,2,1.6548406678828405e-06,0,18,85,,,
2026-07-07T10:10:44.664,0.9561,20.9,1,1.6672858208207679e-06,0,18,85,,,
2026-07-07T10:10:45.165,0.956,20.89,2,1.6548406678828405e-06,0,18,85,,,
2026-07-07T10:10:45.662,0.956,20.9,1,1.6548406678828405e-06,0,18,85,,,
2026-07-07T10:10:46.161,0.9559,20.9,1,1.6672858208207679e-06,0,18,85,,,
2026-07-07T10:10:46.673,0.956,20.89,1,1.6548406678828405e-06,0,18,85,,,
2026-07-07T10:10:47.158,0.956,20.89,2,1.6672858208207679e-06,0,18,85,,,
2026-07-07T10:10:47.658,0.956,20.89,1,1.6548406678828405e-06,0,18,85,,,
2026-07-07T10:10:48.172,0.9561,20.89,1,1.6424884095342596e-06,0,18,85,,,
2026-07-07T10:10:48.671,0.956,20.89,2,1.6548406678828405e-06,0,18,85,,,
2026-07-07T10:10:49.171,0.956,20.89,1,1.6672858208207679e-06,0,18,85,,,
2026-07-07T10:10:49.668,0.956,20.89,2,1.6548406678828405e-06,0,18,85,,,
2026-07-07T10:10:50.166,0.956,20.89,1,1.6672858208207679e-06,0,18,85,,,
2026-07-07T10:10:50.666,0.956,20.89,1,1.6548406678828405e-06,0,18,85,,,
2026-07-07T10:10:51.169,0.956,20.89,2,1.6548406678828405e-06,0,18,85,,,
2026-07-07T10:10:51.668,0.956,20.89,1,1.6672858208207679e-06,0,18,85,,,
2026-07-07T10:10:52.165,0.956,20.89,2,1.6548406678828405e-06,0,18,85,,,
2026-07-07T10:10:52.663,0.956,20.88,1,1.6424884095342596e-06,0,18,85,,,
2026-07-07T10:10:53.162,0.956,20.89,2,1.6672858208207679e-06,0,18,85,,,
2026-07-07T10:10:53.663,0.956,20.89,1,1.6548406678828405e-06,0,18,85,,,
2026-07-07T10:10:54.159,0.956,20.89,1,1.6672858208207679e-06,0,18,85,,,
2026-07-07T10:10:54.672,0.956,20.88,2,1.6548406678828405e-06,0,18,85,,,
2026-07-07T10:10:55.172,0.956,20.89,1,1.6548406678828405e-06,0,18,85,,,
2026-07-07T10:10:55.658,0.956,20.88,2,1.6548406678828405e-06,0,18,85,,,
2026-07-07T10:10:56.161,0.956,20.88,1,1.6548406678828405e-06,0,18,85,,,
2026-07-07T10:10:56.666,0.956,20.89,1,1.6548406678828405e-06,0,18,85,,,
2026-07-07T10:10:57.168,0.956,20.88,2,1.6548406678828405e-06,0,18,85,,,
2026-07-07T10:10:57.669,0.956,20.88,1,1.6424884095342596e-06,0,18,85,,,
2026-07-07T10:10:58.169,0.956,20.88,2,1.6548406678828405e-06,0,18,85,,,
2026-07-07T10:10:58.664,0.956,20.88,1,1.6672858208207679e-06,0,18,85,,,
2026-07-07T10:10:59.163,0.956,20.88,1,1.6548406678828405e-06,0,18,85,,,
2026-07-07T10:10:59.665,0.956,20.88,1,1.6424884095342596e-06,0,18,85,,,
2026-07-07T10:11:00.166,0.956,20.88,2,1.6548406678828405e-06,0,18,85,,,
2026-07-07T10:11:00.667,0.956,20.88,1,1.6548406678828405e-06,0,18,85,,,
2026-07-07T10:11:01.167,0.956,20.88,2,1.6424884095342596e-06,0,18,85,,,
2026-07-07T10:11:01.666,0.956,20.88,1,1.6424884095342596e-06,0,18,85,,,
2026-07-07T10:11:02.166,0.956,20.88,1,1.6548406678828405e-06,0,18,85,,,
2026-07-07T10:11:02.667,0.956,20.88,2,1.6672858208207679e-06,0,18,85,,,
2026-07-07T10:11:03.162,0.9559,20.88,1,1.6548406678828405e-06,0,18,85,,,
2026-07-07T10:11:03.659,0.956,20.88,2,1.6548406678828405e-06,0,18,85,,,
2026-07-07T10:11:04.160,0.956,20.88,1,1.6548406678828405e-06,0,18,85,,,
2026-07-07T10:11:04.658,0.956,20.87,1,1.6548406678828405e-06,0,18,85,,,
2026-07-07T10:11:05.168,0.956,20.88,2,1.6548406678828405e-06,0,18,85,,,
2026-07-07T10:11:05.669,0.956,20.87,1,1.6548406678828405e-06,0,18,85,,,
2026-07-07T10:11:06.168,0.9561,20.88,2,1.6548406678828405e-06,0,18,85,,,
2026-07-07T10:11:06.669,0.9561,20.87,1,1.6548406678828405e-06,0,18,85,,,
2026-07-07T10:11:07.167,0.956,20.87,1,1.6548406678828405e-06,0,18,85,,,
2026-07-07T10:11:07.665,0.956,20.87,2,1.6424884095342596e-06,0,18,85,,,
2026-07-07T10:11:08.163,0.956,20.87,1,1.6548406678828405e-06,0,18,85,,,
2026-07-07T10:11:08.673,0.956,20.87,2,1.6548406678828405e-06,0,18,85,,,
2026-07-07T10:11:09.169,0.9561,20.87,1,1.6548406678828405e-06,0,18,85,,,
2026-07-07T10:11:09.671,0.956,20.87,2,1.6548406678828405e-06,0,18,85,,,
2026-07-07T10:11:10.169,0.9561,20.87,1,1.6672858208207679e-06,0,18,85,,,
2026-07-07T10:11:10.670,0.9561,20.87,1,1.6548406678828405e-06,0,18,85,,,
2026-07-07T10:11:11.169,0.9559,20.87,2,1.6548406678828405e-06,0,18,85,,,
2026-07-07T10:11:11.665,0.9561,20.87,1,1.6548406678828405e-06,0,18,85,,,
2026-07-07T10:11:12.167,0.956,20.87,2,1.6548406678828405e-06,0,18,85,,,
2026-07-07T10:11:12.665,0.956,20.87,1,1.6548406678828405e-06,0,18,85,,,
2026-07-07T10:11:13.165,0.956,20.87,1,1.6424884095342596e-06,0,18,85,,,
2026-07-07T10:11:13.664,0.9559,20.87,2,1.6548406678828405e-06,0,18,85,,,
2026-07-07T10:11:14.162,0.956,20.87,1,1.6548406678828405e-06,0,18,85,,,
2026-07-07T10:11:14.660,0.9559,20.86,2,1.6548406678828405e-06,0,18,85,,,
2026-07-07T10:11:15.163,0.956,20.86,1,1.6548406678828405e-06,0,18,85,,,
2026-07-07T10:11:15.664,0.9561,20.86,1,1.6548406678828405e-06,0,18,85,,,
2026-07-07T10:11:16.164,0.956,20.86,2,1.6548406678828405e-06,0,18,85,,,
2026-07-07T10:11:16.662,0.9561,20.86,1,1.6548406678828405e-06,0,18,85,,,
2026-07-07T10:11:17.162,0.956,20.86,1,1.6548406678828405e-06,0,18,85,,,
2026-07-07T10:11:17.664,0.956,20.86,2,1.6548406678828405e-06,0,18,85,,,
2026-07-07T10:11:18.164,0.956,20.86,1,1.6548406678828405e-06,0,18,85,,,
2026-07-07T10:11:18.669,0.956,20.86,2,1.6548406678828405e-06,0,18,85,,,
2026-07-07T10:11:19.167,0.956,20.86,1,1.6548406678828405e-06,0,18,85,,,
2026-07-07T10:11:19.668,0.956,20.86,2,1.6672858208207679e-06,0,18,85,,,
2026-07-07T10:11:20.170,0.9559,20.86,1,1.6548406678828405e-06,0,18,85,,,
2026-07-07T10:11:20.672,0.956,20.86,1,1.6548406678828405e-06,0,18,85,,,
2026-07-07T10:11:21.172,0.956,20.86,2,1.6548406678828405e-06,0,18,85,,,
2026-07-07T10:11:21.674,0.956,20.86,1,1.6548406678828405e-06,0,18,85,,,
2026-07-07T10:11:22.170,0.956,20.86,1,1.6424884095342596e-06,0,18,85,,,
2026-07-07T10:11:22.672,0.956,20.86,2,1.6424884095342596e-06,0,18,85,,,
2026-07-07T10:11:23.170,0.956,20.86,1,1.6424884095342596e-06,0,18,85,,,
2026-07-07T10:11:23.667,0.956,20.86,2,1.6424884095342596e-06,0,18,85,,,
2026-07-07T10:11:24.167,0.956,20.86,1,1.6548406678828405e-06,0,18,85,,,
2026-07-07T10:11:24.667,0.9561,20.86,1,1.6424884095342596e-06,0,18,85,,,
2026-07-07T10:11:25.166,0.956,20.86,2,1.6424884095342596e-06,0,18,85,,,
2026-07-07T10:11:25.668,0.956,20.86,1,1.6672858208207679e-06,0,18,85,,,
2026-07-07T10:11:26.169,0.956,20.86,2,1.6548406678828405e-06,0,18,85,,,
2026-07-07T10:11:26.658,0.956,20.86,1,1.6424884095342596e-06,0,18,85,,,
2026-07-07T10:11:27.174,0.956,20.86,1,1.6548406678828405e-06,0,18,85,,,
2026-07-07T10:11:27.659,0.956,20.86,2,1.6424884095342596e-06,0,18,85,,,
2026-07-07T10:11:28.161,0.956,20.86,1,1.6424884095342596e-06,0,18,85,,,
2026-07-07T10:11:28.659,0.956,20.86,2,1.6548406678828405e-06,0,18,85,,,
2026-07-07T10:11:29.173,0.956,20.86,1,1.6424884095342596e-06,0,18,85,,,
2026-07-07T10:11:29.672,0.956,20.85,1,1.6548406678828405e-06,0,18,85,,,
2026-07-07T10:11:30.169,0.956,20.86,2,1.6548406678828405e-06,0,18,85,,,
2026-07-07T10:11:30.670,0.956,20.85,1,1.6548406678828405e-06,0,18,85,,,
2026-07-07T10:11:31.167,0.956,20.86,2,1.6672858208207679e-06,0,18,85,,,
2026-07-07T10:11:31.667,0.956,20.86,1,1.6424884095342596e-06,0,18,85,,,
2026-07-07T10:11:32.165,0.956,20.85,1,1.6548406678828405e-06,0,18,85,,,
2026-07-07T10:11:32.665,0.956,20.86,2,1.6424884095342596e-06,0,18,85,,,
2026-07-07T10:11:33.165,0.956,20.86,1,1.6548406678828405e-06,0,18,85,,,
2026-07-07T10:11:33.662,0.956,20.86,2,1.6548406678828405e-06,0,18,85,,,
2026-07-07T10:11:34.163,0.956,20.85,1,1.6424884095342596e-06,0,18,85,,,
2026-07-07T10:11:34.664,0.9559,20.85,1,1.6424884095342596e-06,0,18,85,,,
2026-07-07T10:11:35.162,0.956,20.85,2,1.6424884095342596e-06,0,18,85,,,
2026-07-07T10:11:35.661,0.956,20.86,1,1.6548406678828405e-06,0,18,85,,,
2026-07-07T10:11:36.161,0.956,20.86,2,1.6548406678828405e-06,0,18,85,,,
2026-07-07T10:11:36.660,0.956,20.85,1,1.6424884095342596e-06,0,18,85,,,
2026-07-07T10:11:37.160,0.956,20.85,1,1.6672858208207679e-06,0,18,85,,,
2026-07-07T10:11:37.659,0.956,20.85,2,1.6548406678828405e-06,0,18,85,,,
2026-07-07T10:11:38.171,0.9559,20.86,1,1.6548406678828405e-06,0,18,85,,,
2026-07-07T10:11:38.668,0.956,20.86,2,1.6548406678828405e-06,0,18,85,,,
2026-07-07T10:11:39.169,0.956,20.85,1,1.6548406678828405e-06,0,18,85,,,
2026-07-07T10:11:39.673,0.9561,20.85,1,1.6672858208207679e-06,0,18,85,,,
2026-07-07T10:11:40.173,0.956,20.85,2,1.6424884095342596e-06,0,18,85,,,
2026-07-07T10:11:40.661,0.956,20.85,1,1.6424884095342596e-06,0,18,85,,,
2026-07-07T10:11:41.163,0.956,20.85,2,1.6548406678828405e-06,0,18,85,,,
2026-07-07T10:11:41.661,0.956,20.85,1,1.6424884095342596e-06,0,18,85,,,
2026-07-07T10:11:42.163,0.956,20.85,1,1.6548406678828405e-06,0,18,85,,,
2026-07-07T10:11:42.666,0.956,20.85,2,1.6424884095342596e-06,0,18,85,,,
2026-07-07T10:11:43.164,0.956,20.86,1,1.6424884095342596e-06,0,18,85,,,
2026-07-07T10:11:43.662,0.956,20.85,2,1.6548406678828405e-06,0,18,85,,,
2026-07-07T10:11:44.161,0.956,20.85,1,1.6424884095342596e-06,0,18,85,,,
2026-07-07T10:11:44.659,0.956,20.85,1,1.6424884095342596e-06,0,18,85,,,
2026-07-07T10:11:45.172,0.9559,20.86,2,1.6548406678828405e-06,0,18,85,,,
2026-07-07T10:11:45.671,0.9559,20.85,1,1.6424884095342596e-06,0,18,85,,,
2026-07-07T10:11:46.173,0.956,20.85,2,1.6548406678828405e-06,0,18,85,,,
2026-07-07T10:11:46.658,0.9561,20.85,1,1.6548406678828405e-06,0,18,85,,,
2026-07-07T10:11:47.160,0.956,20.85,1,1.6424884095342596e-06,0,18,85,,,
2026-07-07T10:11:47.658,0.9559,20.85,2,1.6548406678828405e-06,0,18,85,,,
2026-07-07T10:11:48.173,0.956,20.85,1,1.6548406678828405e-06,0,18,85,,,
2026-07-07T10:11:48.675,0.9559,20.85,2,1.6548406678828405e-06,0,18,85,,,
2026-07-07T10:11:49.171,0.956,20.85,1,1.6548406678828405e-06,0,18,85,,,
2026-07-07T10:11:49.668,0.9561,20.85,1,1.6424884095342596e-06,0,18,85,,,
2026-07-07T10:11:50.167,0.956,20.85,2,1.6548406678828405e-06,0,18,85,,,
2026-07-07T10:11:50.667,0.956,20.85,1,1.6548406678828405e-06,0,18,85,,,
2026-07-07T10:11:51.164,0.956,20.85,2,1.6302283523801933e-06,0,18,85,,,
2026-07-07T10:11:51.666,0.9559,20.85,1,1.6548406678828405e-06,0,18,85,,,
2026-07-07T10:11:52.165,0.956,20.85,1,1.6302283523801933e-06,0,18,85,,,
2026-07-07T10:11:52.665,0.956,20.85,2,1.6672858208207679e-06,0,18,85,,,
2026-07-07T10:11:53.163,0.956,20.85,1,1.6548406678828405e-06,0,18,85,,,
2026-07-07T10:11:53.662,0.956,20.85,2,1.6424884095342596e-06,0,18,85,,,
2026-07-07T10:11:54.166,0.956,20.85,1,1.6424884095342596e-06,0,18,85,,,
2026-07-07T10:11:54.666,0.9559,20.85,1,1.6548406678828405e-06,0,18,85,,,
2026-07-07T10:11:55.163,0.956,20.85,2,1.6424884095342596e-06,0,18,85,,,
2026-07-07T10:11:55.661,0.956,20.85,1,1.6424884095342596e-06,0,18,85,,,
2026-07-07T10:11:56.160,0.956,20.85,2,1.6548406678828405e-06,0,18,85,,,
2026-07-07T10:11:56.674,0.956,20.85,1,1.6548406678828405e-06,0,18,85,,,
2026-07-07T10:11:57.173,0.956,20.85,1,1.6548406678828405e-06,0,18,85,,,
2026-07-07T10:11:57.670,0.956,20.85,2,1.6424884095342596e-06,0,18,85,,,
2026-07-07T10:11:58.161,0.956,20.85,1,1.6548406678828405e-06,0,18,85,,,
2026-07-07T10:11:58.664,0.956,20.85,2,1.6424884095342596e-06,0,18,85,,,
2026-07-07T10:11:59.160,0.956,20.85,1,1.6548406678828405e-06,0,18,85,,,
2026-07-07T10:11:59.673,0.956,20.85,2,1.6424884095342596e-06,0,18,85,,,
2026-07-07T10:12:00.171,0.956,20.85,1,1.6424884095342596e-06,0,18,85,,,
2026-07-07T10:12:00.668,0.9559,20.85,1,1.6424884095342596e-06,0,18,85,,,
2026-07-07T10:12:01.166,0.956,20.85,2,1.6424884095342596e-06,0,18,85,,,
2026-07-07T10:12:01.666,0.956,20.85,1,1.6424884095342596e-06,0,18,85,,,
2026-07-07T10:12:02.167,0.956,20.85,1,1.6548406678828405e-06,0,18,85,,,
2026-07-07T10:12:02.664,0.9559,20.85,2,1.6548406678828405e-06,0,18,85,,,
2026-07-07T10:12:03.160,0.9559,20.85,1,1.6424884095342596e-06,0,18,85,,,
2026-07-07T10:12:03.662,0.956,20.85,2,1.6548406678828405e-06,0,18,85,,,
2026-07-07T10:12:04.159,0.9561,20.85,1,1.6424884095342596e-06,0,18,85,,,
2026-07-07T10:12:04.659,0.956,20.85,1,1.6424884095342596e-06,0,18,85,,,
2026-07-07T10:12:05.174,0.956,20.85,2,1.6798245669575142e-06,0,18,85,,,
2026-07-07T10:12:05.672,0.956,20.85,1,1.6302283523801933e-06,0,18,85,,,
2026-07-07T10:12:06.171,0.956,20.85,2,1.6548406678828405e-06,0,18,85,,,
2026-07-07T10:12:06.666,0.956,20.85,1,1.6548406678828405e-06,0,18,85,,,
2026-07-07T10:12:07.163,0.956,20.85,1,1.6424884095342596e-06,0,18,85,,,
2026-07-07T10:12:07.660,0.956,20.85,2,1.6798245669575142e-06,0,18,85,,,
2026-07-07T10:12:08.159,0.956,20.85,1,1.6548406678828405e-06,0,18,85,,,
2026-07-07T10:12:08.658,0.956,20.85,2,1.6424884095342596e-06,0,18,85,,,
2026-07-07T10:12:09.171,0.956,20.85,1,1.6424884095342596e-06,0,18,85,,,
2026-07-07T10:12:09.671,0.956,20.85,1,1.6548406678828405e-06,0,18,85,,,
2026-07-07T10:12:10.168,0.956,20.85,2,1.6548406678828405e-06,0,18,85,,,
2026-07-07T10:12:10.663,0.956,20.85,1,1.6424884095342596e-06,0,18,85,,,
2026-07-07T10:12:11.164,0.9559,20.85,1,1.6424884095342596e-06,0,18,85,,,
2026-07-07T10:12:11.667,0.956,20.85,2,1.6548406678828405e-06,0,18,85,,,
2026-07-07T10:12:12.170,0.956,20.85,1,1.6548406678828405e-06,0,18,85,,,
2026-07-07T10:12:12.667,0.956,20.85,2,1.6424884095342596e-06,0,18,85,,,
2026-07-07T10:12:13.167,0.9559,20.85,1,1.6424884095342596e-06,0,18,85,,,
2026-07-07T10:12:13.666,0.956,20.85,1,1.6424884095342596e-06,0,18,85,,,
2026-07-07T10:12:14.160,0.956,20.85,2,1.6424884095342596e-06,0,18,85,,,
2026-07-07T10:12:14.662,0.956,20.85,1,1.6548406678828405e-06,0,18,85,,,
2026-07-07T10:12:15.173,0.956,20.85,2,1.6424884095342596e-06,0,18,85,,,
2026-07-07T10:12:15.667,0.956,20.85,1,1.6424884095342596e-06,0,18,85,,,
2026-07-07T10:12:16.169,0.956,20.85,2,1.6424884095342596e-06,0,18,85,,,
2026-07-07T10:12:16.665,0.956,20.85,1,1.6302283523801933e-06,0,18,85,,,
2026-07-07T10:12:17.164,0.9559,20.85,1,1.6424884095342596e-06,0,18,85,,,
2026-07-07T10:12:17.663,0.956,20.85,2,1.6548406678828405e-06,0,18,85,,,
2026-07-07T10:12:18.159,0.956,20.85,1,1.6302283523801933e-06,0,18,85,,,
2026-07-07T10:12:18.658,0.956,20.85,1,1.6548406678828405e-06,0,18,85,,,
2026-07-07T10:12:19.158,0.956,20.85,2,1.6548406678828405e-06,0,18,85,,,
2026-07-07T10:12:19.673,0.9559,20.85,1,1.6424884095342596e-06,0,18,85,,,
2026-07-07T10:12:20.161,0.956,20.86,2,1.6548406678828405e-06,0,18,85,,,
2026-07-07T10:12:20.674,0.956,20.85,1,1.6424884095342596e-06,0,18,85,,,
2026-07-07T10:12:21.159,0.956,20.85,1,1.6424884095342596e-06,0,18,85,,,
2026-07-07T10:12:21.658,0.9559,20.85,2,1.6424884095342596e-06,0,18,85,,,
2026-07-07T10:12:22.174,0.956,20.85,1,1.6424884095342596e-06,0,18,85,,,
2026-07-07T10:12:22.673,0.9559,20.86,2,1.6424884095342596e-06,0,18,85,,,
2026-07-07T10:12:23.171,0.9561,20.85,1,1.6548406678828405e-06,0,18,85,,,
2026-07-07T10:12:23.657,0.956,20.85,1,1.6548406678828405e-06,0,18,85,,,
2026-07-07T10:12:24.171,0.956,20.86,2,1.6548406678828405e-06,0,18,85,,,
2026-07-07T10:12:24.667,0.956,20.86,1,1.6548406678828405e-06,0,18,85,,,
2026-07-07T10:12:25.166,0.956,20.85,2,1.6302283523801933e-06,0,18,85,,,
2026-07-07T10:12:25.663,0.956,20.85,1,1.6424884095342596e-06,0,18,85,,,
2026-07-07T10:12:26.159,0.956,20.85,1,1.6548406678828405e-06,0,18,85,,,
2026-07-07T10:12:26.671,0.956,20.86,2,1.6672858208207679e-06,0,18,85,,,
2026-07-07T10:12:27.172,0.956,20.85,1,1.6424884095342596e-06,0,18,85,,,
2026-07-07T10:12:27.658,0.9559,20.86,2,1.6548406678828405e-06,0,18,85,,,
2026-07-07T10:12:28.163,0.9559,20.85,1,1.6548406678828405e-06,0,18,85,,,
2026-07-07T10:12:28.662,0.956,20.85,2,1.6548406678828405e-06,0,18,85,,,
2026-07-07T10:12:29.164,0.956,20.86,1,1.6424884095342596e-06,0,18,85,,,
2026-07-07T10:12:29.661,0.956,20.85,1,1.6302283523801933e-06,0,18,85,,,
2026-07-07T10:12:30.159,0.9559,20.85,2,1.6424884095342596e-06,0,18,85,,,
2026-07-07T10:12:30.669,0.9559,20.86,1,1.6424884095342596e-06,0,18,85,,,
2026-07-07T10:12:31.170,0.9559,20.86,2,1.6548406678828405e-06,0,18,85,,,
2026-07-07T10:12:31.668,0.956,20.86,1,1.6424884095342596e-06,0,18,85,,,
2026-07-07T10:12:32.167,0.956,20.85,1,1.6424884095342596e-06,0,18,85,,,
2026-07-07T10:12:32.666,0.956,20.86,2,1.6424884095342596e-06,0,18,85,,,
2026-07-07T10:12:33.165,0.956,20.86,1,1.6548406678828405e-06,0,18,85,,,
2026-07-07T10:12:33.664,0.956,20.86,1,1.6548406678828405e-06,0,18,85,,,
2026-07-07T10:12:34.166,0.9559,20.86,2,1.6424884095342596e-06,0,18,85,,,
2026-07-07T10:12:34.663,0.9559,20.86,1,1.6424884095342596e-06,0,18,85,,,
2026-07-07T10:12:35.162,0.9559,20.86,2,1.6424884095342596e-06,0,18,85,,,
2026-07-07T10:12:35.663,0.956,20.86,1,1.6424884095342596e-06,0,18,85,,,
2026-07-07T10:12:36.161,0.956,20.86,1,1.6424884095342596e-06,0,18,85,,,
2026-07-07T10:12:36.659,0.9559,20.86,2,1.6424884095342596e-06,0,18,85,,,
2026-07-07T10:12:37.169,0.956,20.86,1,1.6548406678828405e-06,0,18,85,,,
2026-07-07T10:12:37.666,0.956,20.86,2,1.6424884095342596e-06,0,18,85,,,
2026-07-07T10:12:38.164,0.956,20.86,1,1.6302283523801933e-06,0,18,85,,,
2026-07-07T10:12:38.661,0.956,20.86,1,1.6548406678828405e-06,0,18,85,,,
2026-07-07T10:12:39.160,0.956,20.86,2,1.6424884095342596e-06,0,18,85,,,
2026-07-07T10:12:39.672,0.9559,20.86,1,1.6548406678828405e-06,0,18,85,,,
2026-07-07T10:12:40.170,0.956,20.86,2,1.6424884095342596e-06,0,18,85,,,
2026-07-07T10:12:40.669,0.956,20.86,1,1.6424884095342596e-06,0,18,85,,,
2026-07-07T10:12:41.172,0.9559,20.86,1,1.6548406678828405e-06,0,18,85,,,
2026-07-07T10:12:41.671,0.956,20.86,2,1.6548406678828405e-06,0,18,85,,,
2026-07-07T10:12:42.167,0.956,20.86,1,1.6424884095342596e-06,0,18,85,,,
2026-07-07T10:12:42.668,0.9559,20.86,2,1.6424884095342596e-06,0,18,85,,,
2026-07-07T10:12:43.167,0.956,20.86,1,1.6302283523801933e-06,0,18,85,,,
2026-07-07T10:12:43.664,0.9559,20.86,1,1.6424884095342596e-06,0,18,85,,,
2026-07-07T10:12:44.166,0.956,20.86,2,1.6424884095342596e-06,0,18,85,,,
2026-07-07T10:12:44.668,0.956,20.86,1,1.6548406678828405e-06,0,18,85,,,
2026-07-07T10:12:45.166,0.956,20.86,2,1.6548406678828405e-06,0,18,85,,,
2026-07-07T10:12:45.666,0.956,20.86,1,1.6424884095342596e-06,0,18,85,,,
2026-07-07T10:12:46.165,0.956,20.86,1,1.6302283523801933e-06,0,18,85,,,
2026-07-07T10:12:46.665,0.956,20.86,2,1.6424884095342596e-06,0,18,85,,,
2026-07-07T10:12:47.164,0.956,20.86,1,1.6424884095342596e-06,0,18,85,,,
2026-07-07T10:12:47.666,0.9559,20.86,2,1.6302283523801933e-06,0,18,85,,,
2026-07-07T10:12:48.166,0.9559,20.86,1,1.6424884095342596e-06,0,18,85,,,
2026-07-07T10:12:48.662,0.956,20.87,1,1.6424884095342596e-06,0,18,85,,,
2026-07-07T10:12:49.158,0.9559,20.87,2,1.6424884095342596e-06,0,18,85,,,
2026-07-07T10:12:49.659,0.956,20.87,1,1.6424884095342596e-06,0,18,85,,,
2026-07-07T10:12:50.172,0.9559,20.86,2,1.6424884095342596e-06,0,18,85,,,
2026-07-07T10:12:50.661,0.9559,20.86,1,1.6302283523801933e-06,0,18,85,,,
2026-07-07T10:12:51.161,0.9559,20.87,1,1.6302283523801933e-06,0,18,85,,,
2026-07-07T10:12:51.673,0.9559,20.87,2,1.6424884095342596e-06,0,18,85,,,
2026-07-07T10:12:52.172,0.9559,20.87,1,1.6424884095342596e-06,0,18,85,,,
2026-07-07T10:12:52.668,0.9559,20.87,2,1.6424884095342596e-06,0,18,85,,,
2026-07-07T10:12:53.165,0.956,20.87,1,1.6548406678828405e-06,0,18,85,,,
2026-07-07T10:12:53.664,0.9559,20.87,1,1.6424884095342596e-06,0,18,85,,,
2026-07-07T10:12:54.163,0.956,20.87,2,1.6302283523801933e-06,0,18,85,,,
2026-07-07T10:12:54.663,0.9559,20.87,1,1.6424884095342596e-06,0,18,85,,,
2026-07-07T10:12:55.162,0.9559,20.87,2,1.6302283523801933e-06,0,18,85,,,
2026-07-07T10:12:55.658,0.956,20.87,1,1.6424884095342596e-06,0,18,85,,,
2026-07-07T10:12:56.160,0.9559,20.87,1,1.6424884095342596e-06,0,18,85,,,
2026-07-07T10:12:56.661,0.956,20.87,2,1.6424884095342596e-06,0,18,85,,,
2026-07-07T10:12:57.173,0.956,20.87,1,1.6424884095342596e-06,0,18,85,,,
2026-07-07T10:12:57.670,0.9559,20.87,2,1.6424884095342596e-06,0,18,85,,,
2026-07-07T10:12:58.169,0.9559,20.87,1,1.6424884095342596e-06,0,18,85,,,
2026-07-07T10:12:58.667,0.956,20.87,1,1.6302283523801933e-06,0,18,85,,,
2026-07-07T10:12:59.165,0.9559,20.87,2,1.6424884095342596e-06,0,18,85,,,
2026-07-07T10:12:59.666,0.956,20.87,1,1.6424884095342596e-06,0,18,85,,,
2026-07-07T10:13:00.165,0.9559,20.87,2,1.6302283523801933e-06,0,18,85,,,
2026-07-07T10:13:00.666,0.956,20.87,1,1.6548406678828405e-06,0,18,85,,,
2026-07-07T10:13:01.164,0.9559,20.87,1,1.6424884095342596e-06,0,18,85,,,
2026-07-07T10:13:01.665,0.9559,20.88,2,1.6424884095342596e-06,0,18,85,,,
2026-07-07T10:13:02.165,0.9559,20.87,1,1.6302283523801933e-06,0,18,85,,,
2026-07-07T10:13:02.663,0.9559,20.88,2,1.6424884095342596e-06,0,18,85,,,
2026-07-07T10:13:03.162,0.9559,20.87,1,1.6424884095342596e-06,0,18,85,,,
2026-07-07T10:13:03.660,0.9559,20.88,1,1.6548406678828405e-06,0,18,85,,,
2026-07-07T10:13:04.159,0.956,20.88,2,1.6548406678828405e-06,0,18,85,,,
2026-07-07T10:13:04.674,0.9559,20.88,1,1.6424884095342596e-06,0,18,85,,,
2026-07-07T10:13:05.158,0.9559,20.88,2,1.6424884095342596e-06,0,18,85,,,
2026-07-07T10:13:05.674,0.9559,20.88,1,1.6548406678828405e-06,0,18,85,,,
2026-07-07T10:13:06.171,0.9559,20.88,2,1.6424884095342596e-06,0,18,85,,,
2026-07-07T10:13:06.657,0.9559,20.88,1,1.6548406678828405e-06,0,18,85,,,
2026-07-07T10:13:07.172,0.956,20.88,1,1.6424884095342596e-06,0,18,85,,,
2026-07-07T10:13:07.660,0.9559,20.88,2,1.6424884095342596e-06,0,18,85,,,
2026-07-07T10:13:08.161,0.956,20.88,1,1.6302283523801933e-06,0,18,85,,,
2026-07-07T10:13:08.665,0.956,20.88,2,1.6548406678828405e-06,0,18,85,,,
2026-07-07T10:13:09.173,0.956,20.88,1,1.6548406678828405e-06,0,18,85,,,
2026-07-07T10:13:09.663,0.956,20.88,1,1.6424884095342596e-06,0,18,85,,,
2026-07-07T10:13:10.163,0.956,20.88,2,1.6302283523801933e-06,0,18,85,,,
2026-07-07T10:13:10.665,0.956,20.88,1,1.6302283523801933e-06,0,18,85,,,
2026-07-07T10:13:11.167,0.9559,20.88,2,1.6424884095342596e-06,0,18,85,,,
2026-07-07T10:13:11.671,0.956,20.88,1,1.6424884095342596e-06,0,18,85,,,
2026-07-07T10:13:12.172,0.9559,20.88,1,1.6302283523801933e-06,0,18,85,,,
2026-07-07T10:13:12.660,0.956,20.88,2,1.6424884095342596e-06,0,18,85,,,
2026-07-07T10:13:13.162,0.956,20.88,1,1.6424884095342596e-06,0,18,85,,,
2026-07-07T10:13:13.662,0.9559,20.88,2,1.6424884095342596e-06,0,18,85,,,
2026-07-07T10:13:14.161,0.956,20.88,1,1.6424884095342596e-06,0,18,85,,,
2026-07-07T10:13:14.664,0.9559,20.88,1,1.6424884095342596e-06,0,18,85,,,
2026-07-07T10:13:15.169,0.9559,20.88,2,1.618059808201533e-06,0,18,85,,,
2026-07-07T10:13:15.672,0.9559,20.88,1,1.6548406678828405e-06,0,18,85,,,
2026-07-07T10:13:16.170,0.9559,20.88,2,1.6424884095342596e-06,0,18,85,,,
2026-07-07T10:13:16.667,0.9559,20.88,1,1.6424884095342596e-06,0,18,85,,,
2026-07-07T10:13:17.168,0.9559,20.88,2,1.6424884095342596e-06,0,18,85,,,
2026-07-07T10:13:17.667,0.9559,20.88,1,1.6424884095342596e-06,0,18,85,,,
2026-07-07T10:13:18.164,0.9559,20.88,1,1.6302283523801933e-06,0,18,85,,,
2026-07-07T10:13:18.664,0.9559,20.88,2,1.618059808201533e-06,0,18,85,,,
2026-07-07T10:13:19.165,0.956,20.88,1,1.6548406678828405e-06,0,18,85,,,
2026-07-07T10:13:19.667,0.9559,20.88,1,1.6424884095342596e-06,0,18,85,,,
2026-07-07T10:13:20.167,0.9559,20.89,2,1.6424884095342596e-06,0,18,85,,,
2026-07-07T10:13:20.668,0.9559,20.88,1,1.6302283523801933e-06,0,18,85,,,
2026-07-07T10:13:21.165,0.9559,20.88,2,1.6548406678828405e-06,0,18,85,,,
2026-07-07T10:13:21.663,0.956,20.88,1,1.6302283523801933e-06,0,18,85,,,
2026-07-07T10:13:22.160,0.9559,20.88,2,1.6302283523801933e-06,0,18,85,,,
2026-07-07T10:13:22.659,0.956,20.88,1,1.6424884095342596e-06,0,18,85,,,
2026-07-07T10:13:23.159,0.956,20.88,1,1.6424884095342596e-06,0,18,85,,,
2026-07-07T10:13:23.674,0.956,20.88,2,1.6424884095342596e-06,0,18,85,,,
2026-07-07T10:13:24.162,0.956,20.88,1,1.6424884095342596e-06,0,18,85,,,
2026-07-07T10:13:24.662,0.956,20.88,2,1.6424884095342596e-06,0,18,85,,,
2026-07-07T10:13:25.163,0.956,20.88,1,1.6302283523801933e-06,0,18,85,,,
2026-07-07T10:13:25.662,0.9559,20.88,1,1.6424884095342596e-06,0,18,85,,,
2026-07-07T10:13:26.160,0.9559,20.88,2,1.6424884095342596e-06,0,18,85,,,
2026-07-07T10:13:26.673,0.9559,20.88,1,1.6424884095342596e-06,0,18,85,,,
2026-07-07T10:13:27.158,0.9559,20.88,2,1.6548406678828405e-06,0,18,85,,,
2026-07-07T10:13:27.659,0.956,20.89,1,1.6424884095342596e-06,0,18,85,,,
2026-07-07T10:13:28.169,0.956,20.88,1,1.6424884095342596e-06,0,18,85,,,
2026-07-07T10:13:28.668,0.956,20.88,2,1.6424884095342596e-06,0,18,85,,,
2026-07-07T10:13:29.166,0.9559,20.89,1,1.6424884095342596e-06,0,18,85,,,
2026-07-07T10:13:29.668,0.956,20.88,2,1.6424884095342596e-06,0,18,85,,,
2026-07-07T10:13:30.167,0.956,20.88,1,1.6424884095342596e-06,0,18,85,,,
2026-07-07T10:13:30.667,0.956,20.88,1,1.6302283523801933e-06,0,18,85,,,
2026-07-07T10:13:31.169,0.9559,20.88,2,1.6424884095342596e-06,0,18,85,,,
2026-07-07T10:13:31.673,0.9559,20.88,1,1.6424884095342596e-06,0,18,85,,,
2026-07-07T10:13:32.172,0.9559,20.88,2,1.6302283523801933e-06,0,18,85,,,
2026-07-07T10:13:32.670,0.9559,20.88,1,1.6424884095342596e-06,0,18,85,,,
2026-07-07T10:13:33.169,0.9559,20.88,1,1.6424884095342596e-06,0,18,85,,,
2026-07-07T10:13:33.667,0.9559,20.88,2,1.6548406678828405e-06,0,18,85,,,
2026-07-07T10:13:34.165,0.956,20.88,1,1.6302283523801933e-06,0,18,85,,,
2026-07-07T10:13:34.663,0.9559,20.88,2,1.6302283523801933e-06,0,18,85,,,
2026-07-07T10:13:35.164,0.956,20.88,1,1.618059808201533e-06,0,18,85,,,
2026-07-07T10:13:35.663,0.9559,20.88,1,1.6424884095342596e-06,0,18,85,,,
2026-07-07T10:13:36.163,0.9559,20.89,2,1.6424884095342596e-06,0,18,85,,,
2026-07-07T10:13:36.659,0.956,20.88,1,1.6302283523801933e-06,0,18,85,,,
2026-07-07T10:13:37.173,0.956,20.88,2,1.6424884095342596e-06,0,18,85,,,
2026-07-07T10:13:37.672,0.956,20.88,1,1.6424884095342596e-06,0,18,85,,,
2026-07-07T10:13:38.170,0.956,20.88,1,1.6424884095342596e-06,0,18,85,,,
2026-07-07T10:13:38.669,0.9559,20.88,2,1.6424884095342596e-06,0,18,85,,,
2026-07-07T10:13:39.164,0.9559,20.88,1,1.6424884095342596e-06,0,18,85,,,
2026-07-07T10:13:39.664,0.9559,20.88,2,1.6424884095342596e-06,0,18,85,,,
2026-07-07T10:13:40.164,0.956,20.88,1,1.6424884095342596e-06,0,18,85,,,
2026-07-07T10:13:40.664,0.956,20.88,1,1.6302283523801933e-06,0,18,85,,,
2026-07-07T10:13:41.168,0.9559,20.88,2,1.6424884095342596e-06,0,18,85,,,
2026-07-07T10:13:41.664,0.956,20.89,1,1.6548406678828405e-06,0,18,85,,,
2026-07-07T10:13:42.163,0.9559,20.88,2,1.6424884095342596e-06,0,18,85,,,
2026-07-07T10:13:42.665,0.9559,20.88,1,1.6548406678828405e-06,0,18,85,,,
2026-07-07T10:13:43.169,0.9559,20.88,2,1.6548406678828405e-06,0,18,85,,,
2026-07-07T10:13:43.663,0.956,20.88,1,1.6424884095342596e-06,0,18,85,,,
2026-07-07T10:13:44.162,0.956,20.88,1,1.6424884095342596e-06,0,18,85,,,
2026-07-07T10:13:44.658,0.956,20.88,2,1.6424884095342596e-06,0,18,85,,,
2026-07-07T10:13:45.159,0.956,20.88,1,1.6302283523801933e-06,0,18,85,,,
2026-07-07T10:13:45.660,0.9559,20.88,2,1.6424884095342596e-06,0,18,85,,,
2026-07-07T10:13:46.158,0.956,20.88,1,1.6302283523801933e-06,0,18,85,,,
2026-07-07T10:13:46.658,0.956,20.88,1,1.6302283523801933e-06,0,18,85,,,
2026-07-07T10:13:47.174,0.9559,20.88,2,1.6424884095342596e-06,0,18,85,,,
2026-07-07T10:13:47.672,0.956,20.88,1,1.6424884095342596e-06,0,18,85,,,
2026-07-07T10:13:48.172,0.9559,20.88,2,1.6424884095342596e-06,0,18,85,,,
2026-07-07T10:13:48.673,0.9559,20.88,1,1.6424884095342596e-06,0,18,85,,,
2026-07-07T10:13:49.170,0.956,20.88,1,1.6424884095342596e-06,0,18,85,,,
2026-07-07T10:13:49.671,0.9559,20.88,2,1.6424884095342596e-06,0,18,85,,,
2026-07-07T10:13:50.167,0.956,20.88,1,1.6548406678828405e-06,0,18,85,,,
2026-07-07T10:13:50.671,0.956,20.88,1,1.6424884095342596e-06,0,18,85,,,
2026-07-07T10:13:51.170,0.9559,20.88,2,1.6302283523801933e-06,0,18,85,,,
2026-07-07T10:13:51.670,0.956,20.88,1,1.6548406678828405e-06,0,18,85,,,
2026-07-07T10:13:52.169,0.9559,20.88,2,1.6302283523801933e-06,0,18,85,,,
2026-07-07T10:13:52.670,0.956,20.88,1,1.6424884095342596e-06,0,18,85,,,
2026-07-07T10:13:53.169,0.956,20.88,1,1.6302283523801933e-06,0,18,85,,,
2026-07-07T10:13:53.669,0.9559,20.88,2,1.6424884095342596e-06,0,18,85,,,
2026-07-07T10:13:54.171,0.9559,20.88,1,1.6424884095342596e-06,0,18,85,,,
2026-07-07T10:13:54.659,0.9559,20.88,2,1.6302283523801933e-06,0,18,85,,,
2026-07-07T10:13:55.162,0.9559,20.88,1,1.6302283523801933e-06,0,18,85,,,
2026-07-07T10:13:55.668,0.956,20.88,1,1.6424884095342596e-06,0,18,85,,,
2026-07-07T10:13:56.172,0.9559,20.88,2,1.6424884095342596e-06,0,18,85,,,
2026-07-07T10:13:56.660,0.9559,20.88,1,1.6302283523801933e-06,0,18,85,,,
2026-07-07T10:13:57.160,0.956,20.88,2,1.6424884095342596e-06,0,18,85,,,
2026-07-07T10:13:57.674,0.956,20.88,1,1.6424884095342596e-06,0,18,85,,,
2026-07-07T10:13:58.159,0.956,20.88,1,1.6424884095342596e-06,0,18,85,,,
2026-07-07T10:13:58.658,0.9559,20.88,2,1.6424884095342596e-06,0,18,85,,,
2026-07-07T10:13:59.167,0.956,20.88,1,1.6424884095342596e-06,0,18,85,,,
2026-07-07T10:13:59.666,0.956,20.88,2,1.6424884095342596e-06,0,18,85,,,
2026-07-07T10:14:00.164,0.956,20.88,1,1.6424884095342596e-06,0,18,85,,,
2026-07-07T10:14:00.660,0.9559,20.88,1,1.6424884095342596e-06,0,18,85,,,
2026-07-07T10:14:01.162,0.9559,20.88,2,1.6424884095342596e-06,0,18,85,,,
2026-07-07T10:14:01.659,0.956,20.88,1,1.6424884095342596e-06,0,18,85,,,
2026-07-07T10:14:02.161,0.956,20.88,2,1.6302283523801933e-06,0,18,85,,,
2026-07-07T10:14:02.665,0.956,20.88,1,1.6302283523801933e-06,0,18,85,,,
2026-07-07T10:14:03.163,0.956,20.88,1,1.6302283523801933e-06,0,18,85,,,
2026-07-07T10:14:03.663,0.956,20.88,2,1.6424884095342596e-06,0,18,85,,,
2026-07-07T10:14:04.162,0.9561,20.88,1,1.6302283523801933e-06,0,18,85,,,
2026-07-07T10:14:04.673,0.9559,20.88,2,1.6424884095342596e-06,0,18,85,,,
2026-07-07T10:14:05.159,0.956,20.88,1,1.6302283523801933e-06,0,18,85,,,
2026-07-07T10:14:05.661,0.9561,20.88,1,1.6302283523801933e-06,0,18,85,,,
2026-07-07T10:14:06.162,0.956,20.88,2,1.6424884095342596e-06,0,18,85,,,
2026-07-07T10:14:06.659,0.9559,20.88,1,1.6424884095342596e-06,0,18,85,,,
2026-07-07T10:14:07.159,0.956,20.88,2,1.6302283523801933e-06,0,18,85,,,
2026-07-07T10:14:07.673,0.9559,20.88,1,1.6424884095342596e-06,0,18,85,,,
2026-07-07T10:14:08.172,0.9559,20.88,1,1.6424884095342596e-06,0,18,85,,,
2026-07-07T10:14:08.673,0.956,20.88,2,1.6424884095342596e-06,0,18,85,,,
2026-07-07T10:14:09.173,0.956,20.88,1,1.6548406678828405e-06,0,18,85,,,
2026-07-07T10:14:09.671,0.9559,20.88,2,1.6424884095342596e-06,0,18,85,,,
2026-07-07T10:14:10.172,0.9559,20.88,1,1.6548406678828405e-06,0,18,85,,,
2026-07-07T10:14:10.668,0.9559,20.88,1,1.6424884095342596e-06,0,18,85,,,
2026-07-07T10:14:11.166,0.9559,20.88,2,1.6302283523801933e-06,0,18,85,,,
2026-07-07T10:14:11.666,0.956,20.88,1,1.6302283523801933e-06,0,18,85,,,
2026-07-07T10:14:12.166,0.956,20.88,2,1.6424884095342596e-06,0,18,85,,,
2026-07-07T10:14:12.670,0.9559,20.88,1,1.6424884095342596e-06,0,18,85,,,
2026-07-07T10:14:13.162,0.9559,20.88,1,1.6302283523801933e-06,0,18,85,,,
2026-07-07T10:14:13.658,0.9559,20.88,2,1.6302283523801933e-06,0,18,85,,,
2026-07-07T10:14:14.161,0.956,20.87,1,1.6302283523801933e-06,0,18,85,,,
2026-07-07T10:14:14.658,0.9559,20.88,2,1.6424884095342596e-06,0,18,85,,,
2026-07-07T10:14:15.173,0.956,20.87,1,1.6302283523801933e-06,0,18,85,,,
2026-07-07T10:14:15.672,0.9559,20.88,1,1.6302283523801933e-06,0,18,85,,,
2026-07-07T10:14:16.169,0.956,20.88,2,1.6424884095342596e-06,0,18,85,,,
2026-07-07T10:14:16.668,0.956,20.87,1,1.6548406678828405e-06,0,18,85,,,
2026-07-07T10:14:17.170,0.9559,20.88,2,1.6424884095342596e-06,0,18,85,,,
2026-07-07T10:14:17.668,0.9559,20.87,1,1.6302283523801933e-06,0,18,85,,,
2026-07-07T10:14:18.169,0.956,20.87,1,1.6302283523801933e-06,0,18,85,,,
2026-07-07T10:14:18.670,0.9559,20.87,2,1.618059808201533e-06,0,18,85,,,
2026-07-07T10:14:19.171,0.9559,20.87,1,1.6424884095342596e-06,0,18,85,,,
2026-07-07T10:14:19.669,0.956,20.87,2,1.6302283523801933e-06,0,18,85,,,
2026-07-07T10:14:20.169,0.956,20.88,1,1.6424884095342596e-06,0,18,85,,,
2026-07-07T10:14:20.668,0.9559,20.88,2,1.6302283523801933e-06,0,18,85,,,
2026-07-07T10:14:21.166,0.9559,20.88,1,1.6548406678828405e-06,0,18,85,,,
2026-07-07T10:14:21.664,0.956,20.87,1,1.6424884095342596e-06,0,18,85,,,
2026-07-07T10:14:22.163,0.9559,20.87,2,1.6302283523801933e-06,0,18,85,,,
2026-07-07T10:14:22.665,0.956,20.87,1,1.6302283523801933e-06,0,18,85,,,
2026-07-07T10:14:23.166,0.9559,20.87,2,1.618059808201533e-06,0,18,85,,,
2026-07-07T10:14:23.664,0.9559,20.87,1,1.6424884095342596e-06,0,18,85,,,
2026-07-07T10:14:24.170,0.956,20.87,1,1.6302283523801933e-06,0,18,85,,,
2026-07-07T10:14:24.661,0.956,20.87,2,1.6302283523801933e-06,0,18,85,,,
2026-07-07T10:14:25.164,0.956,20.87,1,1.6302283523801933e-06,0,18,85,,,
2026-07-07T10:14:25.666,0.9559,20.87,2,1.6548406678828405e-06,0,18,85,,,
2026-07-07T10:14:26.167,0.9559,20.87,1,1.6302283523801933e-06,0,18,85,,,
2026-07-07T10:14:26.665,0.956,20.87,1,1.6424884095342596e-06,0,18,85,,,
2026-07-07T10:14:27.162,0.9559,20.87,2,1.6424884095342596e-06,0,18,85,,,
2026-07-07T10:14:27.663,0.956,20.87,1,1.6424884095342596e-06,0,18,85,,,
2026-07-07T10:14:28.162,0.956,20.87,1,1.6302283523801933e-06,0,18,85,,,
2026-07-07T10:14:28.658,0.956,20.87,2,1.6424884095342596e-06,0,18,85,,,
2026-07-07T10:14:29.160,0.956,20.87,1,1.6302283523801933e-06,0,18,85,,,
2026-07-07T10:14:29.659,0.9559,20.87,2,1.6424884095342596e-06,0,18,85,,,
2026-07-07T10:14:30.161,0.956,20.87,1,1.6424884095342596e-06,0,18,85,,,
2026-07-07T10:14:30.673,0.956,20.87,1,1.6424884095342596e-06,0,18,85,,,
2026-07-07T10:14:31.169,0.9559,20.87,2,1.6424884095342596e-06,0,18,85,,,
2026-07-07T10:14:31.668,0.956,20.87,1,1.6424884095342596e-06,0,18,85,,,
2026-07-07T10:14:32.168,0.956,20.87,2,1.6424884095342596e-06,0,18,85,,,
2026-07-07T10:14:32.668,0.956,20.87,1,1.6302283523801933e-06,0,18,85,,,
2026-07-07T10:14:33.166,0.956,20.87,1,1.618059808201533e-06,0,18,85,,,
2026-07-07T10:14:33.664,0.956,20.87,2,1.6302283523801933e-06,0,18,85,,,
2026-07-07T10:14:34.163,0.956,20.87,1,1.6302283523801933e-06,0,18,85,,,
2026-07-07T10:14:34.669,0.956,20.87,2,1.6424884095342596e-06,0,18,85,,,
2026-07-07T10:14:35.167,0.956,20.87,1,1.6302283523801933e-06,0,18,85,,,
2026-07-07T10:14:35.660,0.956,20.87,1,1.6424884095342596e-06,0,18,85,,,
2026-07-07T10:14:36.158,0.956,20.87,2,1.6424884095342596e-06,0,18,85,,,
2026-07-07T10:14:36.659,0.956,20.87,1,1.6424884095342596e-06,0,18,85,,,
2026-07-07T10:14:37.173,0.956,20.87,2,1.618059808201533e-06,0,18,85,,,
2026-07-07T10:14:37.662,0.9559,20.87,1,1.6424884095342596e-06,0,18,85,,,
2026-07-07T10:14:38.165,0.956,20.86,1,1.6424884095342596e-06,0,18,85,,,
2026-07-07T10:14:38.665,0.9559,20.87,2,1.6302283523801933e-06,0,18,85,,,
2026-07-07T10:14:39.168,0.9559,20.86,1,1.6424884095342596e-06,0,18,85,,,
2026-07-07T10:14:39.663,0.956,20.87,2,1.6302283523801933e-06,0,18,85,,,
2026-07-07T10:14:40.161,0.9559,20.87,1,1.6302283523801933e-06,0,18,85,,,
2026-07-07T10:14:40.658,0.9559,20.86,1,1.6302283523801933e-06,0,18,85,,,
2026-07-07T10:14:41.160,0.956,20.86,2,1.6424884095342596e-06,0,18,85,,,
2026-07-07T10:14:41.673,0.9559,20.86,1,1.6302283523801933e-06,0,18,85,,,
2026-07-07T10:14:42.172,0.9559,20.86,2,1.6424884095342596e-06,0,18,85,,,
2026-07-07T10:14:42.671,0.9559,20.86,1,1.6302283523801933e-06,0,18,85,,,
2026-07-07T10:14:43.170,0.956,20.86,1,1.6302283523801933e-06,0,18,85,,,
2026-07-07T10:14:43.666,0.956,20.86,2,1.6302283523801933e-06,0,18,85,,,
2026-07-07T10:14:44.163,0.956,20.86,1,1.6302283523801933e-06,0,18,85,,,
2026-07-07T10:14:44.659,0.956,20.86,1,1.6302283523801933e-06,0,18,85,,,
2026-07-07T10:14:45.173,0.956,20.86,2,1.6424884095342596e-06,0,18,85,,,
2026-07-07T10:14:45.673,0.956,20.86,1,1.6424884095342596e-06,0,18,85,,,
2026-07-07T10:14:46.173,0.9559,20.86,2,1.618059808201533e-06,0,18,85,,,
2026-07-07T10:14:46.670,0.9559,20.86,1,1.6302283523801933e-06,0,18,85,,,
2026-07-07T10:14:47.161,0.956,20.86,2,1.6424884095342596e-06,0,18,85,,,
2026-07-07T10:14:47.673,0.9559,20.86,1,1.6302283523801933e-06,0,18,85,,,
2026-07-07T10:14:48.166,0.956,20.86,1,1.6302283523801933e-06,0,18,85,,,
2026-07-07T10:14:48.661,0.9559,20.86,2,1.618059808201533e-06,0,18,85,,,
2026-07-07T10:14:49.172,0.956,20.86,1,1.6302283523801933e-06,0,18,85,,,
2026-07-07T10:14:49.667,0.956,20.86,1,1.6424884095342596e-06,0,18,85,,,
2026-07-07T10:14:50.146,0.956,20.86,2,1.6302283523801933e-06,0,18,85,,,
2026-07-07T10:14:50.655,0.956,20.86,1,1.6424884095342596e-06,0,18,85,,,
2026-07-07T10:14:51.161,0.956,20.86,2,1.6424884095342596e-06,0,18,85,,,
2026-07-07T10:14:51.667,0.956,20.86,1,1.6302283523801933e-06,0,18,85,,,
2026-07-07T10:14:52.160,0.9559,20.86,1,1.6302283523801933e-06,0,18,85,,,
2026-07-07T10:14:52.657,0.9559,20.86,2,1.618059808201533e-06,0,18,85,,,
2026-07-07T10:14:53.170,0.956,20.86,1,1.618059808201533e-06,0,18,85,,,
2026-07-07T10:14:53.665,0.956,20.86,1,1.6302283523801933e-06,0,18,85,,,
2026-07-07T10:14:54.161,0.9559,20.86,2,1.6302283523801933e-06,0,18,85,,,
2026-07-07T10:14:54.658,0.9561,20.86,1,1.6302283523801933e-06,0,18,85,,,
2026-07-07T10:14:55.169,0.956,20.86,1,1.618059808201533e-06,0,18,85,,,
2026-07-07T10:14:55.666,0.956,20.86,2,1.618059808201533e-06,0,18,85,,,
2026-07-07T10:14:56.161,0.9559,20.86,1,1.6302283523801933e-06,0,18,85,,,
2026-07-07T10:14:56.673,0.956,20.86,1,1.6424884095342596e-06,0,18,85,,,
2026-07-07T10:14:57.168,0.956,20.86,2,1.6424884095342596e-06,0,18,85,,,
2026-07-07T10:14:57.664,0.9559,20.85,1,1.6302283523801933e-06,0,18,85,,,
2026-07-07T10:14:58.161,0.956,20.86,2,1.6424884095342596e-06,0,18,85,,,
2026-07-07T10:14:58.656,0.9559,20.86,1,1.6302283523801933e-06,0,18,85,,,
2026-07-07T10:14:59.167,0.956,20.86,1,1.6424884095342596e-06,0,18,85,,,
2026-07-07T10:14:59.663,0.956,20.86,2,1.6302283523801933e-06,0,18,85,,,
2026-07-07T10:15:00.168,0.956,20.85,1,1.6424884095342596e-06,0,18,85,,,
2026-07-07T10:15:00.658,0.956,20.86,2,1.6302283523801933e-06,0,18,85,,,
2026-07-07T10:15:01.164,0.956,20.86,1,1.6302283523801933e-06,0,18,85,,,
2026-07-07T10:15:01.671,0.956,20.85,2,1.6302283523801933e-06,0,18,85,,,
2026-07-07T10:15:02.160,0.956,20.85,1,1.6424884095342596e-06,0,18,85,,,
2026-07-07T10:15:02.665,0.956,20.85,1,1.6302283523801933e-06,0,18,85,,,
2026-07-07T10:15:03.156,0.9559,20.85,2,1.6302283523801933e-06,0,18,85,,,
2026-07-07T10:15:03.660,0.956,20.86,1,1.6302283523801933e-06,0,18,85,,,
2026-07-07T10:15:04.169,0.9559,20.85,2,1.6302283523801933e-06,0,18,85,,,
2026-07-07T10:15:04.661,0.956,20.85,1,1.6302283523801933e-06,0,18,85,,,
2026-07-07T10:15:05.158,0.9559,20.85,1,1.6302283523801933e-06,0,18,85,,,
2026-07-07T10:15:05.668,0.9559,20.85,2,1.6302283523801933e-06,0,18,85,,,
2026-07-07T10:15:06.163,0.956,20.85,1,1.6302283523801933e-06,0,18,85,,,
2026-07-07T10:15:06.660,0.9559,20.86,2,1.6424884095342596e-06,0,18,85,,,
2026-07-07T10:15:07.159,0.956,20.85,1,1.6302283523801933e-06,0,18,85,,,
2026-07-07T10:15:07.666,0.9559,20.85,2,1.618059808201533e-06,0,18,85,,,
2026-07-07T10:15:08.162,0.9559,20.85,1,1.6424884095342596e-06,0,18,85,,,
2026-07-07T10:15:08.658,0.956,20.85,1,1.6424884095342596e-06,0,18,85,,,
2026-07-07T10:15:09.170,0.956,20.85,2,1.6302283523801933e-06,0,18,85,,,
2026-07-07T10:15:09.667,0.956,20.85,1,1.618059808201533e-06,0,18,85,,,
2026-07-07T10:15:10.165,0.956,20.85,2,1.6424884095342596e-06,0,18,85,,,
2026-07-07T10:15:10.664,0.956,20.85,1,1.6302283523801933e-06,0,18,85,,,
2026-07-07T10:15:11.161,0.9559,20.85,1,1.6302283523801933e-06,0,18,85,,,
2026-07-07T10:15:11.659,0.956,20.85,2,1.6302283523801933e-06,0,18,85,,,
2026-07-07T10:15:12.171,0.956,20.85,1,1.618059808201533e-06,0,18,85,,,
2026-07-07T10:15:12.667,0.9559,20.85,2,1.6302283523801933e-06,0,18,85,,,
2026-07-07T10:15:13.164,0.956,20.85,1,1.6302283523801933e-06,0,18,85,,,
2026-07-07T10:15:13.662,0.956,20.86,1,1.6302283523801933e-06,0,18,85,,,
2026-07-07T10:15:14.160,0.956,20.85,2,1.6302283523801933e-06,0,18,85,,,
2026-07-07T10:15:14.670,0.9559,20.85,1,1.6424884095342596e-06,0,18,85,,,
2026-07-07T10:15:15.154,0.9559,20.85,1,1.618059808201533e-06,0,18,85,,,
2026-07-07T10:15:15.668,0.9559,20.85,2,1.6302283523801933e-06,0,18,85,,,
2026-07-07T10:15:16.168,0.9559,20.85,1,1.6424884095342596e-06,0,18,85,,,
2026-07-07T10:15:16.668,0.956,20.85,2,1.618059808201533e-06,0,18,85,,,
2026-07-07T10:15:17.163,0.956,20.85,1,1.6302283523801933e-06,0,18,85,,,
2026-07-07T10:15:17.660,0.956,20.85,2,1.6302283523801933e-06,0,18,85,,,
2026-07-07T10:15:18.155,0.956,20.85,1,1.6302283523801933e-06,0,18,85,,,
2026-07-07T10:15:18.667,0.956,20.85,1,1.6302283523801933e-06,0,18,85,,,
2026-07-07T10:15:19.163,0.9559,20.85,2,1.6302283523801933e-06,0,18,85,,,
2026-07-07T10:15:19.659,0.956,20.85,1,1.6302283523801933e-06,0,18,85,,,
2026-07-07T10:15:20.171,0.956,20.84,2,1.6424884095342596e-06,0,18,85,,,
2026-07-07T10:15:20.671,0.956,20.84,1,1.6302283523801933e-06,0,18,85,,,
2026-07-07T10:15:21.166,0.956,20.85,1,1.6302283523801933e-06,0,18,85,,,
2026-07-07T10:15:21.660,0.956,20.85,2,1.6302283523801933e-06,0,18,85,,,
2026-07-07T10:15:22.169,0.956,20.85,1,1.618059808201533e-06,0,18,85,,,
2026-07-07T10:15:22.667,0.956,20.85,1,1.6302283523801933e-06,0,18,85,,,
2026-07-07T10:15:23.159,0.9559,20.84,2,1.6302283523801933e-06,0,18,85,,,
2026-07-07T10:15:23.652,0.956,20.84,1,1.6424884095342596e-06,0,18,85,,,
2026-07-07T10:15:24.167,0.956,20.84,2,1.6302283523801933e-06,0,18,85,,,
2026-07-07T10:15:24.663,0.956,20.84,1,1.618059808201533e-06,0,18,85,,,
2026-07-07T10:15:25.159,0.956,20.84,2,1.618059808201533e-06,0,18,85,,,
2026-07-07T10:15:25.654,0.9559,20.84,1,1.6302283523801933e-06,0,18,85,,,
2026-07-07T10:15:26.166,0.956,20.84,1,1.618059808201533e-06,0,18,85,,,
2026-07-07T10:15:26.662,0.9559,20.84,2,1.6424884095342596e-06,0,18,85,,,
2026-07-07T10:15:27.157,0.9559,20.84,1,1.618059808201533e-06,0,18,85,,,
2026-07-07T10:15:27.666,0.956,20.84,2,1.6424884095342596e-06,0,18,85,,,
2026-07-07T10:15:28.157,0.9561,20.84,1,1.6424884095342596e-06,0,18,85,,,
2026-07-07T10:15:28.655,0.956,20.84,1,1.6424884095342596e-06,0,18,85,,,
2026-07-07T10:15:29.165,0.956,20.84,2,1.6424884095342596e-06,0,18,85,,,
2026-07-07T10:15:29.664,0.956,20.84,1,1.6302283523801933e-06,0,18,85,,,
2026-07-07T10:15:30.163,0.956,20.84,2,1.618059808201533e-06,0,18,85,,,
2026-07-07T10:15:30.658,0.956,20.84,1,1.6302283523801933e-06,0,18,85,,,
2026-07-07T10:15:31.158,0.956,20.84,1,1.6302283523801933e-06,0,18,85,,,
2026-07-07T10:15:31.666,0.956,20.84,2,1.618059808201533e-06,0,18,85,,,
2026-07-07T10:15:32.166,0.956,20.84,1,1.6302283523801933e-06,0,18,85,,,
2026-07-07T10:15:32.659,0.956,20.84,2,1.6302283523801933e-06,0,18,85,,,
2026-07-07T10:15:33.158,0.9559,20.84,1,1.618059808201533e-06,0,18,85,,,
2026-07-07T10:15:33.672,0.956,20.84,2,1.6302283523801933e-06,0,18,85,,,
2026-07-07T10:15:34.168,0.956,20.83,1,1.6424884095342596e-06,0,18,85,,,
2026-07-07T10:15:34.662,0.956,20.84,1,1.6302283523801933e-06,0,18,85,,,
2026-07-07T10:15:35.159,0.956,20.84,2,1.6302283523801933e-06,0,18,85,,,
2026-07-07T10:15:35.656,0.956,20.84,1,1.6302283523801933e-06,0,18,85,,,
2026-07-07T10:15:36.166,0.956,20.84,2,1.6302283523801933e-06,0,18,85,,,
2026-07-07T10:15:36.662,0.9559,20.84,1,1.6302283523801933e-06,0,18,85,,,
2026-07-07T10:15:37.159,0.956,20.84,1,1.618059808201533e-06,0,18,85,,,
2026-07-07T10:15:37.671,0.956,20.83,2,1.6302283523801933e-06,0,18,85,,,
2026-07-07T10:15:38.169,0.956,20.84,1,1.618059808201533e-06,0,18,85,,,
2026-07-07T10:15:38.661,0.956,20.84,2,1.6302283523801933e-06,0,18,85,,,
2026-07-07T10:15:39.158,0.956,20.84,1,1.6302283523801933e-06,0,18,85,,,
2026-07-07T10:15:39.673,0.956,20.84,2,1.6302283523801933e-06,0,18,85,,,
2026-07-07T10:15:40.174,0.956,20.83,1,1.618059808201533e-06,0,18,85,,,
2026-07-07T10:15:40.657,0.956,20.83,1,1.6302283523801933e-06,0,18,85,,,
2026-07-07T10:15:41.170,0.956,20.83,2,1.6302283523801933e-06,0,18,85,,,
2026-07-07T10:15:41.662,0.956,20.83,1,1.6302283523801933e-06,0,18,85,,,
2026-07-07T10:15:42.159,0.956,20.84,2,1.618059808201533e-06,0,18,85,,,
2026-07-07T10:15:42.674,0.956,20.83,1,1.6302283523801933e-06,0,18,85,,,
2026-07-07T10:15:43.168,0.9559,20.83,1,1.6302283523801933e-06,0,18,85,,,
2026-07-07T10:15:43.663,0.956,20.83,2,1.6302283523801933e-06,0,18,85,,,
2026-07-07T10:15:44.158,0.9559,20.83,1,1.6302283523801933e-06,0,18,85,,,
2026-07-07T10:15:44.655,0.956,20.83,2,1.6302283523801933e-06,0,18,85,,,
2026-07-07T10:15:45.168,0.956,20.83,1,1.618059808201533e-06,0,18,85,,,
2026-07-07T10:15:45.668,0.9559,20.83,2,1.6424884095342596e-06,0,18,85,,,
2026-07-07T10:15:46.164,0.956,20.83,1,1.6302283523801933e-06,0,18,85,,,
2026-07-07T10:15:46.659,0.956,20.83,1,1.6424884095342596e-06,0,18,85,,,
2026-07-07T10:15:47.172,0.9559,20.83,2,1.6302283523801933e-06,0,18,85,,,
2026-07-07T10:15:47.668,0.956,20.83,1,1.6424884095342596e-06,0,18,85,,,
2026-07-07T10:15:48.164,0.956,20.83,2,1.6302283523801933e-06,0,18,85,,,
2026-07-07T10:15:48.660,0.956,20.83,1,1.618059808201533e-06,0,18,85,,,
2026-07-07T10:15:49.171,0.956,20.83,1,1.618059808201533e-06,0,18,85,,,
2026-07-07T10:15:49.667,0.9559,20.82,2,1.6302283523801933e-06,0,18,85,,,
2026-07-07T10:15:50.163,0.956,20.83,1,1.6302283523801933e-06,0,18,85,,,
2026-07-07T10:15:50.657,0.956,20.83,2,1.6302283523801933e-06,0,18,85,,,
2026-07-07T10:15:51.167,0.956,20.82,1,1.618059808201533e-06,0,18,85,,,
2026-07-07T10:15:51.665,0.956,20.83,2,1.6302283523801933e-06,0,18,85,,,
2026-07-07T10:15:52.164,0.956,20.82,1,1.618059808201533e-06,0,18,85,,,
2026-07-07T10:15:52.659,0.956,20.83,1,1.618059808201533e-06,0,18,85,,,
2026-07-07T10:15:53.171,0.956,20.82,2,1.6302283523801933e-06,0,18,85,,,
2026-07-07T10:15:53.666,0.956,20.82,1,1.6302283523801933e-06,0,18,85,,,
2026-07-07T10:15:54.162,0.9559,20.82,2,1.6302283523801933e-06,0,18,85,,,
2026-07-07T10:15:54.657,0.956,20.82,1,1.618059808201533e-06,0,18,85,,,
2026-07-07T10:15:55.166,0.9559,20.82,2,1.618059808201533e-06,0,18,85,,,
2026-07-07T10:15:55.660,0.956,20.82,1,1.618059808201533e-06,0,18,85,,,
2026-07-07T10:15:56.171,0.9559,20.82,1,1.6302283523801933e-06,0,18,85,,,
2026-07-07T10:15:56.667,0.956,20.82,2,1.6302283523801933e-06,0,18,85,,,
2026-07-07T10:15:57.163,0.956,20.82,1,1.618059808201533e-06,0,18,85,,,
2026-07-07T10:15:57.659,0.9559,20.82,2,1.6302283523801933e-06,0,18,85,,,
2026-07-07T10:15:58.160,0.956,20.82,1,1.6302283523801933e-06,0,18,85,,,
2026-07-07T10:15:58.672,0.956,20.82,2,1.6302283523801933e-06,0,18,85,,,
2026-07-07T10:15:59.169,0.956,20.82,1,1.6302283523801933e-06,0,18,85,,,
2026-07-07T10:15:59.665,0.956,20.82,1,1.618059808201533e-06,0,18,85,,,
2026-07-07T10:16:00.159,0.956,20.82,2,1.6424884095342596e-06,0,18,85,,,
2026-07-07T10:16:00.671,0.9559,20.82,1,1.6302283523801933e-06,0,18,85,,,
2026-07-07T10:16:01.164,0.956,20.82,2,1.6302283523801933e-06,0,18,85,,,
2026-07-07T10:16:01.661,0.9559,20.82,1,1.618059808201533e-06,0,18,85,,,
2026-07-07T10:16:02.168,0.9561,20.82,1,1.6302283523801933e-06,0,18,85,,,
2026-07-07T10:16:02.664,0.9559,20.82,2,1.6302283523801933e-06,0,18,85,,,
2026-07-07T10:16:03.173,0.956,20.82,1,1.6302283523801933e-06,0,18,85,,,
2026-07-07T10:16:03.665,0.956,20.82,2,1.618059808201533e-06,0,18,85,,,
2026-07-07T10:16:04.159,0.956,20.82,1,1.6302283523801933e-06,0,18,85,,,
2026-07-07T10:16:04.667,0.956,20.82,1,1.618059808201533e-06,0,18,85,,,
2026-07-07T10:16:05.158,0.9559,20.82,2,1.6302283523801933e-06,0,18,85,,,
2026-07-07T10:16:05.668,0.9559,20.82,1,1.6302283523801933e-06,0,18,85,,,
2026-07-07T10:16:06.163,0.956,20.82,2,1.618059808201533e-06,0,18,85,,,
2026-07-07T10:16:06.658,0.956,20.82,1,1.6302283523801933e-06,0,18,85,,,
2026-07-07T10:16:07.170,0.956,20.82,1,1.6302283523801933e-06,0,18,85,,,
2026-07-07T10:16:07.668,0.956,20.81,2,1.6302283523801933e-06,0,18,85,,,
2026-07-07T10:16:08.166,0.956,20.81,1,1.6302283523801933e-06,0,18,85,,,
2026-07-07T10:16:08.659,0.956,20.82,1,1.6302283523801933e-06,0,18,85,,,
2026-07-07T10:16:09.168,0.9559,20.81,2,1.6302283523801933e-06,0,18,85,,,
2026-07-07T10:16:09.667,0.9559,20.82,1,1.6302283523801933e-06,0,18,85,,,
2026-07-07T10:16:10.161,0.9559,20.81,2,1.6302283523801933e-06,0,18,85,,,
2026-07-07T10:16:10.670,0.956,20.81,1,1.6302283523801933e-06,0,18,85,,,
2026-07-07T10:16:11.166,0.9559,20.82,1,1.618059808201533e-06,0,18,85,,,
2026-07-07T10:16:11.662,0.956,20.81,2,1.6424884095342596e-06,0,18,85,,,
2026-07-07T10:16:12.156,0.956,20.81,1,1.6302283523801933e-06,0,18,85,,,
2026-07-07T10:16:12.669,0.956,20.81,2,1.6302283523801933e-06,0,18,85,,,
2026-07-07T10:16:13.162,0.956,20.81,1,1.6059820939162473e-06,0,18,85,,,
2026-07-07T10:16:13.672,0.9559,20.81,2,1.6302283523801933e-06,0,18,85,,,
2026-07-07T10:16:14.167,0.956,20.81,1,1.6302283523801933e-06,0,18,85,,,
2026-07-07T10:16:14.660,0.956,20.81,1,1.6302283523801933e-06,0,18,85,,,
2026-07-07T10:16:15.172,0.956,20.81,2,1.618059808201533e-06,0,18,85,,,
2026-07-07T10:16:15.664,0.956,20.81,1,1.6424884095342596e-06,0,18,85,,,
2026-07-07T10:16:16.165,0.956,20.81,1,1.6302283523801933e-06,0,18,85,,,
2026-07-07T10:16:16.663,0.956,20.81,2,1.6302283523801933e-06,0,18,85,,,
2026-07-07T10:16:17.163,0.956,20.81,1,1.6302283523801933e-06,0,18,85,,,
2026-07-07T10:16:17.662,0.956,20.81,2,1.6302283523801933e-06,0,18,85,,,
2026-07-07T10:16:18.160,0.956,20.81,1,1.6302283523801933e-06,0,18,85,,,
2026-07-07T10:16:18.672,0.956,20.81,1,1.618059808201533e-06,0,18,85,,,
2026-07-07T10:16:19.171,0.956,20.8,2,1.6302283523801933e-06,0,18,85,,,
2026-07-07T10:16:19.671,0.956,20.8,1,1.6302283523801933e-06,0,18,85,,,
2026-07-07T10:16:20.172,0.956,20.81,2,1.6302283523801933e-06,0,18,85,,,
2026-07-07T10:16:20.670,0.956,20.81,1,1.6302283523801933e-06,0,18,85,,,
2026-07-07T10:16:21.168,0.956,20.8,1,1.6424884095342596e-06,0,18,85,,,
2026-07-07T10:16:21.669,0.956,20.8,2,1.618059808201533e-06,0,18,85,,,
2026-07-07T10:16:22.167,0.956,20.8,1,1.6302283523801933e-06,0,18,85,,,
2026-07-07T10:16:22.667,0.956,20.8,2,1.6059820939162473e-06,0,18,85,,,
2026-07-07T10:16:23.172,0.9559,20.8,1,1.618059808201533e-06,0,18,85,,,
2026-07-07T10:16:23.659,0.9559,20.8,1,1.6302283523801933e-06,0,18,85,,,
2026-07-07T10:16:24.163,0.956,20.8,2,1.6302283523801933e-06,0,18,85,,,
2026-07-07T10:16:24.665,0.956,20.81,1,1.618059808201533e-06,0,18,85,,,
2026-07-07T10:16:25.168,0.956,20.8,2,1.6302283523801933e-06,0,18,85,,,
2026-07-07T10:16:25.667,0.956,20.8,1,1.6302283523801933e-06,0,18,85,,,
2026-07-07T10:16:26.170,0.956,20.8,1,1.6302283523801933e-06,0,18,85,,,
2026-07-07T10:16:26.669,0.9559,20.8,2,1.6424884095342596e-06,0,18,85,,,
2026-07-07T10:16:27.172,0.9559,20.8,1,1.6302283523801933e-06,0,18,85,,,
2026-07-07T10:16:27.673,0.9559,20.8,2,1.6302283523801933e-06,0,18,85,,,
2026-07-07T10:16:28.171,0.9559,20.8,1,1.6302283523801933e-06,0,18,85,,,
2026-07-07T10:16:28.672,0.956,20.8,1,1.6302283523801933e-06,0,18,85,,,
2026-07-07T10:16:29.160,0.9559,20.8,2,1.618059808201533e-06,0,18,85,,,
2026-07-07T10:16:29.659,0.9559,20.8,1,1.6302283523801933e-06,0,18,85,,,
2026-07-07T10:16:30.160,0.9559,20.8,2,1.6302283523801933e-06,0,18,85,,,
2026-07-07T10:16:30.658,0.956,20.8,1,1.6302283523801933e-06,0,18,85,,,
2026-07-07T10:16:31.168,0.956,20.8,1,1.618059808201533e-06,0,18,85,,,
2026-07-07T10:16:31.667,0.956,20.8,2,1.6302283523801933e-06,0,18,85,,,
2026-07-07T10:16:32.166,0.9561,20.8,1,1.6302283523801933e-06,0,18,85,,,
2026-07-07T10:16:32.666,0.956,20.8,2,1.6302283523801933e-06,0,18,85,,,
2026-07-07T10:16:33.163,0.956,20.8,1,1.6302283523801933e-06,0,18,85,,,
2026-07-07T10:16:33.661,0.956,20.8,1,1.6302283523801933e-06,0,18,85,,,
2026-07-07T10:16:34.159,0.956,20.8,2,1.6302283523801933e-06,0,18,85,,,
2026-07-07T10:16:34.673,0.956,20.8,1,1.618059808201533e-06,0,18,85,,,
2026-07-07T10:16:35.169,0.956,20.8,2,1.6302283523801933e-06,0,18,85,,,
2026-07-07T10:16:35.670,0.956,20.8,1,1.618059808201533e-06,0,18,85,,,
2026-07-07T10:16:36.171,0.9559,20.8,1,1.618059808201533e-06,0,18,85,,,
2026-07-07T10:16:36.667,0.956,20.8,2,1.6302283523801933e-06,0,18,85,,,
2026-07-07T10:16:37.166,0.956,20.8,1,1.618059808201533e-06,0,18,85,,,
2026-07-07T10:16:37.667,0.956,20.79,2,1.6302283523801933e-06,0,18,85,,,
2026-07-07T10:16:38.164,0.9559,20.79,1,1.6059820939162473e-06,0,18,85,,,
2026-07-07T10:16:38.662,0.9559,20.79,2,1.618059808201533e-06,0,18,85,,,
2026-07-07T10:16:39.161,0.9559,20.79,1,1.6302283523801933e-06,0,18,85,,,
2026-07-07T10:16:39.663,0.956,20.79,1,1.6302283523801933e-06,0,18,85,,,
2026-07-07T10:16:40.167,0.9559,20.79,2,1.618059808201533e-06,0,18,85,,,
2026-07-07T10:16:40.665,0.956,20.79,1,1.6302283523801933e-06,0,18,85,,,
2026-07-07T10:16:41.162,0.9559,20.79,2,1.6302283523801933e-06,0,18,85,,,
2026-07-07T10:16:41.663,0.956,20.79,1,1.618059808201533e-06,0,18,85,,,
2026-07-07T10:16:42.166,0.956,20.79,1,1.6424884095342596e-06,0,18,85,,,
2026-07-07T10:16:42.661,0.956,20.79,2,1.618059808201533e-06,0,18,85,,,
2026-07-07T10:16:43.163,0.956,20.79,1,1.6302283523801933e-06,0,18,85,,,
2026-07-07T10:16:43.660,0.9559,20.79,1,1.618059808201533e-06,0,18,85,,,
2026-07-07T10:16:44.165,0.9559,20.79,2,1.6302283523801933e-06,0,18,85,,,
2026-07-07T10:16:44.662,0.9559,20.79,1,1.618059808201533e-06,0,18,85,,,
2026-07-07T10:16:45.166,0.9559,20.79,2,1.6302283523801933e-06,0,18,85,,,
2026-07-07T10:16:45.664,0.956,20.79,1,1.6302283523801933e-06,0,18,85,,,
2026-07-07T10:16:46.163,0.9559,20.79,1,1.618059808201533e-06,0,18,85,,,
2026-07-07T10:16:46.658,0.9559,20.79,2,1.618059808201533e-06,0,18,85,,,
2026-07-07T10:16:47.160,0.956,20.79,1,1.618059808201533e-06,0,18,85,,,
2026-07-07T10:16:47.673,0.9559,20.79,2,1.6302283523801933e-06,0,18,85,,,
2026-07-07T10:16:48.169,0.956,20.79,1,1.618059808201533e-06,0,18,85,,,
2026-07-07T10:16:48.661,0.956,20.79,2,1.6302283523801933e-06,0,18,85,,,
2026-07-07T10:16:49.173,0.956,20.78,1,1.6302283523801933e-06,0,18,85,,,
2026-07-07T10:16:49.663,0.956,20.79,1,1.6302283523801933e-06,0,18,85,,,
2026-07-07T10:16:50.166,0.9559,20.78,2,1.618059808201533e-06,0,18,85,,,
2026-07-07T10:16:50.666,0.956,20.78,1,1.618059808201533e-06,0,18,85,,,
2026-07-07T10:16:51.167,0.9559,20.78,2,1.618059808201533e-06,0,18,85,,,
2026-07-07T10:16:51.668,0.956,20.78,1,1.6302283523801933e-06,0,18,85,,,
2026-07-07T10:16:52.169,0.9559,20.78,1,1.618059808201533e-06,0,18,85,,,
2026-07-07T10:16:52.673,0.956,20.78,2,1.618059808201533e-06,0,18,85,,,
2026-07-07T10:16:53.166,0.9559,20.78,1,1.6302283523801933e-06,0,18,85,,,
2026-07-07T10:16:53.664,0.9559,20.78,2,1.6302283523801933e-06,0,18,85,,,
2026-07-07T10:16:54.169,0.956,20.78,1,1.6302283523801933e-06,0,18,85,,,
2026-07-07T10:16:54.665,0.956,20.78,1,1.6302283523801933e-06,0,18,85,,,
2026-07-07T10:16:55.160,0.956,20.78,2,1.618059808201533e-06,0,18,85,,,
2026-07-07T10:16:55.661,0.956,20.78,1,1.6302283523801933e-06,0,18,85,,,
2026-07-07T10:16:56.169,0.956,20.78,1,1.6424884095342596e-06,0,18,85,,,
2026-07-07T10:16:56.667,0.9559,20.78,2,1.6302283523801933e-06,0,18,85,,,
2026-07-07T10:16:57.159,0.956,20.77,1,1.6302283523801933e-06,0,18,85,,,
2026-07-07T10:16:57.656,0.956,20.77,1,1.6302283523801933e-06,0,18,85,,,
2026-07-07T10:16:58.171,0.9559,20.77,2,1.6302283523801933e-06,0,18,85,,,
2026-07-07T10:16:58.669,0.956,20.78,1,1.618059808201533e-06,0,18,85,,,
2026-07-07T10:16:59.167,0.9559,20.77,2,1.6302283523801933e-06,0,18,85,,,
2026-07-07T10:16:59.666,0.956,20.77,1,1.618059808201533e-06,0,18,85,,,
2026-07-07T10:17:00.162,0.956,20.77,1,1.6302283523801933e-06,0,18,85,,,
2026-07-07T10:17:00.658,0.9559,20.77,2,1.6424884095342596e-06,0,18,85,,,
2026-07-07T10:17:01.154,0.956,20.77,1,1.618059808201533e-06,0,18,85,,,
2026-07-07T10:17:01.665,0.9559,20.77,2,1.618059808201533e-06,0,18,85,,,
2026-07-07T10:17:02.160,0.956,20.77,1,1.618059808201533e-06,0,18,85,,,
2026-07-07T10:17:02.669,0.956,20.77,2,1.6302283523801933e-06,0,18,85,,,
2026-07-07T10:17:03.167,0.9561,20.77,1,1.6302283523801933e-06,0,18,85,,,
2026-07-07T10:17:03.664,0.9559,20.77,1,1.6302283523801933e-06,0,18,85,,,
2026-07-07T10:17:04.161,0.956,20.77,2,1.6302283523801933e-06,0,18,85,,,
2026-07-07T10:17:04.655,0.956,20.77,1,1.6302283523801933e-06,0,18,85,,,
2026-07-07T10:17:05.153,0.9559,20.77,2,1.618059808201533e-06,0,18,85,,,
2026-07-07T10:17:05.665,0.956,20.77,1,1.618059808201533e-06,0,18,85,,,
2026-07-07T10:17:06.160,0.956,20.77,1,1.6302283523801933e-06,0,18,85,,,
2026-07-07T10:17:06.672,0.956,20.77,2,1.6302283523801933e-06,0,18,85,,,
2026-07-07T10:17:07.167,0.9559,20.76,1,1.6302283523801933e-06,0,18,85,,,
2026-07-07T10:17:07.663,0.9559,20.76,2,1.6302283523801933e-06,0,18,85,,,
2026-07-07T10:17:08.159,0.956,20.76,1,1.6302283523801933e-06,0,18,85,,,
2026-07-07T10:17:08.672,0.956,20.76,2,1.6302283523801933e-06,0,18,85,,,
2026-07-07T10:17:09.167,0.9559,20.76,1,1.618059808201533e-06,0,18,85,,,
2026-07-07T10:17:09.664,0.956,20.76,1,1.618059808201533e-06,0,18,85,,,
2026-07-07T10:17:10.159,0.9559,20.76,2,1.618059808201533e-06,0,18,85,,,
2026-07-07T10:17:10.671,0.9559,20.76,1,1.618059808201533e-06,0,18,85,,,
2026-07-07T10:17:11.163,0.9559,20.76,2,1.6302283523801933e-06,0,18,85,,,
2026-07-07T10:17:11.654,0.956,20.76,1,1.618059808201533e-06,0,18,85,,,
2026-07-07T10:17:12.162,0.956,20.76,1,1.6302283523801933e-06,0,18,85,,,
2026-07-07T10:17:12.660,0.9559,20.76,2,1.6302283523801933e-06,0,18,85,,,
2026-07-07T10:17:13.157,0.956,20.76,1,1.618059808201533e-06,0,18,85,,,
2026-07-07T10:17:13.669,0.956,20.76,1,1.618059808201533e-06,0,18,85,,,
2026-07-07T10:17:14.162,0.956,20.76,2,1.6302283523801933e-06,0,18,85,,,
2026-07-07T10:17:14.669,0.956,20.76,1,1.618059808201533e-06,0,18,85,,,
2026-07-07T10:17:15.173,0.9559,20.76,2,1.6302283523801933e-06,0,18,85,,,
2026-07-07T10:17:15.671,0.956,20.76,1,1.6424884095342596e-06,0,18,85,,,
2026-07-07T10:17:16.163,0.956,20.76,1,1.6302283523801933e-06,0,18,85,,,
2026-07-07T10:17:16.658,0.9559,20.76,2,1.618059808201533e-06,0,18,85,,,
2026-07-07T10:17:17.169,0.956,20.75,1,1.6302283523801933e-06,0,18,85,,,
2026-07-07T10:17:17.658,0.9561,20.76,1,1.6302283523801933e-06,0,18,85,,,
2026-07-07T10:17:18.171,0.956,20.75,2,1.618059808201533e-06,0,18,85,,,
2026-07-07T10:17:18.666,0.956,20.75,1,1.618059808201533e-06,0,18,85,,,
2026-07-07T10:17:19.164,0.956,20.75,2,1.6302283523801933e-06,0,18,85,,,
2026-07-07T10:17:19.661,0.956,20.75,1,1.6302283523801933e-06,0,18,85,,,
2026-07-07T10:17:20.157,0.956,20.75,2,1.6302283523801933e-06,0,18,85,,,
2026-07-07T10:17:20.669,0.956,20.75,1,1.618059808201533e-06,0,18,85,,,
2026-07-07T10:17:21.161,0.956,20.75,1,1.6302283523801933e-06,0,18,85,,,
2026-07-07T10:17:21.673,0.9559,20.75,2,1.618059808201533e-06,0,18,85,,,
2026-07-07T10:17:22.165,0.956,20.75,1,1.618059808201533e-06,0,18,85,,,
2026-07-07T10:17:22.658,0.956,20.75,2,1.6302283523801933e-06,0,18,85,,,
2026-07-07T10:17:23.169,0.9559,20.75,1,1.618059808201533e-06,0,18,85,,,
2026-07-07T10:17:23.663,0.956,20.75,1,1.6302283523801933e-06,0,18,85,,,
2026-07-07T10:17:24.161,0.956,20.75,2,1.618059808201533e-06,0,18,85,,,
2026-07-07T10:17:24.674,0.9559,20.74,1,1.6302283523801933e-06,0,18,85,,,
2026-07-07T10:17:25.170,0.9559,20.75,2,1.618059808201533e-06,0,18,85,,,
2026-07-07T10:17:25.667,0.956,20.75,1,1.618059808201533e-06,0,18,85,,,
2026-07-07T10:17:26.167,0.9559,20.75,1,1.618059808201533e-06,0,18,85,,,
2026-07-07T10:17:26.665,0.956,20.74,2,1.6302283523801933e-06,0,18,85,,,
2026-07-07T10:17:27.166,0.9559,20.74,1,1.6059820939162473e-06,0,18,85,,,
2026-07-07T10:17:27.666,0.9559,20.74,1,1.6302283523801933e-06,0,18,85,,,
2026-07-07T10:17:28.164,0.9559,20.74,2,1.6302283523801933e-06,0,18,85,,,
2026-07-07T10:17:28.667,0.956,20.74,1,1.6302283523801933e-06,0,18,85,,,
2026-07-07T10:17:29.165,0.956,20.74,2,1.618059808201533e-06,0,18,85,,,
2026-07-07T10:17:29.668,0.956,20.74,1,1.618059808201533e-06,0,18,85,,,
2026-07-07T10:17:30.164,0.9559,20.74,2,1.6302283523801933e-06,0,18,85,,,
2026-07-07T10:17:30.664,0.956,20.74,1,1.618059808201533e-06,0,18,85,,,
2026-07-07T10:17:31.164,0.956,20.74,1,1.618059808201533e-06,0,18,85,,,
2026-07-07T10:17:31.664,0.9559,20.74,2,1.6302283523801933e-06,0,18,85,,,
2026-07-07T10:17:32.164,0.956,20.74,1,1.6302283523801933e-06,0,18,85,,,
2026-07-07T10:17:32.661,0.956,20.74,1,1.618059808201533e-06,0,18,85,,,
2026-07-07T10:17:33.176,0.956,20.74,2,1.6302283523801933e-06,0,18,85,,,
2026-07-07T10:17:33.668,0.9559,20.74,1,1.618059808201533e-06,0,18,85,,,
2026-07-07T10:17:34.166,0.956,20.74,2,1.618059808201533e-06,0,18,85,,,
2026-07-07T10:17:34.665,0.956,20.74,1,1.6302283523801933e-06,0,18,85,,,
2026-07-07T10:17:35.163,0.956,20.74,1,1.6302283523801933e-06,0,18,85,,,
2026-07-07T10:17:35.661,0.9559,20.74,2,1.618059808201533e-06,0,18,85,,,
2026-07-07T10:17:36.161,0.956,20.74,1,1.6302283523801933e-06,0,18,85,,,
2026-07-07T10:17:36.658,0.956,20.74,2,1.6302283523801933e-06,0,18,85,,,
2026-07-07T10:17:37.171,0.956,20.74,1,1.6302283523801933e-06,0,18,85,,,
2026-07-07T10:17:37.672,0.956,20.74,1,1.6302283523801933e-06,0,18,85,,,
2026-07-07T10:17:38.173,0.9559,20.73,2,1.618059808201533e-06,0,18,85,,,
2026-07-07T10:17:38.672,0.9559,20.73,1,1.618059808201533e-06,0,18,85,,,
2026-07-07T10:17:39.172,0.956,20.73,2,1.618059808201533e-06,0,18,85,,,
2026-07-07T10:17:39.672,0.956,20.73,1,1.6424884095342596e-06,0,18,85,,,
2026-07-07T10:17:40.171,0.956,20.73,1,1.618059808201533e-06,0,18,85,,,
2026-07-07T10:17:40.667,0.9559,20.73,2,1.6302283523801933e-06,0,18,85,,,
2026-07-07T10:17:41.163,0.956,20.73,1,1.618059808201533e-06,0,18,85,,,
2026-07-07T10:17:41.663,0.956,20.73,2,1.618059808201533e-06,0,18,85,,,
2026-07-07T10:17:42.163,0.956,20.73,1,1.6302283523801933e-06,0,18,85,,,
2026-07-07T10:17:42.664,0.956,20.73,1,1.618059808201533e-06,0,18,85,,,
2026-07-07T10:17:43.166,0.956,20.73,2,1.618059808201533e-06,0,18,85,,,
2026-07-07T10:17:43.668,0.956,20.73,1,1.6302283523801933e-06,0,18,85,,,
2026-07-07T10:17:44.166,0.9559,20.73,2,1.618059808201533e-06,0,18,85,,,
2026-07-07T10:17:44.665,0.956,20.73,1,1.618059808201533e-06,0,18,85,,,
2026-07-07T10:17:45.167,0.956,20.73,1,1.618059808201533e-06,0,18,85,,,
2026-07-07T10:17:45.664,0.956,20.73,2,1.618059808201533e-06,0,18,85,,,
2026-07-07T10:17:46.159,0.956,20.73,1,1.618059808201533e-06,0,18,85,,,
2026-07-07T10:17:46.659,0.956,20.72,2,1.6302283523801933e-06,0,18,85,,,
2026-07-07T10:17:47.173,0.956,20.72,1,1.618059808201533e-06,0,18,85,,,
2026-07-07T10:17:47.671,0.956,20.72,1,1.618059808201533e-06,0,18,85,,,
2026-07-07T10:17:48.159,0.9559,20.72,2,1.6302283523801933e-06,0,18,85,,,
2026-07-07T10:17:48.673,0.956,20.72,1,1.618059808201533e-06,0,18,85,,,
2026-07-07T10:17:49.171,0.956,20.72,2,1.618059808201533e-06,0,18,85,,,
2026-07-07T10:17:49.670,0.9559,20.72,1,1.6302283523801933e-06,0,18,85,,,
2026-07-07T10:17:50.167,0.956,20.72,1,1.6302283523801933e-06,0,18,85,,,
2026-07-07T10:17:50.671,0.956,20.72,2,1.618059808201533e-06,0,18,85,,,
2026-07-07T10:17:51.168,0.9559,20.72,1,1.6302283523801933e-06,0,18,85,,,
2026-07-07T10:17:51.668,0.956,20.72,2,1.6302283523801933e-06,0,18,85,,,
2026-07-07T10:17:52.166,0.956,20.72,1,1.6302283523801933e-06,0,18,85,,,
2026-07-07T10:17:52.666,0.9559,20.72,1,1.618059808201533e-06,0,18,85,,,
2026-07-07T10:17:53.163,0.9559,20.72,2,1.618059808201533e-06,0,18,85,,,
2026-07-07T10:17:53.665,0.956,20.72,1,1.618059808201533e-06,0,18,85,,,
2026-07-07T10:17:54.163,0.9559,20.71,2,1.618059808201533e-06,0,18,85,,,
2026-07-07T10:17:54.661,0.9559,20.71,1,1.6302283523801933e-06,0,18,85,,,
2026-07-07T10:17:55.162,0.956,20.71,1,1.618059808201533e-06,0,18,85,,,
2026-07-07T10:17:55.662,0.956,20.71,2,1.6302283523801933e-06,0,18,85,,,
2026-07-07T10:17:56.161,0.956,20.71,1,1.6302283523801933e-06,0,18,85,,,
2026-07-07T10:17:56.660,0.9559,20.71,2,1.6302283523801933e-06,0,18,85,,,
2026-07-07T10:17:57.158,0.956,20.71,1,1.6302283523801933e-06,0,18,85,,,
2026-07-07T10:17:57.659,0.9559,20.71,1,1.6302283523801933e-06,0,18,85,,,
2026-07-07T10:17:58.163,0.956,20.71,2,1.618059808201533e-06,0,18,85,,,
2026-07-07T10:17:58.661,0.956,20.71,1,1.6059820939162473e-06,0,18,85,,,
2026-07-07T10:17:59.163,0.9559,20.71,2,1.6302283523801933e-06,0,18,85,,,
2026-07-07T10:17:59.659,0.9559,20.71,1,1.6302283523801933e-06,0,18,85,,,
2026-07-07T10:18:00.169,0.956,20.71,1,1.6302283523801933e-06,0,18,85,,,
2026-07-07T10:18:00.669,0.956,20.71,2,1.618059808201533e-06,0,18,85,,,
2026-07-07T10:18:01.169,0.956,20.71,1,1.6302283523801933e-06,0,18,85,,,
2026-07-07T10:18:01.665,0.9559,20.71,2,1.6302283523801933e-06,0,18,85,,,
2026-07-07T10:18:02.164,0.956,20.71,1,1.618059808201533e-06,0,18,85,,,
2026-07-07T10:18:02.663,0.956,20.71,1,1.6302283523801933e-06,0,18,85,,,
2026-07-07T10:18:03.163,0.9559,20.7,2,1.6302283523801933e-06,0,18,85,,,
2026-07-07T10:18:03.662,0.9559,20.7,1,1.618059808201533e-06,0,18,85,,,
2026-07-07T10:18:04.172,0.956,20.7,2,1.6302283523801933e-06,0,18,85,,,
2026-07-07T10:18:04.670,0.956,20.7,1,1.6302283523801933e-06,0,18,85,,,
2026-07-07T10:18:05.168,0.956,20.7,2,1.6302283523801933e-06,0,18,85,,,
2026-07-07T10:18:05.667,0.9559,20.7,1,1.618059808201533e-06,0,18,85,,,
2026-07-07T10:18:06.167,0.9559,20.7,1,1.618059808201533e-06,0,18,85,,,
2026-07-07T10:18:06.664,0.9559,20.7,2,1.618059808201533e-06,0,18,85,,,
2026-07-07T10:18:07.163,0.956,20.7,1,1.618059808201533e-06,0,18,85,,,
2026-07-07T10:18:07.663,0.956,20.7,1,1.6302283523801933e-06,0,18,85,,,
2026-07-07T10:18:08.161,0.956,20.7,2,1.618059808201533e-06,0,18,85,,,
2026-07-07T10:18:08.660,0.9559,20.7,1,1.6302283523801933e-06,0,18,85,,,
2026-07-07T10:18:09.159,0.9559,20.7,2,1.6302283523801933e-06,0,18,85,,,
2026-07-07T10:18:09.672,0.9559,20.7,1,1.6302283523801933e-06,0,18,85,,,
2026-07-07T10:18:10.173,0.956,20.7,2,1.618059808201533e-06,0,18,85,,,
2026-07-07T10:18:10.673,0.9559,20.7,1,1.6302283523801933e-06,0,18,85,,,
2026-07-07T10:18:11.172,0.956,20.7,1,1.618059808201533e-06,0,18,85,,,
2026-07-07T10:18:11.668,0.9559,20.7,2,1.6059820939162473e-06,0,18,85,,,
2026-07-07T10:18:12.161,0.9559,20.7,1,1.618059808201533e-06,0,18,85,,,
2026-07-07T10:18:12.671,0.9559,20.69,1,1.618059808201533e-06,0,18,85,,,
2026-07-07T10:18:13.169,0.9559,20.69,2,1.6302283523801933e-06,0,18,85,,,
2026-07-07T10:18:13.666,0.956,20.69,1,1.6302283523801933e-06,0,18,85,,,
2026-07-07T10:18:14.162,0.956,20.69,2,1.618059808201533e-06,0,18,85,,,
2026-07-07T10:18:14.663,0.956,20.69,1,1.6302283523801933e-06,0,18,85,,,
2026-07-07T10:18:15.163,0.9559,20.69,1,1.618059808201533e-06,0,18,85,,,
2026-07-07T10:18:15.663,0.9559,20.69,2,1.6302283523801933e-06,0,18,85,,,
2026-07-07T10:18:16.165,0.956,20.69,1,1.618059808201533e-06,0,18,85,,,
2026-07-07T10:18:16.662,0.9559,20.69,2,1.6302283523801933e-06,0,18,85,,,
2026-07-07T10:18:17.161,0.956,20.69,1,1.618059808201533e-06,0,18,85,,,
2026-07-07T10:18:17.661,0.9559,20.69,1,1.618059808201533e-06,0,18,85,,,
2026-07-07T10:18:18.165,0.956,20.69,2,1.6302283523801933e-06,0,18,85,,,
2026-07-07T10:18:18.665,0.956,20.69,1,1.6302283523801933e-06,0,18,85,,,
2026-07-07T10:18:19.163,0.9559,20.69,2,1.618059808201533e-06,0,18,85,,,
2026-07-07T10:18:19.664,0.9559,20.69,1,1.618059808201533e-06,0,18,85,,,
2026-07-07T10:18:20.161,0.956,20.69,1,1.6302283523801933e-06,0,18,85,,,
2026-07-07T10:18:20.660,0.956,20.69,2,1.6302283523801933e-06,0,18,85,,,
2026-07-07T10:18:21.159,0.956,20.69,1,1.618059808201533e-06,0,18,85,,,
2026-07-07T10:18:21.673,0.9559,20.69,2,1.6302283523801933e-06,0,18,85,,,
2026-07-07T10:18:22.173,0.9559,20.68,1,1.618059808201533e-06,0,18,85,,,
2026-07-07T10:18:22.658,0.956,20.68,1,1.6302283523801933e-06,0,18,85,,,
2026-07-07T10:18:23.171,0.9559,20.69,2,1.6302283523801933e-06,0,18,85,,,
2026-07-07T10:18:23.671,0.9559,20.68,1,1.618059808201533e-06,0,18,85,,,
2026-07-07T10:18:24.159,0.9559,20.68,1,1.6059820939162473e-06,0,18,85,,,
2026-07-07T10:18:24.660,0.9559,20.68,2,1.6302283523801933e-06,0,18,85,,,
2026-07-07T10:18:25.159,0.9559,20.68,1,1.618059808201533e-06,0,18,85,,,
2026-07-07T10:18:25.672,0.9559,20.68,2,1.618059808201533e-06,0,18,85,,,
2026-07-07T10:18:26.171,0.9559,20.68,1,1.6302283523801933e-06,0,18,85,,,
2026-07-07T10:18:26.671,0.9559,20.68,1,1.6302283523801933e-06,0,18,85,,,
2026-07-07T10:18:27.172,0.9559,20.68,2,1.618059808201533e-06,0,18,85,,,
2026-07-07T10:18:27.671,0.956,20.68,1,1.6302283523801933e-06,0,18,85,,,
2026-07-07T10:18:28.170,0.9559,20.68,2,1.6302283523801933e-06,0,18,85,,,
2026-07-07T10:18:28.673,0.9559,20.68,1,1.618059808201533e-06,0,18,85,,,
2026-07-07T10:18:29.174,0.956,20.68,1,1.6302283523801933e-06,0,18,85,,,
2026-07-07T10:18:29.661,0.9559,20.68,2,1.6302283523801933e-06,0,18,85,,,
2026-07-07T10:18:30.161,0.9559,20.68,1,1.618059808201533e-06,0,18,85,,,
2026-07-07T10:18:30.660,0.956,20.68,2,1.618059808201533e-06,0,18,85,,,
2026-07-07T10:18:31.158,0.956,20.68,1,1.618059808201533e-06,0,18,85,,,
2026-07-07T10:18:31.672,0.9559,20.68,1,1.618059808201533e-06,0,18,85,,,
2026-07-07T10:18:32.171,0.9559,20.68,2,1.6302283523801933e-06,0,18,85,,,
2026-07-07T10:18:32.673,0.9559,20.68,1,1.618059808201533e-06,0,18,85,,,
2026-07-07T10:18:33.168,0.9559,20.68,2,1.618059808201533e-06,0,18,85,,,
2026-07-07T10:18:33.667,0.956,20.68,1,1.6548406678828405e-06,0,18,85,,,
2026-07-07T10:18:34.165,0.956,20.68,1,1.6302283523801933e-06,0,18,85,,,
2026-07-07T10:18:34.665,0.9559,20.68,2,1.6302283523801933e-06,0,18,85,,,
2026-07-07T10:18:35.163,0.956,20.68,1,1.618059808201533e-06,0,18,85,,,
2026-07-07T10:18:35.663,0.956,20.68,2,1.6302283523801933e-06,0,18,85,,,
2026-07-07T10:18:36.161,0.9559,20.67,1,1.618059808201533e-06,0,18,85,,,
2026-07-07T10:18:36.665,0.956,20.68,1,1.6302283523801933e-06,0,18,85,,,
2026-07-07T10:18:37.167,0.9559,20.68,2,1.6302283523801933e-06,0,18,85,,,
2026-07-07T10:18:37.667,0.956,20.68,1,1.618059808201533e-06,0,18,85,,,
2026-07-07T10:18:38.164,0.9559,20.67,2,1.6302283523801933e-06,0,18,85,,,
2026-07-07T10:18:38.662,0.956,20.67,1,1.618059808201533e-06,0,18,85,,,
2026-07-07T10:18:39.159,0.9559,20.67,1,1.6302283523801933e-06,0,18,85,,,
2026-07-07T10:18:39.658,0.9559,20.67,2,1.6302283523801933e-06,0,18,85,,,
2026-07-07T10:18:40.171,0.9559,20.67,1,1.6302283523801933e-06,0,18,85,,,
2026-07-07T10:18:40.673,0.9559,20.67,2,1.6302283523801933e-06,0,18,85,,,
2026-07-07T10:18:41.170,0.956,20.67,1,1.6302283523801933e-06,0,18,85,,,
2026-07-07T10:18:41.668,0.9559,20.67,1,1.6302283523801933e-06,0,18,85,,,
2026-07-07T10:18:42.168,0.9559,20.67,2,1.618059808201533e-06,0,18,85,,,
2026-07-07T10:18:42.667,0.9559,20.67,1,1.618059808201533e-06,0,18,85,,,
2026-07-07T10:18:43.165,0.9559,20.67,2,1.618059808201533e-06,0,18,85,,,
2026-07-07T10:18:43.668,0.9559,20.67,1,1.618059808201533e-06,0,18,85,,,
2026-07-07T10:18:44.163,0.956,20.66,1,1.6302283523801933e-06,0,18,85,,,
2026-07-07T10:18:44.662,0.9559,20.67,2,1.618059808201533e-06,0,18,85,,,
2026-07-07T10:18:45.161,0.9559,20.67,1,1.6302283523801933e-06,0,18,85,,,
2026-07-07T10:18:45.658,0.9559,20.67,2,1.618059808201533e-06,0,18,85,,,
2026-07-07T10:18:46.159,0.956,20.66,1,1.618059808201533e-06,0,18,85,,,
2026-07-07T10:18:46.660,0.9559,20.66,1,1.618059808201533e-06,0,18,85,,,
2026-07-07T10:18:47.162,0.9559,20.66,2,1.6302283523801933e-06,0,18,85,,,
2026-07-07T10:18:47.662,0.956,20.66,1,1.618059808201533e-06,0,18,85,,,
2026-07-07T10:18:48.160,0.9559,20.66,2,1.618059808201533e-06,0,18,85,,,
2026-07-07T10:18:48.673,0.956,20.66,1,1.6302283523801933e-06,0,18,85,,,
2026-07-07T10:18:49.173,0.9559,20.66,2,1.6424884095342596e-06,0,18,85,,,
2026-07-07T10:18:49.671,0.9559,20.66,1,1.6424884095342596e-06,0,18,85,,,
2026-07-07T10:18:50.172,0.956,20.66,1,1.618059808201533e-06,0,18,85,,,
2026-07-07T10:18:50.670,0.956,20.66,2,1.6302283523801933e-06,0,18,85,,,
2026-07-07T10:18:51.167,0.9559,20.66,1,1.6302283523801933e-06,0,18,85,,,
2026-07-07T10:18:51.667,0.9559,20.66,2,1.618059808201533e-06,0,18,85,,,
2026-07-07T10:18:52.167,0.9559,20.66,1,1.6302283523801933e-06,0,18,85,,,
2026-07-07T10:18:52.667,0.9559,20.65,1,1.6302283523801933e-06,0,18,85,,,
2026-07-07T10:18:53.166,0.9559,20.66,2,1.618059808201533e-06,0,18,85,,,
2026-07-07T10:18:53.663,0.9559,20.65,1,1.6302283523801933e-06,0,18,85,,,
2026-07-07T10:18:54.165,0.9559,20.66,2,1.618059808201533e-06,0,18,85,,,
2026-07-07T10:18:54.665,0.9559,20.66,1,1.618059808201533e-06,0,18,85,,,
2026-07-07T10:18:55.163,0.9559,20.65,1,1.6302283523801933e-06,0,18,85,,,
2026-07-07T10:18:55.663,0.9559,20.65,2,1.618059808201533e-06,0,18,85,,,
2026-07-07T10:18:56.159,0.956,20.65,1,1.6424884095342596e-06,0,18,85,,,
2026-07-07T10:18:56.672,0.9559,20.65,2,1.618059808201533e-06,0,18,85,,,
2026-07-07T10:18:57.166,0.956,20.65,1,1.6302283523801933e-06,0,18,85,,,
2026-07-07T10:18:57.666,0.956,20.65,1,1.618059808201533e-06,0,18,85,,,
2026-07-07T10:18:58.164,0.956,20.65,2,1.618059808201533e-06,0,18,85,,,
2026-07-07T10:18:58.665,0.9559,20.65,1,1.618059808201533e-06,0,18,85,,,
2026-07-07T10:18:59.162,0.956,20.65,1,1.6302283523801933e-06,0,18,85,,,
2026-07-07T10:18:59.662,0.9559,20.65,2,1.618059808201533e-06,0,18,85,,,
2026-07-07T10:19:00.159,0.9559,20.65,1,1.618059808201533e-06,0,18,85,,,
2026-07-07T10:19:00.658,0.9559,20.65,2,1.618059808201533e-06,0,18,85,,,
2026-07-07T10:19:01.174,0.9559,20.65,1,1.6059820939162473e-06,0,18,85,,,
2026-07-07T10:19:01.658,0.9559,20.65,1,1.618059808201533e-06,0,18,85,,,
2026-07-07T10:19:02.170,0.9559,20.65,2,1.618059808201533e-06,0,18,85,,,
2026-07-07T10:19:02.670,0.956,20.65,1,1.6302283523801933e-06,0,18,85,,,
2026-07-07T10:19:03.171,0.956,20.65,2,1.6302283523801933e-06,0,18,85,,,
2026-07-07T10:19:03.659,0.956,20.64,1,1.618059808201533e-06,0,18,85,,,
2026-07-07T10:19:04.158,0.956,20.65,1,1.618059808201533e-06,0,18,85,,,
2026-07-07T10:19:04.672,0.9559,20.65,2,1.6302283523801933e-06,0,18,85,,,
2026-07-07T10:19:05.169,0.9559,20.65,1,1.6302283523801933e-06,0,18,85,,,
2026-07-07T10:19:05.667,0.9559,20.64,2,1.6302283523801933e-06,0,18,85,,,
2026-07-07T10:19:06.163,0.9559,20.64,1,1.618059808201533e-06,0,18,85,,,
2026-07-07T10:19:06.664,0.956,20.64,2,1.618059808201533e-06,0,18,85,,,
2026-07-07T10:19:07.162,0.9559,20.64,1,1.6059820939162473e-06,0,18,85,,,
2026-07-07T10:19:07.659,0.956,20.64,1,1.618059808201533e-06,0,18,85,,,
2026-07-07T10:19:08.171,0.956,20.64,2,1.6059820939162473e-06,0,18,85,,,
2026-07-07T10:19:08.672,0.9559,20.64,1,1.618059808201533e-06,0,18,85,,,
2026-07-07T10:19:09.171,0.956,20.64,1,1.6302283523801933e-06,0,18,85,,,
2026-07-07T10:19:09.666,0.956,20.64,2,1.618059808201533e-06,0,18,85,,,
2026-07-07T10:19:10.162,0.956,20.64,1,1.6302283523801933e-06,0,18,85,,,
2026-07-07T10:19:10.661,0.9559,20.64,2,1.618059808201533e-06,0,18,85,,,
2026-07-07T10:19:11.160,0.956,20.63,1,1.618059808201533e-06,0,18,85,,,
2026-07-07T10:19:11.658,0.956,20.64,1,1.618059808201533e-06,0,18,85,,,
2026-07-07T10:19:12.171,0.9559,20.64,2,1.6302283523801933e-06,0,18,85,,,
2026-07-07T10:19:12.671,0.9559,20.64,1,1.618059808201533e-06,0,18,85,,,
2026-07-07T10:19:13.159,0.9559,20.63,2,1.6059820939162473e-06,0,18,85,,,
2026-07-07T10:19:13.671,0.9559,20.64,1,1.6059820939162473e-06,0,18,85,,,
2026-07-07T10:19:14.159,0.9559,20.63,1,1.618059808201533e-06,0,18,85,,,
2026-07-07T10:19:14.673,0.9559,20.63,2,1.6302283523801933e-06,0,18,85,,,
2026-07-07T10:19:15.160,0.9559,20.64,1,1.618059808201533e-06,0,18,85,,,
2026-07-07T10:19:15.660,0.9559,20.63,2,1.6302283523801933e-06,0,18,85,,,
2026-07-07T10:19:16.162,0.956,20.63,1,1.6302283523801933e-06,0,18,85,,,
2026-07-07T10:19:16.661,0.9559,20.63,1,1.6059820939162473e-06,0,18,85,,,
2026-07-07T10:19:17.173,0.9559,20.63,2,1.6302283523801933e-06,0,18,85,,,
2026-07-07T10:19:17.672,0.9559,20.63,1,1.618059808201533e-06,0,18,85,,,
2026-07-07T10:19:18.171,0.956,20.63,2,1.618059808201533e-06,0,18,85,,,
2026-07-07T10:19:18.666,0.956,20.63,1,1.6059820939162473e-06,0,18,85,,,
2026-07-07T10:19:19.162,0.956,20.63,1,1.618059808201533e-06,0,18,85,,,
2026-07-07T10:19:19.662,0.9559,20.63,2,1.618059808201533e-06,0,18,85,,,
2026-07-07T10:19:20.170,0.956,20.63,1,1.618059808201533e-06,0,18,85,,,
2026-07-07T10:19:20.672,0.956,20.63,2,1.618059808201533e-06,0,18,85,,,
2026-07-07T10:19:21.173,0.956,20.63,1,1.618059808201533e-06,0,18,85,,,
2026-07-07T10:19:21.671,0.956,20.63,2,1.618059808201533e-06,0,18,85,,,
2026-07-07T10:19:22.172,0.9559,20.63,1,1.618059808201533e-06,0,18,85,,,
2026-07-07T10:19:22.669,0.9559,20.63,1,1.6302283523801933e-06,0,18,85,,,
2026-07-07T10:19:23.168,0.9559,20.63,2,1.6059820939162473e-06,0,18,85,,,
2026-07-07T10:19:23.663,0.956,20.63,1,1.6302283523801933e-06,0,18,85,,,
2026-07-07T10:19:24.158,0.9558,20.63,1,1.6302283523801933e-06,0,18,85,,,
2026-07-07T10:19:24.658,0.9559,20.63,2,1.6059820939162473e-06,0,18,85,,,
2026-07-07T10:19:25.171,0.9559,20.63,1,1.618059808201533e-06,0,18,85,,,
2026-07-07T10:19:25.665,0.9559,20.63,2,1.6302283523801933e-06,0,18,85,,,
2026-07-07T10:19:26.165,0.9559,20.63,1,1.618059808201533e-06,0,18,85,,,
2026-07-07T10:19:26.662,0.9559,20.63,1,1.618059808201533e-06,0,18,85,,,
2026-07-07T10:19:27.159,0.956,20.63,2,1.6059820939162473e-06,0,18,85,,,
2026-07-07T10:19:27.659,0.956,20.62,1,1.618059808201533e-06,0,18,85,,,
2026-07-07T10:19:28.159,0.9559,20.62,2,1.6059820939162473e-06,0,18,85,,,
2026-07-07T10:19:28.673,0.9559,20.63,1,1.618059808201533e-06,0,18,85,,,
2026-07-07T10:19:29.160,0.9559,20.62,1,1.618059808201533e-06,0,18,85,,,
2026-07-07T10:19:29.659,0.9559,20.62,2,1.618059808201533e-06,0,18,85,,,
2026-07-07T10:19:30.160,0.9559,20.63,1,1.6059820939162473e-06,0,18,85,,,
2026-07-07T10:19:30.660,0.9559,20.63,2,1.618059808201533e-06,0,18,85,,,
2026-07-07T10:19:31.173,0.956,20.63,1,1.6302283523801933e-06,0,18,85,,,
2026-07-07T10:19:31.670,0.9559,20.62,1,1.618059808201533e-06,0,18,85,,,
2026-07-07T10:19:32.158,0.9559,20.62,2,1.618059808201533e-06,0,18,85,,,
2026-07-07T10:19:32.672,0.9559,20.62,1,1.618059808201533e-06,0,18,85,,,
2026-07-07T10:19:33.158,0.9559,20.62,2,1.6302283523801933e-06,0,18,85,,,
2026-07-07T10:19:33.670,0.9559,20.62,1,1.6302283523801933e-06,0,18,85,,,
2026-07-07T10:19:34.169,0.9559,20.62,1,1.618059808201533e-06,0,18,85,,,
2026-07-07T10:19:34.670,0.9559,20.62,2,1.618059808201533e-06,0,18,85,,,
2026-07-07T10:19:35.169,0.9559,20.63,1,1.618059808201533e-06,0,18,85,,,
2026-07-07T10:19:35.667,0.9559,20.62,2,1.6059820939162473e-06,0,18,85,,,
2026-07-07T10:19:36.164,0.9559,20.62,1,1.6059820939162473e-06,0,18,85,,,
2026-07-07T10:19:36.663,0.9559,20.63,1,1.618059808201533e-06,0,18,85,,,
2026-07-07T10:19:37.161,0.9559,20.62,2,1.618059808201533e-06,0,18,85,,,
2026-07-07T10:19:37.662,0.9559,20.62,1,1.6424884095342596e-06,0,18,85,,,
2026-07-07T10:19:38.160,0.9559,20.62,2,1.6059820939162473e-06,0,18,85,,,
2026-07-07T10:19:38.660,0.9559,20.62,1,1.618059808201533e-06,0,18,85,,,
2026-07-07T10:19:39.172,0.9559,20.62,1,1.618059808201533e-06,0,18,85,,,
2026-07-07T10:19:39.669,0.9559,20.62,2,1.618059808201533e-06,0,18,85,,,
2026-07-07T10:19:40.170,0.956,20.62,1,1.618059808201533e-06,0,18,85,,,
2026-07-07T10:19:40.669,0.9559,20.62,2,1.6059820939162473e-06,0,18,85,,,
2026-07-07T10:19:41.165,0.9559,20.62,1,1.6059820939162473e-06,0,18,85,,,
2026-07-07T10:19:41.666,0.956,20.62,1,1.618059808201533e-06,0,18,85,,,
2026-07-07T10:19:42.164,0.9559,20.62,2,1.618059808201533e-06,0,18,85,,,
2026-07-07T10:19:42.664,0.9559,20.62,1,1.6059820939162473e-06,0,18,85,,,
2026-07-07T10:19:43.163,0.956,20.62,2,1.618059808201533e-06,0,18,85,,,
2026-07-07T10:19:43.662,0.956,20.62,1,1.618059808201533e-06,0,18,85,,,
2026-07-07T10:19:44.166,0.9559,20.62,1,1.618059808201533e-06,0,18,85,,,
2026-07-07T10:19:44.664,0.9558,20.62,2,1.6302283523801933e-06,0,18,85,,,
2026-07-07T10:19:45.167,0.9559,20.62,1,1.6059820939162473e-06,0,18,85,,,
2026-07-07T10:19:45.666,0.9559,20.62,2,1.618059808201533e-06,0,18,85,,,
2026-07-07T10:19:46.166,0.9559,20.62,1,1.618059808201533e-06,0,18,85,,,
2026-07-07T10:19:46.666,0.9559,20.62,1,1.6302283523801933e-06,0,18,85,,,
2026-07-07T10:19:47.160,0.9559,20.62,2,1.6302283523801933e-06,0,18,85,,,
2026-07-07T10:19:47.663,0.9559,20.62,1,1.6059820939162473e-06,0,18,85,,,
2026-07-07T10:19:48.162,0.9559,20.62,2,1.618059808201533e-06,0,18,85,,,
2026-07-07T10:19:48.663,0.956,20.62,1,1.6302283523801933e-06,0,18,85,,,
2026-07-07T10:19:49.164,0.956,20.62,1,1.618059808201533e-06,0,18,85,,,
2026-07-07T10:19:49.660,0.9559,20.62,2,1.6059820939162473e-06,0,18,85,,,
2026-07-07T10:19:50.164,0.9559,20.61,1,1.618059808201533e-06,0,18,85,,,
2026-07-07T10:19:50.663,0.9559,20.62,2,1.618059808201533e-06,0,18,85,,,
2026-07-07T10:19:51.160,0.956,20.62,1,1.6302283523801933e-06,0,18,85,,,
2026-07-07T10:19:51.661,0.9559,20.61,1,1.6059820939162473e-06,0,18,85,,,
2026-07-07T10:19:52.163,0.9559,20.61,2,1.618059808201533e-06,0,18,85,,,
2026-07-07T10:19:52.662,0.956,20.61,1,1.6059820939162473e-06,0,18,85,,,
2026-07-07T10:19:53.165,0.9559,20.61,2,1.6059820939162473e-06,0,18,85,,,
2026-07-07T10:19:53.664,0.956,20.61,1,1.618059808201533e-06,0,18,85,,,
2026-07-07T10:19:54.165,0.9559,20.61,1,1.6059820939162473e-06,0,18,85,,,
2026-07-07T10:19:54.665,0.9559,20.61,2,1.6059820939162473e-06,0,18,85,,,
2026-07-07T10:19:55.164,0.9559,20.61,1,1.6059820939162473e-06,0,18,85,,,
2026-07-07T10:19:55.666,0.9559,20.61,1,1.618059808201533e-06,0,18,85,,,
2026-07-07T10:19:56.166,0.956,20.61,2,1.618059808201533e-06,0,18,85,,,
2026-07-07T10:19:56.666,0.956,20.61,1,1.618059808201533e-06,0,18,85,,,
2026-07-07T10:19:57.165,0.956,20.61,2,1.618059808201533e-06,0,18,85,,,
2026-07-07T10:19:57.670,0.956,20.61,1,1.6302283523801933e-06,0,18,85,,,
2026-07-07T10:19:58.168,0.956,20.61,1,1.618059808201533e-06,0,18,85,,,
2026-07-07T10:19:58.671,0.9559,20.61,2,1.618059808201533e-06,0,18,85,,,
2026-07-07T10:19:59.173,0.956,20.61,1,1.618059808201533e-06,0,18,85,,,
2026-07-07T10:19:59.670,0.9559,20.61,2,1.6302283523801933e-06,0,18,85,,,
2026-07-07T10:20:00.169,0.9559,20.61,1,1.6302283523801933e-06,0,18,85,,,
2026-07-07T10:20:00.670,0.9559,20.61,2,1.6302283523801933e-06,0,18,85,,,
2026-07-07T10:20:01.171,0.9559,20.61,1,1.6302283523801933e-06,0,18,85,,,
2026-07-07T10:20:01.669,0.956,20.61,1,1.618059808201533e-06,0,18,85,,,
2026-07-07T10:20:02.169,0.9559,20.61,2,1.618059808201533e-06,0,18,85,,,
2026-07-07T10:20:02.670,0.9559,20.6,1,1.618059808201533e-06,0,18,85,,,
2026-07-07T10:20:03.169,0.9559,20.61,2,1.618059808201533e-06,0,18,85,,,
2026-07-07T10:20:03.670,0.9559,20.6,1,1.618059808201533e-06,0,18,85,,,
2026-07-07T10:20:04.167,0.9559,20.61,1,1.618059808201533e-06,0,18,85,,,
2026-07-07T10:20:04.663,0.9559,20.61,2,1.6059820939162473e-06,0,18,85,,,
2026-07-07T10:20:05.162,0.956,20.61,1,1.618059808201533e-06,0,18,85,,,
2026-07-07T10:20:05.663,0.9559,20.61,1,1.618059808201533e-06,0,18,85,,,
2026-07-07T10:20:06.161,0.9559,20.61,2,1.6059820939162473e-06,0,18,85,,,
2026-07-07T10:20:06.659,0.9559,20.6,1,1.618059808201533e-06,0,18,85,,,
2026-07-07T10:20:07.173,0.9559,20.61,2,1.6302283523801933e-06,0,18,85,,,
2026-07-07T10:20:07.672,0.9559,20.61,1,1.618059808201533e-06,0,18,85,,,
2026-07-07T10:20:08.158,0.956,20.6,1,1.618059808201533e-06,0,18,85,,,
2026-07-07T10:20:08.659,0.9559,20.6,2,1.618059808201533e-06,0,18,85,,,
2026-07-07T10:20:09.174,0.956,20.6,1,1.618059808201533e-06,0,18,85,,,
2026-07-07T10:20:09.669,0.9559,20.6,2,1.6059820939162473e-06,0,18,85,,,
2026-07-07T10:20:10.166,0.9559,20.61,1,1.618059808201533e-06,0,18,85,,,
2026-07-07T10:20:10.666,0.9559,20.61,1,1.618059808201533e-06,0,18,85,,,
2026-07-07T10:20:11.167,0.9559,20.6,2,1.618059808201533e-06,0,18,85,,,
2026-07-07T10:20:11.669,0.9559,20.61,1,1.6059820939162473e-06,0,18,85,,,
2026-07-07T10:20:12.168,0.956,20.61,2,1.618059808201533e-06,0,18,85,,,
2026-07-07T10:20:12.667,0.956,20.6,1,1.6059820939162473e-06,0,18,85,,,
2026-07-07T10:20:13.163,0.956,20.61,1,1.618059808201533e-06,0,18,85,,,
2026-07-07T10:20:13.663,0.956,20.6,2,1.618059808201533e-06,0,18,85,,,
2026-07-07T10:20:14.158,0.9559,20.6,1,1.618059808201533e-06,0,18,85,,,
2026-07-07T10:20:14.659,0.9559,20.6,2,1.6059820939162473e-06,0,18,85,,,
2026-07-07T10:20:15.169,0.9559,20.6,1,1.618059808201533e-06,0,18,85,,,
2026-07-07T10:20:15.669,0.9559,20.6,1,1.618059808201533e-06,0,18,85,,,
2026-07-07T10:20:16.169,0.9559,20.6,2,1.6059820939162473e-06,0,18,85,,,
2026-07-07T10:20:16.668,0.956,20.61,1,1.6059820939162473e-06,0,18,85,,,
2026-07-07T10:20:17.165,0.9559,20.6,2,1.6059820939162473e-06,0,18,85,,,
2026-07-07T10:20:17.663,0.9559,20.6,1,1.618059808201533e-06,0,18,85,,,
2026-07-07T10:20:18.163,0.9559,20.6,1,1.6059820939162473e-06,0,18,85,,,
2026-07-07T10:20:18.674,0.956,20.6,2,1.618059808201533e-06,0,18,85,,,
2026-07-07T10:20:19.172,0.956,20.6,1,1.618059808201533e-06,0,18,85,,,
2026-07-07T10:20:19.673,0.9559,20.6,2,1.618059808201533e-06,0,18,85,,,
2026-07-07T10:20:20.169,0.9559,20.6,1,1.618059808201533e-06,0,18,85,,,
2026-07-07T10:20:20.668,0.9559,20.6,1,1.618059808201533e-06,0,18,85,,,
2026-07-07T10:20:21.167,0.9559,20.6,2,1.618059808201533e-06,0,18,85,,,
2026-07-07T10:20:21.666,0.9559,20.6,1,1.618059808201533e-06,0,18,85,,,
2026-07-07T10:20:22.160,0.9559,20.6,2,1.618059808201533e-06,0,18,85,,,
2026-07-07T10:20:22.657,0.9559,20.6,1,1.6059820939162473e-06,0,18,85,,,
2026-07-07T10:20:23.157,0.9559,20.6,1,1.6059820939162473e-06,0,18,85,,,
2026-07-07T10:20:23.667,0.9559,20.6,2,1.618059808201533e-06,0,18,85,,,
2026-07-07T10:20:24.168,0.956,20.6,1,1.618059808201533e-06,0,18,85,,,
2026-07-07T10:20:24.663,0.956,20.61,2,1.6059820939162473e-06,0,18,85,,,
2026-07-07T10:20:25.162,0.9559,20.6,1,1.6059820939162473e-06,0,18,85,,,
2026-07-07T10:20:25.660,0.956,20.6,2,1.618059808201533e-06,0,18,85,,,
2026-07-07T10:20:26.172,0.9559,20.61,1,1.6059820939162473e-06,0,18,85,,,
2026-07-07T10:20:26.659,0.956,20.6,1,1.6059820939162473e-06,0,18,85,,,
2026-07-07T10:20:27.172,0.9559,20.6,2,1.618059808201533e-06,0,18,85,,,
2026-07-07T10:20:27.673,0.9559,20.6,1,1.618059808201533e-06,0,18,85,,,
2026-07-07T10:20:28.173,0.9559,20.6,2,1.618059808201533e-06,0,18,85,,,
2026-07-07T10:20:28.663,0.956,20.6,1,1.6059820939162473e-06,0,18,85,,,
2026-07-07T10:20:29.161,0.9559,20.6,1,1.6059820939162473e-06,0,18,85,,,
2026-07-07T10:20:29.662,0.9559,20.61,2,1.6059820939162473e-06,0,18,85,,,
2026-07-07T10:20:30.168,0.956,20.61,1,1.618059808201533e-06,0,18,85,,,
2026-07-07T10:20:30.665,0.9559,20.61,2,1.6059820939162473e-06,0,18,85,,,
2026-07-07T10:20:31.166,0.9559,20.61,1,1.618059808201533e-06,0,18,85,,,
2026-07-07T10:20:31.669,0.9559,20.61,1,1.6059820939162473e-06,0,18,85,,,
2026-07-07T10:20:32.171,0.9559,20.61,2,1.618059808201533e-06,0,18,85,,,
2026-07-07T10:20:32.673,0.9559,20.61,1,1.6059820939162473e-06,0,18,85,,,
2026-07-07T10:20:33.172,0.9559,20.61,2,1.6059820939162473e-06,0,18,85,,,
2026-07-07T10:20:33.669,0.9559,20.6,1,1.6059820939162473e-06,0,18,85,,,
2026-07-07T10:20:34.168,0.956,20.6,1,1.618059808201533e-06,0,18,85,,,
2026-07-07T10:20:34.663,0.9559,20.61,2,1.618059808201533e-06,0,18,85,,,
2026-07-07T10:20:35.165,0.956,20.6,1,1.6059820939162473e-06,0,18,85,,,
2026-07-07T10:20:35.663,0.9559,20.61,2,1.618059808201533e-06,0,18,85,,,
2026-07-07T10:20:36.160,0.9559,20.61,1,1.5939945315410561e-06,0,18,85,,,
2026-07-07T10:20:36.662,0.956,20.6,1,1.6059820939162473e-06,0,18,85,,,
2026-07-07T10:20:37.162,0.9559,20.61,2,1.6059820939162473e-06,0,18,85,,,
2026-07-07T10:20:37.663,0.9559,20.6,1,1.6059820939162473e-06,0,18,85,,,
2026-07-07T10:20:38.164,0.9559,20.61,2,1.6059820939162473e-06,0,18,85,,,
2026-07-07T10:20:38.658,0.9559,20.61,1,1.6059820939162473e-06,0,18,85,,,
2026-07-07T10:20:39.172,0.9559,20.61,1,1.618059808201533e-06,0,18,85,,,
2026-07-07T10:20:39.671,0.9559,20.61,2,1.618059808201533e-06,0,18,85,,,
2026-07-07T10:20:40.171,0.9559,20.61,1,1.6059820939162473e-06,0,18,85,,,
2026-07-07T10:20:40.671,0.9559,20.61,1,1.618059808201533e-06,0,18,85,,,
2026-07-07T10:20:41.170,0.9559,20.61,2,1.618059808201533e-06,0,18,85,,,
2026-07-07T10:20:41.670,0.956,20.61,1,1.6059820939162473e-06,0,18,85,,,
2026-07-07T10:20:42.167,0.9559,20.61,2,1.618059808201533e-06,0,18,85,,,
2026-07-07T10:20:42.669,0.9559,20.61,1,1.6059820939162473e-06,0,18,85,,,
2026-07-07T10:20:43.169,0.956,20.61,1,1.618059808201533e-06,0,18,85,,,
2026-07-07T10:20:43.667,0.9559,20.61,2,1.618059808201533e-06,0,18,85,,,
2026-07-07T10:20:44.166,0.9558,20.61,1,1.6059820939162473e-06,0,18,85,,,
2026-07-07T10:20:44.662,0.9559,20.61,2,1.6059820939162473e-06,0,18,85,,,
2026-07-07T10:20:45.164,0.9559,20.61,1,1.5939945315410561e-06,0,18,85,,,
2026-07-07T10:20:45.662,0.9558,20.61,1,1.6059820939162473e-06,0,18,85,,,
2026-07-07T10:20:46.160,0.9559,20.61,2,1.618059808201533e-06,0,18,85,,,
2026-07-07T10:20:46.658,0.9559,20.61,1,1.6059820939162473e-06,0,18,85,,,
2026-07-07T10:20:47.158,0.9559,20.61,2,1.6059820939162473e-06,0,18,85,,,
2026-07-07T10:20:47.673,0.9558,20.61,1,1.618059808201533e-06,0,18,85,,,
2026-07-07T10:20:48.171,0.956,20.61,1,1.618059808201533e-06,0,18,85,,,
2026-07-07T10:20:48.672,0.9559,20.61,2,1.618059808201533e-06,0,18,85,,,
2026-07-07T10:20:49.170,0.9559,20.61,1,1.618059808201533e-06,0,18,85,,,
2026-07-07T10:20:49.667,0.9559,20.61,2,1.618059808201533e-06,0,18,85,,,
2026-07-07T10:20:50.171,0.9559,20.61,1,1.618059808201533e-06,0,18,85,,,
2026-07-07T10:20:50.659,0.9559,20.61,1,1.618059808201533e-06,0,18,85,,,
2026-07-07T10:20:51.161,0.9559,20.61,2,1.6059820939162473e-06,0,18,85,,,
2026-07-07T10:20:51.663,0.956,20.61,1,1.6059820939162473e-06,0,18,85,,,
2026-07-07T10:20:52.165,0.9559,20.61,2,1.618059808201533e-06,0,18,85,,,
2026-07-07T10:20:52.665,0.9559,20.61,1,1.618059808201533e-06,0,18,85,,,
2026-07-07T10:20:53.163,0.956,20.61,1,1.618059808201533e-06,0,18,85,,,
2026-07-07T10:20:53.664,0.9559,20.61,2,1.6059820939162473e-06,0,18,85,,,
2026-07-07T10:20:54.167,0.9559,20.61,1,1.6059820939162473e-06,0,18,85,,,
2026-07-07T10:20:54.667,0.9559,20.61,2,1.6059820939162473e-06,0,18,85,,,
2026-07-07T10:20:55.166,0.9559,20.61,1,1.6059820939162473e-06,0,18,85,,,
2026-07-07T10:20:55.667,0.9558,20.61,1,1.6059820939162473e-06,0,18,85,,,
2026-07-07T10:20:56.173,0.9559,20.61,2,1.6059820939162473e-06,0,18,85,,,
2026-07-07T10:20:56.673,0.956,20.62,1,1.618059808201533e-06,0,18,85,,,
2026-07-07T10:20:57.175,0.9559,20.61,2,1.618059808201533e-06,0,18,85,,,
2026-07-07T10:20:57.672,0.9559,20.61,1,1.618059808201533e-06,0,18,85,,,
2026-07-07T10:20:58.159,0.956,20.61,1,1.618059808201533e-06,0,18,85,,,
2026-07-07T10:20:58.666,0.9559,20.62,2,1.618059808201533e-06,0,18,85,,,
2026-07-07T10:20:59.163,0.956,20.61,1,1.618059808201533e-06,0,18,85,,,
2026-07-07T10:20:59.662,0.9559,20.62,1,1.6059820939162473e-06,0,18,85,,,
2026-07-07T10:21:00.161,0.9559,20.62,2,1.6059820939162473e-06,0,18,85,,,
2026-07-07T10:21:00.666,0.9559,20.62,1,1.6059820939162473e-06,0,18,85,,,
2026-07-07T10:21:01.166,0.9559,20.62,2,1.6059820939162473e-06,0,18,85,,,
2026-07-07T10:21:01.667,0.956,20.62,1,1.618059808201533e-06,0,18,85,,,
2026-07-07T10:21:02.171,0.9559,20.62,1,1.6059820939162473e-06,0,18,85,,,
2026-07-07T10:21:02.671,0.9559,20.62,2,1.6059820939162473e-06,0,18,85,,,
2026-07-07T10:21:03.160,0.9559,20.62,1,1.6059820939162473e-06,0,18,85,,,
2026-07-07T10:21:03.660,0.9559,20.62,2,1.6059820939162473e-06,0,18,85,,,
2026-07-07T10:21:04.161,0.9559,20.62,1,1.6059820939162473e-06,0,18,85,,,
2026-07-07T10:21:04.664,0.956,20.62,1,1.618059808201533e-06,0,18,85,,,
2026-07-07T10:21:05.165,0.956,20.62,2,1.618059808201533e-06,0,18,85,,,
2026-07-07T10:21:05.667,0.956,20.62,1,1.6059820939162473e-06,0,18,85,,,
2026-07-07T10:21:06.166,0.9559,20.62,2,1.5939945315410561e-06,0,18,85,,,
2026-07-07T10:21:06.662,0.9559,20.62,1,1.6059820939162473e-06,0,18,85,,,
2026-07-07T10:21:07.164,0.9559,20.62,1,1.5939945315410561e-06,0,18,85,,,
2026-07-07T10:21:07.662,0.9559,20.62,2,1.6059820939162473e-06,0,18,85,,,
2026-07-07T10:21:08.162,0.9559,20.62,1,1.618059808201533e-06,0,18,85,,,
2026-07-07T10:21:08.662,0.9559,20.62,2,1.6059820939162473e-06,0,18,85,,,
2026-07-07T10:21:09.161,0.956,20.62,1,1.6059820939162473e-06,0,18,85,,,
2026-07-07T10:21:09.662,0.956,20.62,1,1.6059820939162473e-06,0,18,85,,,
2026-07-07T10:21:10.158,0.956,20.62,2,1.6059820939162473e-06,0,18,85,,,
2026-07-07T10:21:10.660,0.9559,20.62,1,1.618059808201533e-06,0,18,85,,,
2026-07-07T10:21:11.173,0.9559,20.62,1,1.6059820939162473e-06,0,18,85,,,
2026-07-07T10:21:11.671,0.9559,20.62,2,1.618059808201533e-06,0,18,85,,,
2026-07-07T10:21:12.167,0.9559,20.62,1,1.5939945315410561e-06,0,18,85,,,
2026-07-07T10:21:12.663,0.956,20.62,2,1.618059808201533e-06,0,18,85,,,
2026-07-07T10:21:13.163,0.956,20.62,1,1.5939945315410561e-06,0,18,85,,,
2026-07-07T10:21:13.672,0.9559,20.62,1,1.6059820939162473e-06,0,18,85,,,
2026-07-07T10:21:14.169,0.9559,20.62,2,1.6059820939162473e-06,0,18,85,,,
2026-07-07T10:21:14.668,0.956,20.62,1,1.618059808201533e-06,0,18,85,,,
2026-07-07T10:21:15.171,0.9559,20.62,2,1.6059820939162473e-06,0,18,85,,,
2026-07-07T10:21:15.670,0.956,20.63,1,1.618059808201533e-06,0,18,85,,,
2026-07-07T10:21:16.170,0.956,20.63,1,1.6059820939162473e-06,0,18,85,,,
2026-07-07T10:21:16.670,0.9559,20.62,2,1.6059820939162473e-06,0,18,85,,,
2026-07-07T10:21:17.159,0.956,20.62,1,1.5939945315410561e-06,0,18,85,,,
2026-07-07T10:21:17.673,0.9559,20.62,1,1.6059820939162473e-06,0,18,85,,,
2026-07-07T10:21:18.160,0.956,20.62,2,1.618059808201533e-06,0,18,85,,,
2026-07-07T10:21:18.661,0.956,20.62,1,1.6059820939162473e-06,0,18,85,,,
2026-07-07T10:21:19.159,0.9559,20.62,2,1.6059820939162473e-06,0,18,85,,,
2026-07-07T10:21:19.659,0.956,20.63,1,1.618059808201533e-06,0,18,85,,,
2026-07-07T10:21:20.159,0.956,20.62,1,1.618059808201533e-06,0,18,85,,,
2026-07-07T10:21:20.659,0.9559,20.63,2,1.618059808201533e-06,0,18,85,,,
2026-07-07T10:21:21.173,0.9559,20.63,1,1.6059820939162473e-06,0,18,85,,,
2026-07-07T10:21:21.658,0.9558,20.63,2,1.618059808201533e-06,0,18,85,,,
2026-07-07T10:21:22.170,0.9559,20.63,1,1.618059808201533e-06,0,18,85,,,
2026-07-07T10:21:22.671,0.9559,20.63,1,1.618059808201533e-06,0,18,85,,,
2026-07-07T10:21:23.174,0.956,20.63,2,1.6059820939162473e-06,0,18,85,,,
2026-07-07T10:21:23.659,0.956,20.63,1,1.618059808201533e-06,0,18,85,,,
2026-07-07T10:21:24.158,0.956,20.63,2,1.6059820939162473e-06,0,18,85,,,
2026-07-07T10:21:24.671,0.956,20.63,1,1.618059808201533e-06,0,18,85,,,
2026-07-07T10:21:25.172,0.9559,20.63,1,1.618059808201533e-06,0,18,85,,,
2026-07-07T10:21:25.671,0.9559,20.63,2,1.6059820939162473e-06,0,18,85,,,
2026-07-07T10:21:26.170,0.956,20.63,1,1.618059808201533e-06,0,18,85,,,
2026-07-07T10:21:26.671,0.9559,20.63,2,1.618059808201533e-06,0,18,85,,,
2026-07-07T10:21:27.169,0.9559,20.63,1,1.6059820939162473e-06,0,18,85,,,
2026-07-07T10:21:27.668,0.956,20.63,1,1.5939945315410561e-06,0,18,85,,,
2026-07-07T10:21:28.166,0.9559,20.63,2,1.6059820939162473e-06,0,18,85,,,
2026-07-07T10:21:28.666,0.9559,20.63,1,1.6059820939162473e-06,0,18,85,,,
2026-07-07T10:21:29.170,0.9559,20.63,2,1.6059820939162473e-06,0,18,85,,,
2026-07-07T10:21:29.672,0.956,20.63,1,1.618059808201533e-06,0,18,85,,,
2026-07-07T10:21:30.172,0.9559,20.63,2,1.6059820939162473e-06,0,18,85,,,
2026-07-07T10:21:30.673,0.956,20.63,1,1.618059808201533e-06,0,18,85,,,
2026-07-07T10:21:31.172,0.9559,20.63,1,1.618059808201533e-06,0,18,85,,,
2026-07-07T10:21:31.671,0.9559,20.63,2,1.618059808201533e-06,0,18,85,,,
2026-07-07T10:21:32.171,0.9559,20.63,1,1.6059820939162473e-06,0,18,85,,,
2026-07-07T10:21:32.672,0.9559,20.63,2,1.618059808201533e-06,0,18,85,,,
2026-07-07T10:21:33.172,0.956,20.64,1,1.618059808201533e-06,0,18,85,,,
2026-07-07T10:21:33.669,0.956,20.63,1,1.6059820939162473e-06,0,18,85,,,
2026-07-07T10:21:34.171,0.9559,20.63,2,1.6059820939162473e-06,0,18,85,,,
2026-07-07T10:21:34.669,0.9559,20.63,1,1.6059820939162473e-06,0,18,85,,,
2026-07-07T10:21:35.169,0.9559,20.64,2,1.618059808201533e-06,0,18,85,,,
2026-07-07T10:21:35.663,0.9559,20.64,1,1.6059820939162473e-06,0,18,85,,,
2026-07-07T10:21:36.161,0.9559,20.63,1,1.618059808201533e-06,0,18,85,,,
2026-07-07T10:21:36.673,0.9559,20.64,2,1.6059820939162473e-06,0,18,85,,,
2026-07-07T10:21:37.167,0.9559,20.64,1,1.618059808201533e-06,0,18,85,,,
2026-07-07T10:21:37.660,0.9559,20.63,2,1.618059808201533e-06,0,18,85,,,
2026-07-07T10:21:38.169,0.9559,20.64,1,1.618059808201533e-06,0,18,85,,,
2026-07-07T10:21:38.668,0.956,20.64,1,1.6059820939162473e-06,0,18,85,,,
2026-07-07T10:21:39.167,0.9559,20.64,2,1.618059808201533e-06,0,18,85,,,
2026-07-07T10:21:39.667,0.9559,20.64,1,1.618059808201533e-06,0,18,85,,,
2026-07-07T10:21:40.165,0.9559,20.64,2,1.6059820939162473e-06,0,18,85,,,
2026-07-07T10:21:40.661,0.956,20.64,1,1.618059808201533e-06,0,18,85,,,
2026-07-07T10:21:41.160,0.9559,20.64,1,1.618059808201533e-06,0,18,85,,,
2026-07-07T10:21:41.660,0.9559,20.64,2,1.618059808201533e-06,0,18,85,,,
2026-07-07T10:21:42.165,0.9559,20.64,1,1.6059820939162473e-06,0,18,85,,,
2026-07-07T10:21:42.663,0.9559,20.64,2,1.6059820939162473e-06,0,18,85,,,
2026-07-07T10:21:43.164,0.9559,20.64,1,1.6059820939162473e-06,0,18,85,,,
2026-07-07T10:21:43.663,0.9559,20.64,1,1.618059808201533e-06,0,18,85,,,
2026-07-07T10:21:44.167,0.9559,20.64,2,1.6059820939162473e-06,0,18,85,,,
2026-07-07T10:21:44.669,0.9559,20.64,1,1.6059820939162473e-06,0,18,85,,,
2026-07-07T10:21:45.167,0.9559,20.64,2,1.618059808201533e-06,0,18,85,,,
2026-07-07T10:21:45.660,0.9559,20.64,1,1.618059808201533e-06,0,18,85,,,
2026-07-07T10:21:46.165,0.9559,20.64,2,1.6059820939162473e-06,0,18,85,,,
2026-07-07T10:21:46.665,0.956,20.64,1,1.6059820939162473e-06,0,18,85,,,
2026-07-07T10:21:47.167,0.9559,20.64,1,1.618059808201533e-06,0,18,85,,,
2026-07-07T10:21:47.665,0.9559,20.64,2,1.6059820939162473e-06,0,18,85,,,
2026-07-07T10:21:48.166,0.956,20.65,1,1.6059820939162473e-06,0,18,85,,,
2026-07-07T10:21:48.662,0.9559,20.65,2,1.618059808201533e-06,0,18,85,,,
2026-07-07T10:21:49.160,0.956,20.65,1,1.6059820939162473e-06,0,18,85,,,
2026-07-07T10:21:49.660,0.9559,20.65,1,1.6059820939162473e-06,0,18,85,,,
2026-07-07T10:21:50.158,0.9559,20.65,2,1.6059820939162473e-06,0,18,85,,,
2026-07-07T10:21:50.672,0.956,20.65,1,1.6059820939162473e-06,0,18,85,,,
2026-07-07T10:21:51.170,0.956,20.65,2,1.6059820939162473e-06,0,18,85,,,
2026-07-07T10:21:51.668,0.9559,20.65,1,1.6059820939162473e-06,0,18,85,,,
2026-07-07T10:21:52.167,0.956,20.65,1,1.618059808201533e-06,0,18,85,,,
2026-07-07T10:21:52.667,0.956,20.65,2,1.6059820939162473e-06,0,18,85,,,
2026-07-07T10:21:53.169,0.956,20.65,1,1.6059820939162473e-06,0,18,85,,,
2026-07-07T10:21:53.666,0.956,20.65,2,1.6059820939162473e-06,0,18,85,,,
2026-07-07T10:21:54.165,0.9559,20.65,1,1.6059820939162473e-06,0,18,85,,,
2026-07-07T10:21:54.668,0.9559,20.65,1,1.6059820939162473e-06,0,18,85,,,
2026-07-07T10:21:55.164,0.9559,20.65,2,1.618059808201533e-06,0,18,85,,,
2026-07-07T10:21:55.662,0.9559,20.65,1,1.6059820939162473e-06,0,18,85,,,
2026-07-07T10:21:56.162,0.9559,20.65,2,1.5939945315410561e-06,0,18,85,,,
2026-07-07T10:21:56.664,0.9559,20.65,1,1.618059808201533e-06,0,18,85,,,
2026-07-07T10:21:57.163,0.9559,20.66,1,1.6059820939162473e-06,0,18,85,,,
2026-07-07T10:21:57.662,0.9559,20.65,2,1.6059820939162473e-06,0,18,85,,,
2026-07-07T10:21:58.162,0.956,20.65,1,1.6059820939162473e-06,0,18,85,,,
2026-07-07T10:21:58.662,0.9559,20.65,2,1.618059808201533e-06,0,18,85,,,
2026-07-07T10:21:59.163,0.956,20.65,1,1.618059808201533e-06,0,18,85,,,
2026-07-07T10:21:59.658,0.956,20.65,1,1.618059808201533e-06,0,18,85,,,
2026-07-07T10:22:00.162,0.9559,20.66,2,1.6059820939162473e-06,0,18,85,,,
2026-07-07T10:22:00.674,0.956,20.66,1,1.6059820939162473e-06,0,18,85,,,
2026-07-07T10:22:01.174,0.9559,20.65,2,1.618059808201533e-06,0,18,85,,,
2026-07-07T10:22:01.659,0.956,20.65,1,1.6059820939162473e-06,0,18,85,,,
2026-07-07T10:22:02.173,0.956,20.66,1,1.6059820939162473e-06,0,18,85,,,
2026-07-07T10:22:02.673,0.9559,20.66,2,1.618059808201533e-06,0,18,85,,,
2026-07-07T10:22:03.159,0.9559,20.65,1,1.618059808201533e-06,0,18,85,,,
2026-07-07T10:22:03.672,0.9559,20.66,2,1.618059808201533e-06,0,18,85,,,
2026-07-07T10:22:04.173,0.9559,20.66,1,1.6059820939162473e-06,0,18,85,,,
2026-07-07T10:22:04.671,0.9559,20.66,1,1.618059808201533e-06,0,18,85,,,
2026-07-07T10:22:05.159,0.9559,20.66,2,1.6059820939162473e-06,0,18,85,,,
2026-07-07T10:22:05.663,0.9559,20.66,1,1.618059808201533e-06,0,18,85,,,
2026-07-07T10:22:06.164,0.9559,20.66,2,1.618059808201533e-06,0,18,85,,,
2026-07-07T10:22:06.664,0.9559,20.66,1,1.618059808201533e-06,0,18,85,,,
2026-07-07T10:22:07.163,0.956,20.66,1,1.6059820939162473e-06,0,18,85,,,
2026-07-07T10:22:07.660,0.9559,20.66,2,1.6059820939162473e-06,0,18,85,,,
2026-07-07T10:22:08.160,0.9559,20.66,1,1.6059820939162473e-06,0,18,85,,,
2026-07-07T10:22:08.660,0.956,20.66,1,1.6059820939162473e-06,0,18,85,,,
2026-07-07T10:22:09.174,0.9559,20.66,2,1.5939945315410561e-06,0,18,85,,,
2026-07-07T10:22:09.671,0.9559,20.66,1,1.6059820939162473e-06,0,18,85,,,
2026-07-07T10:22:10.169,0.9559,20.66,2,1.6059820939162473e-06,0,18,85,,,
2026-07-07T10:22:10.670,0.9559,20.66,1,1.6059820939162473e-06,0,18,85,,,
2026-07-07T10:22:11.169,0.9558,20.67,1,1.6059820939162473e-06,0,18,85,,,
2026-07-07T10:22:11.668,0.9559,20.67,2,1.6059820939162473e-06,0,18,85,,,
2026-07-07T10:22:12.168,0.9559,20.66,1,1.6059820939162473e-06,0,18,85,,,
2026-07-07T10:22:12.666,0.9559,20.67,2,1.618059808201533e-06,0,18,85,,,
2026-07-07T10:22:13.166,0.9559,20.67,1,1.6059820939162473e-06,0,18,85,,,
2026-07-07T10:22:13.667,0.9558,20.67,2,1.6059820939162473e-06,0,18,85,,,
2026-07-07T10:22:14.166,0.956,20.67,1,1.618059808201533e-06,0,18,85,,,
2026-07-07T10:22:14.666,0.9559,20.67,1,1.618059808201533e-06,0,18,85,,,
2026-07-07T10:22:15.164,0.9559,20.67,2,1.6059820939162473e-06,0,18,85,,,
2026-07-07T10:22:15.665,0.9558,20.67,1,1.6059820939162473e-06,0,18,85,,,
2026-07-07T10:22:16.165,0.956,20.67,1,1.6059820939162473e-06,0,18,85,,,
2026-07-07T10:22:16.665,0.9559,20.67,2,1.618059808201533e-06,0,18,85,,,
2026-07-07T10:22:17.165,0.9559,20.67,1,1.618059808201533e-06,0,18,85,,,
2026-07-07T10:22:17.663,0.9559,20.67,2,1.618059808201533e-06,0,18,85,,,
2026-07-07T10:22:18.160,0.956,20.67,1,1.6059820939162473e-06,0,18,85,,,
2026-07-07T10:22:18.661,0.9559,20.67,1,1.5939945315410561e-06,0,18,85,,,
2026-07-07T10:22:19.161,0.9558,20.67,2,1.6059820939162473e-06,0,18,85,,,
2026-07-07T10:22:19.659,0.9558,20.68,1,1.618059808201533e-06,0,18,85,,,
2026-07-07T10:22:20.173,0.9559,20.68,2,1.6059820939162473e-06,0,18,85,,,
2026-07-07T10:22:20.672,0.9559,20.68,1,1.5939945315410561e-06,0,18,85,,,
2026-07-07T10:22:21.167,0.9559,20.68,1,1.6059820939162473e-06,0,18,85,,,
2026-07-07T10:22:21.665,0.9559,20.67,2,1.6059820939162473e-06,0,18,85,,,
2026-07-07T10:22:22.165,0.9559,20.68,1,1.6059820939162473e-06,0,18,85,,,
2026-07-07T10:22:22.660,0.9559,20.68,2,1.6059820939162473e-06,0,18,85,,,
2026-07-07T10:22:23.160,0.9559,20.68,1,1.5939945315410561e-06,0,18,85,,,
2026-07-07T10:22:23.658,0.9559,20.68,1,1.6059820939162473e-06,0,18,85,,,
2026-07-07T10:22:24.170,0.9559,20.68,2,1.618059808201533e-06,0,18,85,,,
2026-07-07T10:22:24.670,0.9558,20.68,1,1.618059808201533e-06,0,18,85,,,
2026-07-07T10:22:25.167,0.9559,20.68,2,1.6059820939162473e-06,0,18,85,,,
2026-07-07T10:22:25.668,0.9559,20.68,1,1.618059808201533e-06,0,18,85,,,
2026-07-07T10:22:26.168,0.9559,20.68,1,1.6059820939162473e-06,0,18,85,,,
2026-07-07T10:22:26.664,0.9559,20.68,2,1.618059808201533e-06,0,18,85,,,
2026-07-07T10:22:27.165,0.9559,20.68,1,1.6059820939162473e-06,0,18,85,,,
2026-07-07T10:22:27.665,0.9559,20.68,2,1.6059820939162473e-06,0,18,85,,,
2026-07-07T10:22:28.168,0.956,20.68,1,1.6059820939162473e-06,0,18,85,,,
2026-07-07T10:22:28.666,0.9559,20.68,1,1.6059820939162473e-06,0,18,85,,,
2026-07-07T10:22:29.163,0.9559,20.69,2,1.618059808201533e-06,0,18,85,,,
2026-07-07T10:22:29.666,0.9559,20.68,1,1.618059808201533e-06,0,18,85,,,
2026-07-07T10:22:30.167,0.9559,20.69,2,1.6059820939162473e-06,0,18,85,,,
2026-07-07T10:22:30.664,0.9558,20.68,1,1.6059820939162473e-06,0,18,85,,,
2026-07-07T10:22:31.166,0.9559,20.68,1,1.618059808201533e-06,0,18,85,,,
2026-07-07T10:22:31.666,0.9559,20.69,2,1.618059808201533e-06,0,18,85,,,
2026-07-07T10:22:32.171,0.9559,20.68,1,1.618059808201533e-06,0,18,85,,,
2026-07-07T10:22:32.669,0.9559,20.69,2,1.6059820939162473e-06,0,18,85,,,
2026-07-07T10:22:33.159,0.9559,20.69,1,1.6059820939162473e-06,0,18,85,,,
2026-07-07T10:22:33.659,0.9559,20.69,1,1.6059820939162473e-06,0,18,85,,,
2026-07-07T10:22:34.161,0.956,20.69,2,1.618059808201533e-06,0,18,85,,,
2026-07-07T10:22:34.659,0.9559,20.68,1,1.6059820939162473e-06,0,18,85,,,
2026-07-07T10:22:35.171,0.9559,20.69,2,1.618059808201533e-06,0,18,85,,,
2026-07-07T10:22:35.658,0.9559,20.69,1,1.5939945315410561e-06,0,18,85,,,
2026-07-07T10:22:36.170,0.956,20.69,2,1.5939945315410561e-06,0,18,85,,,
2026-07-07T10:22:36.666,0.9559,20.69,1,1.618059808201533e-06,0,18,85,,,
2026-07-07T10:22:37.165,0.9559,20.69,1,1.6059820939162473e-06,0,18,85,,,
2026-07-07T10:22:37.662,0.9559,20.69,2,1.6059820939162473e-06,0,18,85,,,
2026-07-07T10:22:38.160,0.9559,20.69,1,1.6059820939162473e-06,0,18,85,,,
2026-07-07T10:22:38.672,0.9559,20.69,2,1.6059820939162473e-06,0,18,85,,,
2026-07-07T10:22:39.171,0.9558,20.69,1,1.6059820939162473e-06,0,18,85,,,
2026-07-07T10:22:39.667,0.9559,20.69,1,1.618059808201533e-06,0,18,85,,,
2026-07-07T10:22:40.163,0.9559,20.69,2,1.618059808201533e-06,0,18,85,,,
2026-07-07T10:22:40.661,0.9559,20.69,1,1.6059820939162473e-06,0,18,85,,,
2026-07-07T10:22:41.162,0.9559,20.69,2,1.618059808201533e-06,0,18,85,,,
2026-07-07T10:22:41.658,0.9559,20.69,1,1.618059808201533e-06,0,18,85,,,
2026-07-07T10:22:42.159,0.9559,20.69,1,1.618059808201533e-06,0,18,85,,,
2026-07-07T10:22:42.671,0.9559,20.69,2,1.6059820939162473e-06,0,18,85,,,
2026-07-07T10:22:43.171,0.956,20.69,1,1.618059808201533e-06,0,18,85,,,
2026-07-07T10:22:43.668,0.9558,20.7,2,1.6059820939162473e-06,0,18,85,,,
2026-07-07T10:22:44.164,0.9559,20.7,1,1.6059820939162473e-06,0,18,85,,,
2026-07-07T10:22:44.661,0.9559,20.7,1,1.6059820939162473e-06,0,18,85,,,
2026-07-07T10:22:45.159,0.9559,20.7,2,1.6059820939162473e-06,0,18,85,,,
2026-07-07T10:22:45.669,0.9559,20.7,1,1.618059808201533e-06,0,18,85,,,
2026-07-07T10:22:46.171,0.9558,20.7,2,1.6059820939162473e-06,0,18,85,,,
2026-07-07T10:22:46.671,0.9559,20.7,1,1.5939945315410561e-06,0,18,85,,,
2026-07-07T10:22:47.171,0.9559,20.7,1,1.6059820939162473e-06,0,18,85,,,
2026-07-07T10:22:47.665,0.9558,20.7,2,1.6059820939162473e-06,0,18,85,,,
2026-07-07T10:22:48.164,0.9559,20.7,1,1.6059820939162473e-06,0,18,85,,,
2026-07-07T10:22:48.662,0.9559,20.7,2,1.6059820939162473e-06,0,18,85,,,
2026-07-07T10:22:49.163,0.9559,20.7,1,1.618059808201533e-06,0,18,85,,,
2026-07-07T10:22:49.660,0.9559,20.7,2,1.618059808201533e-06,0,18,85,,,
2026-07-07T10:22:50.159,0.9559,20.7,1,1.6059820939162473e-06,0,18,85,,,
2026-07-07T10:22:50.657,0.9558,20.7,1,1.6059820939162473e-06,0,18,85,,,
2026-07-07T10:22:51.170,0.9559,20.71,2,1.618059808201533e-06,0,18,85,,,
2026-07-07T10:22:51.669,0.9559,20.71,1,1.6059820939162473e-06,0,18,85,,,
2026-07-07T10:22:52.166,0.9559,20.71,1,1.618059808201533e-06,0,18,85,,,
2026-07-07T10:22:52.664,0.9558,20.71,2,1.6059820939162473e-06,0,18,85,,,
2026-07-07T10:22:53.160,0.9559,20.71,1,1.6059820939162473e-06,0,18,85,,,
2026-07-07T10:22:53.661,0.9559,20.71,2,1.618059808201533e-06,0,18,85,,,
2026-07-07T10:22:54.159,0.9559,20.71,1,1.5939945315410561e-06,0,18,85,,,
2026-07-07T10:22:54.674,0.9559,20.71,2,1.6059820939162473e-06,0,18,85,,,
2026-07-07T10:22:55.162,0.9559,20.71,1,1.6059820939162473e-06,0,18,85,,,
2026-07-07T10:22:55.661,0.9559,20.71,1,1.6059820939162473e-06,0,18,85,,,
2026-07-07T10:22:56.160,0.9559,20.71,2,1.6059820939162473e-06,0,18,85,,,
2026-07-07T10:22:56.660,0.9558,20.71,1,1.6059820939162473e-06,0,18,85,,,
2026-07-07T10:22:57.171,0.9559,20.71,2,1.6059820939162473e-06,0,18,85,,,
2026-07-07T10:22:57.672,0.9559,20.71,1,1.6059820939162473e-06,0,18,85,,,
2026-07-07T10:22:58.172,0.9558,20.71,1,1.618059808201533e-06,0,18,85,,,
2026-07-07T10:22:58.673,0.9559,20.71,2,1.6059820939162473e-06,0,18,85,,,
2026-07-07T10:22:59.172,0.9558,20.71,1,1.6059820939162473e-06,0,18,85,,,
2026-07-07T10:22:59.670,0.9559,20.72,2,1.6059820939162473e-06,0,18,85,,,
2026-07-07T10:23:00.171,0.9559,20.71,1,1.6059820939162473e-06,0,18,85,,,
2026-07-07T10:23:00.668,0.9559,20.72,1,1.6059820939162473e-06,0,18,85,,,
2026-07-07T10:23:01.170,0.9558,20.72,2,1.6059820939162473e-06,0,18,85,,,
2026-07-07T10:23:01.668,0.956,20.72,1,1.6059820939162473e-06,0,18,85,,,
2026-07-07T10:23:02.165,0.956,20.72,2,1.6059820939162473e-06,0,18,85,,,
2026-07-07T10:23:02.663,0.9559,20.72,1,1.618059808201533e-06,0,18,85,,,
2026-07-07T10:23:03.161,0.9559,20.72,1,1.618059808201533e-06,0,18,85,,,
2026-07-07T10:23:03.659,0.9559,20.72,2,1.6059820939162473e-06,0,18,85,,,
2026-07-07T10:23:04.172,0.9559,20.72,1,1.618059808201533e-06,0,18,85,,,
2026-07-07T10:23:04.673,0.9559,20.72,2,1.6059820939162473e-06,0,18,85,,,
2026-07-07T10:23:05.172,0.9559,20.72,1,1.6059820939162473e-06,0,18,85,,,
2026-07-07T10:23:05.669,0.9559,20.72,1,1.5939945315410561e-06,0,18,85,,,
2026-07-07T10:23:06.167,0.9559,20.72,2,1.6059820939162473e-06,0,18,85,,,
2026-07-07T10:23:06.665,0.9559,20.72,1,1.5939945315410561e-06,0,18,85,,,
2026-07-07T10:23:07.162,0.9559,20.73,2,1.6059820939162473e-06,0,18,85,,,
2026-07-07T10:23:07.662,0.956,20.73,1,1.6059820939162473e-06,0,18,85,,,
2026-07-07T10:23:08.162,0.9559,20.73,1,1.6059820939162473e-06,0,18,85,,,
2026-07-07T10:23:08.660,0.9559,20.73,2,1.618059808201533e-06,0,18,85,,,
2026-07-07T10:23:09.161,0.956,20.73,1,1.5939945315410561e-06,0,18,85,,,
2026-07-07T10:23:09.673,0.9559,20.73,2,1.6059820939162473e-06,0,18,85,,,
2026-07-07T10:23:10.173,0.9559,20.73,1,1.618059808201533e-06,0,18,85,,,
2026-07-07T10:23:10.668,0.956,20.73,1,1.6059820939162473e-06,0,18,85,,,
2026-07-07T10:23:11.165,0.956,20.73,2,1.618059808201533e-06,0,18,85,,,
2026-07-07T10:23:11.665,0.9559,20.73,1,1.6059820939162473e-06,0,18,85,,,
2026-07-07T10:23:12.163,0.956,20.73,2,1.618059808201533e-06,0,18,85,,,
2026-07-07T10:23:12.662,0.9559,20.73,1,1.6059820939162473e-06,0,18,85,,,
2026-07-07T10:23:13.162,0.9559,20.73,1,1.6059820939162473e-06,0,18,85,,,
2026-07-07T10:23:13.663,0.9559,20.73,2,1.6302283523801933e-06,0,18,85,,,
2026-07-07T10:23:14.174,0.956,20.73,1,1.618059808201533e-06,0,18,85,,,
2026-07-07T10:23:14.673,0.9559,20.74,2,1.618059808201533e-06,0,18,85,,,
2026-07-07T10:23:15.173,0.9559,20.74,1,1.6059820939162473e-06,0,18,85,,,
2026-07-07T10:23:15.670,0.9559,20.74,1,1.6059820939162473e-06,0,18,85,,,
2026-07-07T10:23:16.171,0.9559,20.74,2,1.618059808201533e-06,0,18,85,,,
2026-07-07T10:23:16.671,0.956,20.74,1,1.618059808201533e-06,0,18,85,,,
2026-07-07T10:23:17.171,0.9559,20.74,2,1.618059808201533e-06,0,18,85,,,
2026-07-07T10:23:17.665,0.9559,20.74,1,1.6059820939162473e-06,0,18,85,,,
2026-07-07T10:23:18.158,0.9559,20.74,1,1.6059820939162473e-06,0,18,85,,,
2026-07-07T10:23:18.665,0.9559,20.74,2,1.6059820939162473e-06,0,18,85,,,
2026-07-07T10:23:19.158,0.9559,20.74,1,1.6059820939162473e-06,0,18,85,,,
2026-07-07T10:23:19.653,0.9559,20.74,2,1.6059820939162473e-06,0,18,85,,,
2026-07-07T10:23:20.163,0.9559,20.74,1,1.618059808201533e-06,0,18,85,,,
2026-07-07T10:23:20.672,0.9559,20.74,1,1.6059820939162473e-06,0,18,85,,,
2026-07-07T10:23:21.168,0.9559,20.74,2,1.6059820939162473e-06,0,18,85,,,
2026-07-07T10:23:21.665,0.9559,20.74,1,1.6059820939162473e-06,0,18,85,,,
2026-07-07T10:23:22.160,0.9559,20.74,2,1.6059820939162473e-06,0,18,85,,,
2026-07-07T10:23:22.656,0.9559,20.74,1,1.6059820939162473e-06,0,18,85,,,
2026-07-07T10:23:23.167,0.9559,20.74,1,1.6059820939162473e-06,0,18,85,,,
2026-07-07T10:23:23.661,0.9559,20.74,2,1.5939945315410561e-06,0,18,85,,,
2026-07-07T10:23:24.159,0.956,20.74,1,1.6059820939162473e-06,0,18,85,,,
2026-07-07T10:23:24.660,0.9559,20.74,2,1.6059820939162473e-06,0,18,85,,,
2026-07-07T10:23:25.169,0.9559,20.74,1,1.6059820939162473e-06,0,18,85,,,
2026-07-07T10:23:25.662,0.9559,20.74,2,1.6059820939162473e-06,0,18,85,,,
2026-07-07T10:23:26.165,0.9559,20.74,1,1.6059820939162473e-06,0,18,85,,,
2026-07-07T10:23:26.663,0.9559,20.74,1,1.6059820939162473e-06,0,18,85,,,
2026-07-07T10:23:27.167,0.9559,20.75,2,1.6059820939162473e-06,0,18,85,,,
2026-07-07T10:23:27.661,0.9559,20.75,1,1.618059808201533e-06,0,18,85,,,
2026-07-07T10:23:28.157,0.9559,20.75,2,1.6059820939162473e-06,0,18,85,,,
2026-07-07T10:23:28.655,0.9559,20.75,1,1.6059820939162473e-06,0,18,85,,,
2026-07-07T10:23:29.166,0.9559,20.75,1,1.6059820939162473e-06,0,18,85,,,
2026-07-07T10:23:29.661,0.9559,20.75,2,1.618059808201533e-06,0,18,85,,,
2026-07-07T10:23:30.156,0.9559,20.75,1,1.6059820939162473e-06,0,18,85,,,
2026-07-07T10:23:30.667,0.9559,20.75,2,1.618059808201533e-06,0,18,85,,,
2026-07-07T10:23:31.166,0.9559,20.75,1,1.6059820939162473e-06,0,18,85,,,
2026-07-07T10:23:31.665,0.956,20.75,2,1.6059820939162473e-06,0,18,85,,,
2026-07-07T10:23:32.164,0.9559,20.75,1,1.618059808201533e-06,0,18,85,,,
2026-07-07T10:23:32.661,0.9559,20.75,1,1.6059820939162473e-06,0,18,85,,,
2026-07-07T10:23:33.161,0.9559,20.75,2,1.618059808201533e-06,0,18,85,,,
2026-07-07T10:23:33.660,0.9559,20.76,1,1.6059820939162473e-06,0,18,85,,,
2026-07-07T10:23:34.160,0.956,20.76,1,1.618059808201533e-06,0,18,85,,,
2026-07-07T10:23:34.665,0.9559,20.76,2,1.6059820939162473e-06,0,18,85,,,
2026-07-07T10:23:35.163,0.9559,20.76,1,1.6059820939162473e-06,0,18,85,,,
2026-07-07T10:23:35.668,0.9559,20.76,2,1.6059820939162473e-06,0,18,85,,,
2026-07-07T10:23:36.168,0.9559,20.76,1,1.618059808201533e-06,0,18,85,,,
2026-07-07T10:23:36.666,0.9559,20.76,1,1.618059808201533e-06,0,18,85,,,
2026-07-07T10:23:37.164,0.9559,20.76,2,1.618059808201533e-06,0,18,85,,,
2026-07-07T10:23:37.660,0.956,20.76,1,1.6059820939162473e-06,0,18,85,,,
2026-07-07T10:23:38.162,0.9559,20.76,2,1.6059820939162473e-06,0,18,85,,,
2026-07-07T10:23:38.659,0.9559,20.76,1,1.6059820939162473e-06,0,18,85,,,
2026-07-07T10:23:39.158,0.9559,20.76,1,1.6059820939162473e-06,0,18,85,,,
2026-07-07T10:23:39.663,0.956,20.76,2,1.6059820939162473e-06,0,18,85,,,
2026-07-07T10:23:40.163,0.956,20.76,1,1.6059820939162473e-06,0,18,85,,,
2026-07-07T10:23:40.665,0.9559,20.76,2,1.6059820939162473e-06,0,18,85,,,
2026-07-07T10:23:41.166,0.9559,20.76,1,1.6059820939162473e-06,0,18,85,,,
2026-07-07T10:23:41.669,0.9559,20.76,1,1.618059808201533e-06,0,18,85,,,
2026-07-07T10:23:42.166,0.9559,20.77,2,1.6059820939162473e-06,0,18,85,,,
2026-07-07T10:23:42.666,0.9559,20.77,1,1.6059820939162473e-06,0,18,85,,,
2026-07-07T10:23:43.167,0.9559,20.77,2,1.618059808201533e-06,0,18,85,,,
2026-07-07T10:23:43.666,0.9558,20.77,1,1.6059820939162473e-06,0,18,85,,,
2026-07-07T10:23:44.167,0.9559,20.77,1,1.6059820939162473e-06,0,18,85,,,
2026-07-07T10:23:44.666,0.9559,20.77,2,1.5939945315410561e-06,0,18,85,,,
2026-07-07T10:23:45.163,0.9559,20.77,1,1.6059820939162473e-06,0,18,85,,,
2026-07-07T10:23:45.667,0.956,20.77,2,1.6059820939162473e-06,0,18,85,,,
2026-07-07T10:23:46.166,0.9558,20.77,1,1.6059820939162473e-06,0,18,85,,,
2026-07-07T10:23:46.664,0.956,20.77,1,1.6059820939162473e-06,0,18,85,,,
2026-07-07T10:23:47.160,0.9559,20.77,2,1.618059808201533e-06,0,18,85,,,
2026-07-07T10:23:47.661,0.9559,20.77,1,1.618059808201533e-06,0,18,85,,,
2026-07-07T10:23:48.160,0.9559,20.77,2,1.6059820939162473e-06,0,18,85,,,
2026-07-07T10:23:48.662,0.9559,20.78,1,1.618059808201533e-06,0,18,85,,,
2026-07-07T10:23:49.165,0.9559,20.78,1,1.6059820939162473e-06,0,18,85,,,
2026-07-07T10:23:49.665,0.9559,20.78,2,1.6059820939162473e-06,0,18,85,,,
2026-07-07T10:23:50.167,0.9559,20.78,1,1.6302283523801933e-06,0,18,85,,,
2026-07-07T10:23:50.666,0.9559,20.78,1,1.618059808201533e-06,0,18,85,,,
2026-07-07T10:23:51.165,0.9559,20.78,2,1.618059808201533e-06,0,18,85,,,
2026-07-07T10:23:51.667,0.9559,20.78,1,1.6059820939162473e-06,0,18,85,,,
2026-07-07T10:23:52.164,0.9559,20.78,2,1.6059820939162473e-06,0,18,85,,,
2026-07-07T10:23:52.665,0.9559,20.78,1,1.6059820939162473e-06,0,18,85,,,
2026-07-07T10:23:53.165,0.9559,20.78,1,1.618059808201533e-06,0,18,85,,,
2026-07-07T10:23:53.667,0.9559,20.78,2,1.6059820939162473e-06,0,18,85,,,
2026-07-07T10:23:54.167,0.9559,20.78,1,1.5939945315410561e-06,0,18,85,,,
2026-07-07T10:23:54.667,0.9559,20.79,2,1.6059820939162473e-06,0,18,85,,,
2026-07-07T10:23:55.167,0.9559,20.78,1,1.6059820939162473e-06,0,18,85,,,
2026-07-07T10:23:55.666,0.9559,20.79,1,1.6059820939162473e-06,0,18,85,,,
2026-07-07T10:23:56.167,0.9559,20.79,2,1.618059808201533e-06,0,18,85,,,
2026-07-07T10:23:56.667,0.9559,20.79,1,1.6059820939162473e-06,0,18,85,,,
2026-07-07T10:23:57.164,0.9559,20.79,2,1.6059820939162473e-06,0,18,85,,,
2026-07-07T10:23:57.665,0.9559,20.79,1,1.618059808201533e-06,0,18,85,,,
2026-07-07T10:23:58.165,0.9559,20.79,1,1.618059808201533e-06,0,18,85,,,
2026-07-07T10:23:58.667,0.9559,20.79,2,1.6059820939162473e-06,0,18,85,,,
2026-07-07T10:23:59.166,0.956,20.79,1,1.6059820939162473e-06,0,18,85,,,
2026-07-07T10:23:59.664,0.9559,20.79,2,1.6059820939162473e-06,0,18,85,,,
2026-07-07T10:24:00.165,0.956,20.79,1,1.618059808201533e-06,0,18,85,,,
2026-07-07T10:24:00.665,0.9559,20.79,1,1.6059820939162473e-06,0,18,85,,,
2026-07-07T10:24:01.162,0.9559,20.79,2,1.6059820939162473e-06,0,18,85,,,
2026-07-07T10:24:01.660,0.956,20.79,1,1.5939945315410561e-06,0,18,85,,,
2026-07-07T10:24:02.160,0.9559,20.79,2,1.6059820939162473e-06,0,18,85,,,
2026-07-07T10:24:02.660,0.9559,20.79,1,1.6059820939162473e-06,0,18,85,,,
2026-07-07T10:24:03.162,0.956,20.79,1,1.6059820939162473e-06,0,18,85,,,
2026-07-07T10:24:03.660,0.9559,20.8,2,1.6059820939162473e-06,0,18,85,,,
2026-07-07T10:24:04.162,0.956,20.79,1,1.6059820939162473e-06,0,18,85,,,
2026-07-07T10:24:04.660,0.9559,20.8,2,1.5939945315410561e-06,0,18,85,,,
2026-07-07T10:24:05.174,0.9559,20.8,1,1.6059820939162473e-06,0,18,85,,,
2026-07-07T10:24:05.658,0.9559,20.8,1,1.6059820939162473e-06,0,18,85,,,
2026-07-07T10:24:06.160,0.9559,20.8,2,1.618059808201533e-06,0,18,85,,,
2026-07-07T10:24:06.674,0.9559,20.8,1,1.5939945315410561e-06,0,18,85,,,
2026-07-07T10:24:07.162,0.9559,20.8,1,1.618059808201533e-06,0,18,85,,,
2026-07-07T10:24:07.658,0.9559,20.8,2,1.618059808201533e-06,0,18,85,,,
2026-07-07T10:24:08.162,0.9559,20.8,1,1.6059820939162473e-06,0,18,85,,,
2026-07-07T10:24:08.659,0.9559,20.8,2,1.6059820939162473e-06,0,18,85,,,
2026-07-07T10:24:09.160,0.9559,20.8,1,1.5939945315410561e-06,0,18,85,,,
2026-07-07T10:24:09.660,0.9559,20.8,2,1.6059820939162473e-06,0,18,85,,,
2026-07-07T10:24:10.158,0.9559,20.8,1,1.618059808201533e-06,0,18,85,,,
2026-07-07T10:24:10.658,0.9559,20.8,1,1.6059820939162473e-06,0,18,85,,,
2026-07-07T10:24:11.174,0.9559,20.8,2,1.6059820939162473e-06,0,18,85,,,
2026-07-07T10:24:11.672,0.9559,20.8,1,1.618059808201533e-06,0,18,85,,,
2026-07-07T10:24:12.173,0.9559,20.8,2,1.6059820939162473e-06,0,18,85,,,
2026-07-07T10:24:12.673,0.9558,20.8,1,1.6059820939162473e-06,0,18,85,,,
2026-07-07T10:24:13.173,0.9559,20.8,1,1.618059808201533e-06,0,18,85,,,
2026-07-07T10:24:13.669,0.9559,20.81,2,1.618059808201533e-06,0,18,85,,,
2026-07-07T10:24:14.167,0.9559,20.81,1,1.5939945315410561e-06,0,18,85,,,
2026-07-07T10:24:14.666,0.9559,20.81,2,1.6059820939162473e-06,0,18,85,,,
2026-07-07T10:24:15.166,0.956,20.81,1,1.6059820939162473e-06,0,18,85,,,
2026-07-07T10:24:15.669,0.9559,20.81,1,1.6059820939162473e-06,0,18,85,,,
2026-07-07T10:24:16.166,0.9559,20.81,2,1.618059808201533e-06,0,18,85,,,
2026-07-07T10:24:16.669,0.956,20.81,1,1.6059820939162473e-06,0,18,85,,,
2026-07-07T10:24:17.171,0.9559,20.81,2,1.618059808201533e-06,0,18,85,,,
2026-07-07T10:24:17.671,0.9559,20.81,1,1.6059820939162473e-06,0,18,85,,,
2026-07-07T10:24:18.173,0.956,20.81,1,1.618059808201533e-06,0,18,85,,,
2026-07-07T10:24:18.669,0.9559,20.81,2,1.6059820939162473e-06,0,18,85,,,
2026-07-07T10:24:19.169,0.9559,20.81,1,1.618059808201533e-06,0,18,85,,,
2026-07-07T10:24:19.668,0.9559,20.81,2,1.6059820939162473e-06,0,18,85,,,
2026-07-07T10:24:20.167,0.956,20.82,1,1.6059820939162473e-06,0,18,85,,,
2026-07-07T10:24:20.669,0.9559,20.82,1,1.6302283523801933e-06,0,18,85,,,
2026-07-07T10:24:21.172,0.9559,20.82,2,1.6059820939162473e-06,0,18,85,,,
2026-07-07T10:24:21.661,0.9559,20.82,1,1.618059808201533e-06,0,18,85,,,
2026-07-07T10:24:22.161,0.9559,20.82,2,1.6059820939162473e-06,0,18,85,,,
2026-07-07T10:24:22.661,0.9559,20.82,1,1.6059820939162473e-06,0,18,85,,,
2026-07-07T10:24:23.161,0.9558,20.82,1,1.6059820939162473e-06,0,18,85,,,
2026-07-07T10:24:23.660,0.9558,20.82,2,1.6059820939162473e-06,0,18,85,,,
2026-07-07T10:24:24.159,0.9558,20.82,1,1.6059820939162473e-06,0,18,85,,,
2026-07-07T10:24:24.660,0.9559,20.82,2,1.6059820939162473e-06,0,18,85,,,
2026-07-07T10:24:25.160,0.9558,20.82,1,1.6059820939162473e-06,0,18,85,,,
2026-07-07T10:24:25.664,0.956,20.82,1,1.6059820939162473e-06,0,18,85,,,
2026-07-07T10:24:26.164,0.9559,20.83,2,1.6059820939162473e-06,0,18,85,,,
2026-07-07T10:24:26.668,0.9559,20.83,1,1.6059820939162473e-06,0,18,85,,,
2026-07-07T10:24:27.169,0.9559,20.82,2,1.6059820939162473e-06,0,18,85,,,
2026-07-07T10:24:27.674,0.9559,20.83,1,1.618059808201533e-06,0,18,85,,,
2026-07-07T10:24:28.166,0.9559,20.83,1,1.6059820939162473e-06,0,18,85,,,
2026-07-07T10:24:28.668,0.9559,20.83,2,1.618059808201533e-06,0,18,85,,,
2026-07-07T10:24:29.170,0.9559,20.83,1,1.618059808201533e-06,0,18,85,,,
2026-07-07T10:24:29.671,0.956,20.83,2,1.6059820939162473e-06,0,18,85,,,
2026-07-07T10:24:30.172,0.9559,20.83,1,1.5939945315410561e-06,0,18,85,,,
2026-07-07T10:24:30.658,0.956,20.83,1,1.6059820939162473e-06,0,18,85,,,
2026-07-07T10:24:31.169,0.9559,20.83,2,1.6059820939162473e-06,0,18,85,,,
2026-07-07T10:24:31.669,0.9559,20.83,1,1.6059820939162473e-06,0,18,85,,,
2026-07-07T10:24:32.173,0.9559,20.84,2,1.6059820939162473e-06,0,18,85,,,
2026-07-07T10:24:32.659,0.956,20.83,1,1.618059808201533e-06,0,18,85,,,
2026-07-07T10:24:33.172,0.956,20.84,1,1.618059808201533e-06,0,18,85,,,
2026-07-07T10:24:33.659,0.9559,20.84,2,1.6059820939162473e-06,0,18,85,,,
2026-07-07T10:24:34.162,0.9559,20.84,1,1.6059820939162473e-06,0,18,85,,,
2026-07-07T10:24:34.660,0.9559,20.84,2,1.6059820939162473e-06,0,18,85,,,
2026-07-07T10:24:35.160,0.9559,20.84,1,1.6059820939162473e-06,0,18,85,,,
2026-07-07T10:24:35.661,0.956,20.84,1,1.5939945315410561e-06,0,18,85,,,
2026-07-07T10:24:36.167,0.956,20.84,2,1.6059820939162473e-06,0,18,85,,,
2026-07-07T10:24:36.672,0.956,20.84,1,1.6059820939162473e-06,0,18,85,,,
2026-07-07T10:24:37.172,0.9559,20.84,2,1.618059808201533e-06,0,18,85,,,
2026-07-07T10:24:37.671,0.9559,20.84,1,1.6059820939162473e-06,0,18,85,,,
2026-07-07T10:24:38.170,0.956,20.84,1,1.6059820939162473e-06,0,18,85,,,
2026-07-07T10:24:38.669,0.956,20.85,2,1.6059820939162473e-06,0,18,85,,,
2026-07-07T10:24:39.169,0.9559,20.84,1,1.6059820939162473e-06,0,18,85,,,
2026-07-07T10:24:39.672,0.9559,20.85,2,1.6059820939162473e-06,0,18,85,,,
2026-07-07T10:24:40.171,0.956,20.85,1,1.618059808201533e-06,0,18,85,,,
2026-07-07T10:24:40.673,0.9559,20.85,1,1.6059820939162473e-06,0,18,85,,,
2026-07-07T10:24:41.159,0.9559,20.85,2,1.6059820939162473e-06,0,18,85,,,
2026-07-07T10:24:41.665,0.9559,20.85,1,1.6059820939162473e-06,0,18,85,,,
2026-07-07T10:24:42.172,0.9559,20.85,2,1.618059808201533e-06,0,18,85,,,
2026-07-07T10:24:42.672,0.9559,20.85,1,1.6059820939162473e-06,0,18,85,,,
2026-07-07T10:24:43.172,0.9559,20.85,1,1.6059820939162473e-06,0,18,85,,,
2026-07-07T10:24:43.672,0.956,20.85,2,1.6059820939162473e-06,0,18,85,,,
2026-07-07T10:24:44.172,0.9559,20.85,1,1.618059808201533e-06,0,18,85,,,
2026-07-07T10:24:44.671,0.956,20.85,1,1.6059820939162473e-06,0,18,85,,,
2026-07-07T10:24:45.168,0.9559,20.85,2,1.618059808201533e-06,0,18,85,,,
2026-07-07T10:24:45.667,0.9559,20.86,1,1.618059808201533e-06,0,18,85,,,
2026-07-07T10:24:46.169,0.956,20.85,2,1.618059808201533e-06,0,18,85,,,
2026-07-07T10:24:46.668,0.956,20.85,1,1.618059808201533e-06,0,18,85,,,
2026-07-07T10:24:47.168,0.9559,20.86,2,1.6059820939162473e-06,0,18,85,,,
2026-07-07T10:24:47.666,0.9559,20.85,1,1.6059820939162473e-06,0,18,85,,,
2026-07-07T10:24:48.166,0.9559,20.86,1,1.6059820939162473e-06,0,18,85,,,
2026-07-07T10:24:48.666,0.956,20.86,2,1.6059820939162473e-06,0,18,85,,,
2026-07-07T10:24:49.168,0.9559,20.86,1,1.5939945315410561e-06,0,18,85,,,
2026-07-07T10:24:49.666,0.9559,20.86,2,1.6059820939162473e-06,0,18,85,,,
2026-07-07T10:24:50.165,0.9559,20.86,1,1.5939945315410561e-06,0,18,85,,,
2026-07-07T10:24:50.665,0.9559,20.86,1,1.6059820939162473e-06,0,18,85,,,
2026-07-07T10:24:51.166,0.956,20.86,2,1.6059820939162473e-06,0,18,85,,,
2026-07-07T10:24:51.665,0.956,20.86,1,1.618059808201533e-06,0,18,85,,,
2026-07-07T10:24:52.163,0.9559,20.86,1,1.6059820939162473e-06,0,18,85,,,
2026-07-07T10:24:52.661,0.9559,20.86,2,1.5939945315410561e-06,0,18,85,,,
2026-07-07T10:24:53.163,0.9559,20.86,1,1.6059820939162473e-06,0,18,85,,,
2026-07-07T10:24:53.662,0.9559,20.86,2,1.6059820939162473e-06,0,18,85,,,
2026-07-07T10:24:54.165,0.9559,20.86,1,1.5939945315410561e-06,0,18,85,,,
2026-07-07T10:24:54.663,0.9559,20.86,2,1.5939945315410561e-06,0,18,85,,,
2026-07-07T10:24:55.160,0.9559,20.87,1,1.5939945315410561e-06,0,18,85,,,
2026-07-07T10:24:55.659,0.9559,20.87,1,1.6059820939162473e-06,0,18,85,,,
2026-07-07T10:24:56.160,0.9559,20.86,2,1.618059808201533e-06,0,18,85,,,
2026-07-07T10:24:56.673,0.9559,20.87,1,1.5939945315410561e-06,0,18,85,,,
2026-07-07T10:24:57.173,0.956,20.87,2,1.618059808201533e-06,0,18,85,,,
2026-07-07T10:24:57.669,0.9559,20.87,1,1.6059820939162473e-06,0,18,85,,,
2026-07-07T10:24:58.172,0.9559,20.87,1,1.6059820939162473e-06,0,18,85,,,
2026-07-07T10:24:58.672,0.9559,20.87,2,1.6059820939162473e-06,0,18,85,,,
2026-07-07T10:24:59.173,0.9559,20.87,1,1.5939945315410561e-06,0,18,85,,,
2026-07-07T10:24:59.671,0.9559,20.87,2,1.6059820939162473e-06,0,18,85,,,
2026-07-07T10:25:00.159,0.956,20.87,1,1.6059820939162473e-06,0,18,85,,,
2026-07-07T10:25:00.659,0.9559,20.87,1,1.6059820939162473e-06,0,18,85,,,
2026-07-07T10:25:01.159,0.9559,20.87,2,1.6059820939162473e-06,0,18,85,,,
2026-07-07T10:25:01.658,0.9559,20.87,1,1.6059820939162473e-06,0,18,85,,,
2026-07-07T10:25:02.172,0.9559,20.87,1,1.6059820939162473e-06,0,18,85,,,
2026-07-07T10:25:02.669,0.9559,20.88,2,1.5939945315410561e-06,0,18,85,,,
2026-07-07T10:25:03.169,0.956,20.88,1,1.5939945315410561e-06,0,18,85,,,
2026-07-07T10:25:03.671,0.9559,20.88,2,1.6059820939162473e-06,0,18,85,,,
2026-07-07T10:25:04.171,0.9559,20.88,1,1.6059820939162473e-06,0,18,85,,,
2026-07-07T10:25:04.668,0.956,20.88,1,1.6059820939162473e-06,0,18,85,,,
2026-07-07T10:25:05.161,0.9559,20.88,2,1.6059820939162473e-06,0,18,85,,,
2026-07-07T10:25:05.664,0.9559,20.88,1,1.6059820939162473e-06,0,18,85,,,
2026-07-07T10:25:06.170,0.9559,20.88,2,1.6059820939162473e-06,0,18,85,,,
2026-07-07T10:25:06.671,0.9559,20.88,1,1.5939945315410561e-06,0,18,85,,,
2026-07-07T10:25:07.174,0.9559,20.88,1,1.6059820939162473e-06,0,18,85,,,
2026-07-07T10:25:07.671,0.956,20.88,2,1.6059820939162473e-06,0,18,85,,,
2026-07-07T10:25:08.173,0.956,20.89,1,1.6059820939162473e-06,0,18,85,,,
2026-07-07T10:25:08.672,0.9559,20.88,2,1.6059820939162473e-06,0,18,85,,,
2026-07-07T10:25:09.170,0.9559,20.88,1,1.618059808201533e-06,0,18,85,,,
2026-07-07T10:25:09.670,0.9559,20.89,1,1.5939945315410561e-06,0,18,85,,,
2026-07-07T10:25:10.171,0.956,20.88,2,1.618059808201533e-06,0,18,85,,,
2026-07-07T10:25:10.670,0.9559,20.89,1,1.618059808201533e-06,0,18,85,,,
2026-07-07T10:25:11.169,0.9559,20.89,2,1.618059808201533e-06,0,18,85,,,
2026-07-07T10:25:11.669,0.9559,20.89,1,1.6059820939162473e-06,0,18,85,,,
2026-07-07T10:25:12.170,0.9559,20.89,1,1.6059820939162473e-06,0,18,85,,,
2026-07-07T10:25:12.674,0.9559,20.89,2,1.6059820939162473e-06,0,18,85,,,
2026-07-07T10:25:13.172,0.956,20.89,1,1.6059820939162473e-06,0,18,85,,,
2026-07-07T10:25:13.671,0.956,20.89,2,1.6059820939162473e-06,0,18,85,,,
2026-07-07T10:25:14.169,0.9559,20.89,1,1.618059808201533e-06,0,18,85,,,
2026-07-07T10:25:14.670,0.956,20.89,1,1.6059820939162473e-06,0,18,85,,,
2026-07-07T10:25:15.169,0.9559,20.89,2,1.6059820939162473e-06,0,18,85,,,
2026-07-07T10:25:15.668,0.9559,20.9,1,1.6059820939162473e-06,0,18,85,,,
2026-07-07T10:25:16.173,0.956,20.89,1,1.6059820939162473e-06,0,18,85,,,
2026-07-07T10:25:16.659,0.956,20.9,2,1.618059808201533e-06,0,18,85,,,
2026-07-07T10:25:17.172,0.9559,20.9,1,1.5939945315410561e-06,0,18,85,,,
2026-07-07T10:25:17.672,0.9559,20.9,2,1.5939945315410561e-06,0,18,85,,,
2026-07-07T10:25:18.160,0.9559,20.9,1,1.6059820939162473e-06,0,18,85,,,
2026-07-07T10:25:18.667,0.9559,20.9,1,1.5939945315410561e-06,0,18,85,,,
2026-07-07T10:25:19.169,0.9559,20.9,2,1.618059808201533e-06,0,18,85,,,
2026-07-07T10:25:19.673,0.956,20.9,1,1.6059820939162473e-06,0,18,85,,,
2026-07-07T10:25:20.172,0.956,20.9,2,1.6059820939162473e-06,0,18,85,,,
2026-07-07T10:25:20.671,0.956,20.9,1,1.6059820939162473e-06,0,18,85,,,
2026-07-07T10:25:21.171,0.9559,20.9,1,1.6059820939162473e-06,0,18,85,,,
2026-07-07T10:25:21.671,0.9559,20.91,2,1.6059820939162473e-06,0,18,85,,,
2026-07-07T10:25:22.171,0.9561,20.91,1,1.6059820939162473e-06,0,18,85,,,
2026-07-07T10:25:22.673,0.956,20.91,2,1.6059820939162473e-06,0,18,85,,,
2026-07-07T10:25:23.175,0.956,20.91,1,1.6059820939162473e-06,0,18,85,,,
2026-07-07T10:25:23.664,0.9559,20.91,1,1.6059820939162473e-06,0,18,85,,,
2026-07-07T10:25:24.168,0.956,20.91,2,1.6059820939162473e-06,0,18,85,,,
2026-07-07T10:25:24.669,0.956,20.91,1,1.618059808201533e-06,0,18,85,,,
2026-07-07T10:25:25.166,0.9559,20.91,2,1.6059820939162473e-06,0,18,85,,,
2026-07-07T10:25:25.668,0.9559,20.91,1,1.6059820939162473e-06,0,18,85,,,
2026-07-07T10:25:26.165,0.9559,20.91,1,1.6059820939162473e-06,0,18,85,,,
2026-07-07T10:25:26.666,0.9558,20.91,2,1.618059808201533e-06,0,18,85,,,
2026-07-07T10:25:27.165,0.9559,20.92,1,1.6059820939162473e-06,0,18,85,,,
2026-07-07T10:25:27.663,0.956,20.91,1,1.6059820939162473e-06,0,18,85,,,
2026-07-07T10:25:28.166,0.9559,20.91,2,1.6059820939162473e-06,0,18,85,,,
2026-07-07T10:25:28.664,0.956,20.92,1,1.6059820939162473e-06,0,18,85,,,
2026-07-07T10:25:29.163,0.9559,20.92,2,1.5939945315410561e-06,0,18,85,,,
2026-07-07T10:25:29.661,0.956,20.92,1,1.5939945315410561e-06,0,18,85,,,
2026-07-07T10:25:30.162,0.9559,20.91,2,1.5939945315410561e-06,0,18,85,,,
2026-07-07T10:25:30.663,0.956,20.92,1,1.6059820939162473e-06,0,18,85,,,
2026-07-07T10:25:31.160,0.9559,20.92,1,1.6059820939162473e-06,0,18,85,,,
2026-07-07T10:25:31.658,0.956,20.91,2,1.6059820939162473e-06,0,18,85,,,
2026-07-07T10:25:32.173,0.956,20.92,1,1.6059820939162473e-06,0,18,85,,,
2026-07-07T10:25:32.672,0.9559,20.92,2,1.6059820939162473e-06,0,18,85,,,
2026-07-07T10:25:33.171,0.956,20.92,1,1.6059820939162473e-06,0,18,85,,,
2026-07-07T10:25:33.669,0.956,20.92,1,1.6059820939162473e-06,0,18,85,,,
2026-07-07T10:25:34.170,0.956,20.92,2,1.6059820939162473e-06,0,18,85,,,
2026-07-07T10:25:34.670,0.9559,20.92,1,1.5939945315410561e-06,0,18,85,,,
2026-07-07T10:25:35.171,0.956,20.92,1,1.6059820939162473e-06,0,18,85,,,
2026-07-07T10:25:35.668,0.9559,20.92,2,1.6059820939162473e-06,0,18,85,,,
2026-07-07T10:25:36.167,0.9559,20.93,1,1.6059820939162473e-06,0,18,85,,,
2026-07-07T10:25:36.667,0.956,20.92,2,1.6059820939162473e-06,0,18,85,,,
2026-07-07T10:25:37.168,0.956,20.92,1,1.6059820939162473e-06,0,18,85,,,
2026-07-07T10:25:37.670,0.956,20.93,1,1.6059820939162473e-06,0,18,85,,,
2026-07-07T10:25:38.172,0.956,20.93,2,1.6059820939162473e-06,0,18,85,,,
2026-07-07T10:25:38.669,0.9559,20.93,1,1.6059820939162473e-06,0,18,85,,,
2026-07-07T10:25:39.170,0.956,20.93,2,1.6059820939162473e-06,0,18,85,,,
2026-07-07T10:25:39.670,0.9561,20.93,1,1.6059820939162473e-06,0,18,85,,,
2026-07-07T10:25:40.171,0.956,20.93,1,1.6059820939162473e-06,0,18,85,,,
2026-07-07T10:25:40.671,0.956,20.93,2,1.6059820939162473e-06,0,18,85,,,
2026-07-07T10:25:41.173,0.956,20.93,1,1.618059808201533e-06,0,18,85,,,
2026-07-07T10:25:41.672,0.956,20.93,2,1.6059820939162473e-06,0,18,85,,,
2026-07-07T10:25:42.173,0.9561,20.94,1,1.6059820939162473e-06,0,18,85,,,
2026-07-07T10:25:42.664,0.9559,20.93,1,1.5939945315410561e-06,0,18,85,,,
2026-07-07T10:25:43.166,0.956,20.94,2,1.6059820939162473e-06,0,18,85,,,
2026-07-07T10:25:43.668,0.956,20.94,1,1.6059820939162473e-06,0,18,85,,,
2026-07-07T10:25:44.167,0.956,20.94,2,1.5939945315410561e-06,0,18,85,,,
2026-07-07T10:25:44.667,0.956,20.94,1,1.6059820939162473e-06,0,18,85,,,
2026-07-07T10:25:45.168,0.9561,20.94,1,1.5939945315410561e-06,0,18,85,,,
2026-07-07T10:25:45.668,0.9559,20.94,2,1.6059820939162473e-06,0,18,85,,,
2026-07-07T10:25:46.165,0.9561,20.94,1,1.5939945315410561e-06,0,18,85,,,
2026-07-07T10:25:46.664,0.956,20.94,1,1.6059820939162473e-06,0,18,85,,,
2026-07-07T10:25:47.165,0.956,20.94,2,1.6059820939162473e-06,0,18,85,,,
2026-07-07T10:25:47.667,0.956,20.94,1,1.618059808201533e-06,0,18,85,,,
2026-07-07T10:25:48.164,0.9559,20.94,2,1.6059820939162473e-06,0,18,85,,,
2026-07-07T10:25:48.667,0.9559,20.95,1,1.5939945315410561e-06,0,18,85,,,
2026-07-07T10:25:49.164,0.956,20.94,1,1.6059820939162473e-06,0,18,85,,,
2026-07-07T10:25:49.663,0.9559,20.95,2,1.5939945315410561e-06,0,18,85,,,
2026-07-07T10:25:50.163,0.956,20.95,1,1.618059808201533e-06,0,18,85,,,
2026-07-07T10:25:50.663,0.956,20.95,2,1.6059820939162473e-06,0,18,85,,,
2026-07-07T10:25:51.166,0.956,20.95,1,1.6059820939162473e-06,0,18,85,,,
2026-07-07T10:25:51.664,0.9559,20.95,1,1.6059820939162473e-06,0,18,85,,,
2026-07-07T10:25:52.164,0.956,20.95,2,1.5939945315410561e-06,0,18,85,,,
2026-07-07T10:25:52.664,0.956,20.95,1,1.618059808201533e-06,0,18,85,,,
2026-07-07T10:25:53.165,0.9559,20.95,2,1.5939945315410561e-06,0,18,85,,,
2026-07-07T10:25:53.661,0.956,20.96,1,1.6059820939162473e-06,0,18,85,,,
2026-07-07T10:25:54.161,0.9561,20.96,1,1.6059820939162473e-06,0,18,85,,,
2026-07-07T10:25:54.663,0.9559,20.95,2,1.6059820939162473e-06,0,18,85,,,
2026-07-07T10:25:55.167,0.9559,20.96,1,1.6059820939162473e-06,0,18,85,,,
2026-07-07T10:25:55.668,0.956,20.96,2,1.6059820939162473e-06,0,18,85,,,
2026-07-07T10:25:56.169,0.956,20.96,1,1.5939945315410561e-06,0,18,85,,,
2026-07-07T10:25:56.671,0.9559,20.96,1,1.6059820939162473e-06,0,18,85,,,
2026-07-07T10:25:57.169,0.9559,20.96,2,1.6059820939162473e-06,0,18,85,,,
2026-07-07T10:25:57.671,0.956,20.96,1,1.6059820939162473e-06,0,18,85,,,
2026-07-07T10:25:58.172,0.956,20.96,2,1.6059820939162473e-06,0,18,85,,,
2026-07-07T10:25:58.671,0.956,20.96,1,1.6059820939162473e-06,0,18,85,,,
2026-07-07T10:25:59.168,0.956,20.96,1,1.5939945315410561e-06,0,18,85,,,
2026-07-07T10:25:59.669,0.956,20.96,2,1.6059820939162473e-06,0,18,85,,,
2026-07-07T10:26:00.173,0.9559,20.97,1,1.6059820939162473e-06,0,18,85,,,
2026-07-07T10:26:00.661,0.9559,20.97,2,1.6059820939162473e-06,0,18,85,,,
2026-07-07T10:26:01.159,0.9559,20.97,1,1.5939945315410561e-06,0,18,85,,,
2026-07-07T10:26:01.659,0.956,20.97,1,1.5939945315410561e-06,0,18,85,,,
2026-07-07T10:26:02.158,0.9559,20.97,2,1.6059820939162473e-06,0,18,85,,,
2026-07-07T10:26:02.659,0.956,20.97,1,1.5939945315410561e-06,0,18,85,,,
2026-07-07T10:26:03.161,0.956,20.97,2,1.6059820939162473e-06,0,18,85,,,
2026-07-07T10:26:03.663,0.9559,20.97,1,1.5939945315410561e-06,0,18,85,,,
2026-07-07T10:26:04.164,0.956,20.97,1,1.5939945315410561e-06,0,18,85,,,
2026-07-07T10:26:04.666,0.956,20.97,2,1.6059820939162473e-06,0,18,85,,,
2026-07-07T10:26:05.171,0.956,20.97,1,1.5939945315410561e-06,0,18,85,,,
2026-07-07T10:26:05.673,0.9559,20.97,1,1.5939945315410561e-06,0,18,85,,,
2026-07-07T10:26:06.173,0.956,20.97,2,1.5939945315410561e-06,0,18,85,,,
2026-07-07T10:26:06.671,0.9559,20.97,1,1.6059820939162473e-06,0,18,85,,,
2026-07-07T10:26:07.159,0.9559,20.97,2,1.5939945315410561e-06,0,18,85,,,
2026-07-07T10:26:07.661,0.9559,20.97,1,1.6059820939162473e-06,0,18,85,,,
2026-07-07T10:26:08.161,0.9559,20.98,2,1.6059820939162473e-06,0,18,85,,,
2026-07-07T10:26:08.665,0.9559,20.98,1,1.5939945315410561e-06,0,18,85,,,
2026-07-07T10:26:09.168,0.956,20.97,1,1.5939945315410561e-06,0,18,85,,,
2026-07-07T10:26:09.667,0.9559,20.98,2,1.6059820939162473e-06,0,18,85,,,
2026-07-07T10:26:10.165,0.956,20.98,1,1.6059820939162473e-06,0,18,85,,,
2026-07-07T10:26:10.664,0.9559,20.98,2,1.5939945315410561e-06,0,18,85,,,
2026-07-07T10:26:11.164,0.9559,20.98,1,1.6059820939162473e-06,0,18,85,,,
2026-07-07T10:26:11.663,0.956,20.98,1,1.6059820939162473e-06,0,18,85,,,
2026-07-07T10:26:12.163,0.956,20.98,2,1.6059820939162473e-06,0,18,85,,,
2026-07-07T10:26:12.663,0.9559,20.98,1,1.6059820939162473e-06,0,18,85,,,
2026-07-07T10:26:13.158,0.956,20.98,1,1.5939945315410561e-06,0,18,85,,,
2026-07-07T10:26:13.661,0.956,20.98,2,1.6059820939162473e-06,0,18,85,,,
2026-07-07T10:26:14.163,0.9559,20.98,1,1.6059820939162473e-06,0,18,85,,,
2026-07-07T10:26:14.666,0.9559,20.98,2,1.5939945315410561e-06,0,18,85,,,
2026-07-07T10:26:15.170,0.9559,20.98,1,1.6059820939162473e-06,0,18,85,,,
2026-07-07T10:26:15.670,0.956,20.98,1,1.5939945315410561e-06,0,18,85,,,
2026-07-07T10:26:16.169,0.9559,20.98,2,1.6059820939162473e-06,0,18,85,,,
2026-07-07T10:26:16.668,0.956,20.98,1,1.6059820939162473e-06,0,18,85,,,
2026-07-07T10:26:17.172,0.956,20.98,2,1.618059808201533e-06,0,18,85,,,
2026-07-07T10:26:17.671,0.956,20.99,1,1.618059808201533e-06,0,18,85,,,
2026-07-07T10:26:18.158,0.9559,20.99,1,1.618059808201533e-06,0,18,85,,,
2026-07-07T10:26:18.672,0.956,20.99,2,1.618059808201533e-06,0,18,85,,,
2026-07-07T10:26:19.158,0.956,20.99,1,1.6059820939162473e-06,0,18,85,,,
2026-07-07T10:26:19.673,0.9559,20.99,2,1.618059808201533e-06,0,18,85,,,
2026-07-07T10:26:20.172,0.956,20.99,1,1.618059808201533e-06,0,18,85,,,
2026-07-07T10:26:20.673,0.956,20.99,1,1.618059808201533e-06,0,18,85,,,
2026-07-07T10:26:21.170,0.9559,20.99,2,1.6059820939162473e-06,0,18,85,,,
2026-07-07T10:26:21.672,0.956,20.99,1,1.6059820939162473e-06,0,18,85,,,
2026-07-07T10:26:22.173,0.956,20.99,2,1.6059820939162473e-06,0,18,85,,,
2026-07-07T10:26:22.658,0.9559,20.99,1,1.6059820939162473e-06,0,18,85,,,
2026-07-07T10:26:23.159,0.956,20.99,1,1.6059820939162473e-06,0,18,85,,,
2026-07-07T10:26:23.660,0.9559,20.99,2,1.618059808201533e-06,0,18,85,,,
2026-07-07T10:26:24.162,0.956,20.99,1,1.6059820939162473e-06,0,18,85,,,
2026-07-07T10:26:24.664,0.956,20.99,2,1.6059820939162473e-06,0,18,85,,,
2026-07-07T10:26:25.164,0.956,20.99,1,1.5939945315410561e-06,0,18,85,,,
2026-07-07T10:26:25.668,0.9559,21.0,1,1.6059820939162473e-06,0,18,85,,,
2026-07-07T10:26:26.169,0.956,20.99,2,1.618059808201533e-06,0,18,85,,,
2026-07-07T10:26:26.670,0.956,21.0,1,1.6059820939162473e-06,0,18,85,,,
2026-07-07T10:26:27.173,0.9559,21.0,2,1.6059820939162473e-06,0,18,85,,,
2026-07-07T10:26:27.672,0.9559,21.0,1,1.5939945315410561e-06,0,18,85,,,
2026-07-07T10:26:28.160,0.956,21.0,1,1.6059820939162473e-06,0,18,85,,,
2026-07-07T10:26:28.660,0.956,21.0,2,1.6059820939162473e-06,0,18,85,,,
2026-07-07T10:26:29.159,0.9559,21.0,1,1.6059820939162473e-06,0,18,85,,,
2026-07-07T10:26:29.661,0.9559,21.0,1,1.5939945315410561e-06,0,18,85,,,
2026-07-07T10:26:30.165,0.9559,21.0,2,1.6059820939162473e-06,0,18,85,,,
2026-07-07T10:26:30.663,0.9559,21.0,1,1.6059820939162473e-06,0,18,85,,,
2026-07-07T10:26:31.167,0.9559,21.0,2,1.6059820939162473e-06,0,18,85,,,
2026-07-07T10:26:31.672,0.9559,21.0,1,1.6059820939162473e-06,0,18,85,,,
2026-07-07T10:26:32.158,0.956,21.0,2,1.618059808201533e-06,0,18,85,,,
2026-07-07T10:26:32.660,0.956,21.0,1,1.6059820939162473e-06,0,18,85,,,
2026-07-07T10:26:33.159,0.956,21.0,1,1.6059820939162473e-06,0,18,85,,,
2026-07-07T10:26:33.669,0.956,21.01,2,1.5939945315410561e-06,0,18,85,,,
2026-07-07T10:26:34.168,0.9559,21.0,1,1.6059820939162473e-06,0,18,85,,,
2026-07-07T10:26:34.671,0.956,21.0,1,1.6059820939162473e-06,0,18,85,,,
2026-07-07T10:26:35.171,0.9559,21.01,2,1.618059808201533e-06,0,18,85,,,
2026-07-07T10:26:35.671,0.956,21.0,1,1.6059820939162473e-06,0,18,85,,,
2026-07-07T10:26:36.169,0.956,21.01,2,1.5939945315410561e-06,0,18,85,,,
2026-07-07T10:26:36.669,0.956,21.01,1,1.618059808201533e-06,0,18,85,,,
2026-07-07T10:26:37.169,0.956,21.01,1,1.6059820939162473e-06,0,18,85,,,
2026-07-07T10:26:37.670,0.956,21.01,2,1.5939945315410561e-06,0,18,85,,,
2026-07-07T10:26:38.166,0.956,21.01,1,1.5939945315410561e-06,0,18,85,,,
2026-07-07T10:26:38.665,0.956,21.01,2,1.618059808201533e-06,0,18,85,,,
2026-07-07T10:26:39.165,0.956,21.01,1,1.5939945315410561e-06,0,18,85,,,
2026-07-07T10:26:39.667,0.956,21.01,1,1.5939945315410561e-06,0,18,85,,,
2026-07-07T10:26:40.169,0.956,21.01,2,1.6059820939162473e-06,0,18,85,,,
2026-07-07T10:26:40.670,0.956,21.01,1,1.5939945315410561e-06,0,18,85,,,
2026-07-07T10:26:41.168,0.9559,21.01,2,1.5939945315410561e-06,0,18,85,,,
2026-07-07T10:26:41.667,0.956,21.02,1,1.5820964481533603e-06,0,18,85,,,
2026-07-07T10:26:42.171,0.956,21.01,1,1.5820964481533603e-06,0,18,85,,,
2026-07-07T10:26:42.669,0.956,21.02,2,1.5585660517271109e-06,0,18,85,,,
2026-07-07T10:26:43.169,0.956,21.01,1,1.5585660517271109e-06,0,18,85,,,
2026-07-07T10:26:43.670,0.956,21.01,2,1.5702871758534723e-06,0,18,85,,,
2026-07-07T10:26:44.171,0.956,21.02,1,1.5469324178082085e-06,0,18,85,,,
2026-07-07T10:26:44.669,0.956,21.01,1,1.5585660517271109e-06,0,18,85,,,
2026-07-07T10:26:45.172,0.9559,21.02,2,1.5585660517271109e-06,0,18,85,,,
2026-07-07T10:26:45.672,0.9559,21.02,1,1.5585660517271109e-06,0,18,85,,,
2026-07-07T10:26:46.159,0.9559,21.02,1,1.5702871758534723e-06,0,18,85,,,
2026-07-07T10:26:46.659,0.956,21.02,2,1.5585660517271109e-06,0,18,85,,,
2026-07-07T10:26:47.158,0.956,21.02,1,1.5585660517271109e-06,0,18,85,,,
2026-07-07T10:26:47.662,0.956,21.02,2,1.5585660517271109e-06,0,18,85,,,
2026-07-07T10:26:48.161,0.956,21.02,1,1.5702871758534723e-06,0,18,85,,,
2026-07-07T10:26:48.659,0.956,21.02,2,1.5585660517271109e-06,0,18,85,,,
2026-07-07T10:26:49.172,0.956,21.02,1,1.5585660517271109e-06,0,18,85,,,
2026-07-07T10:26:49.671,0.956,21.02,1,1.5585660517271109e-06,0,18,85,,,
2026-07-07T10:26:50.173,0.956,21.02,2,1.5585660517271109e-06,0,18,85,,,
2026-07-07T10:26:50.673,0.9559,21.02,1,1.5585660517271109e-06,0,18,85,,,
2026-07-07T10:26:51.159,0.956,21.02,2,1.5469324178082085e-06,0,18,85,,,
2026-07-07T10:26:51.672,0.956,21.02,1,1.5702871758534723e-06,0,18,85,,,
2026-07-07T10:26:52.173,0.956,21.02,1,1.5585660517271109e-06,0,18,85,,,
2026-07-07T10:26:52.670,0.9559,21.03,2,1.5585660517271109e-06,0,18,85,,,
2026-07-07T10:26:53.171,0.956,21.03,1,1.5469324178082085e-06,0,18,85,,,
2026-07-07T10:26:53.669,0.956,21.02,2,1.5585660517271109e-06,0,18,85,,,
2026-07-07T10:26:54.169,0.956,21.03,1,1.5469324178082085e-06,0,18,85,,,
2026-07-07T10:26:54.673,0.956,21.03,1,1.5585660517271109e-06,0,18,85,,,
2026-07-07T10:26:55.172,0.956,21.03,2,1.5585660517271109e-06,0,18,85,,,
2026-07-07T10:26:55.672,0.9559,21.03,1,1.5585660517271109e-06,0,18,85,,,
2026-07-07T10:26:56.162,0.956,21.03,1,1.5585660517271109e-06,0,18,85,,,
2026-07-07T10:26:56.665,0.956,21.03,2,1.5702871758534723e-06,0,18,85,,,
2026-07-07T10:26:57.166,0.956,21.03,1,1.5702871758534723e-06,0,18,85,,,
2026-07-07T10:26:57.664,0.956,21.03,2,1.5702871758534723e-06,0,18,85,,,
2026-07-07T10:26:58.160,0.956,21.03,1,1.5702871758534723e-06,0,18,85,,,
2026-07-07T10:26:58.663,0.956,21.03,1,1.5585660517271109e-06,0,18,85,,,
2026-07-07T10:26:59.163,0.956,21.03,2,1.5585660517271109e-06,0,18,85,,,
2026-07-07T10:26:59.662,0.956,21.03,1,1.5585660517271109e-06,0,18,85,,,
2026-07-07T10:27:00.166,0.956,21.03,2,1.5585660517271109e-06,0,18,85,,,
2026-07-07T10:27:00.666,0.956,21.03,1,1.5469324178082085e-06,0,18,85,,,
2026-07-07T10:27:01.166,0.9559,21.03,2,1.5585660517271109e-06,0,18,85,,,
2026-07-07T10:27:01.666,0.9559,21.03,1,1.5353856210419656e-06,0,18,85,,,
2026-07-07T10:27:02.169,0.9559,21.03,1,1.5469324178082085e-06,0,18,85,,,
2026-07-07T10:27:02.667,0.956,21.03,2,1.523925013248183e-06,0,18,85,,,
2026-07-07T10:27:03.167,0.956,21.03,1,1.5353856210419656e-06,0,18,85,,,
2026-07-07T10:27:03.667,0.9559,21.03,2,1.5353856210419656e-06,0,18,85,,,
2026-07-07T10:27:04.166,0.956,21.03,1,1.5353856210419656e-06,0,18,85,,,
2026-07-07T10:27:04.666,0.956,21.03,1,1.5353856210419656e-06,0,18,85,,,
2026-07-07T10:27:05.169,0.9559,21.03,2,1.5353856210419656e-06,0,18,85,,,
2026-07-07T10:27:05.667,0.9561,21.04,1,1.5353856210419656e-06,0,18,85,,,
2026-07-07T10:27:06.166,0.956,21.03,2,1.5353856210419656e-06,0,18,85,,,
2026-07-07T10:27:06.663,0.956,21.03,1,1.5353856210419656e-06,0,18,85,,,
2026-07-07T10:27:07.163,0.956,21.03,1,1.523925013248183e-06,0,18,85,,,
2026-07-07T10:27:07.663,0.956,21.04,2,1.5353856210419656e-06,0,18,85,,,
2026-07-07T10:27:08.164,0.956,21.04,1,1.523925013248183e-06,0,18,85,,,
2026-07-07T10:27:08.663,0.9559,21.04,2,1.523925013248183e-06,0,18,85,,,
2026-07-07T10:27:09.165,0.956,21.04,1,1.5353856210419656e-06,0,18,85,,,
2026-07-07T10:27:09.665,0.956,21.04,1,1.5353856210419656e-06,0,18,85,,,
2026-07-07T10:27:10.166,0.956,21.04,2,1.5469324178082085e-06,0,18,85,,,
2026-07-07T10:27:10.671,0.956,21.04,1,1.5353856210419656e-06,0,18,85,,,
2026-07-07T10:27:11.170,0.956,21.04,2,1.523925013248183e-06,0,18,85,,,
2026-07-07T10:27:11.668,0.956,21.04,1,1.523925013248183e-06,0,18,85,,,
2026-07-07T10:27:12.170,0.956,21.04,1,1.5353856210419656e-06,0,18,85,,,
2026-07-07T10:27:12.670,0.9559,21.04,2,1.5353856210419656e-06,0,18,85,,,
2026-07-07T10:27:13.174,0.9559,21.04,1,1.5353856210419656e-06,0,18,85,,,
2026-07-07T10:27:13.660,0.956,21.04,1,1.5353856210419656e-06,0,18,85,,,
2026-07-07T10:27:14.162,0.9559,21.04,2,1.5353856210419656e-06,0,18,85,,,
2026-07-07T10:27:14.674,0.956,21.04,1,1.5353856210419656e-06,0,18,85,,,
2026-07-07T10:27:15.160,0.9559,21.04,2,1.5353856210419656e-06,0,18,85,,,
2026-07-07T10:27:15.674,0.956,21.04,1,1.5353856210419656e-06,0,18,85,,,
2026-07-07T10:27:16.160,0.956,21.04,1,1.5353856210419656e-06,0,18,85,,,
2026-07-07T10:27:16.673,0.9559,21.05,2,1.5353856210419656e-06,0,18,85,,,
2026-07-07T10:27:17.171,0.956,21.04,1,1.5353856210419656e-06,0,18,85,,,
2026-07-07T10:27:17.671,0.9559,21.04,2,1.523925013248183e-06,0,18,85,,,
2026-07-07T10:27:18.169,0.9559,21.04,1,1.523925013248183e-06,0,18,85,,,
2026-07-07T10:27:18.669,0.9559,21.04,1,1.512549951084894e-06,0,18,85,,,
2026-07-07T10:27:19.158,0.956,21.04,2,1.523925013248183e-06,0,18,85,,,
2026-07-07T10:27:19.671,0.956,21.04,1,1.523925013248183e-06,0,18,85,,,
2026-07-07T10:27:20.173,0.9559,21.05,2,1.523925013248183e-06,0,18,85,,,
2026-07-07T10:27:20.672,0.9559,21.04,1,1.523925013248183e-06,0,18,85,,,
2026-07-07T10:27:21.172,0.956,21.04,1,1.523925013248183e-06,0,18,85,,,
2026-07-07T10:27:21.672,0.9559,21.05,2,1.5353856210419656e-06,0,18,85,,,
2026-07-07T10:27:22.159,0.956,21.04,1,1.523925013248183e-06,0,18,85,,,
2026-07-07T10:27:22.659,0.956,21.05,2,1.523925013248183e-06,0,18,85,,,
2026-07-07T10:27:23.158,0.956,21.04,1,1.523925013248183e-06,0,18,85,,,
2026-07-07T10:27:23.671,0.956,21.05,1,1.5353856210419656e-06,0,18,85,,,
2026-07-07T10:27:24.171,0.956,21.05,2,1.523925013248183e-06,0,18,85,,,
2026-07-07T10:27:24.659,0.956,21.05,1,1.523925013248183e-06,0,18,85,,,
2026-07-07T10:27:25.159,0.956,21.05,2,1.523925013248183e-06,0,18,85,,,
2026-07-07T10:27:25.659,0.956,21.05,1,1.523925013248183e-06,0,18,85,,,
2026-07-07T10:27:26.160,0.956,21.05,1,1.5353856210419656e-06,0,18,85,,,
2026-07-07T10:27:26.673,0.9559,21.05,2,1.523925013248183e-06,0,18,85,,,
2026-07-07T10:27:27.173,0.956,21.05,1,1.523925013248183e-06,0,18,85,,,
2026-07-07T10:27:27.674,0.956,21.05,2,1.523925013248183e-06,0,18,85,,,
2026-07-07T10:27:28.158,0.956,21.05,1,1.5353856210419656e-06,0,18,85,,,
2026-07-07T10:27:28.672,0.9559,21.05,1,1.5353856210419656e-06,0,18,85,,,
2026-07-07T10:27:29.170,0.956,21.05,2,1.5353856210419656e-06,0,18,85,,,
2026-07-07T10:27:29.670,0.956,21.05,1,1.5353856210419656e-06,0,18,85,,,
2026-07-07T10:27:30.168,0.956,21.05,2,1.5353856210419656e-06,0,18,85,,,
2026-07-07T10:27:30.666,0.956,21.05,1,1.5353856210419656e-06,0,18,85,,,
2026-07-07T10:27:31.163,0.956,21.05,1,1.523925013248183e-06,0,18,85,,,
2026-07-07T10:27:31.665,0.9559,21.05,2,1.512549951084894e-06,0,18,85,,,
2026-07-07T10:27:32.164,0.956,21.05,1,1.5353856210419656e-06,0,18,85,,,
2026-07-07T10:27:32.662,0.956,21.06,1,1.523925013248183e-06,0,18,85,,,
2026-07-07T10:27:33.163,0.956,21.06,2,1.5353856210419656e-06,0,18,85,,,
2026-07-07T10:27:33.664,0.956,21.06,1,1.523925013248183e-06,0,18,85,,,
2026-07-07T10:27:34.166,0.9559,21.05,2,1.523925013248183e-06,0,18,85,,,
2026-07-07T10:27:34.665,0.9559,21.05,1,1.5353856210419656e-06,0,18,85,,,
2026-07-07T10:27:35.166,0.956,21.05,2,1.523925013248183e-06,0,18,85,,,
2026-07-07T10:27:35.664,0.956,21.05,1,1.523925013248183e-06,0,18,85,,,
2026-07-07T10:27:36.163,0.956,21.06,1,1.5469324178082085e-06,0,18,85,,,
2026-07-07T10:27:36.662,0.9559,21.06,2,1.5353856210419656e-06,0,18,85,,,
2026-07-07T10:27:37.160,0.9559,21.06,1,1.5353856210419656e-06,0,18,85,,,
2026-07-07T10:27:37.663,0.9559,21.05,2,1.512549951084894e-06,0,18,85,,,
2026-07-07T10:27:38.164,0.9559,21.06,1,1.523925013248183e-06,0,18,85,,,
2026-07-07T10:27:38.666,0.956,21.06,1,1.523925013248183e-06,0,18,85,,,
2026-07-07T10:27:39.167,0.956,21.05,2,1.5353856210419656e-06,0,18,85,,,
2026-07-07T10:27:39.665,0.956,21.06,1,1.523925013248183e-06,0,18,85,,,
2026-07-07T10:27:40.168,0.9559,21.06,2,1.523925013248183e-06,0,18,85,,,
2026-07-07T10:27:40.671,0.956,21.06,1,1.523925013248183e-06,0,18,85,,,
2026-07-07T10:27:41.173,0.9559,21.06,1,1.512549951084894e-06,0,18,85,,,
2026-07-07T10:27:41.673,0.956,21.06,2,1.523925013248183e-06,0,18,85,,,
2026-07-07T10:27:42.159,0.956,21.06,1,1.523925013248183e-06,0,18,85,,,
2026-07-07T10:27:42.672,0.956,21.06,1,1.5353856210419656e-06,0,18,85,,,
2026-07-07T10:27:43.171,0.9559,21.06,2,1.5353856210419656e-06,0,18,85,,,
2026-07-07T10:27:43.671,0.956,21.06,1,1.523925013248183e-06,0,18,85,,,
2026-07-07T10:27:44.170,0.9559,21.06,2,1.523925013248183e-06,0,18,85,,,
2026-07-07T10:27:44.660,0.956,21.06,1,1.5353856210419656e-06,0,18,85,,,
2026-07-07T10:27:45.158,0.956,21.06,1,1.512549951084894e-06,0,18,85,,,
2026-07-07T10:27:45.659,0.956,21.06,2,1.523925013248183e-06,0,18,85,,,
2026-07-07T10:27:46.159,0.956,21.06,1,1.5353856210419656e-06,0,18,85,,,
2026-07-07T10:27:46.660,0.956,21.06,2,1.5353856210419656e-06,0,18,85,,,
2026-07-07T10:27:47.159,0.9559,21.07,1,1.5353856210419656e-06,0,18,85,,,
2026-07-07T10:27:47.660,0.956,21.06,1,1.523925013248183e-06,0,18,85,,,
2026-07-07T10:27:48.173,0.9559,21.06,2,1.5353856210419656e-06,0,18,85,,,
2026-07-07T10:27:48.672,0.956,21.06,1,1.5353856210419656e-06,0,18,85,,,
2026-07-07T10:27:49.173,0.956,21.06,2,1.5353856210419656e-06,0,18,85,,,
2026-07-07T10:27:49.674,0.956,21.06,1,1.523925013248183e-06,0,18,85,,,
2026-07-07T10:27:50.171,0.956,21.06,1,1.512549951084894e-06,0,18,85,,,
2026-07-07T10:27:50.661,0.9559,21.06,2,1.523925013248183e-06,0,18,85,,,
2026-07-07T10:27:51.161,0.9559,21.06,1,1.5353856210419656e-06,0,18,85,,,
2026-07-07T10:27:51.660,0.956,21.07,1,1.523925013248183e-06,0,18,85,,,
2026-07-07T10:27:52.172,0.956,21.06,2,1.523925013248183e-06,0,18,85,,,
2026-07-07T10:27:52.674,0.9559,21.06,1,1.512549951084894e-06,0,18,85,,,
2026-07-07T10:27:53.160,0.9559,21.06,2,1.523925013248183e-06,0,18,85,,,
2026-07-07T10:27:53.659,0.9559,21.06,1,1.523925013248183e-06,0,18,85,,,
2026-07-07T10:27:54.172,0.9559,21.06,1,1.5353856210419656e-06,0,18,85,,,
2026-07-07T10:27:54.659,0.9559,21.07,2,1.523925013248183e-06,0,18,85,,,
2026-07-07T10:27:55.173,0.956,21.06,1,1.5353856210419656e-06,0,18,85,,,
2026-07-07T10:27:55.671,0.9559,21.07,2,1.523925013248183e-06,0,18,85,,,
2026-07-07T10:27:56.174,0.9559,21.07,1,1.523925013248183e-06,0,18,85,,,
2026-07-07T10:27:56.671,0.9559,21.07,1,1.523925013248183e-06,0,18,85,,,
2026-07-07T10:27:57.172,0.9559,21.07,2,1.512549951084894e-06,0,18,85,,,
2026-07-07T10:27:57.671,0.9559,21.07,1,1.5353856210419656e-06,0,18,85,,,
2026-07-07T10:27:58.169,0.956,21.07,2,1.523925013248183e-06,0,18,85,,,
2026-07-07T10:27:58.658,0.9559,21.07,1,1.523925013248183e-06,0,18,85,,,
2026-07-07T10:27:59.160,0.956,21.07,1,1.5353856210419656e-06,0,18,85,,,
2026-07-07T10:27:59.660,0.9559,21.07,2,1.523925013248183e-06,0,18,85,,,
2026-07-07T10:28:00.174,0.9559,21.07,1,1.523925013248183e-06,0,18,85,,,
2026-07-07T10:28:00.673,0.956,21.07,2,1.5353856210419656e-06,0,18,85,,,
2026-07-07T10:28:01.159,0.956,21.07,1,1.523925013248183e-06,0,18,85,,,
2026-07-07T10:28:01.673,0.9559,21.07,1,1.523925013248183e-06,0,18,85,,,
2026-07-07T10:28:02.160,0.956,21.07,2,1.523925013248183e-06,0,18,85,,,
2026-07-07T10:28:02.660,0.956,21.07,1,1.5353856210419656e-06,0,18,85,,,
2026-07-07T10:28:03.160,0.956,21.07,2,1.5353856210419656e-06,0,18,85,,,
2026-07-07T10:28:03.671,0.956,21.07,1,1.5353856210419656e-06,0,18,85,,,
2026-07-07T10:28:04.170,0.9561,21.07,1,1.523925013248183e-06,0,18,85,,,
2026-07-07T10:28:04.668,0.956,21.07,2,1.5353856210419656e-06,0,18,85,,,
2026-07-07T10:28:05.170,0.956,21.07,1,1.523925013248183e-06,0,18,85,,,
2026-07-07T10:28:05.670,0.956,21.07,2,1.5353856210419656e-06,0,18,85,,,
2026-07-07T10:28:06.172,0.9561,21.07,1,1.5353856210419656e-06,0,18,85,,,
2026-07-07T10:28:06.674,0.956,21.07,1,1.523925013248183e-06,0,18,85,,,
2026-07-07T10:28:07.172,0.956,21.07,2,1.523925013248183e-06,0,18,85,,,
2026-07-07T10:28:07.671,0.956,21.07,1,1.523925013248183e-06,0,18,85,,,
2026-07-07T10:28:08.170,0.9559,21.07,2,1.5353856210419656e-06,0,18,85,,,
2026-07-07T10:28:08.670,0.9559,21.07,1,1.5353856210419656e-06,0,18,85,,,
2026-07-07T10:28:09.168,0.956,21.07,1,1.5353856210419656e-06,0,18,85,,,
2026-07-07T10:28:09.667,0.956,21.07,2,1.5353856210419656e-06,0,18,85,,,
2026-07-07T10:28:10.166,0.9559,21.08,1,1.5353856210419656e-06,0,18,85,,,
2026-07-07T10:28:10.668,0.9559,21.07,2,1.523925013248183e-06,0,18,85,,,
2026-07-07T10:28:11.164,0.956,21.08,1,1.523925013248183e-06,0,18,85,,,
2026-07-07T10:28:11.666,0.9559,21.07,1,1.5353856210419656e-06,0,18,85,,,
2026-07-07T10:28:12.166,0.956,21.07,2,1.5353856210419656e-06,0,18,85,,,
2026-07-07T10:28:12.665,0.956,21.07,1,1.523925013248183e-06,0,18,85,,,
2026-07-07T10:28:13.165,0.956,21.07,1,1.523925013248183e-06,0,18,85,,,
2026-07-07T10:28:13.667,0.956,21.07,2,1.512549951084894e-06,0,18,85,,,
2026-07-07T10:28:14.165,0.9559,21.08,1,1.512549951084894e-06,0,18,85,,,
2026-07-07T10:28:14.668,0.956,21.07,2,1.512549951084894e-06,0,18,85,,,
2026-07-07T10:28:15.169,0.956,21.08,1,1.523925013248183e-06,0,18,85,,,
2026-07-07T10:28:15.672,0.9559,21.07,2,1.523925013248183e-06,0,18,85,,,
2026-07-07T10:28:16.158,0.956,21.08,1,1.512549951084894e-06,0,18,85,,,
2026-07-07T10:28:16.660,0.956,21.08,1,1.523925013248183e-06,0,18,85,,,
2026-07-07T10:28:17.164,0.956,21.08,2,1.523925013248183e-06,0,18,85,,,
2026-07-07T10:28:17.667,0.956,21.08,1,1.523925013248183e-06,0,18,85,,,
2026-07-07T10:28:18.168,0.956,21.08,1,1.5353856210419656e-06,0,18,85,,,
2026-07-07T10:28:18.664,0.9559,21.08,2,1.523925013248183e-06,0,18,85,,,
2026-07-07T10:28:19.164,0.956,21.08,1,1.523925013248183e-06,0,18,85,,,
2026-07-07T10:28:19.664,0.956,21.08,2,1.512549951084894e-06,0,18,85,,,
2026-07-07T10:28:20.165,0.956,21.08,1,1.523925013248183e-06,0,18,85,,,
2026-07-07T10:28:20.662,0.9559,21.08,1,1.523925013248183e-06,0,18,85,,,
2026-07-07T10:28:21.160,0.9559,21.08,2,1.512549951084894e-06,0,18,85,,,
2026-07-07T10:28:21.659,0.956,21.08,1,1.523925013248183e-06,0,18,85,,,
2026-07-07T10:28:22.173,0.9559,21.08,2,1.523925013248183e-06,0,18,85,,,
2026-07-07T10:28:22.661,0.956,21.08,1,1.523925013248183e-06,0,18,85,,,
2026-07-07T10:28:23.159,0.956,21.08,1,1.512549951084894e-06,0,18,85,,,
2026-07-07T10:28:23.663,0.9559,21.08,2,1.523925013248183e-06,0,18,85,,,
2026-07-07T10:28:24.163,0.956,21.08,1,1.523925013248183e-06,0,18,85,,,
2026-07-07T10:28:24.663,0.9559,21.08,2,1.523925013248183e-06,0,18,85,,,
2026-07-07T10:28:25.162,0.956,21.08,1,1.523925013248183e-06,0,18,85,,,
2026-07-07T10:28:25.661,0.956,21.08,1,1.523925013248183e-06,0,18,85,,,
2026-07-07T10:28:26.161,0.9559,21.08,2,1.5353856210419656e-06,0,18,85,,,
2026-07-07T10:28:26.659,0.956,21.08,1,1.523925013248183e-06,0,18,85,,,
2026-07-07T10:28:27.161,0.9559,21.08,1,1.512549951084894e-06,0,18,85,,,
2026-07-07T10:28:27.659,0.956,21.08,2,1.523925013248183e-06,0,18,85,,,
2026-07-07T10:28:28.158,0.956,21.08,1,1.5353856210419656e-06,0,18,85,,,
2026-07-07T10:28:28.672,0.956,21.08,2,1.523925013248183e-06,0,18,85,,,
2026-07-07T10:28:29.169,0.9559,21.08,1,1.523925013248183e-06,0,18,85,,,
2026-07-07T10:28:29.669,0.9559,21.09,1,1.523925013248183e-06,0,18,85,,,
2026-07-07T10:28:30.167,0.9559,21.08,2,1.512549951084894e-06,0,18,85,,,
2026-07-07T10:28:30.666,0.9559,21.08,1,1.5353856210419656e-06,0,18,85,,,
2026-07-07T10:28:31.164,0.956,21.08,2,1.523925013248183e-06,0,18,85,,,
2026-07-07T10:28:31.666,0.9559,21.08,1,1.523925013248183e-06,0,18,85,,,
2026-07-07T10:28:32.167,0.9559,21.08,1,1.523925013248183e-06,0,18,85,,,
2026-07-07T10:28:32.669,0.9559,21.08,2,1.523925013248183e-06,0,18,85,,,
2026-07-07T10:28:33.165,0.9559,21.08,1,1.523925013248183e-06,0,18,85,,,
2026-07-07T10:28:33.664,0.956,21.09,2,1.523925013248183e-06,0,18,85,,,
2026-07-07T10:28:34.162,0.9559,21.08,1,1.5353856210419656e-06,0,18,85,,,
2026-07-07T10:28:34.662,0.956,21.08,1,1.523925013248183e-06,0,18,85,,,
2026-07-07T10:28:35.161,0.956,21.08,2,1.512549951084894e-06,0,18,85,,,
2026-07-07T10:28:35.665,0.956,21.08,1,1.523925013248183e-06,0,18,85,,,
2026-07-07T10:28:36.162,0.9559,21.08,2,1.523925013248183e-06,0,18,85,,,
2026-07-07T10:28:36.664,0.9561,21.08,1,1.523925013248183e-06,0,18,85,,,
2026-07-07T10:28:37.165,0.9559,21.08,1,1.512549951084894e-06,0,18,85,,,
2026-07-07T10:28:37.666,0.956,21.08,2,1.5353856210419656e-06,0,18,85,,,
2026-07-07T10:28:38.165,0.956,21.08,1,1.512549951084894e-06,0,18,85,,,
2026-07-07T10:28:38.661,0.956,21.08,2,1.523925013248183e-06,0,18,85,,,
2026-07-07T10:28:39.160,0.956,21.08,1,1.512549951084894e-06,0,18,85,,,
2026-07-07T10:28:39.661,0.9561,21.08,1,1.5353856210419656e-06,0,18,85,,,
2026-07-07T10:28:40.162,0.956,21.08,2,1.523925013248183e-06,0,18,85,,,
2026-07-07T10:28:40.659,0.9559,21.08,1,1.5353856210419656e-06,0,18,85,,,
2026-07-07T10:28:41.172,0.956,21.08,2,1.512549951084894e-06,0,18,85,,,
2026-07-07T10:28:41.673,0.956,21.08,1,1.523925013248183e-06,0,18,85,,,
2026-07-07T10:28:42.171,0.956,21.08,1,1.512549951084894e-06,0,18,85,,,
2026-07-07T10:28:42.669,0.956,21.08,2,1.523925013248183e-06,0,18,85,,,
2026-07-07T10:28:43.168,0.956,21.08,1,1.512549951084894e-06,0,18,85,,,
2026-07-07T10:28:43.668,0.9559,21.08,2,1.523925013248183e-06,0,18,85,,,
2026-07-07T10:28:44.163,0.956,21.08,1,1.5012597960122386e-06,0,18,85,,,
2026-07-07T10:28:44.661,0.9561,21.08,1,1.512549951084894e-06,0,18,85,,,
2026-07-07T10:28:45.172,0.956,21.08,2,1.512549951084894e-06,0,18,85,,,
2026-07-07T10:28:45.673,0.9559,21.08,1,1.523925013248183e-06,0,18,85,,,
2026-07-07T10:28:46.170,0.956,21.08,2,1.523925013248183e-06,0,18,85,,,
2026-07-07T10:28:46.668,0.956,21.08,1,1.523925013248183e-06,0,18,85,,,
2026-07-07T10:28:47.170,0.9559,21.09,1,1.523925013248183e-06,0,18,85,,,
2026-07-07T10:28:47.669,0.956,21.08,2,1.5353856210419656e-06,0,18,85,,,
2026-07-07T10:28:48.168,0.956,21.08,1,1.512549951084894e-06,0,18,85,,,
2026-07-07T10:28:48.667,0.956,21.08,2,1.523925013248183e-06,0,18,85,,,
2026-07-07T10:28:49.163,0.9559,21.08,1,1.523925013248183e-06,0,18,85,,,
2026-07-07T10:28:49.672,0.956,21.08,1,1.523925013248183e-06,0,18,85,,,
2026-07-07T10:28:50.170,0.956,21.08,2,1.523925013248183e-06,0,18,85,,,
2026-07-07T10:28:50.669,0.956,21.08,1,1.523925013248183e-06,0,18,85,,,
2026-07-07T10:28:51.164,0.956,21.08,2,1.523925013248183e-06,0,18,85,,,
2026-07-07T10:28:51.661,0.9559,21.08,1,1.512549951084894e-06,0,18,85,,,
2026-07-07T10:28:52.158,0.956,21.08,1,1.523925013248183e-06,0,18,85,,,
2026-07-07T10:28:52.659,0.9559,21.08,2,1.512549951084894e-06,0,18,85,,,
2026-07-07T10:28:53.173,0.956,21.08,1,1.523925013248183e-06,0,18,85,,,
2026-07-07T10:28:53.670,0.9559,21.08,2,1.523925013248183e-06,0,18,85,,,
2026-07-07T10:28:54.166,0.9559,21.08,1,1.512549951084894e-06,0,18,85,,,
2026-07-07T10:28:54.667,0.956,21.08,1,1.512549951084894e-06,0,18,85,,,
2026-07-07T10:28:55.167,0.956,21.08,2,1.512549951084894e-06,0,18,85,,,
2026-07-07T10:28:55.664,0.9559,21.08,1,1.523925013248183e-06,0,18,85,,,
2026-07-07T10:28:56.161,0.9559,21.08,2,1.523925013248183e-06,0,18,85,,,
2026-07-07T10:28:56.659,0.956,21.08,1,1.523925013248183e-06,0,18,85,,,
2026-07-07T10:28:57.174,0.956,21.08,1,1.523925013248183e-06,0,18,85,,,
2026-07-07T10:28:57.672,0.9559,21.08,2,1.5353856210419656e-06,0,18,85,,,
2026-07-07T10:28:58.171,0.956,21.08,1,1.523925013248183e-06,0,18,85,,,
2026-07-07T10:28:58.666,0.9559,21.08,2,1.512549951084894e-06,0,18,85,,,
2026-07-07T10:28:59.164,0.9559,21.08,1,1.512549951084894e-06,0,18,85,,,
2026-07-07T10:28:59.664,0.956,21.08,1,1.523925013248183e-06,0,18,85,,,
2026-07-07T10:29:00.161,0.956,21.08,2,1.523925013248183e-06,0,18,85,,,
2026-07-07T10:29:00.666,0.9559,21.08,1,1.512549951084894e-06,0,18,85,,,
2026-07-07T10:29:01.168,0.9559,21.08,2,1.512549951084894e-06,0,18,85,,,
2026-07-07T10:29:01.665,0.956,21.08,1,1.512549951084894e-06,0,18,85,,,
2026-07-07T10:29:02.166,0.9559,21.08,2,1.523925013248183e-06,0,18,85,,,
2026-07-07T10:29:02.668,0.9559,21.08,1,1.512549951084894e-06,0,18,85,,,
2026-07-07T10:29:03.169,0.956,21.08,1,1.5012597960122386e-06,0,18,85,,,
2026-07-07T10:29:03.666,0.956,21.08,2,1.512549951084894e-06,0,18,85,,,
2026-07-07T10:29:04.166,0.956,21.08,1,1.523925013248183e-06,0,18,85,,,
2026-07-07T10:29:04.658,0.956,21.08,2,1.512549951084894e-06,0,18,85,,,
2026-07-07T10:29:05.160,0.956,21.08,1,1.523925013248183e-06,0,18,85,,,
2026-07-07T10:29:05.652,0.956,21.08,1,1.512549951084894e-06,0,18,85,,,
2026-07-07T10:29:06.158,0.956,21.08,2,1.512549951084894e-06,0,18,85,,,
2026-07-07T10:29:06.667,0.956,21.08,1,1.523925013248183e-06,0,18,85,,,
2026-07-07T10:29:07.172,0.9559,21.08,2,1.512549951084894e-06,0,18,85,,,
2026-07-07T10:29:07.658,0.956,21.08,1,1.523925013248183e-06,0,18,85,,,
2026-07-07T10:29:08.158,0.956,21.08,1,1.512549951084894e-06,0,18,85,,,
2026-07-07T10:29:08.666,0.9559,21.08,2,1.512549951084894e-06,0,18,85,,,
2026-07-07T10:29:09.156,0.956,21.08,1,1.523925013248183e-06,0,18,85,,,
2026-07-07T10:29:09.666,0.956,21.08,2,1.523925013248183e-06,0,18,85,,,
2026-07-07T10:29:10.156,0.9559,21.08,1,1.523925013248183e-06,0,18,85,,,
2026-07-07T10:29:10.666,0.956,21.08,2,1.523925013248183e-06,0,18,85,,,
2026-07-07T10:29:11.169,0.956,21.08,1,1.523925013248183e-06,0,18,85,,,
2026-07-07T10:29:11.658,0.956,21.08,1,1.512549951084894e-06,0,18,85,,,
2026-07-07T10:29:12.161,0.956,21.08,2,1.523925013248183e-06,0,18,85,,,
2026-07-07T10:29:12.662,0.9559,21.08,1,1.523925013248183e-06,0,18,85,,,
2026-07-07T10:29:13.157,0.956,21.08,2,1.523925013248183e-06,0,18,85,,,
2026-07-07T10:29:13.666,0.956,21.08,1,1.523925013248183e-06,0,18,85,,,
2026-07-07T10:29:14.158,0.9561,21.08,1,1.512549951084894e-06,0,18,85,,,
2026-07-07T10:29:14.661,0.956,21.08,2,1.512549951084894e-06,0,18,85,,,
2026-07-07T10:29:15.158,0.956,21.08,1,1.512549951084894e-06,0,18,85,,,
2026-07-07T10:29:15.669,0.9559,21.08,2,1.523925013248183e-06,0,18,85,,,
2026-07-07T10:29:16.160,0.9559,21.08,1,1.5353856210419656e-06,0,18,85,,,
2026-07-07T10:29:16.662,0.9559,21.08,2,1.523925013248183e-06,0,18,85,,,
2026-07-07T10:29:17.168,0.9559,21.08,1,1.523925013248183e-06,0,18,85,,,
2026-07-07T10:29:17.658,0.9559,21.08,1,1.523925013248183e-06,0,18,85,,,
2026-07-07T10:29:18.159,0.9559,21.08,2,1.523925013248183e-06,0,18,85,,,
2026-07-07T10:29:18.667,0.9559,21.08,1,1.523925013248183e-06,0,18,85,,,
2026-07-07T10:29:19.163,0.956,21.08,2,1.512549951084894e-06,0,18,85,,,
2026-07-07T10:29:19.664,0.956,21.08,1,1.523925013248183e-06,0,18,85,,,
2026-07-07T10:29:20.165,0.956,21.08,1,1.523925013248183e-06,0,18,85,,,
2026-07-07T10:29:20.662,0.956,21.08,2,1.523925013248183e-06,0,18,85,,,
2026-07-07T10:29:21.159,0.9559,21.08,1,1.523925013248183e-06,0,18,85,,,
2026-07-07T10:29:21.658,0.9559,21.08,1,1.5012597960122386e-06,0,18,85,,,
2026-07-07T10:29:22.161,0.9559,21.08,2,1.523925013248183e-06,0,18,85,,,
2026-07-07T10:29:22.660,0.956,21.08,1,1.512549951084894e-06,0,18,85,,,
2026-07-07T10:29:23.173,0.9559,21.08,2,1.523925013248183e-06,0,18,85,,,
2026-07-07T10:29:23.669,0.956,21.08,1,1.5353856210419656e-06,0,18,85,,,
2026-07-07T10:29:24.168,0.9559,21.08,1,1.523925013248183e-06,0,18,85,,,
2026-07-07T10:29:24.663,0.9559,21.08,2,1.523925013248183e-06,0,18,85,,,
2026-07-07T10:29:25.158,0.956,21.08,1,1.523925013248183e-06,0,18,85,,,
2026-07-07T10:29:25.672,0.9559,21.08,2,1.523925013248183e-06,0,18,85,,,
2026-07-07T10:29:26.172,0.956,21.08,1,1.523925013248183e-06,0,18,85,,,
2026-07-07T10:29:26.671,0.9559,21.08,1,1.523925013248183e-06,0,18,85,,,
2026-07-07T10:29:27.168,0.9559,21.08,2,1.523925013248183e-06,0,18,85,,,
2026-07-07T10:29:27.668,0.9559,21.08,1,1.523925013248183e-06,0,18,85,,,
2026-07-07T10:29:28.163,0.9559,21.08,2,1.5353856210419656e-06,0,18,85,,,
2026-07-07T10:29:28.662,0.9559,21.08,1,1.523925013248183e-06,0,18,85,,,
2026-07-07T10:29:29.158,0.9559,21.08,1,1.5353856210419656e-06,0,18,85,,,
2026-07-07T10:29:29.659,0.9559,21.08,2,1.523925013248183e-06,0,18,85,,,
2026-07-07T10:29:30.159,0.9559,21.08,1,1.5353856210419656e-06,0,18,85,,,
2026-07-07T10:29:30.673,0.9559,21.08,2,1.512549951084894e-06,0,18,85,,,
2026-07-07T10:29:31.172,0.956,21.08,1,1.5353856210419656e-06,0,18,85,,,
2026-07-07T10:29:31.672,0.9559,21.08,1,1.512549951084894e-06,0,18,85,,,
2026-07-07T10:29:32.174,0.9559,21.08,2,1.523925013248183e-06,0,18,85,,,
2026-07-07T10:29:32.659,0.956,21.08,1,1.512549951084894e-06,0,18,85,,,
2026-07-07T10:29:33.172,0.9559,21.08,2,1.5353856210419656e-06,0,18,85,,,
2026-07-07T10:29:33.670,0.9558,21.08,1,1.523925013248183e-06,0,18,85,,,
2026-07-07T10:29:34.169,0.956,21.08,1,1.523925013248183e-06,0,18,85,,,
2026-07-07T10:29:34.669,0.9559,21.08,2,1.523925013248183e-06,0,18,85,,,
2026-07-07T10:29:35.170,0.956,21.08,1,1.512549951084894e-06,0,18,85,,,
2026-07-07T10:29:35.669,0.9559,21.08,2,1.523925013248183e-06,0,18,85,,,
2026-07-07T10:29:36.172,0.9559,21.08,1,1.512549951084894e-06,0,18,85,,,
2026-07-07T10:29:36.670,0.9559,21.08,1,1.512549951084894e-06,0,18,85,,,
2026-07-07T10:29:37.170,0.956,21.08,2,1.523925013248183e-06,0,18,85,,,
2026-07-07T10:29:37.671,0.9559,21.08,1,1.523925013248183e-06,0,18,85,,,
2026-07-07T10:29:38.173,0.956,21.08,2,1.523925013248183e-06,0,18,85,,,
2026-07-07T10:29:38.660,0.956,21.08,1,1.512549951084894e-06,0,18,85,,,
2026-07-07T10:29:39.173,0.956,21.08,1,1.512549951084894e-06,0,18,85,,,
2026-07-07T10:29:39.671,0.9559,21.08,2,1.512549951084894e-06,0,18,85,,,
2026-07-07T10:29:40.170,0.956,21.08,1,1.523925013248183e-06,0,18,85,,,
2026-07-07T10:29:40.665,0.956,21.08,2,1.512549951084894e-06,0,18,85,,,
2026-07-07T10:29:41.165,0.956,21.08,1,1.512549951084894e-06,0,18,85,,,
2026-07-07T10:29:41.666,0.956,21.08,1,1.523925013248183e-06,0,18,85,,,
2026-07-07T10:29:42.165,0.9559,21.08,2,1.523925013248183e-06,0,18,85,,,
2026-07-07T10:29:42.663,0.956,21.08,1,1.523925013248183e-06,0,18,85,,,
2026-07-07T10:29:43.165,0.9559,21.08,2,1.523925013248183e-06,0,18,85,,,
2026-07-07T10:29:43.667,0.956,21.08,1,1.523925013248183e-06,0,18,85,,,
2026-07-07T10:29:44.171,0.956,21.08,1,1.512549951084894e-06,0,18,85,,,
2026-07-07T10:29:44.668,0.9559,21.08,2,1.523925013248183e-06,0,18,85,,,
2026-07-07T10:29:45.168,0.956,21.08,1,1.523925013248183e-06,0,18,85,,,
2026-07-07T10:29:45.664,0.9559,21.08,2,1.5353856210419656e-06,0,18,85,,,
2026-07-07T10:29:46.167,0.9559,21.08,1,1.512549951084894e-06,0,18,85,,,
2026-07-07T10:29:46.666,0.9559,21.08,1,1.512549951084894e-06,0,18,85,,,
2026-07-07T10:29:47.168,0.956,21.08,2,1.512549951084894e-06,0,18,85,,,
2026-07-07T10:29:47.664,0.9559,21.08,1,1.523925013248183e-06,0,18,85,,,
2026-07-07T10:29:48.165,0.9559,21.08,2,1.523925013248183e-06,0,18,85,,,
2026-07-07T10:29:48.663,0.956,21.08,1,1.523925013248183e-06,0,18,85,,,
2026-07-07T10:29:49.165,0.956,21.08,1,1.523925013248183e-06,0,18,85,,,
2026-07-07T10:29:49.669,0.9559,21.08,2,1.523925013248183e-06,0,18,85,,,
2026-07-07T10:29:50.171,0.9559,21.08,1,1.523925013248183e-06,0,18,85,,,
2026-07-07T10:29:50.672,0.956,21.08,2,1.523925013248183e-06,0,18,85,,,
2026-07-07T10:29:51.169,0.9559,21.08,1,1.523925013248183e-06,0,18,85,,,
2026-07-07T10:29:51.668,0.956,21.08,1,1.523925013248183e-06,0,18,85,,,
2026-07-07T10:29:52.167,0.9559,21.08,2,1.5353856210419656e-06,0,18,85,,,
2026-07-07T10:29:52.666,0.9561,21.08,1,1.523925013248183e-06,0,18,85,,,
2026-07-07T10:29:53.164,0.956,21.08,1,1.5353856210419656e-06,0,18,85,,,
2026-07-07T10:29:53.663,0.9559,21.07,2,1.5353856210419656e-06,0,18,85,,,
2026-07-07T10:29:54.164,0.956,21.08,1,1.523925013248183e-06,0,18,85,,,
2026-07-07T10:29:54.666,0.956,21.08,2,1.512549951084894e-06,0,18,85,,,
2026-07-07T10:29:55.166,0.956,21.08,1,1.523925013248183e-06,0,18,85,,,
2026-07-07T10:29:55.665,0.9559,21.08,1,1.523925013248183e-06,0,18,85,,,
2026-07-07T10:29:56.169,0.9559,21.08,2,1.523925013248183e-06,0,18,85,,,
2026-07-07T10:29:56.669,0.9559,21.08,1,1.523925013248183e-06,0,18,85,,,
2026-07-07T10:29:57.159,0.956,21.08,1,1.512549951084894e-06,0,18,85,,,
2026-07-07T10:29:57.672,0.9559,21.07,2,1.523925013248183e-06,0,18,85,,,
2026-07-07T10:29:58.173,0.956,21.08,1,1.523925013248183e-06,0,18,85,,,
2026-07-07T10:29:58.672,0.9559,21.08,2,1.523925013248183e-06,0,18,85,,,
2026-07-07T10:29:59.170,0.956,21.08,1,1.512549951084894e-06,0,18,85,,,
2026-07-07T10:29:59.666,0.9559,21.08,2,1.523925013248183e-06,0,18,85,,,
2026-07-07T10:30:00.166,0.9559,21.08,1,1.512549951084894e-06,0,18,85,,,
2026-07-07T10:30:00.666,0.9559,21.07,1,1.512549951084894e-06,0,18,85,,,
2026-07-07T10:30:01.167,0.9559,21.07,2,1.512549951084894e-06,0,18,85,,,
2026-07-07T10:30:01.664,0.9559,21.07,1,1.523925013248183e-06,0,18,85,,,
2026-07-07T10:30:02.160,0.9559,21.07,2,1.523925013248183e-06,0,18,85,,,
2026-07-07T10:30:02.665,0.9559,21.07,1,1.512549951084894e-06,0,18,85,,,
2026-07-07T10:30:03.162,0.956,21.07,1,1.512549951084894e-06,0,18,85,,,
2026-07-07T10:30:03.663,0.9559,21.07,2,1.512549951084894e-06,0,18,85,,,
2026-07-07T10:30:04.162,0.956,21.07,1,1.512549951084894e-06,0,18,85,,,
2026-07-07T10:30:04.660,0.956,21.07,1,1.523925013248183e-06,0,18,85,,,
2026-07-07T10:30:05.170,0.956,21.07,2,1.512549951084894e-06,0,18,85,,,
2026-07-07T10:30:05.669,0.956,21.08,1,1.523925013248183e-06,0,18,85,,,
2026-07-07T10:30:06.170,0.9559,21.07,2,1.523925013248183e-06,0,18,85,,,
2026-07-07T10:30:06.665,0.956,21.07,1,1.5353856210419656e-06,0,18,85,,,
2026-07-07T10:30:07.170,0.9559,21.07,2,1.512549951084894e-06,0,18,85,,,
2026-07-07T10:30:07.663,0.9559,21.07,1,1.512549951084894e-06,0,18,85,,,
2026-07-07T10:30:08.173,0.9559,21.08,1,1.523925013248183e-06,0,18,85,,,
2026-07-07T10:30:08.659,0.9559,21.07,2,1.512549951084894e-06,0,18,85,,,
2026-07-07T10:30:09.173,0.956,21.07,1,1.512549951084894e-06,0,18,85,,,
2026-07-07T10:30:09.672,0.9559,21.07,2,1.523925013248183e-06,0,18,85,,,
2026-07-07T10:30:10.172,0.9559,21.07,1,1.523925013248183e-06,0,18,85,,,
2026-07-07T10:30:10.670,0.9559,21.07,1,1.5353856210419656e-06,0,18,85,,,
2026-07-07T10:30:11.167,0.956,21.07,2,1.512549951084894e-06,0,18,85,,,
2026-07-07T10:30:11.666,0.956,21.07,1,1.512549951084894e-06,0,18,85,,,
2026-07-07T10:30:12.172,0.956,21.07,2,1.523925013248183e-06,0,18,85,,,
2026-07-07T10:30:12.671,0.956,21.07,1,1.512549951084894e-06,0,18,85,,,
2026-07-07T10:30:13.170,0.956,21.07,1,1.5012597960122386e-06,0,18,85,,,
2026-07-07T10:30:13.671,0.9559,21.07,2,1.523925013248183e-06,0,18,85,,,
2026-07-07T10:30:14.170,0.9559,21.07,1,1.5353856210419656e-06,0,18,85,,,
2026-07-07T10:30:14.668,0.956,21.07,2,1.512549951084894e-06,0,18,85,,,
2026-07-07T10:30:15.164,0.9559,21.07,1,1.523925013248183e-06,0,18,85,,,
2026-07-07T10:30:15.666,0.956,21.07,1,1.512549951084894e-06,0,18,85,,,
2026-07-07T10:30:16.164,0.9559,21.07,2,1.512549951084894e-06,0,18,85,,,
2026-07-07T10:30:16.662,0.9559,21.07,1,1.512549951084894e-06,0,18,85,,,
2026-07-07T10:30:17.160,0.9559,21.07,2,1.512549951084894e-06,0,18,85,,,
2026-07-07T10:30:17.672,0.9561,21.07,1,1.512549951084894e-06,0,18,85,,,
2026-07-07T10:30:18.168,0.9559,21.07,2,1.523925013248183e-06,0,18,85,,,
2026-07-07T10:30:18.668,0.956,21.07,1,1.523925013248183e-06,0,18,85,,,
2026-07-07T10:30:19.168,0.956,21.07,1,1.512549951084894e-06,0,18,85,,,
2026-07-07T10:30:19.668,0.956,21.07,2,1.5353856210419656e-06,0,18,85,,,
2026-07-07T10:30:20.166,0.9559,21.07,1,1.523925013248183e-06,0,18,85,,,
2026-07-07T10:30:20.664,0.956,21.07,1,1.523925013248183e-06,0,18,85,,,
2026-07-07T10:30:21.162,0.9559,21.07,2,1.512549951084894e-06,0,18,85,,,
2026-07-07T10:30:21.663,0.956,21.07,1,1.512549951084894e-06,0,18,85,,,
2026-07-07T10:30:22.160,0.9559,21.07,2,1.5353856210419656e-06,0,18,85,,,
2026-07-07T10:30:22.671,0.9559,21.07,1,1.5012597960122386e-06,0,18,85,,,
2026-07-07T10:30:23.168,0.956,21.07,1,1.512549951084894e-06,0,18,85,,,
2026-07-07T10:30:23.669,0.9559,21.07,2,1.512549951084894e-06,0,18,85,,,
2026-07-07T10:30:24.166,0.956,21.07,1,1.512549951084894e-06,0,18,85,,,
2026-07-07T10:30:24.659,0.9559,21.07,2,1.523925013248183e-06,0,18,85,,,
2026-07-07T10:30:25.173,0.9559,21.07,1,1.512549951084894e-06,0,18,85,,,
2026-07-07T10:30:25.672,0.956,21.07,1,1.512549951084894e-06,0,18,85,,,
2026-07-07T10:30:26.172,0.9559,21.07,2,1.512549951084894e-06,0,18,85,,,
2026-07-07T10:30:26.671,0.9559,21.07,1,1.523925013248183e-06,0,18,85,,,
2026-07-07T10:30:27.169,0.956,21.07,2,1.512549951084894e-06,0,18,85,,,
2026-07-07T10:30:27.672,0.9559,21.07,1,1.523925013248183e-06,0,18,85,,,
2026-07-07T10:30:28.154,0.956,21.07,1,1.512549951084894e-06,0,18,85,,,
2026-07-07T10:30:28.668,0.956,21.07,2,1.512549951084894e-06,0,18,85,,,
2026-07-07T10:30:29.164,0.956,21.07,1,1.512549951084894e-06,0,18,85,,,
2026-07-07T10:30:29.660,0.9559,21.07,2,1.5012597960122386e-06,0,18,85,,,
2026-07-07T10:30:30.167,0.956,21.07,1,1.523925013248183e-06,0,18,85,,,
2026-07-07T10:30:30.665,0.956,21.07,2,1.523925013248183e-06,0,18,85,,,
2026-07-07T10:30:31.164,0.956,21.07,1,1.512549951084894e-06,0,18,85,,,
2026-07-07T10:30:31.660,0.956,21.07,1,1.512549951084894e-06,0,18,85,,,
2026-07-07T10:30:32.161,0.956,21.07,2,1.512549951084894e-06,0,18,85,,,
2026-07-07T10:30:32.658,0.956,21.07,1,1.512549951084894e-06,0,18,85,,,
2026-07-07T10:30:33.161,0.956,21.07,1,1.512549951084894e-06,0,18,85,,,
2026-07-07T10:30:33.659,0.9559,21.07,2,1.512549951084894e-06,0,18,85,,,
2026-07-07T10:30:34.158,0.956,21.07,1,1.512549951084894e-06,0,18,85,,,
2026-07-07T10:30:34.661,0.9559,21.07,2,1.5353856210419656e-06,0,18,85,,,
2026-07-07T10:30:35.172,0.9558,21.07,1,1.523925013248183e-06,0,18,85,,,
2026-07-07T10:30:35.666,0.9559,21.07,1,1.512549951084894e-06,0,18,85,,,
2026-07-07T10:30:36.168,0.9559,21.07,2,1.523925013248183e-06,0,18,85,,,
2026-07-07T10:30:36.666,0.9559,21.07,1,1.523925013248183e-06,0,18,85,,,
2026-07-07T10:30:37.165,0.956,21.07,2,1.523925013248183e-06,0,18,85,,,
2026-07-07T10:30:37.664,0.9559,21.07,1,1.523925013248183e-06,0,18,85,,,
2026-07-07T10:30:38.163,0.9559,21.07,1,1.523925013248183e-06,0,18,85,,,
2026-07-07T10:30:38.662,0.9559,21.07,2,1.523925013248183e-06,0,18,85,,,
2026-07-07T10:30:39.159,0.956,21.07,1,1.523925013248183e-06,0,18,85,,,
2026-07-07T10:30:39.659,0.956,21.07,2,1.512549951084894e-06,0,18,85,,,
2026-07-07T10:30:40.161,0.9559,21.07,1,1.523925013248183e-06,0,18,85,,,
2026-07-07T10:30:40.661,0.9559,21.07,1,1.512549951084894e-06,0,18,85,,,
2026-07-07T10:30:41.171,0.9559,21.07,2,1.512549951084894e-06,0,18,85,,,
2026-07-07T10:30:41.671,0.956,21.07,1,1.523925013248183e-06,0,18,85,,,
2026-07-07T10:30:42.170,0.956,21.07,2,1.523925013248183e-06,0,18,85,,,
2026-07-07T10:30:42.667,0.956,21.07,1,1.512549951084894e-06,0,18,85,,,
2026-07-07T10:30:43.170,0.956,21.07,1,1.512549951084894e-06,0,18,85,,,
2026-07-07T10:30:43.667,0.956,21.07,2,1.512549951084894e-06,0,18,85,,,
2026-07-07T10:30:44.166,0.956,21.07,1,1.523925013248183e-06,0,18,85,,,
2026-07-07T10:30:44.666,0.9559,21.07,2,1.523925013248183e-06,0,18,85,,,
2026-07-07T10:30:45.166,0.9559,21.07,1,1.512549951084894e-06,0,18,85,,,
2026-07-07T10:30:45.661,0.956,21.07,1,1.512549951084894e-06,0,18,85,,,
2026-07-07T10:30:46.165,0.9559,21.07,2,1.512549951084894e-06,0,18,85,,,
2026-07-07T10:30:46.659,0.956,21.07,1,1.512549951084894e-06,0,18,85,,,
2026-07-07T10:30:47.162,0.9559,21.07,2,1.523925013248183e-06,0,18,85,,,
2026-07-07T10:30:47.661,0.9559,21.07,1,1.512549951084894e-06,0,18,85,,,
2026-07-07T10:30:48.160,0.956,21.07,1,1.523925013248183e-06,0,18,85,,,
2026-07-07T10:30:48.661,0.9559,21.07,2,1.512549951084894e-06,0,18,85,,,
2026-07-07T10:30:49.158,0.956,21.07,1,1.523925013248183e-06,0,18,85,,,
2026-07-07T10:30:49.669,0.9559,21.07,2,1.523925013248183e-06,0,18,85,,,
2026-07-07T10:30:50.171,0.9559,21.07,1,1.523925013248183e-06,0,18,85,,,
2026-07-07T10:30:50.666,0.9559,21.07,1,1.523925013248183e-06,0,18,85,,,
2026-07-07T10:30:51.161,0.9559,21.07,2,1.512549951084894e-06,0,18,85,,,
2026-07-07T10:30:51.672,0.9559,21.07,1,1.523925013248183e-06,0,18,85,,,
2026-07-07T10:30:52.159,0.9559,21.07,2,1.523925013248183e-06,0,18,85,,,
2026-07-07T10:30:52.672,0.9559,21.07,1,1.512549951084894e-06,0,18,85,,,
2026-07-07T10:30:53.169,0.9559,21.07,2,1.512549951084894e-06,0,18,85,,,
2026-07-07T10:30:53.666,0.9559,21.07,1,1.523925013248183e-06,0,18,85,,,
2026-07-07T10:30:54.169,0.9559,21.07,1,1.512549951084894e-06,0,18,85,,,
2026-07-07T10:30:54.668,0.9559,21.07,2,1.512549951084894e-06,0,18,85,,,
2026-07-07T10:30:55.168,0.956,21.08,1,1.523925013248183e-06,0,18,85,,,
2026-07-07T10:30:55.670,0.9559,21.07,2,1.512549951084894e-06,0,18,85,,,
2026-07-07T10:30:56.171,0.956,21.07,1,1.523925013248183e-06,0,18,85,,,
2026-07-07T10:30:56.669,0.956,21.07,1,1.512549951084894e-06,0,18,85,,,
2026-07-07T10:30:57.171,0.956,21.07,2,1.523925013248183e-06,0,18,85,,,
2026-07-07T10:30:57.671,0.956,21.08,1,1.512549951084894e-06,0,18,85,,,
2026-07-07T10:30:58.169,0.9559,21.08,1,1.512549951084894e-06,0,18,85,,,
2026-07-07T10:30:58.665,0.956,21.08,2,1.5012597960122386e-06,0,18,85,,,
2026-07-07T10:30:59.163,0.9559,21.08,1,1.523925013248183e-06,0,18,85,,,
2026-07-07T10:30:59.664,0.9559,21.08,2,1.512549951084894e-06,0,18,85,,,
2026-07-07T10:31:00.162,0.9559,21.08,1,1.5012597960122386e-06,0,18,85,,,
2026-07-07T10:31:00.663,0.956,21.08,2,1.523925013248183e-06,0,18,85,,,
2026-07-07T10:31:01.162,0.9559,21.08,1,1.5353856210419656e-06,0,18,85,,,
2026-07-07T10:31:01.660,0.956,21.08,1,1.5012597960122386e-06,0,18,85,,,
2026-07-07T10:31:02.162,0.9559,21.08,2,1.512549951084894e-06,0,18,85,,,
2026-07-07T10:31:02.658,0.956,21.08,1,1.5012597960122386e-06,0,18,85,,,
2026-07-07T10:31:03.173,0.9559,21.08,2,1.523925013248183e-06,0,18,85,,,
2026-07-07T10:31:03.658,0.956,21.07,1,1.523925013248183e-06,0,18,85,,,
2026-07-07T10:31:04.158,0.9559,21.08,1,1.512549951084894e-06,0,18,85,,,
2026-07-07T10:31:04.660,0.956,21.08,2,1.512549951084894e-06,0,18,85,,,
2026-07-07T10:31:05.162,0.9559,21.08,1,1.523925013248183e-06,0,18,85,,,
2026-07-07T10:31:05.667,0.956,21.08,2,1.523925013248183e-06,0,18,85,,,
2026-07-07T10:31:06.171,0.9559,21.07,1,1.512549951084894e-06,0,18,85,,,
2026-07-07T10:31:06.666,0.9559,21.08,1,1.523925013248183e-06,0,18,85,,,
2026-07-07T10:31:07.164,0.9559,21.08,2,1.5012597960122386e-06,0,18,85,,,
2026-07-07T10:31:07.664,0.956,21.08,1,1.512549951084894e-06,0,18,85,,,
2026-07-07T10:31:08.164,0.956,21.08,2,1.523925013248183e-06,0,18,85,,,
2026-07-07T10:31:08.663,0.9559,21.08,1,1.512549951084894e-06,0,18,85,,,
2026-07-07T10:31:09.168,0.9559,21.08,1,1.512549951084894e-06,0,18,85,,,
2026-07-07T10:31:09.665,0.9559,21.08,2,1.523925013248183e-06,0,18,85,,,
2026-07-07T10:31:10.166,0.9559,21.08,1,1.523925013248183e-06,0,18,85,,,
2026-07-07T10:31:10.663,0.9559,21.08,2,1.512549951084894e-06,0,18,85,,,
2026-07-07T10:31:11.161,0.9559,21.08,1,1.512549951084894e-06,0,18,85,,,
2026-07-07T10:31:11.662,0.956,21.08,1,1.523925013248183e-06,0,18,85,,,
2026-07-07T10:31:12.160,0.9559,21.08,2,1.512549951084894e-06,0,18,85,,,
2026-07-07T10:31:12.659,0.9559,21.08,1,1.523925013248183e-06,0,18,85,,,
2026-07-07T10:31:13.160,0.9559,21.08,2,1.523925013248183e-06,0,18,85,,,
2026-07-07T10:31:13.662,0.9559,21.09,1,1.5353856210419656e-06,0,18,85,,,
2026-07-07T10:31:14.161,0.9559,21.08,1,1.523925013248183e-06,0,18,85,,,
2026-07-07T10:31:14.660,0.9559,21.08,2,1.523925013248183e-06,0,18,85,,,
2026-07-07T10:31:15.160,0.9559,21.08,1,1.5012597960122386e-06,0,18,85,,,
2026-07-07T10:31:15.666,0.956,21.08,2,1.523925013248183e-06,0,18,85,,,
2026-07-07T10:31:16.163,0.956,21.08,1,1.512549951084894e-06,0,18,85,,,
2026-07-07T10:31:16.664,0.956,21.08,1,1.512549951084894e-06,0,18,85,,,
2026-07-07T10:31:17.160,0.956,21.08,2,1.512549951084894e-06,0,18,85,,,
2026-07-07T10:31:17.659,0.956,21.08,1,1.523925013248183e-06,0,18,85,,,
2026-07-07T10:31:18.158,0.9559,21.08,2,1.523925013248183e-06,0,18,85,,,
2026-07-07T10:31:18.672,0.956,21.08,1,1.523925013248183e-06,0,18,85,,,
2026-07-07T10:31:19.173,0.956,21.08,1,1.512549951084894e-06,0,18,85,,,
2026-07-07T10:31:19.658,0.956,21.08,2,1.5012597960122386e-06,0,18,85,,,
2026-07-07T10:31:20.173,0.956,21.08,1,1.523925013248183e-06,0,18,85,,,
2026-07-07T10:31:20.669,0.9559,21.08,2,1.512549951084894e-06,0,18,85,,,
2026-07-07T10:31:21.167,0.9559,21.08,1,1.512549951084894e-06,0,18,85,,,
2026-07-07T10:31:21.664,0.956,21.08,1,1.523925013248183e-06,0,18,85,,,
2026-07-07T10:31:22.165,0.9559,21.09,2,1.523925013248183e-06,0,18,85,,,
2026-07-07T10:31:22.664,0.956,21.09,1,1.512549951084894e-06,0,18,85,,,
2026-07-07T10:31:23.165,0.9559,21.09,2,1.5012597960122386e-06,0,18,85,,,
2026-07-07T10:31:23.663,0.9559,21.09,1,1.512549951084894e-06,0,18,85,,,
2026-07-07T10:31:24.163,0.9559,21.08,1,1.512549951084894e-06,0,18,85,,,
2026-07-07T10:31:24.661,0.9559,21.08,2,1.523925013248183e-06,0,18,85,,,
2026-07-07T10:31:25.162,0.9559,21.09,1,1.512549951084894e-06,0,18,85,,,
2026-07-07T10:31:25.663,0.9558,21.08,1,1.512549951084894e-06,0,18,85,,,
2026-07-07T10:31:26.162,0.9559,21.09,2,1.5353856210419656e-06,0,18,85,,,
2026-07-07T10:31:26.659,0.956,21.09,1,1.512549951084894e-06,0,18,85,,,
2026-07-07T10:31:27.165,0.9559,21.09,2,1.512549951084894e-06,0,18,85,,,
2026-07-07T10:31:27.671,0.956,21.09,1,1.5012597960122386e-06,0,18,85,,,
2026-07-07T10:31:28.169,0.9559,21.09,2,1.523925013248183e-06,0,18,85,,,
2026-07-07T10:31:28.671,0.956,21.09,1,1.512549951084894e-06,0,18,85,,,
2026-07-07T10:31:29.172,0.9559,21.08,1,1.523925013248183e-06,0,18,85,,,
2026-07-07T10:31:29.671,0.9559,21.09,2,1.512549951084894e-06,0,18,85,,,
2026-07-07T10:31:30.169,0.9559,21.09,1,1.523925013248183e-06,0,18,85,,,
2026-07-07T10:31:30.670,0.956,21.08,1,1.5353856210419656e-06,0,18,85,,,
2026-07-07T10:31:31.170,0.9559,21.09,2,1.5012597960122386e-06,0,18,85,,,
2026-07-07T10:31:31.667,0.9559,21.09,1,1.512549951084894e-06,0,18,85,,,
2026-07-07T10:31:32.163,0.9559,21.09,2,1.512549951084894e-06,0,18,85,,,
2026-07-07T10:31:32.662,0.9559,21.09,1,1.512549951084894e-06,0,18,85,,,
2026-07-07T10:31:33.162,0.9559,21.09,1,1.512549951084894e-06,0,18,85,,,
2026-07-07T10:31:33.664,0.9559,21.09,2,1.523925013248183e-06,0,18,85,,,
2026-07-07T10:31:34.167,0.9559,21.09,1,1.512549951084894e-06,0,18,85,,,
2026-07-07T10:31:34.666,0.9559,21.09,2,1.523925013248183e-06,0,18,85,,,
2026-07-07T10:31:35.168,0.9559,21.09,1,1.5012597960122386e-06,0,18,85,,,
2026-07-07T10:31:35.669,0.9559,21.09,1,1.512549951084894e-06,0,18,85,,,
2026-07-07T10:31:36.170,0.9559,21.09,2,1.512549951084894e-06,0,18,85,,,
2026-07-07T10:31:36.671,0.956,21.09,1,1.5012597960122386e-06,0,18,85,,,
2026-07-07T10:31:37.170,0.956,21.09,1,1.512549951084894e-06,0,18,85,,,
2026-07-07T10:31:37.668,0.9559,21.09,2,1.523925013248183e-06,0,18,85,,,
2026-07-07T10:31:38.167,0.9559,21.09,1,1.512549951084894e-06,0,18,85,,,
2026-07-07T10:31:38.666,0.956,21.09,2,1.512549951084894e-06,0,18,85,,,
2026-07-07T10:31:39.171,0.956,21.09,1,1.512549951084894e-06,0,18,85,,,
2026-07-07T10:31:39.669,0.9559,21.09,1,1.5012597960122386e-06,0,18,85,,,
2026-07-07T10:31:40.167,0.9559,21.09,2,1.523925013248183e-06,0,18,85,,,
2026-07-07T10:31:40.669,0.9559,21.09,1,1.512549951084894e-06,0,18,85,,,
2026-07-07T10:31:41.163,0.9559,21.09,2,1.5012597960122386e-06,0,18,85,,,
2026-07-07T10:31:41.662,0.9559,21.09,1,1.512549951084894e-06,0,18,85,,,
2026-07-07T10:31:42.162,0.9559,21.1,1,1.512549951084894e-06,0,18,85,,,
2026-07-07T10:31:42.660,0.9559,21.09,2,1.5012597960122386e-06,0,18,85,,,
2026-07-07T10:31:43.173,0.9559,21.1,1,1.512549951084894e-06,0,18,85,,,
2026-07-07T10:31:43.662,0.9559,21.09,1,1.512549951084894e-06,0,18,85,,,
2026-07-07T10:31:44.164,0.9559,21.09,2,1.523925013248183e-06,0,18,85,,,
2026-07-07T10:31:44.663,0.9559,21.1,1,1.523925013248183e-06,0,18,85,,,
2026-07-07T10:31:45.163,0.9559,21.09,2,1.5012597960122386e-06,0,18,85,,,
2026-07-07T10:31:45.664,0.9559,21.1,1,1.523925013248183e-06,0,18,85,,,
2026-07-07T10:31:46.162,0.9559,21.1,1,1.5012597960122386e-06,0,18,85,,,
2026-07-07T10:31:46.673,0.9559,21.1,2,1.5012597960122386e-06,0,18,85,,,
2026-07-07T10:31:47.171,0.9559,21.1,1,1.523925013248183e-06,0,18,85,,,
2026-07-07T10:31:47.673,0.9559,21.1,2,1.523925013248183e-06,0,18,85,,,
2026-07-07T10:31:48.172,0.956,21.1,1,1.512549951084894e-06,0,18,85,,,
2026-07-07T10:31:48.673,0.9558,21.1,1,1.512549951084894e-06,0,18,85,,,
2026-07-07T10:31:49.159,0.9559,21.1,2,1.523925013248183e-06,0,18,85,,,
2026-07-07T10:31:49.673,0.9559,21.1,1,1.512549951084894e-06,0,18,85,,,
2026-07-07T10:31:50.169,0.9559,21.1,2,1.5012597960122386e-06,0,18,85,,,
2026-07-07T10:31:50.667,0.9559,21.1,1,1.523925013248183e-06,0,18,85,,,
2026-07-07T10:31:51.163,0.9559,21.1,2,1.512549951084894e-06,0,18,85,,,
2026-07-07T10:31:51.662,0.9559,21.1,1,1.523925013248183e-06,0,18,85,,,
2026-07-07T10:31:52.158,0.9559,21.1,1,1.523925013248183e-06,0,18,85,,,
2026-07-07T10:31:52.661,0.9559,21.1,2,1.512549951084894e-06,0,18,85,,,
2026-07-07T10:31:53.165,0.956,21.1,1,1.512549951084894e-06,0,18,85,,,
2026-07-07T10:31:53.661,0.9558,21.1,1,1.512549951084894e-06,0,18,85,,,
2026-07-07T10:31:54.174,0.9559,21.1,2,1.512549951084894e-06,0,18,85,,,
2026-07-07T10:31:54.658,0.9559,21.11,1,1.523925013248183e-06,0,18,85,,,
2026-07-07T10:31:55.162,0.9559,21.1,2,1.512549951084894e-06,0,18,85,,,
2026-07-07T10:31:55.662,0.9559,21.1,1,1.523925013248183e-06,0,18,85,,,
2026-07-07T10:31:56.158,0.9559,21.1,1,1.512549951084894e-06,0,18,85,,,
2026-07-07T10:31:56.673,0.9559,21.11,2,1.523925013248183e-06,0,18,85,,,
2026-07-07T10:31:57.174,0.9558,21.1,1,1.5012597960122386e-06,0,18,85,,,
2026-07-07T10:31:57.670,0.9559,21.11,2,1.512549951084894e-06,0,18,85,,,
2026-07-07T10:31:58.170,0.9559,21.1,1,1.512549951084894e-06,0,18,85,,,
2026-07-07T10:31:58.662,0.9558,21.1,2,1.512549951084894e-06,0,18,85,,,
2026-07-07T10:31:59.171,0.956,21.11,1,1.523925013248183e-06,0,18,85,,,
2026-07-07T10:31:59.669,0.9559,21.11,1,1.512549951084894e-06,0,18,85,,,
2026-07-07T10:32:00.165,0.9559,21.11,2,1.523925013248183e-06,0,18,85,,,
2026-07-07T10:32:00.656,0.9559,21.1,1,1.523925013248183e-06,0,18,85,,,
2026-07-07T10:32:01.163,0.9559,21.11,2,1.512549951084894e-06,0,18,85,,,
2026-07-07T10:32:01.672,0.9559,21.11,1,1.512549951084894e-06,0,18,85,,,
2026-07-07T10:32:02.166,0.9559,21.11,1,1.512549951084894e-06,0,18,85,,,
2026-07-07T10:32:02.658,0.9559,21.11,2,1.512549951084894e-06,0,18,85,,,
2026-07-07T10:32:03.166,0.9559,21.11,1,1.523925013248183e-06,0,18,85,,,
2026-07-07T10:32:03.659,0.9559,21.11,2,1.512549951084894e-06,0,18,85,,,
2026-07-07T10:32:04.157,0.9559,21.11,1,1.523925013248183e-06,0,18,85,,,
2026-07-07T10:32:04.669,0.9559,21.11,1,1.5012597960122386e-06,0,18,85,,,
2026-07-07T10:32:05.164,0.9559,21.11,2,1.512549951084894e-06,0,18,85,,,
2026-07-07T10:32:05.662,0.9559,21.11,1,1.5353856210419656e-06,0,18,85,,,
2026-07-07T10:32:06.161,0.9559,21.11,1,1.512549951084894e-06,0,18,85,,,
2026-07-07T10:32:06.657,0.9559,21.11,2,1.512549951084894e-06,0,18,85,,,
2026-07-07T10:32:07.156,0.956,21.11,1,1.512549951084894e-06,0,18,85,,,
2026-07-07T10:32:07.666,0.9559,21.11,2,1.512549951084894e-06,0,18,85,,,
2026-07-07T10:32:08.166,0.9559,21.11,1,1.523925013248183e-06,0,18,85,,,
2026-07-07T10:32:08.662,0.9559,21.11,1,1.512549951084894e-06,0,18,85,,,
2026-07-07T10:32:09.159,0.9559,21.11,2,1.512549951084894e-06,0,18,85,,,
2026-07-07T10:32:09.656,0.9559,21.11,1,1.512549951084894e-06,0,18,85,,,
2026-07-07T10:32:10.170,0.9559,21.12,2,1.512549951084894e-06,0,18,85,,,
2026-07-07T10:32:10.670,0.9559,21.11,1,1.512549951084894e-06,0,18,85,,,
2026-07-07T10:32:11.162,0.9559,21.12,1,1.512549951084894e-06,0,18,85,,,
2026-07-07T10:32:11.673,0.9559,21.11,2,1.5012597960122386e-06,0,18,85,,,
2026-07-07T10:32:12.151,0.9558,21.11,1,1.523925013248183e-06,0,18,85,,,
2026-07-07T10:32:12.664,0.9559,21.12,2,1.512549951084894e-06,0,18,85,,,
2026-07-07T10:32:13.158,0.9559,21.12,1,1.5012597960122386e-06,0,18,85,,,
2026-07-07T10:32:13.651,0.9558,21.12,2,1.5012597960122386e-06,0,18,85,,,
2026-07-07T10:32:14.164,0.9559,21.12,1,1.5012597960122386e-06,0,18,85,,,
2026-07-07T10:32:14.660,0.9559,21.12,1,1.5012597960122386e-06,0,18,85,,,
2026-07-07T10:32:15.171,0.9559,21.11,2,1.523925013248183e-06,0,18,85,,,
2026-07-07T10:32:15.665,0.9559,21.12,1,1.512549951084894e-06,0,18,85,,,
2026-07-07T10:32:16.164,0.9559,21.12,2,1.512549951084894e-06,0,18,85,,,
2026-07-07T10:32:16.662,0.9559,21.11,1,1.512549951084894e-06,0,18,85,,,
2026-07-07T10:32:17.156,0.956,21.12,1,1.512549951084894e-06,0,18,85,,,
2026-07-07T10:32:17.668,0.9559,21.12,2,1.512549951084894e-06,0,18,85,,,
2026-07-07T10:32:18.163,0.9559,21.12,1,1.523925013248183e-06,0,18,85,,,
2026-07-07T10:32:18.659,0.9559,21.12,2,1.512549951084894e-06,0,18,85,,,
2026-07-07T10:32:19.168,0.9559,21.12,1,1.512549951084894e-06,0,18,85,,,
2026-07-07T10:32:19.659,0.9558,21.12,1,1.512549951084894e-06,0,18,85,,,
2026-07-07T10:32:20.152,0.9559,21.12,2,1.523925013248183e-06,0,18,85,,,
2026-07-07T10:32:20.667,0.9559,21.12,1,1.523925013248183e-06,0,18,85,,,
2026-07-07T10:32:21.170,0.9559,21.12,2,1.512549951084894e-06,0,18,85,,,
2026-07-07T10:32:21.671,0.9559,21.12,1,1.512549951084894e-06,0,18,85,,,
2026-07-07T10:32:22.169,0.9559,21.12,2,1.512549951084894e-06,0,18,85,,,
2026-07-07T10:32:22.663,0.9559,21.12,1,1.523925013248183e-06,0,18,85,,,
2026-07-07T10:32:23.163,0.9559,21.12,1,1.5012597960122386e-06,0,18,85,,,
2026-07-07T10:32:23.664,0.9558,21.12,2,1.512549951084894e-06,0,18,85,,,
2026-07-07T10:32:24.169,0.9559,21.12,1,1.512549951084894e-06,0,18,85,,,
2026-07-07T10:32:24.667,0.9558,21.12,2,1.5012597960122386e-06,0,18,85,,,
2026-07-07T10:32:25.170,0.9559,21.12,1,1.512549951084894e-06,0,18,85,,,
2026-07-07T10:32:25.671,0.9559,21.12,1,1.512549951084894e-06,0,18,85,,,
2026-07-07T10:32:26.174,0.9558,21.12,2,1.512549951084894e-06,0,18,85,,,
2026-07-07T10:32:26.673,0.9559,21.12,1,1.512549951084894e-06,0,18,85,,,
2026-07-07T10:32:27.169,0.9559,21.12,2,1.5012597960122386e-06,0,18,85,,,
2026-07-07T10:32:27.668,0.9559,21.12,1,1.512549951084894e-06,0,18,85,,,
2026-07-07T10:32:28.167,0.9558,21.12,1,1.512549951084894e-06,0,18,85,,,
2026-07-07T10:32:28.668,0.9559,21.12,2,1.5012597960122386e-06,0,18,85,,,
2026-07-07T10:32:29.166,0.9559,21.12,1,1.512549951084894e-06,0,18,85,,,
2026-07-07T10:32:29.663,0.9559,21.12,2,1.512549951084894e-06,0,18,85,,,
2026-07-07T10:32:30.165,0.9558,21.13,1,1.5012597960122386e-06,0,18,85,,,
2026-07-07T10:32:30.662,0.956,21.12,1,1.512549951084894e-06,0,18,85,,,
2026-07-07T10:32:31.160,0.9559,21.12,2,1.5012597960122386e-06,0,18,85,,,
2026-07-07T10:32:31.665,0.9559,21.12,1,1.5012597960122386e-06,0,18,85,,,
2026-07-07T10:32:32.164,0.9558,21.13,1,1.523925013248183e-06,0,18,85,,,
2026-07-07T10:32:32.664,0.9559,21.12,2,1.512549951084894e-06,0,18,85,,,
2026-07-07T10:32:33.164,0.9558,21.12,1,1.512549951084894e-06,0,18,85,,,
2026-07-07T10:32:33.665,0.9558,21.12,2,1.5012597960122386e-06,0,18,85,,,
2026-07-07T10:32:34.163,0.9559,21.12,1,1.512549951084894e-06,0,18,85,,,
2026-07-07T10:32:34.659,0.9559,21.12,1,1.5012597960122386e-06,0,18,85,,,
2026-07-07T10:32:35.173,0.9559,21.12,2,1.512549951084894e-06,0,18,85,,,
2026-07-07T10:32:35.672,0.9558,21.12,1,1.5012597960122386e-06,0,18,85,,,
2026-07-07T10:32:36.159,0.9559,21.13,2,1.4900539142566248e-06,0,18,85,,,
2026-07-07T10:32:36.660,0.9558,21.13,1,1.512549951084894e-06,0,18,85,,,
2026-07-07T10:32:37.161,0.9559,21.12,1,1.512549951084894e-06,0,18,85,,,
2026-07-07T10:32:37.659,0.9558,21.13,2,1.512549951084894e-06,0,18,85,,,
2026-07-07T10:32:38.160,0.9558,21.12,1,1.512549951084894e-06,0,18,85,,,
2026-07-07T10:32:38.672,0.9558,21.13,2,1.4900539142566248e-06,0,18,85,,,
2026-07-07T10:32:39.169,0.9558,21.13,1,1.5012597960122386e-06,0,18,85,,,
2026-07-07T10:32:39.669,0.9559,21.12,1,1.512549951084894e-06,0,18,85,,,
2026-07-07T10:32:40.168,0.9558,21.12,2,1.4900539142566248e-06,0,18,85,,,
2026-07-07T10:32:40.669,0.9558,21.13,1,1.5012597960122386e-06,0,18,85,,,
2026-07-07T10:32:41.167,0.9558,21.12,2,1.5012597960122386e-06,0,18,85,,,
2026-07-07T10:32:41.666,0.9559,21.13,1,1.5012597960122386e-06,0,18,85,,,
2026-07-07T10:32:42.167,0.9559,21.13,1,1.5012597960122386e-06,0,18,85,,,
2026-07-07T10:32:42.665,0.9558,21.13,2,1.512549951084894e-06,0,18,85,,,
2026-07-07T10:32:43.167,0.9559,21.13,1,1.5012597960122386e-06,0,18,85,,,
2026-07-07T10:32:43.664,0.9558,21.13,2,1.512549951084894e-06,0,18,85,,,
2026-07-07T10:32:44.164,0.9559,21.13,1,1.512549951084894e-06,0,18,85,,,
2026-07-07T10:32:44.662,0.9559,21.13,1,1.512549951084894e-06,0,18,85,,,
2026-07-07T10:32:45.174,0.9559,21.13,2,1.512549951084894e-06,0,18,85,,,
2026-07-07T10:32:45.660,0.9559,21.13,1,1.5012597960122386e-06,0,18,85,,,
2026-07-07T10:32:46.172,0.9559,21.12,2,1.5012597960122386e-06,0,18,85,,,
2026-07-07T10:32:46.670,0.9559,21.13,1,1.5012597960122386e-06,0,18,85,,,
2026-07-07T10:32:47.170,0.9559,21.13,1,1.5012597960122386e-06,0,18,85,,,
2026-07-07T10:32:47.673,0.9558,21.12,2,1.512549951084894e-06,0,18,85,,,
2026-07-07T10:32:48.170,0.9559,21.12,1,1.5012597960122386e-06,0,18,85,,,
2026-07-07T10:32:48.672,0.9559,21.13,2,1.5012597960122386e-06,0,18,85,,,
2026-07-07T10:32:49.157,0.9559,21.13,1,1.5012597960122386e-06,0,18,85,,,
2026-07-07T10:32:49.670,0.9559,21.13,1,1.512549951084894e-06,0,18,85,,,
2026-07-07T10:32:50.174,0.9559,21.13,2,1.5012597960122386e-06,0,18,85,,,
2026-07-07T10:32:50.672,0.9558,21.13,1,1.4900539142566248e-06,0,18,85,,,
2026-07-07T10:32:51.172,0.9558,21.13,2,1.512549951084894e-06,0,18,85,,,
2026-07-07T10:32:51.660,0.9559,21.13,1,1.512549951084894e-06,0,18,85,,,
2026-07-07T10:32:52.159,0.956,21.13,1,1.512549951084894e-06,0,18,85,,,
2026-07-07T10:32:52.666,0.9558,21.13,2,1.512549951084894e-06,0,18,85,,,
2026-07-07T10:32:53.162,0.9559,21.13,1,1.5012597960122386e-06,0,18,85,,,
2026-07-07T10:32:53.662,0.9558,21.13,2,1.512549951084894e-06,0,18,85,,,
2026-07-07T10:32:54.162,0.9558,21.13,1,1.512549951084894e-06,0,18,85,,,
2026-07-07T10:32:54.660,0.9559,21.13,1,1.5012597960122386e-06,0,18,85,,,
2026-07-07T10:32:55.161,0.9559,21.13,2,1.512549951084894e-06,0,18,85,,,
2026-07-07T10:32:55.663,0.9559,21.13,1,1.5012597960122386e-06,0,18,85,,,
2026-07-07T10:32:56.171,0.9559,21.13,2,1.512549951084894e-06,0,18,85,,,
2026-07-07T10:32:56.660,0.9558,21.13,1,1.512549951084894e-06,0,18,85,,,
2026-07-07T10:32:57.162,0.9558,21.13,1,1.512549951084894e-06,0,18,85,,,
2026-07-07T10:32:57.661,0.9559,21.13,2,1.5012597960122386e-06,0,18,85,,,
2026-07-07T10:32:58.160,0.9559,21.13,1,1.5012597960122386e-06,0,18,85,,,
2026-07-07T10:32:58.658,0.9559,21.13,2,1.512549951084894e-06,0,18,85,,,
2026-07-07T10:32:59.159,0.9559,21.13,1,1.512549951084894e-06,0,18,85,,,
2026-07-07T10:32:59.661,0.9559,21.13,1,1.523925013248183e-06,0,18,85,,,
2026-07-07T10:33:00.163,0.9558,21.13,2,1.5012597960122386e-06,0,18,85,,,
2026-07-07T10:33:00.662,0.9559,21.13,1,1.512549951084894e-06,0,18,85,,,
2026-07-07T10:33:01.163,0.9558,21.13,2,1.512549951084894e-06,0,18,85,,,
2026-07-07T10:33:01.664,0.9559,21.13,1,1.5012597960122386e-06,0,18,85,,,
2026-07-07T10:33:02.159,0.9559,21.13,1,1.4900539142566248e-06,0,18,85,,,
2026-07-07T10:33:02.658,0.9559,21.13,2,1.523925013248183e-06,0,18,85,,,
2026-07-07T10:33:03.173,0.9559,21.13,1,1.512549951084894e-06,0,18,85,,,
2026-07-07T10:33:03.674,0.9559,21.13,2,1.512549951084894e-06,0,18,85,,,
2026-07-07T10:33:04.170,0.9558,21.13,1,1.512549951084894e-06,0,18,85,,,
2026-07-07T10:33:04.669,0.9558,21.13,1,1.5012597960122386e-06,0,18,85,,,
2026-07-07T10:33:05.170,0.9559,21.12,2,1.512549951084894e-06,0,18,85,,,
2026-07-07T10:33:05.673,0.9558,21.13,1,1.512549951084894e-06,0,18,85,,,
2026-07-07T10:33:06.172,0.9559,21.13,2,1.512549951084894e-06,0,18,85,,,
2026-07-07T10:33:06.673,0.9559,21.13,1,1.512549951084894e-06,0,18,85,,,
2026-07-07T10:33:07.158,0.9559,21.13,1,1.523925013248183e-06,0,18,85,,,
2026-07-07T10:33:07.673,0.9559,21.13,2,1.512549951084894e-06,0,18,85,,,
2026-07-07T10:33:08.159,0.9559,21.13,1,1.5012597960122386e-06,0,18,85,,,
2026-07-07T10:33:08.659,0.9558,21.13,1,1.512549951084894e-06,0,18,85,,,
2026-07-07T10:33:09.173,0.9559,21.13,2,1.5012597960122386e-06,0,18,85,,,
2026-07-07T10:33:09.659,0.9559,21.13,1,1.5012597960122386e-06,0,18,85,,,
2026-07-07T10:33:10.172,0.9558,21.13,2,1.4900539142566248e-06,0,18,85,,,
2026-07-07T10:33:10.671,0.9559,21.13,1,1.5012597960122386e-06,0,18,85,,,
2026-07-07T10:33:11.173,0.9559,21.13,2,1.512549951084894e-06,0,18,85,,,
2026-07-07T10:33:11.672,0.9559,21.13,1,1.523925013248183e-06,0,18,85,,,
2026-07-07T10:33:12.167,0.9559,21.13,1,1.5012597960122386e-06,0,18,85,,,
2026-07-07T10:33:12.665,0.9559,21.13,2,1.5012597960122386e-06,0,18,85,,,
2026-07-07T10:33:13.165,0.9558,21.13,1,1.512549951084894e-06,0,18,85,,,
2026-07-07T10:33:13.667,0.9559,21.13,1,1.512549951084894e-06,0,18,85,,,
2026-07-07T10:33:14.167,0.9559,21.13,2,1.5012597960122386e-06,0,18,85,,,
2026-07-07T10:33:14.665,0.9558,21.13,1,1.512549951084894e-06,0,18,85,,,
2026-07-07T10:33:15.165,0.9558,21.13,2,1.512549951084894e-06,0,18,85,,,
2026-07-07T10:33:15.666,0.9559,21.13,1,1.512549951084894e-06,0,18,85,,,
2026-07-07T10:33:16.171,0.9559,21.13,1,1.523925013248183e-06,0,18,85,,,
2026-07-07T10:33:16.671,0.9559,21.13,2,1.5012597960122386e-06,0,18,85,,,
2026-07-07T10:33:17.169,0.9559,21.13,1,1.512549951084894e-06,0,18,85,,,
2026-07-07T10:33:17.667,0.9559,21.13,2,1.5012597960122386e-06,0,18,85,,,
2026-07-07T10:33:18.166,0.9559,21.13,1,1.512549951084894e-06,0,18,85,,,
2026-07-07T10:33:18.665,0.9559,21.13,1,1.5012597960122386e-06,0,18,85,,,
2026-07-07T10:33:19.166,0.9558,21.13,2,1.512549951084894e-06,0,18,85,,,
2026-07-07T10:33:19.665,0.9559,21.13,1,1.523925013248183e-06,0,18,85,,,
2026-07-07T10:33:20.162,0.9559,21.13,2,1.512549951084894e-06,0,18,85,,,
2026-07-07T10:33:20.662,0.9559,21.13,1,1.512549951084894e-06,0,18,85,,,
2026-07-07T10:33:21.165,0.9559,21.13,1,1.5012597960122386e-06,0,18,85,,,
2026-07-07T10:33:21.664,0.9558,21.13,2,1.512549951084894e-06,0,18,85,,,
2026-07-07T10:33:22.164,0.9559,21.13,1,1.5012597960122386e-06,0,18,85,,,
2026-07-07T10:33:22.662,0.9559,21.13,2,1.5012597960122386e-06,0,18,85,,,
2026-07-07T10:33:23.162,0.956,21.13,1,1.512549951084894e-06,0,18,85,,,
2026-07-07T10:33:23.660,0.9559,21.13,1,1.512549951084894e-06,0,18,85,,,
2026-07-07T10:33:24.161,0.9559,21.13,2,1.512549951084894e-06,0,18,85,,,
2026-07-07T10:33:24.659,0.9559,21.13,1,1.512549951084894e-06,0,18,85,,,
2026-07-07T10:33:25.162,0.9559,21.13,1,1.5012597960122386e-06,0,18,85,,,
2026-07-07T10:33:25.665,0.9559,21.13,2,1.5012597960122386e-06,0,18,85,,,
2026-07-07T10:33:26.163,0.9559,21.13,1,1.512549951084894e-06,0,18,85,,,
