timestamp,keller_pressure_bar,keller_temperature_degC,n_keller_samples,vacuum_chamber_mbar,pulses_interval,pulses_total,open_time_us,pulse_timestamps_us,pulse_open_times_us,pulse_acks
2026-06-15T11:13:32.060,,,0,0.000132,0,0,1600,,,
2026-06-15T11:13:32.574,0.9515,24.37,1,0.000132,0,0,1600,,,
2026-06-15T11:13:33.066,0.9516,24.37,1,0.000132,0,0,1600,,,
2026-06-15T11:13:33.573,0.9515,24.38,2,0.000131,0,0,1600,,,
2026-06-15T11:13:34.064,0.9515,24.37,1,0.000132,0,0,1600,,,
2026-06-15T11:13:34.568,0.9516,24.38,2,0.000132,0,0,1600,,,
2026-06-15T11:13:35.073,0.9515,24.38,1,0.000132,0,0,1600,,,
2026-06-15T11:13:35.568,0.9515,24.37,2,0.000133,0,0,1600,,,
2026-06-15T11:13:36.060,0.9515,24.38,1,0.000132,0,0,1600,,,
2026-06-15T11:13:36.556,0.9516,24.38,1,0.000133,0,0,1600,,,
2026-06-15T11:13:37.069,0.9516,24.38,2,0.000132,0,0,1600,,,
2026-06-15T11:13:37.567,0.9515,24.38,1,0.000132,0,0,1600,,,
2026-06-15T11:13:38.066,0.9515,24.38,2,0.000132,0,0,1600,,,
2026-06-15T11:13:38.563,0.9516,24.38,1,0.000131,0,0,1600,,,
2026-06-15T11:13:39.077,0.9516,24.38,1,0.000133,0,0,1600,,,
2026-06-15T11:13:39.574,0.9515,24.38,2,0.000132,0,0,1600,,,
2026-06-15T11:13:40.053,0.9515,24.38,1,0.000133,0,0,1600,,,
2026-06-15T11:13:40.550,0.9515,24.38,2,0.000131,0,0,1600,,,
2026-06-15T11:13:41.061,0.9516,24.38,1,0.000132,0,0,1600,,,
2026-06-15T11:13:41.558,0.9515,24.38,1,0.000133,0,0,1600,,,
2026-06-15T11:13:42.053,0.9515,24.38,2,0.000132,0,0,1600,,,
2026-06-15T11:13:42.563,0.9516,24.38,1,0.000132,0,0,1600,,,
2026-06-15T11:13:43.061,0.9515,24.38,2,0.000131,0,0,1600,,,
2026-06-15T11:13:43.557,0.9515,24.38,1,0.000133,0,0,1600,,,
2026-06-15T11:13:44.069,0.9515,24.38,1,0.000133,0,0,1600,,,
2026-06-15T11:13:44.565,0.9515,24.38,2,0.000132,0,0,1600,,,
2026-06-15T11:13:45.076,0.9515,24.38,1,0.000132,0,0,1600,,,
2026-06-15T11:13:45.558,0.9515,24.38,2,0.000131,0,0,1600,,,
2026-06-15T11:13:46.072,0.9515,24.38,1,0.000133,0,0,1600,,,
2026-06-15T11:13:46.572,0.9515,24.38,2,0.000132,0,0,1600,,,
2026-06-15T11:13:47.071,0.9516,24.38,1,0.000131,0,0,1600,,,
2026-06-15T11:13:47.570,0.9516,24.38,1,0.000131,0,0,1600,,,
2026-06-15T11:13:48.068,0.9516,24.38,2,0.000132,0,0,1600,,,
2026-06-15T11:13:48.564,0.9515,24.38,1,0.000132,0,0,1600,,,
2026-06-15T11:13:49.060,0.9515,24.38,1,0.000133,0,0,1600,,,
2026-06-15T11:13:49.571,0.9516,24.38,2,0.000132,0,0,1600,,,
2026-06-15T11:13:50.069,0.9515,24.38,1,0.000133,0,0,1600,,,
2026-06-15T11:13:50.569,0.9515,24.38,2,0.000132,0,0,1600,,,
2026-06-15T11:13:51.071,0.9515,24.38,1,0.000131,0,0,1600,,,
2026-06-15T11:13:51.568,0.9515,24.39,1,0.000131,0,0,1600,,,
2026-06-15T11:13:52.067,0.9515,24.39,2,0.000132,0,0,1600,,,
2026-06-15T11:13:52.562,0.9515,24.39,1,0.000133,0,0,1600,,,
2026-06-15T11:13:53.059,0.9516,24.38,2,0.000132,0,0,1600,,,
2026-06-15T11:13:53.555,0.9515,24.39,1,0.000132,0,0,1600,,,
2026-06-15T11:13:54.066,0.9515,24.39,2,0.000132,0,0,1600,,,
2026-06-15T11:13:54.562,0.9515,24.39,1,0.000133,0,0,1600,,,
2026-06-15T11:13:55.074,0.9515,24.39,1,0.000132,0,0,1600,,,
2026-06-15T11:13:55.570,0.9515,24.38,2,0.000133,0,0,1600,,,
2026-06-15T11:13:56.066,0.9515,24.39,1,0.000132,0,0,1600,,,
2026-06-15T11:13:56.562,0.9515,24.39,2,0.000132,0,0,1600,,,
2026-06-15T11:13:57.057,0.9515,24.39,1,0.000132,0,0,1600,,,
2026-06-15T11:13:57.554,0.9516,24.39,1,0.000132,0,0,1600,,,
2026-06-15T11:13:58.056,0.9516,24.39,2,0.000133,0,0,1600,,,
2026-06-15T11:13:58.552,0.9516,24.39,1,0.000132,0,0,1600,,,
2026-06-15T11:13:59.067,0.9516,24.39,2,0.000131,0,0,1600,,,
2026-06-15T11:13:59.567,0.9516,24.39,1,0.000133,0,0,1600,,,
2026-06-15T11:14:00.064,0.9515,24.39,1,0.000133,0,0,1600,,,
2026-06-15T11:14:00.577,0.9515,24.39,2,0.000132,0,0,1600,,,
2026-06-15T11:14:01.057,0.9515,24.39,1,0.000133,0,0,1600,,,
2026-06-15T11:14:01.571,0.9516,24.39,2,0.000133,0,0,1600,,,
2026-06-15T11:14:02.069,0.9515,24.39,1,0.000132,0,0,1600,,,
2026-06-15T11:14:02.567,0.9515,24.39,2,0.000132,0,0,1600,,,
2026-06-15T11:14:03.062,0.9515,24.39,1,0.000133,0,0,1600,,,
2026-06-15T11:14:03.575,0.9515,24.39,1,0.000132,0,0,1600,,,
2026-06-15T11:14:04.070,0.9516,24.39,2,0.000131,0,0,1600,,,
2026-06-15T11:14:04.568,0.9515,24.39,1,0.000132,0,0,1600,,,
2026-06-15T11:14:05.062,0.9515,24.39,2,0.000133,0,0,1600,,,
2026-06-15T11:14:05.560,0.9515,24.39,1,0.000133,0,0,1600,,,
2026-06-15T11:14:06.060,0.9515,24.39,1,0.000131,0,0,1600,,,
2026-06-15T11:14:06.559,0.9515,24.39,2,0.000133,0,0,1600,,,
2026-06-15T11:14:07.055,0.9516,24.39,1,0.000133,0,0,1600,,,
2026-06-15T11:14:07.567,0.9515,24.39,2,0.000131,0,0,1600,,,
2026-06-15T11:14:08.063,0.9515,24.39,1,0.000132,0,0,1600,,,
2026-06-15T11:14:08.576,0.9515,24.39,2,0.000133,0,0,1600,,,
2026-06-15T11:14:09.061,0.9515,24.4,1,0.000133,0,0,1600,,,
2026-06-15T11:14:09.575,0.9516,24.39,1,0.000132,0,0,1600,,,
2026-06-15T11:14:10.055,0.9515,24.39,2,0.000133,0,0,1600,,,
2026-06-15T11:14:10.553,0.9515,24.39,1,0.000131,0,0,1600,,,
2026-06-15T11:14:11.068,0.9515,24.4,2,0.000131,0,0,1600,,,
2026-06-15T11:14:11.566,0.9515,24.39,1,0.000132,0,0,1600,,,
2026-06-15T11:14:12.062,0.9515,24.4,1,0.000133,0,0,1600,,,
2026-06-15T11:14:12.560,0.9515,24.4,2,0.000133,0,0,1600,,,
2026-06-15T11:14:13.054,0.9515,24.4,1,0.000132,0,0,1600,,,
2026-06-15T11:14:13.566,0.9515,24.4,2,0.000132,0,0,1600,,,
2026-06-15T11:14:14.060,0.9514,24.4,1,0.000132,0,0,1600,,,
2026-06-15T11:14:14.573,0.9515,24.4,2,0.000132,0,0,1600,,,
2026-06-15T11:14:15.069,0.9515,24.4,1,0.000131,0,0,1600,,,
2026-06-15T11:14:15.565,0.9514,24.4,1,0.000132,0,0,1600,,,
2026-06-15T11:14:16.061,0.9515,24.4,2,0.000133,0,0,1600,,,
2026-06-15T11:14:16.560,0.9515,24.4,1,0.000132,0,0,1600,,,
2026-06-15T11:14:17.060,0.9515,24.4,2,0.000132,0,0,1600,,,
2026-06-15T11:14:17.559,0.9515,24.4,1,0.000133,0,0,1600,,,
2026-06-15T11:14:18.075,0.9515,24.4,1,0.000132,0,0,1600,,,
2026-06-15T11:14:18.576,0.9515,24.4,2,0.000131,0,0,1600,,,
2026-06-15T11:14:19.074,0.9515,24.4,1,0.000133,0,0,1600,,,
2026-06-15T11:14:19.573,0.9515,24.4,2,0.000131,0,0,1600,,,
2026-06-15T11:14:20.074,0.9515,24.4,1,0.000133,0,0,1600,,,
2026-06-15T11:14:20.571,0.9515,24.4,1,0.000133,0,0,1600,,,
2026-06-15T11:14:21.068,0.9515,24.4,2,0.000132,0,0,1600,,,
2026-06-15T11:14:21.563,0.9515,24.4,1,0.000132,0,0,1600,,,
2026-06-15T11:14:22.075,0.9515,24.4,2,0.000133,0,0,1600,,,
2026-06-15T11:14:22.571,0.9515,24.4,1,0.000132,0,0,1600,,,
2026-06-15T11:14:23.068,0.9515,24.4,1,0.000132,0,0,1600,,,
2026-06-15T11:14:23.562,0.9515,24.4,2,0.000132,0,0,1600,,,
2026-06-15T11:14:24.075,0.9515,24.4,1,0.000133,0,0,1600,,,
2026-06-15T11:14:24.570,0.9515,24.4,2,0.000132,0,0,1600,,,
2026-06-15T11:14:25.066,0.9515,24.4,1,0.000132,0,0,1600,,,
2026-06-15T11:14:25.561,0.9515,24.4,1,0.000133,0,0,1600,,,
2026-06-15T11:14:26.075,0.9515,24.4,2,0.000131,0,0,1600,,,
2026-06-15T11:14:26.570,0.952,24.4,1,0.000132,0,0,1600,,,
2026-06-15T11:14:27.066,0.9524,24.41,2,0.000133,0,0,1600,,,
2026-06-15T11:14:27.562,0.9524,24.4,1,0.000133,0,0,1600,,,
2026-06-15T11:14:28.061,0.9524,24.4,1,0.000132,0,0,1600,,,
2026-06-15T11:14:28.558,0.9525,24.4,2,0.000133,0,0,1600,,,
2026-06-15T11:14:29.055,0.9525,24.4,1,0.000132,0,0,1600,,,
2026-06-15T11:14:29.555,0.9525,24.4,2,0.000131,0,0,1600,,,
2026-06-15T11:14:30.073,0.9525,24.41,1,0.000132,0,0,1600,,,
2026-06-15T11:14:30.569,0.9525,24.4,1,0.000132,0,0,1600,,,
2026-06-15T11:14:31.065,0.9525,24.41,2,0.000133,0,0,1600,,,
2026-06-15T11:14:31.561,0.9524,24.4,1,0.000132,0,0,1600,,,
2026-06-15T11:14:32.057,0.9525,24.4,1,0.000133,0,0,1600,,,
2026-06-15T11:14:32.558,0.9525,24.41,2,0.000132,0,0,1600,,,
2026-06-15T11:14:33.073,0.9525,24.4,1,0.000132,0,0,1600,,,
2026-06-15T11:14:33.568,0.9525,24.41,2,0.000132,0,0,1600,,,
2026-06-15T11:14:34.066,0.9524,24.41,1,0.000133,0,0,1600,,,
2026-06-15T11:14:34.564,0.9525,24.41,2,0.000133,0,0,1600,,,
2026-06-15T11:14:35.046,0.9524,24.41,1,0.000132,0,0,1600,,,
2026-06-15T11:14:35.560,0.9525,24.4,1,0.000132,0,0,1600,,,
2026-06-15T11:14:36.072,0.9524,24.41,2,0.000132,0,0,1600,,,
2026-06-15T11:14:36.568,0.9524,24.41,1,0.000132,0,0,1600,,,
2026-06-15T11:14:37.063,0.9525,24.41,2,0.000132,0,0,1600,,,
2026-06-15T11:14:37.560,0.9524,24.41,1,0.000132,0,0,1600,,,
2026-06-15T11:14:38.071,0.9524,24.41,1,0.000132,0,0,1600,,,
2026-06-15T11:14:38.567,0.9524,24.41,2,0.000132,0,0,1600,,,
2026-06-15T11:14:39.062,0.9523,24.41,1,0.000133,0,0,1600,,,
2026-06-15T11:14:39.558,0.9524,24.41,2,0.000132,0,0,1600,,,
2026-06-15T11:14:40.071,0.9525,24.41,1,0.000133,0,0,1600,,,
2026-06-15T11:14:40.567,0.9523,24.41,1,0.000134,0,0,1600,,,
2026-06-15T11:14:41.063,0.9524,24.41,2,0.000132,0,0,1600,,,
2026-06-15T11:14:41.559,0.9524,24.41,1,0.000133,0,0,1600,,,
2026-06-15T11:14:42.073,0.9523,24.41,1,0.000132,0,0,1600,,,
2026-06-15T11:14:42.572,0.9524,24.41,2,0.000132,0,0,1600,,,
2026-06-15T11:14:43.071,0.9523,24.41,1,0.000132,0,0,1600,,,
2026-06-15T11:14:43.570,0.9523,24.41,2,0.000133,0,0,1600,,,
2026-06-15T11:14:44.063,0.9522,24.41,1,0.000132,0,0,1600,,,
2026-06-15T11:14:44.561,0.9523,24.41,1,0.000133,0,0,1600,,,
2026-06-15T11:14:45.062,0.9523,24.41,2,0.000133,0,0,1600,,,
2026-06-15T11:14:45.558,0.9523,24.41,1,0.000132,0,0,1600,,,
2026-06-15T11:14:46.069,0.9523,24.41,2,0.000133,0,0,1600,,,
2026-06-15T11:14:46.566,0.9522,24.41,1,0.000132,0,0,1600,,,
2026-06-15T11:14:47.066,0.9522,24.41,1,0.000132,0,0,1600,,,
2026-06-15T11:14:47.564,0.9522,24.41,2,0.000132,0,0,1600,,,
2026-06-15T11:14:48.065,0.9523,24.41,1,0.000132,0,0,1600,,,
2026-06-15T11:14:48.563,0.9523,24.41,2,0.000133,0,0,1600,,,
2026-06-15T11:14:49.061,0.9523,24.41,1,0.000132,0,0,1600,,,
2026-06-15T11:14:49.573,0.9522,24.41,1,0.000133,0,0,1600,,,
2026-06-15T11:14:50.069,0.9523,24.41,2,0.000133,0,0,1600,,,
2026-06-15T11:14:50.569,0.9522,24.41,1,0.000132,0,0,1600,,,
2026-06-15T11:14:51.065,0.9523,24.41,2,0.000134,0,0,1600,,,
2026-06-15T11:14:51.564,0.9521,24.41,1,0.000133,0,0,1600,,,
2026-06-15T11:14:52.063,0.9523,24.41,1,0.000132,0,0,1600,,,
2026-06-15T11:14:52.562,0.9522,24.41,2,0.000133,0,0,1600,,,
2026-06-15T11:14:53.076,0.9522,24.41,1,0.000133,0,0,1600,,,
2026-06-15T11:14:53.556,0.9522,24.41,2,0.000132,0,0,1600,,,
2026-06-15T11:14:54.066,0.9521,24.41,1,0.000133,0,0,1600,,,
2026-06-15T11:14:54.564,0.9521,24.41,1,0.000132,0,0,1600,,,
2026-06-15T11:14:55.059,0.9522,24.41,2,0.000133,0,0,1600,,,
2026-06-15T11:14:55.572,0.9521,24.41,1,0.000134,0,0,1600,,,
2026-06-15T11:14:56.067,0.9522,24.41,2,0.000132,0,0,1600,,,
2026-06-15T11:14:56.563,0.9522,24.41,1,0.000131,0,0,1600,,,
2026-06-15T11:14:57.075,0.9521,24.41,1,0.000132,0,0,1600,,,
2026-06-15T11:14:57.570,0.9521,24.41,2,0.000133,0,0,1600,,,
2026-06-15T11:14:58.067,0.9521,24.41,1,0.000133,0,0,1600,,,
2026-06-15T11:14:58.562,0.9521,24.41,1,0.000132,0,0,1600,,,
2026-06-15T11:14:59.062,0.952,24.41,2,0.000132,0,0,1600,,,
2026-06-15T11:14:59.562,0.9521,24.41,1,0.000133,0,0,1600,,,
2026-06-15T11:15:00.060,0.952,24.41,1,0.000132,0,0,1600,,,
2026-06-15T11:15:00.559,0.9521,24.41,2,0.000133,0,0,1600,,,
2026-06-15T11:15:01.073,0.9521,24.41,1,0.000133,0,0,1600,,,
2026-06-15T11:15:01.557,0.952,24.41,2,0.000132,0,0,1600,,,
2026-06-15T11:15:02.072,0.9521,24.41,1,0.000133,0,0,1600,,,
2026-06-15T11:15:02.571,0.9521,24.41,1,0.000133,0,0,1600,,,
2026-06-15T11:15:03.070,0.9521,24.41,2,0.000133,0,0,1600,,,
2026-06-15T11:15:03.568,0.9521,24.41,1,0.000132,0,0,1600,,,
2026-06-15T11:15:04.065,0.9521,24.41,1,0.000133,0,0,1600,,,
2026-06-15T11:15:04.573,0.9521,24.41,2,0.000133,0,0,1600,,,
2026-06-15T11:15:05.071,0.9521,24.41,1,0.000133,0,0,1600,,,
2026-06-15T11:15:05.568,0.952,24.41,2,0.000132,0,0,1600,,,
2026-06-15T11:15:06.065,0.952,24.41,1,0.000132,0,0,1600,,,
2026-06-15T11:15:06.546,0.952,24.41,1,0.000132,0,0,1600,,,
2026-06-15T11:15:07.076,0.952,24.41,2,0.000132,0,0,1600,,,
2026-06-15T11:15:07.575,0.952,24.41,1,0.000132,0,0,1600,,,
2026-06-15T11:15:08.073,0.952,24.41,2,0.000134,0,0,1600,,,
2026-06-15T11:15:08.571,0.952,24.41,1,0.000132,0,0,1600,,,
2026-06-15T11:15:09.070,0.9519,24.41,1,0.000135,0,0,1600,,,
2026-06-15T11:15:09.567,0.952,24.41,2,0.000133,0,0,1600,,,
2026-06-15T11:15:10.064,0.9519,24.41,1,0.000132,0,0,1600,,,
2026-06-15T11:15:10.575,0.9519,24.41,1,0.000133,0,0,1600,,,
2026-06-15T11:15:11.070,0.952,24.41,2,0.000133,0,0,1600,,,
2026-06-15T11:15:11.572,0.9519,24.41,1,0.000133,0,0,1600,,,
2026-06-15T11:15:12.056,0.952,24.41,1,0.000132,0,0,1600,,,
2026-06-15T11:15:12.569,0.952,24.41,2,0.000133,0,0,1600,,,
2026-06-15T11:15:13.068,0.952,24.41,1,0.000133,0,0,1600,,,
2026-06-15T11:15:13.566,0.9519,24.41,2,0.000133,0,0,1600,,,
2026-06-15T11:15:14.061,0.9519,24.41,1,0.000133,0,0,1600,,,
2026-06-15T11:15:14.572,0.9519,24.41,1,0.000133,0,0,1600,,,
2026-06-15T11:15:15.069,0.9518,24.41,2,0.000132,0,0,1600,,,
2026-06-15T11:15:15.566,0.952,24.41,1,0.000132,0,0,1600,,,
2026-06-15T11:15:16.075,0.9519,24.41,1,0.000132,0,0,1600,,,
2026-06-15T11:15:16.574,0.9519,24.41,2,0.000133,0,0,1600,,,
2026-06-15T11:15:17.071,0.9519,24.41,1,0.000132,0,0,1600,,,
2026-06-15T11:15:17.555,0.9519,24.42,1,0.000133,0,0,1600,,,
2026-06-15T11:15:18.070,0.9519,24.41,2,0.000133,0,0,1600,,,
2026-06-15T11:15:18.569,0.9519,24.41,1,0.000133,0,0,1600,,,
2026-06-15T11:15:19.067,0.9519,24.41,2,0.000132,0,0,1600,,,
2026-06-15T11:15:19.565,0.9518,24.41,1,0.000132,0,0,1600,,,
2026-06-15T11:15:20.061,0.9518,24.41,1,0.000133,0,0,1600,,,
2026-06-15T11:15:20.573,0.9519,24.41,2,0.000133,0,0,1600,,,
2026-06-15T11:15:21.071,0.9519,24.41,1,0.000132,0,0,1600,,,
2026-06-15T11:15:21.565,0.9519,24.41,1,0.000133,0,0,1600,,,
2026-06-15T11:15:22.061,0.9519,24.41,1,0.000132,0,0,1600,,,
2026-06-15T11:15:22.573,0.9518,24.41,2,0.000133,0,0,1600,,,
2026-06-15T11:15:23.068,0.9519,24.41,1,0.000133,0,0,1600,,,
2026-06-15T11:15:23.564,0.9519,24.41,1,0.000133,0,0,1600,,,
2026-06-15T11:15:24.059,0.9519,24.41,2,0.000132,0,0,1600,,,
2026-06-15T11:15:24.571,0.9519,24.41,1,0.000133,0,0,1600,,,
2026-06-15T11:15:25.067,0.9519,24.41,1,0.000132,0,0,1600,,,
2026-06-15T11:15:25.563,0.9519,24.41,2,0.000134,0,0,1600,,,
2026-06-15T11:15:26.075,0.9518,24.41,1,0.000133,0,0,1600,,,
2026-06-15T11:15:26.571,0.9518,24.41,1,0.000132,0,0,1600,,,
2026-06-15T11:15:27.069,0.9518,24.41,2,0.000132,0,0,1600,,,
2026-06-15T11:15:27.568,0.9518,24.41,1,0.000132,0,0,1600,,,
2026-06-15T11:15:28.068,0.9518,24.41,2,0.000132,0,0,1600,,,
2026-06-15T11:15:28.565,0.9519,24.41,1,0.000133,0,0,1600,,,
2026-06-15T11:15:29.063,0.9518,24.41,1,0.000133,0,0,1600,,,
2026-06-15T11:15:29.562,0.9518,24.41,2,0.000132,0,0,1600,,,
2026-06-15T11:15:30.060,0.9519,24.41,1,0.000133,0,0,1600,,,
2026-06-15T11:15:30.557,0.9518,24.41,2,0.000134,0,0,1600,,,
2026-06-15T11:15:31.074,0.9519,24.41,1,0.000131,0,0,1600,,,
2026-06-15T11:15:31.571,0.9518,24.42,1,0.000133,0,0,1600,,,
2026-06-15T11:15:32.073,0.9518,24.41,2,0.000133,0,0,1600,,,
2026-06-15T11:15:32.570,0.9517,24.42,1,0.000132,0,0,1600,,,
2026-06-15T11:15:33.068,0.9518,24.42,1,0.000132,0,0,1600,,,
2026-06-15T11:15:33.565,0.9518,24.41,2,0.000133,0,0,1600,,,
2026-06-15T11:15:34.066,0.9519,24.42,1,0.000133,0,0,1600,,,
2026-06-15T11:15:34.547,0.9518,24.42,2,0.000133,0,0,1600,,,
2026-06-15T11:15:35.072,0.9518,24.41,1,0.000132,0,0,1600,,,
2026-06-15T11:15:35.555,0.9518,24.42,2,0.000133,0,0,1600,,,
2026-06-15T11:15:36.069,0.9517,24.42,1,0.000133,0,0,1600,,,
2026-06-15T11:15:36.567,0.9517,24.41,1,0.000132,0,0,1600,,,
2026-06-15T11:15:37.065,0.9517,24.41,2,0.000132,0,0,1600,,,
2026-06-15T11:15:37.560,0.9517,24.41,1,0.000132,0,0,1600,,,
2026-06-15T11:15:38.056,0.9518,24.42,1,0.000132,0,0,1600,,,
2026-06-15T11:15:38.560,0.9517,24.42,2,0.000134,0,0,1600,,,
2026-06-15T11:15:39.058,0.9518,24.42,1,0.000132,0,0,1600,,,
2026-06-15T11:15:39.567,0.9517,24.42,2,0.000133,0,0,1600,,,
2026-06-15T11:15:40.073,0.9517,24.42,1,0.000133,0,0,1600,,,
2026-06-15T11:15:40.568,0.9517,24.42,1,0.000132,0,0,1600,,,
2026-06-15T11:15:41.063,0.9517,24.42,2,0.000133,0,0,1600,,,
2026-06-15T11:15:41.559,0.9517,24.42,1,0.000132,0,0,1600,,,
2026-06-15T11:15:42.055,0.9518,24.42,1,0.000133,0,0,1600,,,
2026-06-15T11:15:42.553,0.9517,24.42,2,0.000133,0,0,1600,,,
2026-06-15T11:15:43.069,0.9517,24.41,1,0.000133,0,0,1600,,,
2026-06-15T11:15:43.568,0.9518,24.42,1,0.000133,0,0,1600,,,
2026-06-15T11:15:44.066,0.9517,24.42,2,0.000133,0,0,1600,,,
2026-06-15T11:15:44.548,0.9517,24.42,1,0.000133,0,0,1600,,,
2026-06-15T11:15:45.060,0.9517,24.42,2,0.000133,0,0,1600,,,
2026-06-15T11:15:45.573,0.9517,24.42,1,0.000133,0,0,1600,,,
2026-06-15T11:15:46.070,0.9518,24.42,1,0.000133,0,0,1600,,,
2026-06-15T11:15:46.566,0.9517,24.42,2,0.000133,0,0,1600,,,
2026-06-15T11:15:47.062,0.9517,24.42,1,0.000133,0,0,1600,,,
2026-06-15T11:15:47.574,0.9517,24.42,1,0.000134,0,0,1600,,,
2026-06-15T11:15:48.054,0.9516,24.42,2,0.000133,0,0,1600,,,
2026-06-15T11:15:48.548,0.9516,24.42,1,0.000134,0,0,1600,,,
2026-06-15T11:15:49.062,0.9517,24.41,1,0.000133,0,0,1600,,,
2026-06-15T11:15:49.558,0.9517,24.42,2,0.000133,0,0,1600,,,
2026-06-15T11:15:50.070,0.9517,24.42,1,0.000132,0,0,1600,,,
2026-06-15T11:15:50.565,0.9517,24.42,1,0.000133,0,0,1600,,,
2026-06-15T11:15:51.064,0.9516,24.42,2,0.000133,0,0,1600,,,
2026-06-15T11:15:51.575,0.9516,24.42,1,0.000132,0,0,1600,,,
2026-06-15T11:15:52.076,0.9517,24.42,1,0.000133,0,0,1600,,,
2026-06-15T11:15:52.559,0.9516,24.42,2,0.000133,0,0,1600,,,
2026-06-15T11:15:53.059,0.9517,24.42,1,0.000133,0,0,1600,,,
2026-06-15T11:15:53.572,0.9516,24.42,2,0.000133,0,0,1600,,,
2026-06-15T11:15:54.069,0.9517,24.42,1,0.000134,1,1,1600,2026-06-15T11:15:53.877573,1600,1
2026-06-15T11:15:54.566,0.9515,24.42,1,0.000133,0,1,1600,,,
2026-06-15T11:15:55.064,0.9515,24.42,2,0.000134,0,1,1600,,,
2026-06-15T11:15:55.558,0.9514,24.42,1,0.000133,0,1,1600,,,
2026-06-15T11:15:56.052,0.9514,24.42,1,0.000134,0,1,1600,,,
2026-06-15T11:15:56.564,0.9515,24.42,1,0.000132,0,1,1600,,,
2026-06-15T11:15:57.063,0.9514,24.42,2,0.000133,0,1,1600,,,
2026-06-15T11:15:57.559,0.9514,24.42,1,0.000134,0,1,1600,,,
2026-06-15T11:15:58.057,0.9514,24.42,2,0.000134,0,1,1600,,,
2026-06-15T11:15:58.573,0.9515,24.42,1,0.000133,0,1,1600,,,
2026-06-15T11:15:59.070,0.9514,24.42,1,0.000134,0,1,1600,,,
2026-06-15T11:15:59.571,0.9514,24.42,2,0.000132,0,1,1600,,,
2026-06-15T11:16:00.067,0.9514,24.42,1,0.000133,0,1,1600,,,
2026-06-15T11:16:00.563,0.9514,24.42,2,0.000132,0,1,1600,,,
2026-06-15T11:16:01.059,0.9514,24.42,1,0.000133,0,1,1600,,,
2026-06-15T11:16:01.574,0.9514,24.42,1,0.000134,0,1,1600,,,
2026-06-15T11:16:02.072,0.9514,24.42,2,0.000132,0,1,1600,,,
2026-06-15T11:16:02.572,0.9514,24.42,1,0.000133,0,1,1600,,,
2026-06-15T11:16:03.069,0.9514,24.42,1,0.000133,0,1,1600,,,
2026-06-15T11:16:03.569,0.9515,24.42,2,0.000133,0,1,1600,,,
2026-06-15T11:16:04.066,0.9514,24.42,1,0.000133,0,1,1600,,,
2026-06-15T11:16:04.562,0.9514,24.42,1,0.000134,0,1,1600,,,
2026-06-15T11:16:05.074,0.9515,24.42,2,0.000133,0,1,1600,,,
2026-06-15T11:16:05.568,0.9514,24.42,1,0.000132,0,1,1600,,,
2026-06-15T11:16:06.063,0.9514,24.42,1,0.000133,0,1,1600,,,
2026-06-15T11:16:06.561,0.9514,24.42,2,0.000133,0,1,1600,,,
2026-06-15T11:16:07.073,0.9514,24.42,1,0.000132,0,1,1600,,,
2026-06-15T11:16:07.569,0.9515,24.42,1,0.000132,0,1,1600,,,
2026-06-15T11:16:08.065,0.9514,24.42,2,0.000132,0,1,1600,,,
2026-06-15T11:16:08.561,0.9514,24.42,1,0.000133,0,1,1600,,,
2026-06-15T11:16:09.057,0.9513,24.42,1,0.000134,0,1,1600,,,
2026-06-15T11:16:09.572,0.9513,24.42,2,0.000133,0,1,1600,,,
2026-06-15T11:16:10.070,0.9514,24.42,1,0.000132,0,1,1600,,,
2026-06-15T11:16:10.567,0.9515,24.42,2,0.000133,0,1,1600,,,
2026-06-15T11:16:11.064,0.9514,24.42,1,0.000133,0,1,1600,,,
2026-06-15T11:16:11.561,0.9514,24.42,1,0.000133,0,1,1600,,,
2026-06-15T11:16:12.076,0.9514,24.42,2,0.000133,0,1,1600,,,
2026-06-15T11:16:12.573,0.9514,24.42,1,0.000133,0,1,1600,,,
2026-06-15T11:16:13.071,0.9514,24.42,2,0.000134,0,1,1600,,,
2026-06-15T11:16:13.567,0.9514,24.42,1,0.000134,0,1,1600,,,
2026-06-15T11:16:14.063,0.9514,24.42,1,0.000133,0,1,1600,,,
2026-06-15T11:16:14.573,0.9514,24.42,2,0.000133,0,1,1600,,,
2026-06-15T11:16:15.069,0.9514,24.42,1,0.000133,0,1,1600,,,
2026-06-15T11:16:15.564,0.9513,24.42,1,0.000133,0,1,1600,,,
2026-06-15T11:16:16.071,0.9514,24.42,2,0.000132,0,1,1600,,,
2026-06-15T11:16:16.570,0.9514,24.42,1,0.000133,0,1,1600,,,
2026-06-15T11:16:17.073,0.9514,24.42,2,0.000132,0,1,1600,,,
2026-06-15T11:16:17.573,0.9513,24.42,1,0.000133,0,1,1600,,,
2026-06-15T11:16:18.069,0.9513,24.42,2,0.000133,0,1,1600,,,
2026-06-15T11:16:18.567,0.9514,24.42,1,0.000134,0,1,1600,,,
2026-06-15T11:16:19.064,0.9513,24.42,1,0.000133,0,1,1600,,,
2026-06-15T11:16:19.564,0.9514,24.42,2,0.000133,0,1,1600,,,
2026-06-15T11:16:20.077,0.9514,24.42,1,0.000134,0,1,1600,,,
2026-06-15T11:16:20.574,0.9514,24.42,2,0.000132,0,1,1600,,,
2026-06-15T11:16:21.072,0.9514,24.42,1,0.000133,0,1,1600,,,
2026-06-15T11:16:21.568,0.9514,24.42,1,0.000133,0,1,1600,,,
2026-06-15T11:16:22.065,0.9514,24.42,2,0.000134,0,1,1600,,,
2026-06-15T11:16:22.565,0.9513,24.42,1,0.000133,0,1,1600,,,
2026-06-15T11:16:23.063,0.9514,24.42,2,0.000132,0,1,1600,,,
2026-06-15T11:16:23.562,0.9513,24.42,1,0.000133,0,1,1600,,,
2026-06-15T11:16:24.074,0.9513,24.42,1,0.000132,0,1,1600,,,
2026-06-15T11:16:24.575,0.9514,24.42,2,0.000133,0,1,1600,,,
2026-06-15T11:16:25.070,0.9514,24.42,1,0.000133,0,1,1600,,,
2026-06-15T11:16:25.570,0.9513,24.42,2,0.000132,0,1,1600,,,
2026-06-15T11:16:26.068,0.9513,24.42,1,0.000133,0,1,1600,,,
2026-06-15T11:16:26.566,0.9513,24.42,1,0.000133,0,1,1600,,,
2026-06-15T11:16:27.076,0.9514,24.42,2,0.000133,0,1,1600,,,
2026-06-15T11:16:27.576,0.9513,24.42,1,0.000133,0,1,1600,,,
2026-06-15T11:16:28.073,0.9514,24.42,2,0.000133,0,1,1600,,,
2026-06-15T11:16:28.573,0.9513,24.42,1,0.000133,0,1,1600,,,
2026-06-15T11:16:29.073,0.9513,24.42,2,0.000133,0,1,1600,,,
2026-06-15T11:16:29.571,0.9513,24.42,1,0.000133,0,1,1600,,,
2026-06-15T11:16:30.070,0.9513,24.42,1,0.000132,0,1,1600,,,
2026-06-15T11:16:30.567,0.9514,24.42,2,0.000133,0,1,1600,,,
2026-06-15T11:16:31.069,0.9513,24.42,1,0.000132,0,1,1600,,,
2026-06-15T11:16:31.567,0.9513,24.42,1,0.000132,0,1,1600,,,
2026-06-15T11:16:32.067,0.9514,24.42,2,0.000132,0,1,1600,,,
2026-06-15T11:16:32.565,0.9514,24.42,1,0.000134,0,1,1600,,,
2026-06-15T11:16:33.068,0.9513,24.42,2,0.000133,0,1,1600,,,
2026-06-15T11:16:33.570,0.9514,24.42,1,0.000132,0,1,1600,,,
2026-06-15T11:16:34.066,0.9514,24.42,1,0.000134,0,1,1600,,,
2026-06-15T11:16:34.561,0.9514,24.42,2,0.000133,0,1,1600,,,
2026-06-15T11:16:35.074,0.9514,24.42,1,0.000133,0,1,1600,,,
2026-06-15T11:16:35.573,0.9513,24.42,2,0.000134,0,1,1600,,,
2026-06-15T11:16:36.077,0.9513,24.42,1,0.000133,0,1,1600,,,
2026-06-15T11:16:36.561,0.9513,24.42,1,0.000133,0,1,1600,,,
2026-06-15T11:16:37.063,0.9513,24.42,2,0.000134,0,1,1600,,,
2026-06-15T11:16:37.565,0.9513,24.42,1,0.000133,0,1,1600,,,
2026-06-15T11:16:38.064,0.9513,24.42,2,0.000133,0,1,1600,,,
2026-06-15T11:16:38.565,0.9513,24.42,1,0.000133,0,1,1600,,,
2026-06-15T11:16:39.067,0.9513,24.42,1,0.000132,0,1,1600,,,
2026-06-15T11:16:39.567,0.9514,24.42,2,0.000134,0,1,1600,,,
2026-06-15T11:16:40.068,0.9514,24.42,1,0.000133,0,1,1600,,,
2026-06-15T11:16:40.569,0.9513,24.42,2,0.000133,0,1,1600,,,
2026-06-15T11:16:41.066,0.9513,24.42,1,0.000133,0,1,1600,,,
2026-06-15T11:16:41.568,0.9513,24.42,1,0.000132,0,1,1600,,,
2026-06-15T11:16:42.064,0.9513,24.42,2,0.000134,0,1,1600,,,
2026-06-15T11:16:42.564,0.9514,24.42,1,0.000134,0,1,1600,,,
2026-06-15T11:16:43.064,0.9513,24.42,2,0.000133,0,1,1600,,,
2026-06-15T11:16:43.565,0.9514,24.42,1,0.000133,0,1,1600,,,
2026-06-15T11:16:44.067,0.9512,24.42,1,0.000133,0,1,1600,,,
2026-06-15T11:16:44.569,0.9513,24.42,2,0.000134,0,1,1600,,,
2026-06-15T11:16:45.066,0.9513,24.42,1,0.000133,0,1,1600,,,
2026-06-15T11:16:45.566,0.9513,24.42,2,0.000133,0,1,1600,,,
2026-06-15T11:16:46.062,0.9513,24.42,1,0.000133,0,1,1600,,,
2026-06-15T11:16:46.577,0.9513,24.42,2,0.000132,0,1,1600,,,
2026-06-15T11:16:47.076,0.9513,24.42,1,0.000133,0,1,1600,,,
2026-06-15T11:16:47.563,0.9513,24.42,1,0.000133,0,1,1600,,,
2026-06-15T11:16:48.061,0.9513,24.42,2,0.000133,0,1,1600,,,
2026-06-15T11:16:48.577,0.9512,24.42,1,0.000132,0,1,1600,,,
2026-06-15T11:16:49.061,0.9513,24.42,1,0.000134,0,1,1600,,,
2026-06-15T11:16:49.575,0.9513,24.42,2,0.000133,0,1,1600,,,
2026-06-15T11:16:50.076,0.9512,24.42,1,0.000132,0,1,1600,,,
2026-06-15T11:16:50.573,0.9514,24.42,2,0.000132,0,1,1600,,,
2026-06-15T11:16:51.075,0.9513,24.42,1,0.000133,0,1,1600,,,
2026-06-15T11:16:51.577,0.9512,24.42,1,0.000132,0,1,1600,,,
2026-06-15T11:16:52.061,0.9512,24.43,2,0.000133,0,1,1600,,,
2026-06-15T11:16:52.561,0.9512,24.42,1,0.000132,0,1,1600,,,
2026-06-15T11:16:53.073,0.9513,24.42,2,0.000132,0,1,1600,,,
2026-06-15T11:16:53.562,0.9512,24.42,1,0.000132,0,1,1600,,,
2026-06-15T11:16:54.062,0.9512,24.42,1,0.000133,0,1,1600,,,
2026-06-15T11:16:54.577,0.9512,24.42,2,0.000133,0,1,1600,,,
2026-06-15T11:16:55.077,0.9512,24.42,1,0.000133,0,1,1600,,,
2026-06-15T11:16:55.562,0.9513,24.42,2,0.000133,0,1,1600,,,
2026-06-15T11:16:56.076,0.9512,24.42,1,0.000134,0,1,1600,,,
2026-06-15T11:16:56.561,0.9512,24.42,1,0.000134,0,1,1600,,,
2026-06-15T11:16:57.076,0.9513,24.42,2,0.000133,0,1,1600,,,
2026-06-15T11:16:57.561,0.9512,24.42,1,0.000134,0,1,1600,,,
2026-06-15T11:16:58.077,0.9512,24.42,2,0.000133,0,1,1600,,,
2026-06-15T11:16:58.563,0.9512,24.42,1,0.000132,0,1,1600,,,
2026-06-15T11:16:59.067,0.9512,24.42,1,0.000134,0,1,1600,,,
2026-06-15T11:16:59.566,0.9513,24.42,2,0.000134,0,1,1600,,,
2026-06-15T11:17:00.064,0.9513,24.42,1,0.000133,0,1,1600,,,
2026-06-15T11:17:00.564,0.9513,24.42,2,0.000132,0,1,1600,,,
2026-06-15T11:17:01.063,0.9513,24.42,1,0.000133,0,1,1600,,,
2026-06-15T11:17:01.575,0.9513,24.42,1,0.000133,0,1,1600,,,
2026-06-15T11:17:02.068,0.9512,24.42,2,0.000133,0,1,1600,,,
2026-06-15T11:17:02.566,0.9512,24.42,1,0.000133,0,1,1600,,,
2026-06-15T11:17:03.064,0.9512,24.42,2,0.000132,0,1,1600,,,
2026-06-15T11:17:03.576,0.9513,24.42,1,0.000133,0,1,1600,,,
2026-06-15T11:17:04.074,0.9513,24.42,2,0.000133,0,1,1600,,,
2026-06-15T11:17:04.572,0.9513,24.42,1,0.000133,0,1,1600,,,
2026-06-15T11:17:05.068,0.9512,24.42,1,0.000133,0,1,1600,,,
2026-06-15T11:17:05.569,0.9511,24.42,2,0.000132,0,1,1600,,,
2026-06-15T11:17:06.067,0.9512,24.42,1,0.000133,0,1,1600,,,
2026-06-15T11:17:06.565,0.9513,24.42,1,0.000132,0,1,1600,,,
2026-06-15T11:17:07.066,0.9512,24.42,2,0.000133,0,1,1600,,,
2026-06-15T11:17:07.563,0.9512,24.42,1,0.000133,0,1,1600,,,
2026-06-15T11:17:08.076,0.9512,24.42,2,0.000133,0,1,1600,,,
2026-06-15T11:17:08.570,0.9512,24.42,1,0.000132,0,1,1600,,,
2026-06-15T11:17:09.068,0.9513,24.42,2,0.000134,0,1,1600,,,
2026-06-15T11:17:09.566,0.9512,24.42,1,0.000133,0,1,1600,,,
2026-06-15T11:17:10.066,0.9512,24.42,1,0.000134,0,1,1600,,,
2026-06-15T11:17:10.565,0.9512,24.42,2,0.000134,0,1,1600,,,
2026-06-15T11:17:11.066,0.9513,24.42,1,0.000133,0,1,1600,,,
2026-06-15T11:17:11.567,0.9512,24.42,2,0.000132,0,1,1600,,,
2026-06-15T11:17:12.067,0.9512,24.42,1,0.000133,0,1,1600,,,
2026-06-15T11:17:12.570,0.951,24.42,1,0.000133,0,1,1600,,,
2026-06-15T11:17:13.072,0.9512,24.42,2,0.000133,0,1,1600,,,
2026-06-15T11:17:13.572,0.9511,24.42,1,0.000132,0,1,1600,,,
2026-06-15T11:17:14.072,0.9512,24.42,2,0.000134,0,1,1600,,,
2026-06-15T11:17:14.571,0.9513,24.42,1,0.000134,0,1,1600,,,
2026-06-15T11:17:15.070,0.9512,24.42,1,0.000132,0,1,1600,,,
2026-06-15T11:17:15.572,0.9511,24.42,2,0.000132,0,1,1600,,,
2026-06-15T11:17:16.075,0.9512,24.42,1,0.000133,0,1,1600,,,
2026-06-15T11:17:16.577,0.9513,24.42,2,0.000133,0,1,1600,,,
2026-06-15T11:17:17.076,0.9512,24.42,1,0.000133,0,1,1600,,,
2026-06-15T11:17:17.565,0.9512,24.42,1,0.000133,0,1,1600,,,
2026-06-15T11:17:18.066,0.9512,24.42,2,0.000133,0,1,1600,,,
2026-06-15T11:17:18.571,0.9512,24.42,1,0.000132,0,1,1600,,,
2026-06-15T11:17:19.072,0.9512,24.42,2,0.000133,0,1,1600,,,
2026-06-15T11:17:19.573,0.9512,24.42,1,0.000132,0,1,1600,,,
2026-06-15T11:17:20.072,0.9512,24.42,1,0.000132,0,1,1600,,,
2026-06-15T11:17:20.569,0.9512,24.42,2,0.000134,0,1,1600,,,
2026-06-15T11:17:21.072,0.9513,24.42,1,0.000133,0,1,1600,,,
2026-06-15T11:17:21.572,0.9512,24.41,2,0.000133,0,1,1600,,,
2026-06-15T11:17:22.073,0.9512,24.42,1,0.000133,0,1,1600,,,
2026-06-15T11:17:22.572,0.9512,24.42,1,0.000134,0,1,1600,,,
2026-06-15T11:17:23.069,0.9512,24.42,2,0.000133,0,1,1600,,,
2026-06-15T11:17:23.567,0.9512,24.42,1,0.000134,0,1,1600,,,
2026-06-15T11:17:24.068,0.9512,24.42,2,0.000134,0,1,1600,,,
2026-06-15T11:17:24.566,0.9512,24.42,1,0.000133,0,1,1600,,,
2026-06-15T11:17:25.065,0.9512,24.42,1,0.000133,0,1,1600,,,
2026-06-15T11:17:25.564,0.9512,24.42,2,0.000133,0,1,1600,,,
2026-06-15T11:17:26.062,0.9513,24.42,1,0.000133,0,1,1600,,,
2026-06-15T11:17:26.565,0.9512,24.41,2,0.000133,0,1,1600,,,
2026-06-15T11:17:27.066,0.9512,24.41,1,0.000134,0,1,1600,,,
2026-06-15T11:17:27.568,0.9512,24.41,1,0.000134,0,1,1600,,,
2026-06-15T11:17:28.068,0.9512,24.42,2,0.000134,0,1,1600,,,
2026-06-15T11:17:28.572,0.9512,24.42,1,0.000133,0,1,1600,,,
2026-06-15T11:17:29.074,0.9512,24.42,1,0.000133,0,1,1600,,,
2026-06-15T11:17:29.574,0.9512,24.41,2,0.000134,0,1,1600,,,
2026-06-15T11:17:30.062,0.9512,24.42,1,0.000133,0,1,1600,,,
2026-06-15T11:17:30.565,0.9513,24.42,2,0.000133,0,1,1600,,,
2026-06-15T11:17:31.065,0.9513,24.42,1,0.000133,0,1,1600,,,
2026-06-15T11:17:31.563,0.9512,24.42,1,0.000133,0,1,1600,,,
2026-06-15T11:17:32.066,0.9512,24.41,2,0.000134,0,1,1600,,,
2026-06-15T11:17:32.563,0.9512,24.41,1,0.000132,0,1,1600,,,
2026-06-15T11:17:33.065,0.9513,24.41,2,0.000133,0,1,1600,,,
2026-06-15T11:17:33.563,0.9512,24.41,1,0.000133,0,1,1600,,,
2026-06-15T11:17:34.075,0.9513,24.42,1,0.000134,0,1,1600,,,
2026-06-15T11:17:34.573,0.9512,24.41,2,0.000134,0,1,1600,,,
2026-06-15T11:17:35.072,0.9512,24.42,1,0.000133,0,1,1600,,,
2026-06-15T11:17:35.571,0.9513,24.41,2,0.000132,0,1,1600,,,
2026-06-15T11:17:36.070,0.9512,24.42,1,0.000134,0,1,1600,,,
2026-06-15T11:17:36.573,0.9512,24.42,1,0.000133,0,1,1600,,,
2026-06-15T11:17:37.076,0.9512,24.42,2,0.000134,0,1,1600,,,
2026-06-15T11:17:37.576,0.9512,24.41,1,0.000133,0,1,1600,,,
2026-06-15T11:17:38.075,0.9513,24.42,2,0.000133,0,1,1600,,,
2026-06-15T11:17:38.574,0.9513,24.42,1,0.000134,0,1,1600,,,
2026-06-15T11:17:39.070,0.9513,24.42,1,0.000132,0,1,1600,,,
2026-06-15T11:17:39.571,0.9512,24.42,2,0.000133,0,1,1600,,,
2026-06-15T11:17:40.061,0.9512,24.42,1,0.000132,0,1,1600,,,
2026-06-15T11:17:40.562,0.9511,24.42,2,0.000134,0,1,1600,,,
2026-06-15T11:17:41.064,0.9512,24.42,1,0.000133,0,1,1600,,,
2026-06-15T11:17:41.563,0.9512,24.42,1,0.000133,0,1,1600,,,
2026-06-15T11:17:42.062,0.9511,24.42,2,0.000134,0,1,1600,,,
2026-06-15T11:17:42.562,0.9512,24.42,1,0.000133,0,1,1600,,,
2026-06-15T11:17:43.061,0.9513,24.42,2,0.000132,0,1,1600,,,
2026-06-15T11:17:43.575,0.9512,24.42,1,0.000134,0,1,1600,,,
2026-06-15T11:17:44.075,0.9513,24.42,1,0.000132,0,1,1600,,,
2026-06-15T11:17:44.573,0.9512,24.42,2,0.000133,0,1,1600,,,
2026-06-15T11:17:45.073,0.9511,24.42,1,0.000133,0,1,1600,,,
2026-06-15T11:17:45.573,0.9512,24.42,2,0.000132,0,1,1600,,,
2026-06-15T11:17:46.074,0.9512,24.42,1,0.000134,0,1,1600,,,
2026-06-15T11:17:46.572,0.9512,24.41,2,0.000134,0,1,1600,,,
2026-06-15T11:17:47.074,0.9512,24.41,1,0.000133,0,1,1600,,,
2026-06-15T11:17:47.576,0.9512,24.42,1,0.000134,0,1,1600,,,
2026-06-15T11:17:48.062,0.9512,24.41,2,0.000133,0,1,1600,,,
2026-06-15T11:17:48.563,0.9512,24.41,1,0.000133,0,1,1600,,,
2026-06-15T11:17:49.066,0.9512,24.42,2,0.000134,0,1,1600,,,
2026-06-15T11:17:49.566,0.9513,24.42,1,0.000132,0,1,1600,,,
2026-06-15T11:17:50.065,0.9512,24.42,1,0.000134,0,1,1600,,,
2026-06-15T11:17:50.563,0.9512,24.41,2,0.000133,0,1,1600,,,
2026-06-15T11:17:51.063,0.9512,24.42,1,0.000133,0,1,1600,,,
2026-06-15T11:17:51.566,0.9512,24.41,2,0.000134,0,1,1600,,,
2026-06-15T11:17:52.073,0.9512,24.42,1,0.000132,0,1,1600,,,
2026-06-15T11:17:52.572,0.9512,24.41,1,0.000133,0,1,1600,,,
2026-06-15T11:17:53.074,0.9512,24.41,2,0.000133,0,1,1600,,,
2026-06-15T11:17:53.564,0.9512,24.41,1,0.000133,0,1,1600,,,
2026-06-15T11:17:54.064,0.9513,24.41,2,0.000132,0,1,1600,,,
2026-06-15T11:17:54.564,0.9513,24.41,1,0.000133,0,1,1600,,,
2026-06-15T11:17:55.069,0.9512,24.42,1,0.000133,0,1,1600,,,
2026-06-15T11:17:55.571,0.9512,24.41,2,0.000133,0,1,1600,,,
2026-06-15T11:17:56.073,0.9513,24.41,1,0.000134,0,1,1600,,,
2026-06-15T11:17:56.563,0.9513,24.41,2,0.000133,0,1,1600,,,
2026-06-15T11:17:57.076,0.9512,24.41,1,0.000134,0,1,1600,,,
2026-06-15T11:17:57.561,0.9512,24.41,1,0.000133,0,1,1600,,,
2026-06-15T11:17:58.063,0.9513,24.41,2,0.000134,0,1,1600,,,
2026-06-15T11:17:58.565,0.9512,24.41,1,0.000133,0,1,1600,,,
2026-06-15T11:17:59.069,0.9513,24.41,2,0.000134,0,1,1600,,,
2026-06-15T11:17:59.573,0.9513,24.41,1,0.000133,0,1,1600,,,
2026-06-15T11:18:00.073,0.9512,24.42,1,0.000133,0,1,1600,,,
2026-06-15T11:18:00.572,0.9513,24.41,2,0.000133,0,1,1600,,,
2026-06-15T11:18:01.072,0.9513,24.42,1,0.000133,0,1,1600,,,
2026-06-15T11:18:01.568,0.9512,24.41,2,0.000133,0,1,1600,,,
2026-06-15T11:18:02.070,0.9513,24.42,1,0.000133,0,1,1600,,,
2026-06-15T11:18:02.571,0.9512,24.41,1,0.000132,0,1,1600,,,
2026-06-15T11:18:03.076,0.9512,24.41,2,0.000135,0,1,1600,,,
2026-06-15T11:18:03.575,0.9513,24.41,1,0.000134,0,1,1600,,,
2026-06-15T11:18:04.075,0.9512,24.41,2,0.000134,0,1,1600,,,
2026-06-15T11:18:04.562,0.9512,24.41,1,0.000134,0,1,1600,,,
2026-06-15T11:18:05.075,0.9513,24.41,2,0.000134,0,1,1600,,,
2026-06-15T11:18:05.572,0.9512,24.41,1,0.000132,0,1,1600,,,
2026-06-15T11:18:06.071,0.9512,24.41,1,0.000133,0,1,1600,,,
2026-06-15T11:18:06.569,0.9511,24.41,2,0.000133,0,1,1600,,,
2026-06-15T11:18:07.069,0.9513,24.41,1,0.000133,0,1,1600,,,
2026-06-15T11:18:07.568,0.9512,24.41,2,0.000133,0,1,1600,,,
2026-06-15T11:18:08.070,0.9512,24.41,1,0.000133,0,1,1600,,,
2026-06-15T11:18:08.570,0.9513,24.41,1,0.000133,0,1,1600,,,
2026-06-15T11:18:09.068,0.9513,24.41,2,0.000133,0,1,1600,,,
2026-06-15T11:18:09.566,0.9512,24.41,1,0.000134,0,1,1600,,,
2026-06-15T11:18:10.065,0.9512,24.41,2,0.000133,0,1,1600,,,
2026-06-15T11:18:10.567,0.9512,24.41,1,0.000133,0,1,1600,,,
2026-06-15T11:18:11.066,0.9512,24.41,1,0.000133,0,1,1600,,,
2026-06-15T11:18:11.570,0.9512,24.41,2,0.000133,0,1,1600,,,
2026-06-15T11:18:12.067,0.9512,24.41,1,0.000135,0,1,1600,,,
2026-06-15T11:18:12.565,0.9512,24.41,2,0.000133,0,1,1600,,,
2026-06-15T11:18:13.067,0.9513,24.41,1,0.000134,0,1,1600,,,
2026-06-15T11:18:13.570,0.9512,24.41,1,0.000132,0,1,1600,,,
2026-06-15T11:18:14.068,0.9513,24.41,2,0.000133,0,1,1600,,,
2026-06-15T11:18:14.570,0.9513,24.41,1,0.000133,0,1,1600,,,
2026-06-15T11:18:15.073,0.9513,24.41,2,0.000133,0,1,1600,,,
2026-06-15T11:18:15.572,0.9513,24.41,1,0.000133,0,1,1600,,,
2026-06-15T11:18:16.071,0.9513,24.41,1,0.000133,0,1,1600,,,
2026-06-15T11:18:16.572,0.9513,24.41,2,0.000133,0,1,1600,,,
2026-06-15T11:18:17.072,0.9513,24.41,1,0.000133,0,1,1600,,,
2026-06-15T11:18:17.570,0.9513,24.41,2,0.000133,0,1,1600,,,
2026-06-15T11:18:18.072,0.9513,24.41,1,0.000132,0,1,1600,,,
2026-06-15T11:18:18.572,0.9512,24.41,1,0.000133,0,1,1600,,,
2026-06-15T11:18:19.074,0.9513,24.41,2,0.000133,0,1,1600,,,
2026-06-15T11:18:19.573,0.9513,24.41,1,0.000133,0,1,1600,,,
2026-06-15T11:18:20.074,0.9513,24.41,2,0.000134,0,1,1600,,,
2026-06-15T11:18:20.573,0.9513,24.41,1,0.000133,0,1,1600,,,
2026-06-15T11:18:21.071,0.9513,24.41,2,0.000134,0,1,1600,,,
2026-06-15T11:18:21.571,0.9513,24.41,1,0.000134,1,2,1600,2026-06-15T11:18:21.407995,1600,1
2026-06-15T11:18:22.071,0.9511,24.41,1,0.000133,0,2,1600,,,
2026-06-15T11:18:22.570,0.9511,24.41,2,0.000134,0,2,1600,,,
2026-06-15T11:18:23.073,0.951,24.41,1,0.000134,0,2,1600,,,
2026-06-15T11:18:23.563,0.951,24.41,2,0.000133,0,2,1600,,,
2026-06-15T11:18:24.065,0.9511,24.41,1,0.000134,0,2,1600,,,
2026-06-15T11:18:24.568,0.951,24.41,1,0.000134,0,2,1600,,,
2026-06-15T11:18:25.069,0.951,24.41,2,0.000134,0,2,1600,,,
2026-06-15T11:18:25.572,0.9511,24.41,1,0.000133,0,2,1600,,,
2026-06-15T11:18:26.073,0.951,24.41,2,0.000134,0,2,1600,,,
2026-06-15T11:18:26.570,0.9511,24.41,1,0.000133,0,2,1600,,,
2026-06-15T11:18:27.074,0.9511,24.41,1,0.000132,0,2,1600,,,
2026-06-15T11:18:27.573,0.9511,24.41,2,0.000134,0,2,1600,,,
2026-06-15T11:18:28.063,0.9511,24.41,1,0.000134,0,2,1600,,,
2026-06-15T11:18:28.568,0.9511,24.41,2,0.000134,0,2,1600,,,
2026-06-15T11:18:29.067,0.951,24.41,1,0.000132,0,2,1600,,,
2026-06-15T11:18:29.571,0.9511,24.41,1,0.000134,0,2,1600,,,
2026-06-15T11:18:30.073,0.951,24.41,2,0.000133,0,2,1600,,,
2026-06-15T11:18:30.562,0.9511,24.41,1,0.000133,0,2,1600,,,
2026-06-15T11:18:31.065,0.9511,24.41,1,0.000133,0,2,1600,,,
2026-06-15T11:18:31.570,0.9511,24.41,2,0.000133,0,2,1600,,,
2026-06-15T11:18:32.065,0.9511,24.41,1,0.000134,0,2,1600,,,
2026-06-15T11:18:32.568,0.9511,24.41,2,0.000134,0,2,1600,,,
2026-06-15T11:18:33.068,0.9511,24.41,1,0.000134,0,2,1600,,,
2026-06-15T11:18:33.566,0.951,24.41,2,0.000133,0,2,1600,,,
2026-06-15T11:18:34.068,0.9512,24.41,1,0.000134,0,2,1600,,,
2026-06-15T11:18:34.569,0.9511,24.41,1,0.000133,0,2,1600,,,
2026-06-15T11:18:35.072,0.9511,24.41,2,0.000133,0,2,1600,,,
2026-06-15T11:18:35.577,0.9511,24.41,1,0.000133,0,2,1600,,,
2026-06-15T11:18:36.064,0.9511,24.41,2,0.000134,0,2,1600,,,
2026-06-15T11:18:36.563,0.951,24.41,1,0.000132,1,3,1600,2026-06-15T11:18:36.268222,1600,1
2026-06-15T11:18:37.062,0.951,24.41,1,0.000134,0,3,1600,,,
2026-06-15T11:18:37.565,0.9509,24.41,2,0.000134,1,4,1600,2026-06-15T11:18:37.100159,1600,1
2026-06-15T11:18:38.066,0.9508,24.41,1,0.000133,1,5,1600,2026-06-15T11:18:37.835906,1600,1
2026-06-15T11:18:38.566,0.9508,24.41,2,0.000133,1,6,1600,2026-06-15T11:18:38.539794,1600,1
2026-06-15T11:18:39.066,0.9509,24.41,1,0.000134,0,6,1600,,,
2026-06-15T11:18:39.569,0.9508,24.41,1,0.000134,1,7,1600,2026-06-15T11:18:39.275575,1600,1
2026-06-15T11:18:40.067,0.9508,24.41,2,0.000134,1,8,1600,2026-06-15T11:18:40.011366,1600,1
2026-06-15T11:18:40.566,0.9508,24.41,1,0.000134,0,8,1600,,,
2026-06-15T11:18:41.065,0.9507,24.41,2,0.000133,1,9,1600,2026-06-15T11:18:40.699173,1600,1
2026-06-15T11:18:41.567,0.9506,24.41,1,0.000134,1,10,1600,2026-06-15T11:18:41.435077,1600,1
2026-06-15T11:18:42.067,0.9507,24.41,1,0.000134,0,10,1600,,,
2026-06-15T11:18:42.564,0.9506,24.41,2,0.000133,1,11,1600,2026-06-15T11:18:42.106851,1600,1
2026-06-15T11:18:43.063,0.9507,24.41,1,0.000134,1,12,1600,2026-06-15T11:18:42.746697,1600,1
2026-06-15T11:18:43.562,0.9506,24.41,2,0.000135,1,13,1600,2026-06-15T11:18:43.418535,1600,1
2026-06-15T11:18:44.075,0.9506,24.41,1,0.000134,0,13,1600,,,
2026-06-15T11:18:44.574,0.9506,24.41,2,0.000134,1,14,1600,2026-06-15T11:18:44.090469,1600,1
2026-06-15T11:18:45.074,0.9506,24.41,1,0.000134,1,15,1600,2026-06-15T11:18:44.730248,1600,1
2026-06-15T11:18:45.573,0.9506,24.41,1,0.000134,1,16,1600,2026-06-15T11:18:45.386045,1600,1
2026-06-15T11:18:46.071,0.9506,24.41,2,0.000134,1,17,1600,2026-06-15T11:18:46.025873,1600,1
2026-06-15T11:18:46.573,0.9506,24.41,1,0.000134,0,17,1600,,,
2026-06-15T11:18:47.070,0.9505,24.41,2,0.000134,1,18,1600,2026-06-15T11:18:46.601730,1600,1
2026-06-15T11:18:47.568,0.9505,24.41,1,0.000134,1,19,1600,2026-06-15T11:18:47.161613,1600,1
2026-06-15T11:18:48.071,0.9505,24.41,1,0.000134,1,20,1600,2026-06-15T11:18:47.705460,1600,1
2026-06-15T11:18:48.575,0.9505,24.41,2,0.000134,1,21,1600,2026-06-15T11:18:48.233351,1600,1
2026-06-15T11:18:49.073,0.9504,24.41,1,0.000134,1,22,1600,2026-06-15T11:18:48.761317,1600,1
2026-06-15T11:18:49.574,0.9504,24.41,2,0.000135,1,23,1600,2026-06-15T11:18:49.337053,1600,1
2026-06-15T11:18:50.072,0.9504,24.41,1,0.000134,1,24,1600,2026-06-15T11:18:49.896974,1600,1
2026-06-15T11:18:50.572,0.9504,24.41,1,0.000134,1,25,1600,2026-06-15T11:18:50.472789,1600,1
2026-06-15T11:18:51.072,0.9504,24.41,2,0.000134,1,26,1600,2026-06-15T11:18:51.048659,1600,1
2026-06-15T11:18:51.570,0.9503,24.41,1,0.000134,0,26,1600,,,
2026-06-15T11:18:52.072,0.9503,24.41,2,0.000134,1,27,1600,2026-06-15T11:18:51.656540,1600,1
2026-06-15T11:18:52.571,0.9503,24.41,1,0.000134,1,28,1600,2026-06-15T11:18:52.248651,1600,1
2026-06-15T11:18:53.061,0.9503,24.41,1,0.000135,1,29,1600,2026-06-15T11:18:52.856488,1600,1
2026-06-15T11:18:53.562,0.9503,24.41,2,0.000133,1,30,1600,2026-06-15T11:18:53.384479,1600,1
2026-06-15T11:18:54.076,0.9502,24.41,1,0.000135,0,30,1600,,,
2026-06-15T11:18:54.576,0.9502,24.42,2,0.000134,2,32,1600,2026-06-15T11:18:54.263908;2026-06-15T11:18:54.536323,1600;1600,1;1
2026-06-15T11:18:55.075,0.9502,24.41,1,0.000133,1,33,1600,2026-06-15T11:18:54.792413,1600,1
2026-06-15T11:18:55.576,0.9502,24.41,1,0.000134,1,34,1600,2026-06-15T11:18:55.416258,1600,1
2026-06-15T11:18:56.072,0.9502,24.41,2,0.000134,1,35,1600,2026-06-15T11:18:55.639534,1600,1
2026-06-15T11:18:56.570,0.9502,24.41,1,0.000134,1,36,1600,2026-06-15T11:18:56.375739,1600,1
2026-06-15T11:18:57.068,0.9502,24.41,2,0.000135,2,38,1600,2026-06-15T11:18:56.680127;2026-06-15T11:18:56.967875,1600;1600,1;1
2026-06-15T11:18:57.569,0.9501,24.42,1,0.000134,2,40,1600,2026-06-15T11:18:57.207826;2026-06-15T11:18:57.495207,1600;1600,1;1
2026-06-15T11:18:58.068,0.9502,24.41,1,0.000134,2,42,1600,2026-06-15T11:18:57.735405;2026-06-15T11:18:58.023093,1600;1600,1;1
2026-06-15T11:18:58.564,0.95,24.41,2,0.000134,2,44,1600,2026-06-15T11:18:58.263164;2026-06-15T11:18:58.534968,1600;1600,1;1
2026-06-15T11:18:59.070,0.95,24.41,1,0.000134,1,45,1600,2026-06-15T11:18:58.822779,1600,1
2026-06-15T11:18:59.569,0.95,24.41,2,0.000134,0,45,1600,,,
2026-06-15T11:19:00.068,0.95,24.41,1,0.000134,0,45,1600,,,
2026-06-15T11:19:00.564,0.95,24.41,1,0.000134,0,45,1600,,,
2026-06-15T11:19:01.076,0.95,24.41,2,0.000134,0,45,1600,,,
2026-06-15T11:19:01.564,0.95,24.41,1,0.000134,0,45,1600,,,
2026-06-15T11:19:02.065,0.9501,24.41,2,0.000134,0,45,1600,,,
2026-06-15T11:19:02.569,0.9501,24.41,1,0.000133,0,45,1600,,,
2026-06-15T11:19:03.069,0.95,24.41,1,0.000133,0,45,1600,,,
2026-06-15T11:19:03.574,0.9501,24.41,2,0.000134,0,45,1600,,,
2026-06-15T11:19:04.072,0.9501,24.41,1,0.000133,0,45,1600,,,
2026-06-15T11:19:04.573,0.9501,24.41,2,0.000133,0,45,1600,,,
2026-06-15T11:19:05.061,0.9501,24.42,1,0.000134,0,45,1600,,,
2026-06-15T11:19:05.561,0.9501,24.41,1,0.000134,0,45,1600,,,
2026-06-15T11:19:06.076,0.95,24.41,2,0.000133,0,45,1600,,,
2026-06-15T11:19:06.575,0.9501,24.42,1,0.000133,0,45,1600,,,
2026-06-15T11:19:07.072,0.9501,24.41,2,0.000133,0,45,1600,,,
2026-06-15T11:19:07.574,0.9501,24.41,1,0.000133,0,45,1600,,,
2026-06-15T11:19:08.074,0.9501,24.42,1,0.000133,0,45,1600,,,
2026-06-15T11:19:08.573,0.9501,24.41,2,0.000134,0,45,1600,,,
2026-06-15T11:19:09.074,0.9502,24.42,1,0.000134,0,45,1600,,,
2026-06-15T11:19:09.561,0.9502,24.41,2,0.000134,0,45,1600,,,
2026-06-15T11:19:10.066,0.9502,24.41,1,0.000134,0,45,1600,,,
2026-06-15T11:19:10.569,0.9502,24.41,1,0.000134,0,45,1600,,,
2026-06-15T11:19:11.068,0.9502,24.41,2,0.000133,0,45,1600,,,
2026-06-15T11:19:11.566,0.9501,24.41,1,0.000134,0,45,1600,,,
2026-06-15T11:19:12.070,0.9502,24.41,2,0.000133,0,45,1600,,,
2026-06-15T11:19:12.562,0.9502,24.41,1,0.000134,0,45,1600,,,
2026-06-15T11:19:13.067,0.9502,24.42,1,0.000134,0,45,1600,,,
2026-06-15T11:19:13.565,0.9502,24.41,2,0.000134,0,45,1600,,,
2026-06-15T11:19:14.063,0.9502,24.42,1,0.000134,0,45,1600,,,
2026-06-15T11:19:14.565,0.9502,24.41,2,0.000134,0,45,1600,,,
2026-06-15T11:19:15.068,0.9502,24.41,1,0.000134,0,45,1600,,,
2026-06-15T11:19:15.564,0.9503,24.42,1,0.000133,0,45,1600,,,
2026-06-15T11:19:16.065,0.9502,24.41,2,0.000134,0,45,1600,,,
2026-06-15T11:19:16.566,0.9502,24.42,1,0.000133,0,45,1600,,,
2026-06-15T11:19:17.062,0.9503,24.42,2,0.000135,0,45,1600,,,
2026-06-15T11:19:17.564,0.9503,24.42,1,0.000133,0,45,1600,,,
2026-06-15T11:19:18.066,0.9503,24.42,1,0.000133,0,45,1600,,,
2026-06-15T11:19:18.565,0.9503,24.41,2,0.000134,0,45,1600,,,
2026-06-15T11:19:19.068,0.9502,24.42,1,0.000132,0,45,1600,,,
2026-06-15T11:19:19.568,0.9502,24.42,2,0.000135,0,45,1600,,,
2026-06-15T11:19:20.067,0.9503,24.41,1,0.000134,0,45,1600,,,
2026-06-15T11:19:20.564,0.9502,24.41,1,0.000135,0,45,1600,,,
2026-06-15T11:19:21.065,0.9503,24.42,2,0.000133,0,45,1600,,,
2026-06-15T11:19:21.569,0.9503,24.41,1,0.000134,0,45,1600,,,
2026-06-15T11:19:22.068,0.9504,24.41,2,0.000134,0,45,1600,,,
2026-06-15T11:19:22.567,0.9502,24.42,1,0.000133,0,45,1600,,,
2026-06-15T11:19:23.072,0.9503,24.42,1,0.000134,0,45,1600,,,
2026-06-15T11:19:23.573,0.9503,24.41,2,0.000134,0,45,1600,,,
2026-06-15T11:19:24.073,0.9502,24.42,1,0.000133,0,45,1600,,,
2026-06-15T11:19:24.575,0.9504,24.42,2,0.000133,0,45,1600,,,
2026-06-15T11:19:25.075,0.9503,24.42,1,0.000133,0,45,1600,,,
2026-06-15T11:19:25.574,0.9503,24.42,1,0.000133,0,45,1600,,,
2026-06-15T11:19:26.075,0.9503,24.42,2,0.000133,0,45,1600,,,
2026-06-15T11:19:26.575,0.9504,24.42,1,0.000133,0,45,1600,,,
2026-06-15T11:19:27.074,0.9504,24.42,2,0.000134,0,45,1600,,,
2026-06-15T11:19:27.573,0.9503,24.42,1,0.000133,0,45,1600,,,
2026-06-15T11:19:28.074,0.9504,24.42,1,0.000133,0,45,1600,,,
2026-06-15T11:19:28.572,0.9504,24.42,2,0.000133,0,45,1600,,,
2026-06-15T11:19:29.075,0.9504,24.42,1,0.000133,0,45,1600,,,
2026-06-15T11:19:29.574,0.9504,24.42,2,0.000133,0,45,1600,,,
2026-06-15T11:19:30.075,0.9504,24.42,1,0.000134,0,45,1600,,,
2026-06-15T11:19:30.576,0.9504,24.42,1,0.000133,0,45,1600,,,
2026-06-15T11:19:31.076,0.9505,24.42,2,0.000132,0,45,1600,,,
2026-06-15T11:19:31.562,0.9503,24.42,1,0.000134,0,45,1600,,,
2026-06-15T11:19:32.065,0.9504,24.42,2,0.000133,0,45,1600,,,
2026-06-15T11:19:32.569,0.9504,24.42,1,0.000134,0,45,1600,,,
2026-06-15T11:19:33.070,0.9504,24.42,1,0.000134,0,45,1600,,,
2026-06-15T11:19:33.569,0.9504,24.42,2,0.000134,0,45,1600,,,
2026-06-15T11:19:34.069,0.9504,24.42,1,0.000133,0,45,1600,,,
2026-06-15T11:19:34.571,0.9505,24.42,2,0.000134,0,45,1600,,,
2026-06-15T11:19:35.073,0.9504,24.42,1,0.000133,0,45,1600,,,
2026-06-15T11:19:35.576,0.9506,24.42,1,0.000133,0,45,1600,,,
2026-06-15T11:19:36.063,0.9505,24.42,2,0.000133,0,45,1600,,,
2026-06-15T11:19:36.564,0.9505,24.42,1,0.000133,0,45,1600,,,
2026-06-15T11:19:37.071,0.9505,24.42,2,0.000134,0,45,1600,,,
2026-06-15T11:19:37.568,0.9505,24.42,1,0.000134,0,45,1600,,,
2026-06-15T11:19:38.074,0.9505,24.42,1,0.000133,0,45,1600,,,
2026-06-15T11:19:38.576,0.9505,24.42,2,0.000133,0,45,1600,,,
2026-06-15T11:19:39.076,0.9504,24.42,1,0.000133,0,45,1600,,,
2026-06-15T11:19:39.576,0.9505,24.42,2,0.000134,0,45,1600,,,
2026-06-15T11:19:40.065,0.9505,24.42,1,0.000134,0,45,1600,,,
2026-06-15T11:19:40.569,0.9506,24.42,1,0.000133,0,45,1600,,,
2026-06-15T11:19:41.071,0.9505,24.42,2,0.000133,0,45,1600,,,
2026-06-15T11:19:41.573,0.9505,24.42,1,0.000133,0,45,1600,,,
2026-06-15T11:19:42.070,0.9506,24.42,2,0.000134,0,45,1600,,,
2026-06-15T11:19:42.572,0.9505,24.42,1,0.000133,0,45,1600,,,
2026-06-15T11:19:43.073,0.9505,24.42,1,0.000133,0,45,1600,,,
2026-06-15T11:19:43.570,0.9506,24.42,2,0.000133,0,45,1600,,,
2026-06-15T11:19:44.072,0.9505,24.42,1,0.000133,0,45,1600,,,
2026-06-15T11:19:44.569,0.9506,24.42,2,0.000134,0,45,1600,,,
2026-06-15T11:19:45.067,0.9505,24.42,1,0.000133,0,45,1600,,,
2026-06-15T11:19:45.573,0.9506,24.42,1,0.000133,0,45,1600,,,
2026-06-15T11:19:46.072,0.9506,24.42,2,0.000134,0,45,1600,,,
2026-06-15T11:19:46.575,0.9505,24.42,1,0.000134,0,45,1600,,,
2026-06-15T11:19:47.070,0.9506,24.42,2,0.000133,0,45,1600,,,
2026-06-15T11:19:47.576,0.9505,24.42,1,0.000134,0,45,1600,,,
2026-06-15T11:19:48.075,0.9506,24.42,1,0.000133,0,45,1600,,,
2026-06-15T11:19:48.563,0.9506,24.43,2,0.000132,0,45,1600,,,
2026-06-15T11:19:49.075,0.9506,24.42,1,0.000132,0,45,1600,,,
2026-06-15T11:19:49.570,0.9506,24.42,2,0.000132,0,45,1600,,,
2026-06-15T11:19:50.066,0.9506,24.42,1,0.000132,0,45,1600,,,
2026-06-15T11:19:50.561,0.9506,24.42,1,0.000134,0,45,1600,,,
2026-06-15T11:19:51.062,0.9506,24.43,2,0.000134,0,45,1600,,,
2026-06-15T11:19:51.574,0.9506,24.42,1,0.000133,0,45,1600,,,
2026-06-15T11:19:52.076,0.9506,24.42,2,0.000134,0,45,1600,,,
2026-06-15T11:19:52.574,0.9506,24.42,1,0.000133,0,45,1600,,,
2026-06-15T11:19:53.061,0.9506,24.42,1,0.000133,0,45,1600,,,
2026-06-15T11:19:53.575,0.9506,24.43,2,0.000134,0,45,1600,,,
2026-06-15T11:19:54.070,0.9506,24.42,1,0.000134,0,45,1600,,,
2026-06-15T11:19:54.571,0.9506,24.43,2,0.000134,0,45,1600,,,
2026-06-15T11:19:55.072,0.9505,24.42,1,0.000133,0,45,1600,,,
2026-06-15T11:19:55.571,0.9506,24.42,2,0.000134,0,45,1600,,,
2026-06-15T11:19:56.069,0.9506,24.42,1,0.000133,0,45,1600,,,
2026-06-15T11:19:56.572,0.9507,24.42,1,0.000134,0,45,1600,,,
2026-06-15T11:19:57.071,0.9506,24.43,2,0.000134,0,45,1600,,,
2026-06-15T11:19:57.572,0.9506,24.42,1,0.000134,0,45,1600,,,
2026-06-15T11:19:58.070,0.9506,24.42,2,0.000133,0,45,1600,,,
2026-06-15T11:19:58.561,0.9507,24.42,1,0.000134,0,45,1600,,,
2026-06-15T11:19:59.065,0.9507,24.42,1,0.000133,0,45,1600,,,
2026-06-15T11:19:59.568,0.9506,24.42,2,0.000134,0,45,1600,,,
2026-06-15T11:20:00.075,0.9507,24.43,1,0.000134,0,45,1600,,,
2026-06-15T11:20:00.571,0.9507,24.42,2,0.000134,0,45,1600,,,
2026-06-15T11:20:01.072,0.9507,24.43,1,0.000134,0,45,1600,,,
2026-06-15T11:20:01.567,0.9508,24.43,1,0.000134,0,45,1600,,,
2026-06-15T11:20:02.069,0.9507,24.42,2,0.000134,0,45,1600,,,
2026-06-15T11:20:02.573,0.9508,24.42,1,0.000133,0,45,1600,,,
2026-06-15T11:20:03.070,0.9507,24.43,2,0.000134,0,45,1600,,,
2026-06-15T11:20:03.569,0.9507,24.43,1,0.000133,0,45,1600,,,
2026-06-15T11:20:04.068,0.9507,24.43,1,0.000135,0,45,1600,,,
2026-06-15T11:20:04.570,0.9507,24.42,2,0.000134,0,45,1600,,,
2026-06-15T11:20:05.070,0.9508,24.43,1,0.000134,0,45,1600,,,
2026-06-15T11:20:05.570,0.9507,24.43,2,0.000134,0,45,1600,,,
2026-06-15T11:20:06.072,0.9507,24.43,1,0.000134,0,45,1600,,,
2026-06-15T11:20:06.571,0.9508,24.43,1,0.000135,0,45,1600,,,
2026-06-15T11:20:07.063,0.9507,24.43,2,0.000135,0,45,1600,,,
2026-06-15T11:20:07.563,0.9508,24.43,1,0.000134,0,45,1600,,,
2026-06-15T11:20:08.065,0.9507,24.43,2,0.000134,0,45,1600,,,
2026-06-15T11:20:08.564,0.9508,24.43,1,0.000133,0,45,1600,,,
2026-06-15T11:20:09.062,0.9507,24.43,1,0.000133,0,45,1600,,,
2026-06-15T11:20:09.561,0.9508,24.43,2,0.000133,0,45,1600,,,
2026-06-15T11:20:10.074,0.9507,24.43,1,0.000134,0,45,1600,,,
2026-06-15T11:20:10.571,0.9508,24.43,1,0.000134,0,45,1600,,,
2026-06-15T11:20:11.061,0.9507,24.43,2,0.000134,0,45,1600,,,
2026-06-15T11:20:11.561,0.9508,24.43,1,0.000134,0,45,1600,,,
2026-06-15T11:20:12.063,0.9508,24.43,2,0.000134,0,45,1600,,,
2026-06-15T11:20:12.576,0.9508,24.43,1,0.000135,0,45,1600,,,
2026-06-15T11:20:13.061,0.9508,24.43,2,0.000134,0,45,1600,,,
2026-06-15T11:20:13.577,0.9508,24.43,1,0.000134,0,45,1600,,,
2026-06-15T11:20:14.073,0.9508,24.43,1,0.000133,0,45,1600,,,
2026-06-15T11:20:14.571,0.9508,24.43,2,0.000134,0,45,1600,,,
2026-06-15T11:20:15.075,0.9507,24.43,1,0.000133,0,45,1600,,,
2026-06-15T11:20:15.569,0.9508,24.43,2,0.000134,0,45,1600,,,
2026-06-15T11:20:16.070,0.9508,24.43,1,0.000134,0,45,1600,,,
2026-06-15T11:20:16.566,0.9508,24.43,1,0.000134,0,45,1600,,,
2026-06-15T11:20:17.068,0.9508,24.43,2,0.000133,0,45,1600,,,
2026-06-15T11:20:17.563,0.9508,24.43,1,0.000134,0,45,1600,,,
2026-06-15T11:20:18.076,0.9508,24.43,2,0.000132,0,45,1600,,,
2026-06-15T11:20:18.575,0.951,24.43,1,0.000135,0,45,1600,,,
2026-06-15T11:20:19.077,0.9508,24.43,1,0.000134,0,45,1600,,,
2026-06-15T11:20:19.572,0.9508,24.43,2,0.000135,0,45,1600,,,
2026-06-15T11:20:20.075,0.9509,24.43,1,0.000134,0,45,1600,,,
2026-06-15T11:20:20.576,0.9508,24.43,2,0.000134,0,45,1600,,,
2026-06-15T11:20:21.074,0.9509,24.43,1,0.000133,0,45,1600,,,
2026-06-15T11:20:21.570,0.9509,24.43,1,0.000134,0,45,1600,,,
2026-06-15T11:20:22.070,0.9508,24.43,2,0.000135,0,45,1600,,,
2026-06-15T11:20:22.560,0.9508,24.44,1,0.000134,0,45,1600,,,
2026-06-15T11:20:23.064,0.9508,24.43,2,0.000133,0,45,1600,,,
2026-06-15T11:20:23.563,0.9508,24.43,1,0.000135,0,45,1600,,,
2026-06-15T11:20:24.061,0.9509,24.43,1,0.000135,0,45,1600,,,
2026-06-15T11:20:24.563,0.9509,24.43,2,0.000134,0,45,1600,,,
2026-06-15T11:20:25.065,0.9509,24.43,1,0.000134,0,45,1600,,,
2026-06-15T11:20:25.567,0.9509,24.43,2,0.000135,0,45,1600,,,
2026-06-15T11:20:26.066,0.9508,24.43,1,0.000134,0,45,1600,,,
2026-06-15T11:20:26.568,0.9509,24.43,1,0.000134,0,45,1600,,,
2026-06-15T11:20:27.071,0.9509,24.43,2,0.000133,0,45,1600,,,
2026-06-15T11:20:27.574,0.9509,24.43,1,0.000135,0,45,1600,,,
2026-06-15T11:20:28.071,0.9508,24.43,2,0.000134,0,45,1600,,,
2026-06-15T11:20:28.571,0.9509,24.43,1,0.000134,0,45,1600,,,
2026-06-15T11:20:29.068,0.9509,24.43,1,0.000134,0,45,1600,,,
2026-06-15T11:20:29.566,0.9508,24.43,2,0.000134,0,45,1600,,,
2026-06-15T11:20:30.066,0.9509,24.43,1,0.000133,0,45,1600,,,
2026-06-15T11:20:30.566,0.951,24.43,2,0.000134,0,45,1600,,,
2026-06-15T11:20:31.073,0.9509,24.43,1,0.000134,0,45,1600,,,
2026-06-15T11:20:31.576,0.951,24.43,1,0.000133,0,45,1600,,,
2026-06-15T11:20:32.076,0.9509,24.44,2,0.000134,0,45,1600,,,
2026-06-15T11:20:32.576,0.9509,24.43,1,0.000134,0,45,1600,,,
2026-06-15T11:20:33.076,0.9509,24.44,2,0.000134,0,45,1600,,,
2026-06-15T11:20:33.577,0.951,24.43,1,0.000134,0,45,1600,,,
2026-06-15T11:20:34.066,0.951,24.43,1,0.000134,0,45,1600,,,
2026-06-15T11:20:34.570,0.951,24.44,2,0.000134,0,45,1600,,,
2026-06-15T11:20:35.069,0.951,24.43,1,0.000133,0,45,1600,,,
2026-06-15T11:20:35.571,0.951,24.44,1,0.000135,0,45,1600,,,
2026-06-15T11:20:36.069,0.951,24.44,2,0.000135,0,45,1600,,,
2026-06-15T11:20:36.571,0.9509,24.44,1,0.000133,0,45,1600,,,
2026-06-15T11:20:37.074,0.9509,24.43,2,0.000134,0,45,1600,,,
2026-06-15T11:20:37.575,0.951,24.44,1,0.000134,0,45,1600,,,
2026-06-15T11:20:38.064,0.951,24.44,1,0.000135,0,45,1600,,,
2026-06-15T11:20:38.563,0.951,24.44,2,0.000133,0,45,1600,,,
2026-06-15T11:20:39.063,0.951,24.44,1,0.000134,0,45,1600,,,
2026-06-15T11:20:39.564,0.9509,24.44,2,0.000134,0,45,1600,,,
2026-06-15T11:20:40.063,0.951,24.43,1,0.000134,0,45,1600,,,
2026-06-15T11:20:40.565,0.9509,24.44,1,0.000134,0,45,1600,,,
2026-06-15T11:20:41.068,0.951,24.44,2,0.000134,0,45,1600,,,
2026-06-15T11:20:41.568,0.951,24.44,1,0.000133,0,45,1600,,,
2026-06-15T11:20:42.071,0.9509,24.44,2,0.000135,0,45,1600,,,
2026-06-15T11:20:42.574,0.951,24.43,1,0.000134,0,45,1600,,,
2026-06-15T11:20:43.071,0.951,24.44,1,0.000135,0,45,1600,,,
2026-06-15T11:20:43.572,0.9509,24.44,2,0.000134,0,45,1600,,,
2026-06-15T11:20:44.075,0.951,24.44,1,0.000133,0,45,1600,,,
2026-06-15T11:20:44.574,0.9509,24.44,2,0.000134,0,45,1600,,,
2026-06-15T11:20:45.072,0.951,24.44,1,0.000134,0,45,1600,,,
2026-06-15T11:20:45.573,0.951,24.44,1,0.000135,0,45,1600,,,
2026-06-15T11:20:46.071,0.951,24.44,2,0.000134,0,45,1600,,,
2026-06-15T11:20:46.568,0.951,24.44,1,0.000135,0,45,1600,,,
2026-06-15T11:20:47.068,0.951,24.44,2,0.000134,0,45,1600,,,
2026-06-15T11:20:47.568,0.951,24.44,1,0.000134,0,45,1600,,,
2026-06-15T11:20:48.070,0.951,24.44,1,0.000134,0,45,1600,,,
2026-06-15T11:20:48.572,0.951,24.44,2,0.000133,0,45,1600,,,
2026-06-15T11:20:49.076,0.9511,24.44,1,0.000135,0,45,1600,,,
2026-06-15T11:20:49.574,0.951,24.44,2,0.000134,0,45,1600,,,
2026-06-15T11:20:50.072,0.9511,24.44,1,0.000134,0,45,1600,,,
2026-06-15T11:20:50.571,0.951,24.44,1,0.000133,0,45,1600,,,
2026-06-15T11:20:51.075,0.951,24.44,2,0.000134,0,45,1600,,,
2026-06-15T11:20:51.575,0.951,24.44,1,0.000133,0,45,1600,,,
2026-06-15T11:20:52.073,0.951,24.44,2,0.000134,0,45,1600,,,
2026-06-15T11:20:52.573,0.951,24.44,1,0.000134,0,45,1600,,,
2026-06-15T11:20:53.064,0.9511,24.44,1,0.000134,0,45,1600,,,
2026-06-15T11:20:53.564,0.9511,24.44,2,0.000134,0,45,1600,,,
2026-06-15T11:20:54.065,0.951,24.44,1,0.000134,0,45,1600,,,
2026-06-15T11:20:54.563,0.951,24.44,1,0.000133,0,45,1600,,,
2026-06-15T11:20:55.067,0.951,24.45,2,0.000134,0,45,1600,,,
2026-06-15T11:20:55.568,0.9511,24.44,1,0.000133,0,45,1600,,,
2026-06-15T11:20:56.073,0.9511,24.44,2,0.000134,0,45,1600,,,
2026-06-15T11:20:56.561,0.951,24.44,1,0.000133,0,45,1600,,,
2026-06-15T11:20:57.065,0.951,24.44,1,0.000134,0,45,1600,,,
2026-06-15T11:20:57.569,0.9511,24.44,2,0.000134,0,45,1600,,,
2026-06-15T11:20:58.068,0.9511,24.44,1,0.000134,0,45,1600,,,
2026-06-15T11:20:58.569,0.9511,24.44,2,0.000133,0,45,1600,,,
2026-06-15T11:20:59.068,0.9511,24.44,1,0.000134,0,45,1600,,,
2026-06-15T11:20:59.575,0.9511,24.44,1,0.000134,0,45,1600,,,
2026-06-15T11:21:00.061,0.951,24.44,2,0.000133,0,45,1600,,,
2026-06-15T11:21:00.562,0.9511,24.44,1,0.000134,0,45,1600,,,
2026-06-15T11:21:01.061,0.9511,24.44,2,0.000133,0,45,1600,,,
2026-06-15T11:21:01.563,0.9511,24.44,1,0.000134,0,45,1600,,,
2026-06-15T11:21:02.067,0.9511,24.44,1,0.000135,0,45,1600,,,
2026-06-15T11:21:02.565,0.9511,24.44,2,0.000134,0,45,1600,,,
2026-06-15T11:21:03.063,0.951,24.44,1,0.000135,0,45,1600,,,
2026-06-15T11:21:03.564,0.951,24.44,1,0.000134,0,45,1600,,,
2026-06-15T11:21:04.065,0.951,24.44,2,0.000133,0,45,1600,,,
2026-06-15T11:21:04.569,0.9511,24.44,1,0.000135,0,45,1600,,,
2026-06-15T11:21:05.067,0.9511,24.45,2,0.000134,0,45,1600,,,
2026-06-15T11:21:05.569,0.951,24.44,1,0.000134,0,45,1600,,,
2026-06-15T11:21:06.066,0.9511,24.44,1,0.000134,0,45,1600,,,
2026-06-15T11:21:06.569,0.9511,24.45,2,0.000134,0,45,1600,,,
2026-06-15T11:21:07.071,0.9511,24.44,1,0.000134,0,45,1600,,,
2026-06-15T11:21:07.572,0.9511,24.44,2,0.000133,0,45,1600,,,
2026-06-15T11:21:08.073,0.9511,24.44,1,0.000135,0,45,1600,,,
2026-06-15T11:21:08.575,0.9511,24.44,1,0.000134,0,45,1600,,,
2026-06-15T11:21:09.064,0.9511,24.44,2,0.000134,0,45,1600,,,
2026-06-15T11:21:09.562,0.9511,24.44,1,0.000134,0,45,1600,,,
2026-06-15T11:21:10.060,0.9511,24.45,2,0.000133,0,45,1600,,,
2026-06-15T11:21:10.562,0.9512,24.45,1,0.000135,0,45,1600,,,
2026-06-15T11:21:11.063,0.9511,24.45,1,0.000135,0,45,1600,,,
2026-06-15T11:21:11.568,0.9511,24.45,2,0.000134,0,45,1600,,,
2026-06-15T11:21:12.068,0.9511,24.45,1,0.000134,0,45,1600,,,
2026-06-15T11:21:12.570,0.9511,24.44,2,0.000135,0,45,1600,,,
2026-06-15T11:21:13.074,0.9512,24.45,1,0.000132,0,45,1600,,,
2026-06-15T11:21:13.563,0.9511,24.45,1,0.000133,0,45,1600,,,
2026-06-15T11:21:14.065,0.9511,24.45,2,0.000134,0,45,1600,,,
2026-06-15T11:21:14.565,0.9511,24.45,1,0.000135,0,45,1600,,,
2026-06-15T11:21:15.063,0.9511,24.45,2,0.000133,0,45,1600,,,
2026-06-15T11:21:15.563,0.9512,24.45,1,0.000134,0,45,1600,,,
2026-06-15T11:21:16.066,0.9512,24.45,1,0.000133,0,45,1600,,,
2026-06-15T11:21:16.567,0.9511,24.45,2,0.000134,0,45,1600,,,
2026-06-15T11:21:17.065,0.9512,24.45,1,0.000134,0,45,1600,,,
2026-06-15T11:21:17.565,0.9511,24.45,2,0.000135,0,45,1600,,,
2026-06-15T11:21:18.064,0.9512,24.45,1,0.000134,0,45,1600,,,
2026-06-15T11:21:18.565,0.9512,24.45,1,0.000133,0,45,1600,,,
2026-06-15T11:21:19.064,0.9511,24.45,2,0.000134,0,45,1600,,,
2026-06-15T11:21:19.565,0.9511,24.45,1,0.000133,0,45,1600,,,
2026-06-15T11:21:20.063,0.9511,24.45,2,0.000134,0,45,1600,,,
2026-06-15T11:21:20.565,0.9512,24.45,1,0.000133,0,45,1600,,,
2026-06-15T11:21:21.062,0.9512,24.45,1,0.000135,0,45,1600,,,
2026-06-15T11:21:21.563,0.9511,24.45,2,0.000134,0,45,1600,,,
2026-06-15T11:21:22.065,0.9512,24.45,1,0.000134,0,45,1600,,,
2026-06-15T11:21:22.568,0.9512,24.45,2,0.000134,0,45,1600,,,
2026-06-15T11:21:23.065,0.9512,24.45,1,0.000133,0,45,1600,,,
2026-06-15T11:21:23.569,0.9512,24.44,1,0.000134,0,45,1600,,,
2026-06-15T11:21:24.071,0.9512,24.45,2,0.000134,0,45,1600,,,
2026-06-15T11:21:24.574,0.9512,24.45,1,0.000133,0,45,1600,,,
2026-06-15T11:21:25.074,0.9513,24.45,2,0.000133,0,45,1600,,,
2026-06-15T11:21:25.576,0.9512,24.45,1,0.000134,0,45,1600,,,
2026-06-15T11:21:26.074,0.9512,24.45,1,0.000134,0,45,1600,,,
2026-06-15T11:21:26.576,0.9513,24.45,2,0.000134,0,45,1600,,,
2026-06-15T11:21:27.076,0.9512,24.45,1,0.000134,0,45,1600,,,
2026-06-15T11:21:27.564,0.9513,24.45,2,0.000133,0,45,1600,,,
2026-06-15T11:21:28.067,0.9513,24.45,1,0.000134,0,45,1600,,,
2026-06-15T11:21:28.572,0.9512,24.45,1,0.000134,0,45,1600,,,
2026-06-15T11:21:29.072,0.9513,24.45,2,0.000134,0,45,1600,,,
2026-06-15T11:21:29.574,0.9513,24.45,1,0.000134,0,45,1600,,,
2026-06-15T11:21:30.062,0.9513,24.45,2,0.000134,0,45,1600,,,
2026-06-15T11:21:30.565,0.9513,24.45,1,0.000134,0,45,1600,,,
2026-06-15T11:21:31.066,0.9512,24.45,1,0.000135,0,45,1600,,,
2026-06-15T11:21:31.565,0.9513,24.45,2,0.000135,0,45,1600,,,
2026-06-15T11:21:32.068,0.9512,24.45,1,0.000134,0,45,1600,,,
2026-06-15T11:21:32.572,0.9513,24.45,2,0.000134,0,45,1600,,,
2026-06-15T11:21:33.074,0.9513,24.45,1,0.000134,0,45,1600,,,
2026-06-15T11:21:33.562,0.9513,24.45,1,0.000135,0,45,1600,,,
2026-06-15T11:21:34.063,0.9513,24.45,2,0.000134,0,45,1600,,,
2026-06-15T11:21:34.565,0.9513,24.45,1,0.000134,0,45,1600,,,
2026-06-15T11:21:35.068,0.9513,24.45,2,0.000135,0,45,1600,,,
2026-06-15T11:21:35.569,0.9513,24.45,1,0.000134,0,45,1600,,,
2026-06-15T11:21:36.068,0.9513,24.45,2,0.000134,0,45,1600,,,
2026-06-15T11:21:36.572,0.9513,24.45,1,0.000134,0,45,1600,,,
2026-06-15T11:21:37.073,0.9512,24.45,1,0.000135,0,45,1600,,,
2026-06-15T11:21:37.576,0.9513,24.45,2,0.000135,0,45,1600,,,
2026-06-15T11:21:38.074,0.9512,24.45,1,0.000132,0,45,1600,,,
2026-06-15T11:21:38.563,0.9513,24.45,1,0.000133,0,45,1600,,,
2026-06-15T11:21:39.065,0.9513,24.45,2,0.000134,0,45,1600,,,
2026-06-15T11:21:39.567,0.9512,24.45,1,0.000135,0,45,1600,,,
2026-06-15T11:21:40.067,0.9513,24.45,2,0.000134,0,45,1600,,,
2026-06-15T11:21:40.574,0.9513,24.45,1,0.000133,0,45,1600,,,
2026-06-15T11:21:41.074,0.9513,24.45,2,0.000133,0,45,1600,,,
2026-06-15T11:21:41.575,0.9512,24.45,1,0.000134,0,45,1600,,,
2026-06-15T11:21:42.073,0.9512,24.45,1,0.000135,0,45,1600,,,
2026-06-15T11:21:42.571,0.9513,24.45,2,0.000134,0,45,1600,,,
2026-06-15T11:21:43.070,0.9513,24.45,1,0.000135,0,45,1600,,,
2026-06-15T11:21:43.570,0.9513,24.45,2,0.000133,0,45,1600,,,
2026-06-15T11:21:44.071,0.9513,24.45,1,0.000134,0,45,1600,,,
2026-06-15T11:21:44.570,0.9513,24.45,1,0.000134,0,45,1600,,,
2026-06-15T11:21:45.071,0.9513,24.45,2,0.000134,0,45,1600,,,
2026-06-15T11:21:45.569,0.9513,24.45,1,0.000134,0,45,1600,,,
2026-06-15T11:21:46.066,0.9513,24.45,2,0.000135,0,45,1600,,,
2026-06-15T11:21:46.570,0.9512,24.45,1,0.000134,0,45,1600,,,
2026-06-15T11:21:47.066,0.9513,24.45,1,0.000134,0,45,1600,,,
2026-06-15T11:21:47.567,0.9513,24.45,2,0.000134,0,45,1600,,,
2026-06-15T11:21:48.069,0.9514,24.45,1,0.000134,0,45,1600,,,
2026-06-15T11:21:48.570,0.9513,24.45,2,0.000134,0,45,1600,,,
2026-06-15T11:21:49.070,0.9513,24.45,1,0.000133,0,45,1600,,,
2026-06-15T11:21:49.569,0.9513,24.45,1,0.000134,0,45,1600,,,
2026-06-15T11:21:50.063,0.9513,24.45,2,0.000134,0,45,1600,,,
2026-06-15T11:21:50.567,0.9513,24.45,1,0.000134,0,45,1600,,,
2026-06-15T11:21:51.068,0.9514,24.45,2,0.000134,0,45,1600,,,
2026-06-15T11:21:51.571,0.9512,24.45,1,0.000134,0,45,1600,,,
2026-06-15T11:21:52.071,0.9513,24.45,1,0.000135,0,45,1600,,,
2026-06-15T11:21:52.569,0.9513,24.45,2,0.000134,0,45,1600,,,
2026-06-15T11:21:53.068,0.9513,24.45,1,0.000134,0,45,1600,,,
2026-06-15T11:21:53.568,0.9514,24.45,2,0.000135,0,45,1600,,,
2026-06-15T11:21:54.071,0.9513,24.45,1,0.000133,0,45,1600,,,
2026-06-15T11:21:54.576,0.9513,24.45,1,0.000133,0,45,1600,,,
2026-06-15T11:21:55.075,0.9514,24.45,2,0.000134,0,45,1600,,,
2026-06-15T11:21:55.575,0.9513,24.45,1,0.000134,0,45,1600,,,
2026-06-15T11:21:56.072,0.9514,24.45,2,0.000134,0,45,1600,,,
2026-06-15T11:21:56.572,0.9514,24.45,1,0.000134,0,45,1600,,,
2026-06-15T11:21:57.073,0.9513,24.46,1,0.000134,0,45,1600,,,
2026-06-15T11:21:57.562,0.9514,24.46,2,0.000134,0,45,1600,,,
2026-06-15T11:21:58.062,0.9513,24.46,1,0.000135,0,45,1600,,,
2026-06-15T11:21:58.563,0.9513,24.45,2,0.000135,0,45,1600,,,
2026-06-15T11:21:59.065,0.9514,24.45,1,0.000134,0,45,1600,,,
2026-06-15T11:21:59.568,0.9514,24.46,1,0.000134,0,45,1600,,,
2026-06-15T11:22:00.066,0.9514,24.45,2,0.000134,0,45,1600,,,
2026-06-15T11:22:00.565,0.9513,24.46,1,0.000133,0,45,1600,,,
2026-06-15T11:22:01.068,0.9514,24.46,2,0.000134,0,45,1600,,,
2026-06-15T11:22:01.567,0.9514,24.46,1,0.000134,0,45,1600,,,
2026-06-15T11:22:02.072,0.9513,24.46,1,0.000133,0,45,1600,,,
2026-06-15T11:22:02.576,0.9514,24.45,2,0.000135,0,45,1600,,,
2026-06-15T11:22:03.062,0.9513,24.45,1,0.000134,0,45,1600,,,
2026-06-15T11:22:03.567,0.9513,24.46,1,0.000134,0,45,1600,,,
2026-06-15T11:22:04.068,0.9513,24.46,2,0.000134,0,45,1600,,,
2026-06-15T11:22:04.570,0.9513,24.46,1,0.000134,0,45,1600,,,
2026-06-15T11:22:05.074,0.9514,24.46,2,0.000134,0,45,1600,,,
2026-06-15T11:22:05.575,0.9513,24.46,1,0.000134,0,45,1600,,,
2026-06-15T11:22:06.074,0.9514,24.46,2,0.000134,0,45,1600,,,
2026-06-15T11:22:06.572,0.9513,24.46,1,0.000135,0,45,1600,,,
2026-06-15T11:22:07.076,0.9514,24.46,1,0.000134,0,45,1600,,,
2026-06-15T11:22:07.575,0.9514,24.46,2,0.000134,0,45,1600,,,
2026-06-15T11:22:08.077,0.9514,24.46,1,0.000135,0,45,1600,,,
2026-06-15T11:22:08.574,0.9514,24.46,1,0.000133,0,45,1600,,,
2026-06-15T11:22:09.074,0.9514,24.46,2,0.000134,0,45,1600,,,
2026-06-15T11:22:09.575,0.9514,24.46,1,0.000134,0,45,1600,,,
2026-06-15T11:22:10.075,0.9514,24.46,2,0.000134,0,45,1600,,,
2026-06-15T11:22:10.561,0.9514,24.46,1,0.000134,0,45,1600,,,
2026-06-15T11:22:11.074,0.9514,24.46,1,0.000134,0,45,1600,,,
2026-06-15T11:22:11.575,0.9515,24.46,2,0.000134,0,45,1600,,,
2026-06-15T11:22:12.073,0.9514,24.46,1,0.000134,0,45,1600,,,
2026-06-15T11:22:12.573,0.9513,24.46,2,0.000134,0,45,1600,,,
2026-06-15T11:22:13.072,0.9513,24.46,1,0.000134,0,45,1600,,,
2026-06-15T11:22:13.571,0.9514,24.46,1,0.000135,0,45,1600,,,
2026-06-15T11:22:14.074,0.9514,24.46,2,0.000134,0,45,1600,,,
2026-06-15T11:22:14.572,0.9514,24.46,1,0.000133,0,45,1600,,,
2026-06-15T11:22:15.070,0.9515,24.46,2,0.000134,0,45,1600,,,
2026-06-15T11:22:15.570,0.9514,24.46,1,0.000133,0,45,1600,,,
2026-06-15T11:22:16.069,0.9514,24.46,1,0.000134,0,45,1600,,,
2026-06-15T11:22:16.563,0.9514,24.46,2,0.000133,0,45,1600,,,
2026-06-15T11:22:17.076,0.9514,24.46,1,0.000134,0,45,1600,,,
2026-06-15T11:22:17.564,0.9515,24.46,2,0.000134,0,45,1600,,,
2026-06-15T11:22:18.065,0.9515,24.46,1,0.000135,0,45,1600,,,
2026-06-15T11:22:18.576,0.9514,24.46,1,0.000134,0,45,1600,,,
2026-06-15T11:22:19.073,0.9515,24.46,2,0.000135,0,45,1600,,,
2026-06-15T11:22:19.567,0.9515,24.46,1,0.000134,0,45,1600,,,
2026-06-15T11:22:20.069,0.9515,24.46,2,0.000134,0,45,1600,,,
2026-06-15T11:22:20.567,0.9514,24.46,1,0.000134,0,45,1600,,,
2026-06-15T11:22:21.073,0.9513,24.46,1,0.000134,0,45,1600,,,
2026-06-15T11:22:21.572,0.9515,24.46,2,0.000134,0,45,1600,,,
2026-06-15T11:22:22.069,0.9514,24.46,1,0.000134,0,45,1600,,,
2026-06-15T11:22:22.571,0.9514,24.46,2,0.000135,0,45,1600,,,
2026-06-15T11:22:23.070,0.9515,24.46,1,0.000134,0,45,1600,,,
2026-06-15T11:22:23.567,0.9514,24.46,1,0.000134,0,45,1600,,,
2026-06-15T11:22:24.062,0.9514,24.46,2,0.000134,0,45,1600,,,
2026-06-15T11:22:24.574,0.9515,24.46,1,0.000134,0,45,1600,,,
2026-06-15T11:22:25.061,0.9514,24.46,2,0.000133,0,45,1600,,,
2026-06-15T11:22:25.561,0.9514,24.46,1,0.000134,0,45,1600,,,
2026-06-15T11:22:26.070,0.9514,24.46,1,0.000134,0,45,1600,,,
2026-06-15T11:22:26.571,0.9514,24.46,2,0.000134,0,45,1600,,,
2026-06-15T11:22:27.070,0.9514,24.46,1,0.000134,0,45,1600,,,
2026-06-15T11:22:27.566,0.9515,24.46,2,0.000134,0,45,1600,,,
2026-06-15T11:22:28.061,0.9514,24.46,1,0.000134,0,45,1600,,,
2026-06-15T11:22:28.571,0.9515,24.46,2,0.000133,0,45,1600,,,
2026-06-15T11:22:29.074,0.9515,24.46,1,0.000134,0,45,1600,,,
2026-06-15T11:22:29.574,0.9514,24.47,1,0.000134,0,45,1600,,,
2026-06-15T11:22:30.071,0.9514,24.47,2,0.000134,0,45,1600,,,
2026-06-15T11:22:30.570,0.9514,24.47,1,0.000134,0,45,1600,,,
2026-06-15T11:22:31.066,0.9514,24.47,2,0.000134,0,45,1600,,,
2026-06-15T11:22:31.566,0.9515,24.47,1,0.000134,0,45,1600,,,
2026-06-15T11:22:32.061,0.9515,24.46,1,0.000135,0,45,1600,,,
2026-06-15T11:22:32.575,0.9515,24.46,2,0.000133,0,45,1600,,,
2026-06-15T11:22:33.074,0.9514,24.47,1,0.000134,0,45,1600,,,
2026-06-15T11:22:33.572,0.9515,24.47,2,0.000133,0,45,1600,,,
2026-06-15T11:22:34.069,0.9515,24.47,1,0.000135,0,45,1600,,,
2026-06-15T11:22:34.572,0.9515,24.47,1,0.000133,0,45,1600,,,
2026-06-15T11:22:35.073,0.9515,24.47,2,0.000135,0,45,1600,,,
2026-06-15T11:22:35.573,0.9515,24.47,1,0.000133,0,45,1600,,,
2026-06-15T11:22:36.067,0.9516,24.47,2,0.000135,0,45,1600,,,
2026-06-15T11:22:36.564,0.9515,24.47,1,0.000134,0,45,1600,,,
2026-06-15T11:22:37.064,0.9515,24.47,1,0.000134,0,45,1600,,,
2026-06-15T11:22:37.577,0.9515,24.46,2,0.000133,0,45,1600,,,
2026-06-15T11:22:38.073,0.9515,24.47,1,0.000134,0,45,1600,,,
2026-06-15T11:22:38.569,0.9515,24.47,2,0.000134,0,45,1600,,,
2026-06-15T11:22:39.068,0.9515,24.47,1,0.000133,0,45,1600,,,
2026-06-15T11:22:39.566,0.9515,24.47,2,0.000134,0,45,1600,,,
2026-06-15T11:22:40.064,0.9515,24.47,1,0.000134,0,45,1600,,,
2026-06-15T11:22:40.563,0.9515,24.47,1,0.000133,0,45,1600,,,
2026-06-15T11:22:41.075,0.9515,24.47,2,0.000134,0,45,1600,,,
2026-06-15T11:22:41.562,0.9515,24.47,1,0.000134,0,45,1600,,,
2026-06-15T11:22:42.060,0.9515,24.47,2,0.000134,0,45,1600,,,
2026-06-15T11:22:42.562,0.9515,24.47,1,0.000135,0,45,1600,,,
2026-06-15T11:22:43.063,0.9515,24.47,1,0.000134,0,45,1600,,,
2026-06-15T11:22:43.562,0.9516,24.47,2,0.000134,0,45,1600,,,
2026-06-15T11:22:44.073,0.9515,24.47,1,0.000134,0,45,1600,,,
2026-06-15T11:22:44.570,0.9515,24.47,2,0.000135,0,45,1600,,,
2026-06-15T11:22:45.070,0.9515,24.47,1,0.000134,0,45,1600,,,
2026-06-15T11:22:45.570,0.9515,24.47,2,0.000134,0,45,1600,,,
2026-06-15T11:22:46.067,0.9515,24.47,1,0.000134,0,45,1600,,,
2026-06-15T11:22:46.565,0.9515,24.47,1,0.000135,0,45,1600,,,
2026-06-15T11:22:47.077,0.9515,24.47,2,0.000134,0,45,1600,,,
2026-06-15T11:22:47.563,0.9515,24.47,1,0.000135,0,45,1600,,,
2026-06-15T11:22:48.063,0.9515,24.47,2,0.000134,0,45,1600,,,
2026-06-15T11:22:48.575,0.9516,24.47,1,0.000134,0,45,1600,,,
2026-06-15T11:22:49.062,0.9515,24.47,1,0.000134,0,45,1600,,,
2026-06-15T11:22:49.576,0.9516,24.47,2,0.000134,0,45,1600,,,
2026-06-15T11:22:50.076,0.9515,24.47,1,0.000134,0,45,1600,,,
2026-06-15T11:22:50.562,0.9515,24.47,2,0.000134,0,45,1600,,,
2026-06-15T11:22:51.076,0.9515,24.47,1,0.000133,0,45,1600,,,
2026-06-15T11:22:51.575,0.9515,24.47,1,0.000134,0,45,1600,,,
2026-06-15T11:22:52.076,0.9515,24.47,2,0.000133,0,45,1600,,,
2026-06-15T11:22:52.561,0.9516,24.47,1,0.000134,0,45,1600,,,
2026-06-15T11:22:53.063,0.9515,24.48,2,0.000135,0,45,1600,,,
2026-06-15T11:22:53.563,0.9515,24.47,1,0.000134,0,45,1600,,,
2026-06-15T11:22:54.062,0.9516,24.47,1,0.000134,0,45,1600,,,
2026-06-15T11:22:54.575,0.9515,24.47,2,0.000134,0,45,1600,,,
2026-06-15T11:22:55.073,0.9515,24.47,1,0.000134,0,45,1600,,,
2026-06-15T11:22:55.569,0.9516,24.47,2,0.000134,0,45,1600,,,
2026-06-15T11:22:56.070,0.9515,24.48,1,0.000134,0,45,1600,,,
2026-06-15T11:22:56.575,0.9515,24.48,1,0.000134,0,45,1600,,,
2026-06-15T11:22:57.074,0.9516,24.48,2,0.000134,0,45,1600,,,
2026-06-15T11:22:57.571,0.9516,24.48,1,0.000134,0,45,1600,,,
2026-06-15T11:22:58.070,0.9515,24.47,2,0.000134,0,45,1600,,,
2026-06-15T11:22:58.572,0.9515,24.47,1,0.000134,0,45,1600,,,
2026-06-15T11:22:59.068,0.9515,24.48,2,0.000134,0,45,1600,,,
2026-06-15T11:22:59.571,0.9515,24.47,1,0.000134,0,45,1600,,,
2026-06-15T11:23:00.075,0.9515,24.48,1,0.000134,0,45,1600,,,
2026-06-15T11:23:00.575,0.9516,24.48,2,0.000134,0,45,1600,,,
2026-06-15T11:23:01.075,0.9516,24.48,1,0.000135,0,45,1600,,,
2026-06-15T11:23:01.574,0.9515,24.48,1,0.000135,0,45,1600,,,
2026-06-15T11:23:02.072,0.9515,24.48,2,0.000135,0,45,1600,,,
2026-06-15T11:23:02.571,0.9515,24.48,1,0.000133,0,45,1600,,,
2026-06-15T11:23:03.069,0.9515,24.48,2,0.000134,0,45,1600,,,
2026-06-15T11:23:03.573,0.9515,24.48,1,0.000133,0,45,1600,,,
2026-06-15T11:23:04.076,0.9516,24.48,2,0.000135,0,45,1600,,,
2026-06-15T11:23:04.560,0.9515,24.48,1,0.000134,0,45,1600,,,
2026-06-15T11:23:05.075,0.9516,24.48,1,0.000134,0,45,1600,,,
2026-06-15T11:23:05.572,0.9515,24.48,2,0.000134,0,45,1600,,,
2026-06-15T11:23:06.066,0.9516,24.48,1,0.000135,0,45,1600,,,
2026-06-15T11:23:06.567,0.9515,24.48,1,0.000134,0,45,1600,,,
2026-06-15T11:23:07.066,0.9516,24.48,2,0.000134,0,45,1600,,,
2026-06-15T11:23:07.569,0.9515,24.48,1,0.000134,0,45,1600,,,
2026-06-15T11:23:08.069,0.9516,24.48,2,0.000134,0,45,1600,,,
2026-06-15T11:23:08.572,0.9516,24.48,1,0.000135,0,45,1600,,,
2026-06-15T11:23:09.075,0.9515,24.48,1,0.000135,0,45,1600,,,
2026-06-15T11:23:09.562,0.9516,24.48,2,0.000134,0,45,1600,,,
2026-06-15T11:23:10.061,0.9516,24.48,1,0.000134,0,45,1600,,,
2026-06-15T11:23:10.577,0.9516,24.48,2,0.000135,0,45,1600,,,
2026-06-15T11:23:11.066,0.9515,24.48,1,0.000134,0,45,1600,,,
2026-06-15T11:23:11.562,0.9516,24.48,2,0.000135,0,45,1600,,,
2026-06-15T11:23:12.075,0.9515,24.48,1,0.000134,0,45,1600,,,
2026-06-15T11:23:12.561,0.9515,24.48,1,0.000135,0,45,1600,,,
2026-06-15T11:23:13.075,0.9516,24.48,2,0.000133,0,45,1600,,,
2026-06-15T11:23:13.574,0.9516,24.48,1,0.000134,0,45,1600,,,
2026-06-15T11:23:14.070,0.9516,24.48,2,0.000134,0,45,1600,,,
2026-06-15T11:23:14.571,0.9516,24.48,1,0.000135,0,45,1600,,,
2026-06-15T11:23:15.073,0.9516,24.48,1,0.000134,0,45,1600,,,
2026-06-15T11:23:15.574,0.9516,24.48,2,0.000135,0,45,1600,,,
2026-06-15T11:23:16.071,0.9515,24.48,1,0.000135,0,45,1600,,,
2026-06-15T11:23:16.570,0.9516,24.48,2,0.000134,0,45,1600,,,
2026-06-15T11:23:17.070,0.9516,24.48,1,0.000135,0,45,1600,,,
2026-06-15T11:23:17.569,0.9516,24.48,1,0.000134,0,45,1600,,,
2026-06-15T11:23:18.067,0.9516,24.48,2,0.000133,0,45,1600,,,
2026-06-15T11:23:18.563,0.9516,24.48,1,0.000135,0,45,1600,,,
2026-06-15T11:23:19.060,0.9516,24.48,1,0.000134,0,45,1600,,,
2026-06-15T11:23:19.573,0.9516,24.48,2,0.000135,0,45,1600,,,
2026-06-15T11:23:20.068,0.9515,24.48,1,0.000134,0,45,1600,,,
2026-06-15T11:23:20.567,0.9516,24.49,2,0.000135,0,45,1600,,,
2026-06-15T11:23:21.065,0.9516,24.48,1,0.000134,0,45,1600,,,
2026-06-15T11:23:21.564,0.9515,24.48,1,0.000135,0,45,1600,,,
2026-06-15T11:23:22.062,0.9516,24.48,2,0.000135,0,45,1600,,,
2026-06-15T11:23:22.570,0.9516,24.48,1,0.000134,0,45,1600,,,
2026-06-15T11:23:23.069,0.9516,24.49,2,0.000134,0,45,1600,,,
2026-06-15T11:23:23.568,0.9516,24.48,1,0.000133,0,45,1600,,,
2026-06-15T11:23:24.068,0.9515,24.48,1,0.000135,0,45,1600,,,
2026-06-15T11:23:24.567,0.9516,24.48,2,0.000134,0,45,1600,,,
2026-06-15T11:23:25.065,0.9515,24.49,1,0.000135,0,45,1600,,,
2026-06-15T11:23:25.569,0.9516,24.49,2,0.000136,0,45,1600,,,
2026-06-15T11:23:26.066,0.9516,24.48,1,0.000135,0,45,1600,,,
2026-06-15T11:23:26.565,0.9516,24.49,1,0.000135,0,45,1600,,,
2026-06-15T11:23:27.063,0.9516,24.49,2,0.000134,0,45,1600,,,
2026-06-15T11:23:27.565,0.9515,24.49,1,0.000134,0,45,1600,,,
2026-06-15T11:23:28.067,0.9516,24.49,2,0.000135,0,45,1600,,,
2026-06-15T11:23:28.566,0.9516,24.49,1,0.000135,0,45,1600,,,
2026-06-15T11:23:29.065,0.9516,24.49,2,0.000135,0,45,1600,,,
2026-06-15T11:23:29.566,0.9516,24.49,1,0.000135,0,45,1600,,,
2026-06-15T11:23:30.069,0.9516,24.49,1,0.000134,0,45,1600,,,
2026-06-15T11:23:30.570,0.9516,24.49,2,0.000134,0,45,1600,,,
2026-06-15T11:23:31.073,0.9516,24.49,1,0.000135,0,45,1600,,,
2026-06-15T11:23:31.574,0.9516,24.49,2,0.000135,0,45,1600,,,
2026-06-15T11:23:32.071,0.9516,24.49,1,0.000134,0,45,1600,,,
2026-06-15T11:23:32.570,0.9516,24.49,1,0.000134,0,45,1600,,,
2026-06-15T11:23:33.064,0.9516,24.49,2,0.000135,0,45,1600,,,
2026-06-15T11:23:33.565,0.9516,24.49,1,0.000135,0,45,1600,,,
2026-06-15T11:23:34.065,0.9516,24.49,2,0.000135,0,45,1600,,,
2026-06-15T11:23:34.565,0.9516,24.49,1,0.000135,0,45,1600,,,
2026-06-15T11:23:35.065,0.9516,24.49,1,0.000134,0,45,1600,,,
2026-06-15T11:23:35.564,0.9516,24.49,2,0.000135,0,45,1600,,,
2026-06-15T11:23:36.063,0.9516,24.49,1,0.000135,0,45,1600,,,
2026-06-15T11:23:36.572,0.9516,24.49,2,0.000135,0,45,1600,,,
2026-06-15T11:23:37.072,0.9516,24.49,1,0.000134,0,45,1600,,,
2026-06-15T11:23:37.572,0.9517,24.49,1,0.000135,0,45,1600,,,
2026-06-15T11:23:38.072,0.9516,24.49,2,0.000134,0,45,1600,,,
2026-06-15T11:23:38.571,0.9515,24.49,1,0.000134,0,45,1600,,,
2026-06-15T11:23:39.072,0.9516,24.49,2,0.000135,0,45,1600,,,
2026-06-15T11:23:39.571,0.9517,24.49,1,0.000134,0,45,1600,,,
2026-06-15T11:23:40.071,0.9516,24.49,1,0.000134,0,45,1600,,,
2026-06-15T11:23:40.570,0.9516,24.49,2,0.000135,0,45,1600,,,
2026-06-15T11:23:41.072,0.9516,24.49,1,0.000134,0,45,1600,,,
2026-06-15T11:23:41.566,0.9516,24.49,2,0.000134,0,45,1600,,,
2026-06-15T11:23:42.067,0.9516,24.49,1,0.000135,0,45,1600,,,
2026-06-15T11:23:42.569,0.9516,24.49,1,0.000134,0,45,1600,,,
2026-06-15T11:23:43.065,0.9516,24.49,2,0.000133,0,45,1600,,,
2026-06-15T11:23:43.565,0.9516,24.49,1,0.000133,0,45,1600,,,
2026-06-15T11:23:44.066,0.9516,24.49,2,0.000135,0,45,1600,,,
2026-06-15T11:23:44.566,0.9516,24.49,1,0.000135,0,45,1600,,,
2026-06-15T11:23:45.066,0.9516,24.49,1,0.000134,0,45,1600,,,
2026-06-15T11:23:45.569,0.9516,24.49,2,0.000134,0,45,1600,,,
2026-06-15T11:23:46.073,0.9517,24.49,1,0.000134,0,45,1600,,,
2026-06-15T11:23:46.569,0.9516,24.49,2,0.000135,0,45,1600,,,
2026-06-15T11:23:47.072,0.9517,24.49,1,0.000135,0,45,1600,,,
2026-06-15T11:23:47.576,0.9517,24.49,1,0.000135,0,45,1600,,,
2026-06-15T11:23:48.061,0.9516,24.49,2,0.000133,0,45,1600,,,
2026-06-15T11:23:48.561,0.9517,24.49,1,0.000135,0,45,1600,,,
2026-06-15T11:23:49.075,0.9516,24.49,2,0.000135,0,45,1600,,,
2026-06-15T11:23:49.563,0.9517,24.5,1,0.000134,0,45,1600,,,
2026-06-15T11:23:50.067,0.9516,24.49,1,0.000134,0,45,1600,,,
2026-06-15T11:23:50.571,0.9516,24.49,2,0.000134,0,45,1600,,,
2026-06-15T11:23:51.075,0.9517,24.49,1,0.000133,0,45,1600,,,
2026-06-15T11:23:51.573,0.9516,24.49,2,0.000135,0,45,1600,,,
2026-06-15T11:23:52.073,0.9516,24.49,1,0.000134,0,45,1600,,,
2026-06-15T11:23:52.570,0.9517,24.49,1,0.000134,0,45,1600,,,
2026-06-15T11:23:53.067,0.9516,24.49,2,0.000134,0,45,1600,,,
2026-06-15T11:23:53.566,0.9516,24.49,1,0.000134,0,45,1600,,,
2026-06-15T11:23:54.062,0.9516,24.5,1,0.000134,0,45,1600,,,
2026-06-15T11:23:54.576,0.9516,24.49,2,0.000134,0,45,1600,,,
2026-06-15T11:23:55.062,0.9516,24.49,1,0.000134,0,45,1600,,,
2026-06-15T11:23:55.561,0.9516,24.49,2,0.000135,0,45,1600,,,
2026-06-15T11:23:56.062,0.9516,24.49,1,0.000135,0,45,1600,,,
2026-06-15T11:23:56.561,0.9516,24.49,2,0.000134,0,45,1600,,,
2026-06-15T11:23:57.075,0.9516,24.49,1,0.000134,0,45,1600,,,
2026-06-15T11:23:57.561,0.9516,24.5,1,0.000134,0,45,1600,,,
2026-06-15T11:23:58.076,0.9516,24.49,2,0.000134,0,45,1600,,,
2026-06-15T11:23:58.575,0.9517,24.5,1,0.000134,0,45,1600,,,
2026-06-15T11:23:59.070,0.9516,24.49,2,0.000134,0,45,1600,,,
2026-06-15T11:23:59.570,0.9517,24.5,1,0.000134,0,45,1600,,,
2026-06-15T11:24:00.069,0.9516,24.49,1,0.000135,0,45,1600,,,
2026-06-15T11:24:00.571,0.9516,24.49,2,0.000134,0,45,1600,,,
2026-06-15T11:24:01.074,0.9516,24.49,1,0.000134,0,45,1600,,,
2026-06-15T11:24:01.573,0.9516,24.49,2,0.000134,0,45,1600,,,
2026-06-15T11:24:02.075,0.9516,24.5,1,0.000133,0,45,1600,,,
2026-06-15T11:24:02.563,0.9517,24.49,1,0.000136,0,45,1600,,,
2026-06-15T11:24:03.062,0.9516,24.5,2,0.000135,0,45,1600,,,
2026-06-15T11:24:03.577,0.9517,24.5,1,0.000135,0,45,1600,,,
2026-06-15T11:24:04.061,0.9516,24.49,2,0.000135,0,45,1600,,,
2026-06-15T11:24:04.572,0.9517,24.5,1,0.000134,0,45,1600,,,
2026-06-15T11:24:05.075,0.9516,24.5,1,0.000134,0,45,1600,,,
2026-06-15T11:24:05.575,0.9516,24.5,2,0.000134,0,45,1600,,,
2026-06-15T11:24:06.072,0.9517,24.5,1,0.000135,0,45,1600,,,
2026-06-15T11:24:06.573,0.9516,24.5,2,0.000135,0,45,1600,,,
2026-06-15T11:24:07.061,0.9516,24.5,1,0.000134,0,45,1600,,,
2026-06-15T11:24:07.566,0.9517,24.5,2,0.000134,0,45,1600,,,
2026-06-15T11:24:08.071,0.9517,24.5,1,0.000134,0,45,1600,,,
2026-06-15T11:24:08.573,0.9517,24.5,1,0.000135,0,45,1600,,,
2026-06-15T11:24:09.076,0.9517,24.5,2,0.000134,0,45,1600,,,
2026-06-15T11:24:09.561,0.9517,24.5,1,0.000134,0,45,1600,,,
2026-06-15T11:24:10.064,0.9516,24.5,2,0.000135,0,45,1600,,,
2026-06-15T11:24:10.561,0.9516,24.5,1,0.000136,0,45,1600,,,
2026-06-15T11:24:11.063,0.9517,24.5,1,0.000135,0,45,1600,,,
2026-06-15T11:24:11.564,0.9517,24.5,2,0.000135,0,45,1600,,,
2026-06-15T11:24:12.063,0.9517,24.5,1,0.000134,0,45,1600,,,
2026-06-15T11:24:12.563,0.9517,24.5,2,0.000133,0,45,1600,,,
2026-06-15T11:24:13.061,0.9516,24.5,1,0.000135,0,45,1600,,,
2026-06-15T11:24:13.561,0.9516,24.5,1,0.000135,0,45,1600,,,
2026-06-15T11:24:14.074,0.9516,24.5,2,0.000135,0,45,1600,,,
2026-06-15T11:24:14.576,0.9517,24.5,1,0.000135,0,45,1600,,,
2026-06-15T11:24:15.072,0.9516,24.5,2,0.000135,0,45,1600,,,
2026-06-15T11:24:15.560,0.9517,24.5,1,0.000136,0,45,1600,,,
2026-06-15T11:24:16.062,0.9517,24.5,1,0.000134,0,45,1600,,,
2026-06-15T11:24:16.565,0.9517,24.5,2,0.000135,0,45,1600,,,
2026-06-15T11:24:17.066,0.9516,24.5,1,0.000134,0,45,1600,,,
2026-06-15T11:24:17.570,0.9517,24.5,2,0.000134,0,45,1600,,,
2026-06-15T11:24:18.067,0.9517,24.5,1,0.000134,0,45,1600,,,
2026-06-15T11:24:18.571,0.9517,24.5,1,0.000133,0,45,1600,,,
2026-06-15T11:24:19.071,0.9516,24.5,2,0.000134,0,45,1600,,,
2026-06-15T11:24:19.570,0.9517,24.5,1,0.000134,0,45,1600,,,
2026-06-15T11:24:20.072,0.9516,24.5,2,0.000134,0,45,1600,,,
2026-06-15T11:24:20.571,0.9518,24.5,1,0.000134,0,45,1600,,,
2026-06-15T11:24:21.071,0.9517,24.5,1,0.000134,0,45,1600,,,
2026-06-15T11:24:21.571,0.9517,24.51,2,0.000134,0,45,1600,,,
2026-06-15T11:24:22.070,0.9517,24.5,1,0.000135,0,45,1600,,,
2026-06-15T11:24:22.568,0.9516,24.51,2,0.000134,0,45,1600,,,
2026-06-15T11:24:23.065,0.9517,24.51,1,0.000134,0,45,1600,,,
2026-06-15T11:24:23.563,0.9517,24.5,1,0.000135,0,45,1600,,,
2026-06-15T11:24:24.062,0.9516,24.51,2,0.000134,0,45,1600,,,
2026-06-15T11:24:24.561,0.9517,24.51,1,0.000134,0,45,1600,,,
2026-06-15T11:24:25.077,0.9517,24.51,2,0.000134,0,45,1600,,,
2026-06-15T11:24:25.575,0.9517,24.51,1,0.000135,0,45,1600,,,
2026-06-15T11:24:26.075,0.9516,24.51,2,0.000134,0,45,1600,,,
2026-06-15T11:24:26.576,0.9517,24.51,1,0.000135,0,45,1600,,,
2026-06-15T11:24:27.073,0.9517,24.51,1,0.000135,0,45,1600,,,
2026-06-15T11:24:27.574,0.9516,24.51,2,0.000134,0,45,1600,,,
2026-06-15T11:24:28.074,0.9517,24.51,1,0.000134,0,45,1600,,,
2026-06-15T11:24:28.576,0.9516,24.51,1,0.000133,0,45,1600,,,
2026-06-15T11:24:29.074,0.9517,24.51,2,0.000134,0,45,1600,,,
2026-06-15T11:24:29.575,0.9517,24.51,1,0.000134,0,45,1600,,,
2026-06-15T11:24:30.075,0.9517,24.51,2,0.000134,0,45,1600,,,
2026-06-15T11:24:30.574,0.9517,24.51,1,0.000135,0,45,1600,,,
2026-06-15T11:24:31.068,0.9517,24.51,1,0.000135,0,45,1600,,,
2026-06-15T11:24:31.571,0.9517,24.51,2,0.000134,0,45,1600,,,
2026-06-15T11:24:32.073,0.9517,24.51,1,0.000134,0,45,1600,,,
2026-06-15T11:24:32.562,0.9517,24.51,1,0.000134,0,45,1600,,,
2026-06-15T11:24:33.076,0.9517,24.51,2,0.000133,0,45,1600,,,
2026-06-15T11:24:33.576,0.9517,24.51,1,0.000134,0,45,1600,,,
2026-06-15T11:24:34.076,0.9517,24.51,2,0.000135,0,45,1600,,,
2026-06-15T11:24:34.564,0.9517,24.51,1,0.000134,0,45,1600,,,
2026-06-15T11:24:35.065,0.9517,24.51,2,0.000135,0,45,1600,,,
2026-06-15T11:24:35.564,0.9518,24.51,1,0.000134,0,45,1600,,,
2026-06-15T11:24:36.065,0.9517,24.51,1,0.000133,0,45,1600,,,
2026-06-15T11:24:36.568,0.9516,24.51,2,0.000134,0,45,1600,,,
2026-06-15T11:24:37.067,0.9517,24.51,1,0.000135,0,45,1600,,,
2026-06-15T11:24:37.565,0.9516,24.51,2,0.000136,0,45,1600,,,
2026-06-15T11:24:38.065,0.9516,24.51,1,0.000135,0,45,1600,,,
2026-06-15T11:24:38.567,0.9517,24.51,1,0.000135,0,45,1600,,,
2026-06-15T11:24:39.065,0.9517,24.51,2,0.000135,0,45,1600,,,
2026-06-15T11:24:39.575,0.9517,24.51,1,0.000134,0,45,1600,,,
2026-06-15T11:24:40.063,0.9517,24.51,2,0.000135,0,45,1600,,,
2026-06-15T11:24:40.561,0.9517,24.51,1,0.000134,0,45,1600,,,
2026-06-15T11:24:41.073,0.9517,24.51,1,0.000133,0,45,1600,,,
2026-06-15T11:24:41.572,0.9517,24.51,2,0.000134,0,45,1600,,,
2026-06-15T11:24:42.069,0.9517,24.51,1,0.000134,0,45,1600,,,
2026-06-15T11:24:42.568,0.9516,24.51,2,0.000135,0,45,1600,,,
2026-06-15T11:24:43.068,0.9517,24.51,1,0.000134,0,45,1600,,,
2026-06-15T11:24:43.569,0.9517,24.51,1,0.000135,0,45,1600,,,
2026-06-15T11:24:44.067,0.9517,24.51,2,0.000135,0,45,1600,,,
2026-06-15T11:24:44.565,0.9517,24.52,1,0.000135,0,45,1600,,,
2026-06-15T11:24:45.064,0.9517,24.51,2,0.000135,0,45,1600,,,
2026-06-15T11:24:45.563,0.9517,24.51,1,0.000133,0,45,1600,,,
2026-06-15T11:24:46.074,0.9517,24.51,1,0.000135,0,45,1600,,,
2026-06-15T11:24:46.571,0.9516,24.51,2,0.000134,0,45,1600,,,
2026-06-15T11:24:47.070,0.9518,24.51,1,0.000134,0,45,1600,,,
2026-06-15T11:24:47.568,0.9517,24.51,2,0.000135,0,45,1600,,,
2026-06-15T11:24:48.067,0.9517,24.51,1,0.000135,0,45,1600,,,
2026-06-15T11:24:48.572,0.9516,24.51,1,0.000134,0,45,1600,,,
2026-06-15T11:24:49.073,0.9517,24.52,2,0.000135,0,45,1600,,,
2026-06-15T11:24:49.572,0.9517,24.52,1,0.000134,0,45,1600,,,
2026-06-15T11:24:50.073,0.9517,24.51,2,0.000134,0,45,1600,,,
2026-06-15T11:24:50.561,0.9517,24.51,1,0.000135,0,45,1600,,,
2026-06-15T11:24:51.074,0.9518,24.51,1,0.000135,0,45,1600,,,
2026-06-15T11:24:51.573,0.9517,24.51,2,0.000134,0,45,1600,,,
2026-06-15T11:24:52.069,0.9517,24.52,1,0.000135,0,45,1600,,,
2026-06-15T11:24:52.571,0.9516,24.52,2,0.000136,0,45,1600,,,
2026-06-15T11:24:53.070,0.9517,24.52,1,0.000134,0,45,1600,,,
2026-06-15T11:24:53.569,0.9517,24.51,1,0.000135,0,45,1600,,,
2026-06-15T11:24:54.068,0.9517,24.52,2,0.000134,0,45,1600,,,
2026-06-15T11:24:54.568,0.9517,24.52,1,0.000136,0,45,1600,,,
2026-06-15T11:24:55.066,0.9517,24.52,1,0.000135,0,45,1600,,,
2026-06-15T11:24:55.569,0.9517,24.52,2,0.000134,0,45,1600,,,
2026-06-15T11:24:56.070,0.9518,24.52,1,0.000136,0,45,1600,,,
2026-06-15T11:24:56.571,0.9517,24.52,2,0.000135,0,45,1600,,,
2026-06-15T11:24:57.068,0.9517,24.52,1,0.000135,0,45,1600,,,
2026-06-15T11:24:57.569,0.9517,24.52,2,0.000135,0,45,1600,,,
2026-06-15T11:24:58.063,0.9516,24.52,1,0.000134,0,45,1600,,,
2026-06-15T11:24:58.570,0.9517,24.52,1,0.000137,0,45,1600,,,
2026-06-15T11:24:59.065,0.9517,24.52,2,0.000135,0,45,1600,,,
2026-06-15T11:24:59.564,0.9517,24.52,1,0.000136,0,45,1600,,,
2026-06-15T11:25:00.075,0.9517,24.52,1,0.000135,0,45,1600,,,
2026-06-15T11:25:00.577,0.9518,24.52,2,0.000135,0,45,1600,,,
2026-06-15T11:25:01.074,0.9517,24.52,1,0.000135,0,45,1600,,,
2026-06-15T11:25:01.573,0.9517,24.52,2,0.000135,0,45,1600,,,
2026-06-15T11:25:02.062,0.9517,24.52,1,0.000135,0,45,1600,,,
2026-06-15T11:25:02.565,0.9517,24.52,1,0.000134,0,45,1600,,,
2026-06-15T11:25:03.067,0.9517,24.52,2,0.000135,0,45,1600,,,
2026-06-15T11:25:03.566,0.9517,24.52,1,0.000135,0,45,1600,,,
2026-06-15T11:25:04.063,0.9517,24.52,2,0.000134,0,45,1600,,,
2026-06-15T11:25:04.577,0.9516,24.52,1,0.000135,0,45,1600,,,
2026-06-15T11:25:05.062,0.9518,24.52,1,0.000134,0,45,1600,,,
2026-06-15T11:25:05.562,0.9517,24.52,2,0.000136,0,45,1600,,,
2026-06-15T11:25:06.063,0.9517,24.52,1,0.000135,0,45,1600,,,
2026-06-15T11:25:06.568,0.9517,24.52,2,0.000136,0,45,1600,,,
2026-06-15T11:25:07.068,0.9518,24.52,1,0.000135,0,45,1600,,,
2026-06-15T11:25:07.573,0.9518,24.52,1,0.000135,0,45,1600,,,
2026-06-15T11:25:08.073,0.9517,24.52,2,0.000136,0,45,1600,,,
2026-06-15T11:25:08.571,0.9517,24.52,1,0.000136,0,45,1600,,,
2026-06-15T11:25:09.071,0.9516,24.52,2,0.000136,0,45,1600,,,
2026-06-15T11:25:09.575,0.9516,24.52,1,0.000135,0,45,1600,,,
2026-06-15T11:25:10.062,0.9517,24.53,1,0.000135,0,45,1600,,,
2026-06-15T11:25:10.563,0.9517,24.52,2,0.000135,0,45,1600,,,
2026-06-15T11:25:11.069,0.9517,24.52,1,0.000134,0,45,1600,,,
2026-06-15T11:25:11.572,0.9517,24.52,2,0.000135,0,45,1600,,,
2026-06-15T11:25:12.062,0.9517,24.52,1,0.000136,0,45,1600,,,
2026-06-15T11:25:12.565,0.9516,24.52,1,0.000135,0,45,1600,,,
2026-06-15T11:25:13.067,0.9517,24.52,2,0.000135,0,45,1600,,,
2026-06-15T11:25:13.570,0.9518,24.52,1,0.000135,0,45,1600,,,
2026-06-15T11:25:14.070,0.9517,24.52,2,0.000135,0,45,1600,,,
2026-06-15T11:25:14.573,0.9517,24.52,1,0.000135,0,45,1600,,,
2026-06-15T11:25:15.076,0.9518,24.52,1,0.000135,0,45,1600,,,
2026-06-15T11:25:15.562,0.9517,24.52,2,0.000135,0,45,1600,,,
2026-06-15T11:25:16.060,0.9518,24.53,1,0.000134,0,45,1600,,,
2026-06-15T11:25:16.562,0.9517,24.53,2,0.000135,0,45,1600,,,
2026-06-15T11:25:17.075,0.9517,24.53,1,0.000135,0,45,1600,,,
2026-06-15T11:25:17.575,0.9517,24.53,2,0.000135,0,45,1600,,,
2026-06-15T11:25:18.076,0.9518,24.53,1,0.000134,0,45,1600,,,
2026-06-15T11:25:18.561,0.9517,24.53,1,0.000135,0,45,1600,,,
2026-06-15T11:25:19.062,0.9516,24.53,2,0.000135,0,45,1600,,,
2026-06-15T11:25:19.562,0.9517,24.53,1,0.000134,0,45,1600,,,
2026-06-15T11:25:20.076,0.9517,24.53,2,0.000136,0,45,1600,,,
2026-06-15T11:25:20.562,0.9517,24.53,1,0.000135,0,45,1600,,,
2026-06-15T11:25:21.065,0.9518,24.53,1,0.000135,0,45,1600,,,
2026-06-15T11:25:21.569,0.9517,24.53,2,0.000136,0,45,1600,,,
2026-06-15T11:25:22.067,0.9517,24.53,1,0.000135,0,45,1600,,,
2026-06-15T11:25:22.567,0.9517,24.53,2,0.000134,0,45,1600,,,
2026-06-15T11:25:23.062,0.9518,24.53,1,0.000135,0,45,1600,,,
2026-06-15T11:25:23.577,0.9516,24.53,1,0.000136,0,45,1600,,,
2026-06-15T11:25:24.076,0.9517,24.53,2,0.000134,0,45,1600,,,
2026-06-15T11:25:24.574,0.9517,24.53,1,0.000134,0,45,1600,,,
2026-06-15T11:25:25.072,0.9517,24.53,1,0.000135,0,45,1600,,,
2026-06-15T11:25:25.571,0.9517,24.53,2,0.000134,0,45,1600,,,
2026-06-15T11:25:26.070,0.9518,24.53,1,0.000135,0,45,1600,,,
2026-06-15T11:25:26.571,0.9517,24.53,2,0.000135,0,45,1600,,,
2026-06-15T11:25:27.066,0.9518,24.53,1,0.000134,0,45,1600,,,
2026-06-15T11:25:27.569,0.9517,24.53,2,0.000135,0,45,1600,,,
2026-06-15T11:25:28.069,0.9518,24.53,1,0.000135,0,45,1600,,,
2026-06-15T11:25:28.568,0.9517,24.53,1,0.000135,0,45,1600,,,
2026-06-15T11:25:29.066,0.9517,24.53,2,0.000136,0,45,1600,,,
2026-06-15T11:25:29.566,0.9518,24.53,1,0.000135,0,45,1600,,,
2026-06-15T11:25:30.067,0.9518,24.53,2,0.000135,0,45,1600,,,
2026-06-15T11:25:30.564,0.9518,24.53,1,0.000133,0,45,1600,,,
2026-06-15T11:25:31.064,0.9518,24.53,1,0.000135,0,45,1600,,,
2026-06-15T11:25:31.564,0.9517,24.53,2,0.000135,0,45,1600,,,
2026-06-15T11:25:32.069,0.9518,24.53,1,0.000135,0,45,1600,,,
2026-06-15T11:25:32.571,0.9517,24.53,2,0.000135,0,45,1600,,,
2026-06-15T11:25:33.074,0.9518,24.53,1,0.000135,0,45,1600,,,
2026-06-15T11:25:33.572,0.9517,24.53,1,0.000135,0,45,1600,,,
2026-06-15T11:25:34.071,0.9517,24.53,2,0.000135,0,45,1600,,,
2026-06-15T11:25:34.572,0.9517,24.53,1,0.000135,0,45,1600,,,
2026-06-15T11:25:35.072,0.9517,24.53,2,0.000135,0,45,1600,,,
2026-06-15T11:25:35.569,0.9517,24.53,1,0.000135,0,45,1600,,,
2026-06-15T11:25:36.067,0.9517,24.53,2,0.000135,0,45,1600,,,
2026-06-15T11:25:36.565,0.9517,24.54,1,0.000135,0,45,1600,,,
2026-06-15T11:25:37.065,0.9517,24.54,1,0.000135,0,45,1600,,,
2026-06-15T11:25:37.565,0.9517,24.54,2,0.000134,0,45,1600,,,
2026-06-15T11:25:38.069,0.9518,24.54,1,0.000134,0,45,1600,,,
2026-06-15T11:25:38.571,0.9518,24.54,2,0.000135,0,45,1600,,,
2026-06-15T11:25:39.074,0.9518,24.53,1,0.000134,0,45,1600,,,
2026-06-15T11:25:39.575,0.9517,24.53,1,0.000134,0,45,1600,,,
2026-06-15T11:25:40.075,0.9518,24.54,2,0.000136,0,45,1600,,,
2026-06-15T11:25:40.573,0.9517,24.54,1,0.000135,0,45,1600,,,
2026-06-15T11:25:41.074,0.9517,24.54,2,0.000135,0,45,1600,,,
2026-06-15T11:25:41.573,0.9517,24.53,1,0.000135,0,45,1600,,,
2026-06-15T11:25:42.076,0.9517,24.53,1,0.000134,0,45,1600,,,
2026-06-15T11:25:42.562,0.9517,24.54,2,0.000135,0,45,1600,,,
2026-06-15T11:25:43.064,0.9517,24.54,1,0.000135,0,45,1600,,,
2026-06-15T11:25:43.562,0.9517,24.54,2,0.000134,0,45,1600,,,
2026-06-15T11:25:44.076,0.9518,24.53,1,0.000135,0,45,1600,,,
2026-06-15T11:25:44.564,0.9517,24.54,1,0.000135,0,45,1600,,,
2026-06-15T11:25:45.064,0.9517,24.54,2,0.000135,0,45,1600,,,
2026-06-15T11:25:45.576,0.9517,24.53,1,0.000135,0,45,1600,,,
2026-06-15T11:25:46.073,0.9517,24.54,2,0.000136,0,45,1600,,,
2026-06-15T11:25:46.571,0.9517,24.54,1,0.000135,0,45,1600,,,
2026-06-15T11:25:47.068,0.9516,24.53,1,0.000135,0,45,1600,,,
2026-06-15T11:25:47.567,0.9517,24.54,2,0.000136,0,45,1600,,,
2026-06-15T11:25:48.064,0.9518,24.54,1,0.000135,0,45,1600,,,
2026-06-15T11:25:48.564,0.9517,24.54,2,0.000134,0,45,1600,,,
2026-06-15T11:25:49.063,0.9517,24.54,1,0.000136,0,45,1600,,,
2026-06-15T11:25:49.576,0.9517,24.54,1,0.000135,0,45,1600,,,
2026-06-15T11:25:50.063,0.9517,24.54,2,0.000135,0,45,1600,,,
2026-06-15T11:25:50.576,0.9517,24.54,1,0.000135,0,45,1600,,,
2026-06-15T11:25:51.062,0.9516,24.54,2,0.000135,0,45,1600,,,
2026-06-15T11:25:51.563,0.9516,24.54,1,0.000135,0,45,1600,,,
2026-06-15T11:25:52.066,0.9516,24.54,1,0.000135,0,45,1600,,,
2026-06-15T11:25:52.564,0.9516,24.54,2,0.000136,0,45,1600,,,
2026-06-15T11:25:53.068,0.9516,24.54,1,0.000134,0,45,1600,,,
2026-06-15T11:25:53.566,0.9517,24.54,2,0.000135,0,45,1600,,,
2026-06-15T11:25:54.065,0.9516,24.54,1,0.000135,0,45,1600,,,
2026-06-15T11:25:54.564,0.9516,24.54,1,0.000135,0,45,1600,,,
2026-06-15T11:25:55.069,0.9516,24.54,2,0.000136,0,45,1600,,,
2026-06-15T11:25:55.571,0.9516,24.54,1,0.000135,0,45,1600,,,
2026-06-15T11:25:56.072,0.9516,24.54,2,0.000136,0,45,1600,,,
2026-06-15T11:25:56.573,0.9517,24.54,1,0.000136,0,45,1600,,,
2026-06-15T11:25:57.070,0.9517,24.54,1,0.000136,0,45,1600,,,
2026-06-15T11:25:57.561,0.9517,24.54,2,0.000136,0,45,1600,,,
2026-06-15T11:25:58.064,0.9517,24.54,1,0.000135,0,45,1600,,,
2026-06-15T11:25:58.563,0.9517,24.54,2,0.000135,0,45,1600,,,
2026-06-15T11:25:59.063,0.9517,24.54,1,0.000136,0,45,1600,,,
2026-06-15T11:25:59.563,0.9516,24.54,1,0.000135,0,45,1600,,,
2026-06-15T11:26:00.064,0.9516,24.54,2,0.000135,0,45,1600,,,
2026-06-15T11:26:00.562,0.9516,24.54,1,0.000135,0,45,1600,,,
2026-06-15T11:26:01.062,0.9516,24.54,2,0.000135,0,45,1600,,,
2026-06-15T11:26:01.570,0.9516,24.54,1,0.000135,0,45,1600,,,
2026-06-15T11:26:02.069,0.9516,24.54,2,0.000135,0,45,1600,,,
2026-06-15T11:26:02.568,0.9516,24.54,1,0.000136,0,45,1600,,,
2026-06-15T11:26:03.067,0.9516,24.54,1,0.000136,0,45,1600,,,
2026-06-15T11:26:03.567,0.9516,24.54,2,0.000134,0,45,1600,,,
2026-06-15T11:26:04.066,0.9517,24.54,1,0.000135,0,45,1600,,,
2026-06-15T11:26:04.562,0.9516,24.54,2,0.000135,0,45,1600,,,
2026-06-15T11:26:05.063,0.9516,24.54,1,0.000135,0,45,1600,,,
2026-06-15T11:26:05.561,0.9517,24.54,1,0.000135,0,45,1600,,,
2026-06-15T11:26:06.077,0.9517,24.54,2,0.000135,0,45,1600,,,
2026-06-15T11:26:06.573,0.9517,24.54,1,0.000135,0,45,1600,,,
2026-06-15T11:26:07.076,0.9516,24.54,2,0.000135,0,45,1600,,,
2026-06-15T11:26:07.576,0.9517,24.54,1,0.000136,0,45,1600,,,
2026-06-15T11:26:08.063,0.9517,24.54,1,0.000134,0,45,1600,,,
2026-06-15T11:26:08.565,0.9516,24.54,2,0.000136,0,45,1600,,,
2026-06-15T11:26:09.064,0.9517,24.54,1,0.000135,0,45,1600,,,
2026-06-15T11:26:09.577,0.9516,24.54,2,0.000136,0,45,1600,,,
2026-06-15T11:26:10.064,0.9516,24.54,1,0.000136,0,45,1600,,,
2026-06-15T11:26:10.565,0.9516,24.54,1,0.000135,0,45,1600,,,
2026-06-15T11:26:11.064,0.9516,24.54,2,0.000135,0,45,1600,,,
2026-06-15T11:26:11.564,0.9517,24.54,1,0.000134,0,45,1600,,,
2026-06-15T11:26:12.075,0.9516,24.54,1,0.000135,0,45,1600,,,
2026-06-15T11:26:12.561,0.9516,24.54,2,0.000135,0,45,1600,,,
2026-06-15T11:26:13.075,0.9516,24.54,1,0.000135,0,45,1600,,,
2026-06-15T11:26:13.574,0.9516,24.54,2,0.000136,0,45,1600,,,
2026-06-15T11:26:14.072,0.9516,24.54,1,0.000135,0,45,1600,,,
2026-06-15T11:26:14.573,0.9516,24.54,1,0.000136,0,45,1600,,,
2026-06-15T11:26:15.070,0.9516,24.54,2,0.000136,0,45,1600,,,
2026-06-15T11:26:15.564,0.9516,24.54,1,0.000135,0,45,1600,,,
2026-06-15T11:26:16.063,0.9516,24.54,2,0.000135,0,45,1600,,,
2026-06-15T11:26:16.564,0.9516,24.54,1,0.000134,0,45,1600,,,
2026-06-15T11:26:17.076,0.9516,24.54,2,0.000134,0,45,1600,,,
2026-06-15T11:26:17.561,0.9516,24.54,1,0.000135,0,45,1600,,,
2026-06-15T11:26:18.062,0.9516,24.54,1,0.000135,0,45,1600,,,
2026-06-15T11:26:18.563,0.9516,24.54,2,0.000135,0,45,1600,,,
2026-06-15T11:26:19.061,0.9516,24.54,1,0.000136,0,45,1600,,,
2026-06-15T11:26:19.563,0.9516,24.54,2,0.000135,0,45,1600,,,
2026-06-15T11:26:20.061,0.9516,24.54,1,0.000136,0,45,1600,,,
2026-06-15T11:26:20.561,0.9516,24.54,1,0.000136,0,45,1600,,,
2026-06-15T11:26:21.076,0.9516,24.54,2,0.000135,0,45,1600,,,
2026-06-15T11:26:21.575,0.9517,24.54,1,0.000136,0,45,1600,,,
2026-06-15T11:26:22.076,0.9516,24.54,2,0.000135,0,45,1600,,,
2026-06-15T11:26:22.563,0.9517,24.54,1,0.000136,0,45,1600,,,
2026-06-15T11:26:23.063,0.9516,24.54,1,0.000136,0,45,1600,,,
2026-06-15T11:26:23.562,0.9517,24.54,2,0.000135,0,45,1600,,,
2026-06-15T11:26:24.075,0.9516,24.54,1,0.000135,0,45,1600,,,
2026-06-15T11:26:24.576,0.9516,24.54,2,0.000135,0,45,1600,,,
2026-06-15T11:26:25.077,0.9516,24.54,1,0.000135,0,45,1600,,,
2026-06-15T11:26:25.561,0.9516,24.54,1,0.000135,0,45,1600,,,
2026-06-15T11:26:26.062,0.9516,24.54,2,0.000135,0,45,1600,,,
2026-06-15T11:26:26.561,0.9516,24.54,1,0.000135,0,45,1600,,,
2026-06-15T11:26:27.077,0.9516,24.54,2,0.000135,0,45,1600,,,
2026-06-15T11:26:27.564,0.9517,24.54,1,0.000135,0,45,1600,,,
2026-06-15T11:26:28.061,0.9516,24.54,1,0.000135,0,45,1600,,,
2026-06-15T11:26:28.564,0.9516,24.54,2,0.000136,0,45,1600,,,
2026-06-15T11:26:29.060,0.9516,24.54,1,0.000135,0,45,1600,,,
2026-06-15T11:26:29.575,0.9516,24.54,2,0.000136,0,45,1600,,,
2026-06-15T11:26:30.072,0.9516,24.54,1,0.000136,0,45,1600,,,
2026-06-15T11:26:30.574,0.9516,24.54,1,0.000135,0,45,1600,,,
2026-06-15T11:26:31.069,0.9516,24.54,2,0.000136,0,45,1600,,,
2026-06-15T11:26:31.566,0.9516,24.54,1,0.000136,0,45,1600,,,
2026-06-15T11:26:32.068,0.9516,24.54,2,0.000135,0,45,1600,,,
2026-06-15T11:26:32.565,0.9516,24.54,1,0.000136,0,45,1600,,,
2026-06-15T11:26:33.076,0.9516,24.54,2,0.000135,0,45,1600,,,
2026-06-15T11:26:33.572,0.9516,24.54,1,0.000135,0,45,1600,,,
2026-06-15T11:26:34.072,0.9517,24.54,1,0.000134,0,45,1600,,,
2026-06-15T11:26:34.570,0.9516,24.54,2,0.000135,0,45,1600,,,
2026-06-15T11:26:35.069,0.9516,24.54,1,0.000134,0,45,1600,,,
2026-06-15T11:26:35.572,0.9516,24.54,2,0.000136,0,45,1600,,,
2026-06-15T11:26:36.061,0.9516,24.54,1,0.000135,0,45,1600,,,
2026-06-15T11:26:36.563,0.9517,24.54,1,0.000135,0,45,1600,,,
2026-06-15T11:26:37.075,0.9516,24.54,2,0.000135,0,45,1600,,,
2026-06-15T11:26:37.574,0.9516,24.54,1,0.000135,0,45,1600,,,
2026-06-15T11:26:38.071,0.9516,24.54,1,0.000133,0,45,1600,,,
2026-06-15T11:26:38.572,0.9516,24.54,2,0.000135,0,45,1600,,,
2026-06-15T11:26:39.068,0.9517,24.54,1,0.000135,0,45,1600,,,
2026-06-15T11:26:39.569,0.9516,24.54,2,0.000135,0,45,1600,,,
2026-06-15T11:26:40.071,0.9516,24.54,1,0.000135,0,45,1600,,,
2026-06-15T11:26:40.574,0.9516,24.54,2,0.000134,0,45,1600,,,
2026-06-15T11:26:41.062,0.9517,24.54,1,0.000135,0,45,1600,,,
2026-06-15T11:26:41.560,0.9515,24.54,1,0.000136,0,45,1600,,,
2026-06-15T11:26:42.066,0.9516,24.54,2,0.000136,0,45,1600,,,
2026-06-15T11:26:42.564,0.9516,24.54,1,0.000135,0,45,1600,,,
2026-06-15T11:26:43.064,0.9516,24.54,1,0.000135,0,45,1600,,,
2026-06-15T11:26:43.563,0.9516,24.54,2,0.000136,0,45,1600,,,
2026-06-15T11:26:44.062,0.9516,24.54,1,0.000135,0,45,1600,,,
2026-06-15T11:26:44.564,0.9516,24.54,2,0.000135,0,45,1600,,,
2026-06-15T11:26:45.066,0.9517,24.54,1,0.000135,0,45,1600,,,
2026-06-15T11:26:45.566,0.9517,24.54,1,0.000136,0,45,1600,,,
2026-06-15T11:26:46.067,0.9516,24.54,2,0.000135,0,45,1600,,,
2026-06-15T11:26:46.568,0.9516,24.54,1,0.000135,0,45,1600,,,
2026-06-15T11:26:47.071,0.9516,24.54,2,0.000135,0,45,1600,,,
2026-06-15T11:26:47.569,0.9516,24.54,1,0.000134,0,45,1600,,,
2026-06-15T11:26:48.068,0.9516,24.54,1,0.000135,0,45,1600,,,
2026-06-15T11:26:48.567,0.9516,24.54,2,0.000136,0,45,1600,,,
2026-06-15T11:26:49.067,0.9515,24.54,1,0.000136,0,45,1600,,,
2026-06-15T11:26:49.565,0.9516,24.54,2,0.000134,0,45,1600,,,
2026-06-15T11:26:50.066,0.9516,24.54,1,0.000136,0,45,1600,,,
2026-06-15T11:26:50.566,0.9516,24.54,1,0.000135,0,45,1600,,,
2026-06-15T11:26:51.068,0.9516,24.54,2,0.000134,0,45,1600,,,
2026-06-15T11:26:51.574,0.9516,24.54,1,0.000135,0,45,1600,,,
2026-06-15T11:26:52.063,0.9516,24.54,2,0.000135,0,45,1600,,,
2026-06-15T11:26:52.566,0.9516,24.54,1,0.000135,0,45,1600,,,
2026-06-15T11:26:53.065,0.9516,24.54,1,0.000135,0,45,1600,,,
2026-06-15T11:26:53.563,0.9516,24.54,2,0.000136,0,45,1600,,,
2026-06-15T11:26:54.062,0.9516,24.54,1,0.000135,0,45,1600,,,
2026-06-15T11:26:54.575,0.9516,24.54,2,0.000135,0,45,1600,,,
2026-06-15T11:26:55.076,0.9516,24.54,1,0.000135,0,45,1600,,,
2026-06-15T11:26:55.561,0.9516,24.54,1,0.000135,0,45,1600,,,
2026-06-15T11:26:56.072,0.9516,24.54,2,0.000135,0,45,1600,,,
2026-06-15T11:26:56.573,0.9516,24.54,1,0.000135,0,45,1600,,,
2026-06-15T11:26:57.071,0.9516,24.54,2,0.000135,0,45,1600,,,
2026-06-15T11:26:57.570,0.9516,24.54,1,0.000135,0,45,1600,,,
2026-06-15T11:26:58.069,0.9516,24.54,1,0.000134,0,45,1600,,,
2026-06-15T11:26:58.572,0.9516,24.54,2,0.000135,0,45,1600,,,
2026-06-15T11:26:59.071,0.9516,24.54,1,0.000134,0,45,1600,,,
2026-06-15T11:26:59.569,0.9516,24.54,2,0.000135,0,45,1600,,,
2026-06-15T11:27:00.065,0.9516,24.54,1,0.000134,0,45,1600,,,
2026-06-15T11:27:00.562,0.9517,24.54,1,0.000136,0,45,1600,,,
2026-06-15T11:27:01.064,0.9516,24.54,2,0.000134,0,45,1600,,,
2026-06-15T11:27:01.564,0.9515,24.54,1,0.000134,0,45,1600,,,
2026-06-15T11:27:02.069,0.9516,24.54,2,0.000135,0,45,1600,,,
2026-06-15T11:27:02.568,0.9516,24.54,1,0.000135,0,45,1600,,,
2026-06-15T11:27:03.070,0.9516,24.54,1,0.000136,0,45,1600,,,
2026-06-15T11:27:03.570,0.9516,24.54,2,0.000135,0,45,1600,,,
2026-06-15T11:27:04.069,0.9516,24.54,1,0.000135,0,45,1600,,,
2026-06-15T11:27:04.569,0.9516,24.54,2,0.000137,0,45,1600,,,
2026-06-15T11:27:05.067,0.9515,24.54,1,0.000135,0,45,1600,,,
2026-06-15T11:27:05.564,0.9517,24.54,1,0.000135,0,45,1600,,,
2026-06-15T11:27:06.065,0.9516,24.54,2,0.000135,0,45,1600,,,
2026-06-15T11:27:06.565,0.9516,24.54,1,0.000135,0,45,1600,,,
2026-06-15T11:27:07.066,0.9516,24.54,2,0.000134,0,45,1600,,,
2026-06-15T11:27:07.567,0.9515,24.54,1,0.000135,0,45,1600,,,
2026-06-15T11:27:08.065,0.9516,24.54,1,0.000135,0,45,1600,,,
2026-06-15T11:27:08.564,0.9515,24.54,2,0.000135,0,45,1600,,,
2026-06-15T11:27:09.062,0.9515,24.54,1,0.000135,0,45,1600,,,
2026-06-15T11:27:09.563,0.9515,24.54,2,0.000134,0,45,1600,,,
2026-06-15T11:27:10.062,0.9515,24.54,1,0.000136,0,45,1600,,,
2026-06-15T11:27:10.561,0.9515,24.54,1,0.000135,0,45,1600,,,
2026-06-15T11:27:11.075,0.9516,24.54,2,0.000135,0,45,1600,,,
2026-06-15T11:27:11.560,0.9515,24.54,1,0.000134,0,45,1600,,,
2026-06-15T11:27:12.075,0.9515,24.54,2,0.000135,0,45,1600,,,
2026-06-15T11:27:12.575,0.9515,24.54,1,0.000135,0,45,1600,,,
2026-06-15T11:27:13.074,0.9516,24.54,1,0.000136,0,45,1600,,,
2026-06-15T11:27:13.574,0.9516,24.54,2,0.000135,0,45,1600,,,
2026-06-15T11:27:14.075,0.9515,24.54,1,0.000136,0,45,1600,,,
2026-06-15T11:27:14.562,0.9516,24.54,2,0.000135,0,45,1600,,,
2026-06-15T11:27:15.076,0.9516,24.54,1,0.000136,0,45,1600,,,
2026-06-15T11:27:15.574,0.9516,24.54,1,0.000135,0,45,1600,,,
2026-06-15T11:27:16.074,0.9516,24.54,2,0.000135,0,45,1600,,,
2026-06-15T11:27:16.562,0.9515,24.54,1,0.000135,0,45,1600,,,
2026-06-15T11:27:17.064,0.9516,24.54,2,0.000135,0,45,1600,,,
2026-06-15T11:27:17.565,0.9516,24.54,1,0.000135,0,45,1600,,,
2026-06-15T11:27:18.065,0.9515,24.54,1,0.000135,0,45,1600,,,
2026-06-15T11:27:18.568,0.9516,24.54,2,0.000134,0,45,1600,,,
2026-06-15T11:27:19.068,0.9516,24.54,1,0.000135,0,45,1600,,,
2026-06-15T11:27:19.570,0.9516,24.54,2,0.000135,0,45,1600,,,
2026-06-15T11:27:20.071,0.9516,24.54,1,0.000134,0,45,1600,,,
2026-06-15T11:27:20.568,0.9516,24.54,1,0.000135,0,45,1600,,,
2026-06-15T11:27:21.070,0.9516,24.54,2,0.000135,0,45,1600,,,
2026-06-15T11:27:21.569,0.9515,24.54,1,0.000134,0,45,1600,,,
2026-06-15T11:27:22.068,0.9516,24.54,2,0.000136,0,45,1600,,,
2026-06-15T11:27:22.567,0.9516,24.54,1,0.000135,0,45,1600,,,
2026-06-15T11:27:23.066,0.9516,24.54,1,0.000134,0,45,1600,,,
2026-06-15T11:27:23.567,0.9516,24.54,2,0.000136,0,45,1600,,,
2026-06-15T11:27:24.068,0.9516,24.54,1,0.000135,0,45,1600,,,
2026-06-15T11:27:24.568,0.9516,24.54,2,0.000134,0,45,1600,,,
2026-06-15T11:27:25.067,0.9515,24.54,1,0.000135,0,45,1600,,,
2026-06-15T11:27:25.566,0.9515,24.54,1,0.000134,0,45,1600,,,
2026-06-15T11:27:26.068,0.9516,24.54,2,0.000135,0,45,1600,,,
2026-06-15T11:27:26.564,0.9516,24.54,1,0.000134,0,45,1600,,,
2026-06-15T11:27:27.063,0.9516,24.54,2,0.000135,0,45,1600,,,
2026-06-15T11:27:27.576,0.9516,24.54,1,0.000135,0,45,1600,,,
2026-06-15T11:27:28.061,0.9515,24.54,1,0.000135,0,45,1600,,,
2026-06-15T11:27:28.563,0.9515,24.54,2,0.000134,0,45,1600,,,
2026-06-15T11:27:29.065,0.9515,24.54,1,0.000134,0,45,1600,,,
2026-06-15T11:27:29.565,0.9515,24.54,1,0.000135,0,45,1600,,,
2026-06-15T11:27:30.065,0.9515,24.54,2,0.000135,0,45,1600,,,
2026-06-15T11:27:30.567,0.9515,24.54,1,0.000135,0,45,1600,,,
2026-06-15T11:27:31.066,0.9515,24.54,2,0.000136,0,45,1600,,,
2026-06-15T11:27:31.567,0.9515,24.54,1,0.000135,0,45,1600,,,
2026-06-15T11:27:32.067,0.9515,24.54,2,0.000136,0,45,1600,,,
2026-06-15T11:27:32.569,0.9515,24.54,1,0.000135,0,45,1600,,,
2026-06-15T11:27:33.071,0.9516,24.54,1,0.000134,0,45,1600,,,
2026-06-15T11:27:33.576,0.9515,24.54,2,0.000136,0,45,1600,,,
2026-06-15T11:27:34.075,0.9514,24.54,1,0.000134,0,45,1600,,,
2026-06-15T11:27:34.575,0.9516,24.54,2,0.000135,0,45,1600,,,
2026-06-15T11:27:35.075,0.9516,24.54,1,0.000135,0,45,1600,,,
2026-06-15T11:27:35.576,0.9515,24.54,1,0.000135,0,45,1600,,,
2026-06-15T11:27:36.072,0.9516,24.54,2,0.000136,0,45,1600,,,
2026-06-15T11:27:36.569,0.9515,24.54,1,0.000135,0,45,1600,,,
2026-06-15T11:27:37.068,0.9515,24.54,2,0.000135,0,45,1600,,,
2026-06-15T11:27:37.568,0.9515,24.54,1,0.000136,0,45,1600,,,
2026-06-15T11:27:38.065,0.9515,24.54,1,0.000136,0,45,1600,,,
2026-06-15T11:27:38.562,0.9516,24.54,2,0.000136,0,45,1600,,,
2026-06-15T11:27:39.075,0.9515,24.54,1,0.000135,0,45,1600,,,
2026-06-15T11:27:39.574,0.9515,24.54,2,0.000135,0,45,1600,,,
2026-06-15T11:27:40.073,0.9516,24.54,1,0.000135,0,45,1600,,,
2026-06-15T11:27:40.562,0.9515,24.54,1,0.000135,0,45,1600,,,
2026-06-15T11:27:41.060,0.9515,24.54,2,0.000135,0,45,1600,,,
2026-06-15T11:27:41.576,0.9515,24.54,1,0.000135,0,45,1600,,,
2026-06-15T11:27:42.060,0.9515,24.54,2,0.000134,0,45,1600,,,
2026-06-15T11:27:42.574,0.9515,24.54,1,0.000135,0,45,1600,,,
2026-06-15T11:27:43.070,0.9515,24.54,1,0.000135,0,45,1600,,,
2026-06-15T11:27:43.569,0.9516,24.54,2,0.000136,0,45,1600,,,
2026-06-15T11:27:44.068,0.9515,24.54,1,0.000136,0,45,1600,,,
2026-06-15T11:27:44.566,0.9516,24.54,2,0.000135,0,45,1600,,,
2026-06-15T11:27:45.067,0.9515,24.54,1,0.000135,0,45,1600,,,
2026-06-15T11:27:45.570,0.9515,24.54,1,0.000134,0,45,1600,,,
2026-06-15T11:27:46.070,0.9515,24.54,2,0.000135,0,45,1600,,,
2026-06-15T11:27:46.567,0.9516,24.54,1,0.000135,0,45,1600,,,
2026-06-15T11:27:47.066,0.9516,24.54,2,0.000135,0,45,1600,,,
2026-06-15T11:27:47.564,0.9515,24.54,1,0.000136,0,45,1600,,,
2026-06-15T11:27:48.061,0.9515,24.54,1,0.000135,0,45,1600,,,
2026-06-15T11:27:48.571,0.9515,24.54,2,0.000134,0,45,1600,,,
2026-06-15T11:27:49.076,0.9515,24.54,1,0.000136,0,45,1600,,,
2026-06-15T11:27:49.570,0.9515,24.54,2,0.000136,0,45,1600,,,
2026-06-15T11:27:50.068,0.9515,24.54,1,0.000135,0,45,1600,,,
2026-06-15T11:27:50.566,0.9515,24.54,2,0.000135,0,45,1600,,,
2026-06-15T11:27:51.065,0.9514,24.54,1,0.000135,0,45,1600,,,
2026-06-15T11:27:51.575,0.9515,24.54,1,0.000136,0,45,1600,,,
2026-06-15T11:27:52.076,0.9516,24.54,2,0.000135,0,45,1600,,,
2026-06-15T11:27:52.574,0.9515,24.54,1,0.000135,0,45,1600,,,
2026-06-15T11:27:53.074,0.9516,24.54,2,0.000135,0,45,1600,,,
2026-06-15T11:27:53.574,0.9515,24.54,1,0.000135,0,45,1600,,,
2026-06-15T11:27:54.063,0.9515,24.54,1,0.000135,0,45,1600,,,
2026-06-15T11:27:54.564,0.9515,24.54,2,0.000136,0,45,1600,,,
2026-06-15T11:27:55.065,0.9515,24.54,1,0.000136,0,45,1600,,,
2026-06-15T11:27:55.566,0.9516,24.54,2,0.000135,0,45,1600,,,
2026-06-15T11:27:56.064,0.9515,24.54,1,0.000136,0,45,1600,,,
2026-06-15T11:27:56.563,0.9515,24.54,1,0.000134,0,45,1600,,,
2026-06-15T11:27:57.068,0.9515,24.54,2,0.000135,0,45,1600,,,
2026-06-15T11:27:57.564,0.9515,24.54,1,0.000135,0,45,1600,,,
2026-06-15T11:27:58.065,0.9515,24.54,1,0.000135,0,45,1600,,,
2026-06-15T11:27:58.563,0.9516,24.54,2,0.000135,0,45,1600,,,
2026-06-15T11:27:59.064,0.9516,24.54,1,0.000135,0,45,1600,,,
2026-06-15T11:27:59.565,0.9515,24.54,2,0.000134,0,45,1600,,,
2026-06-15T11:28:00.068,0.9515,24.54,1,0.000136,0,45,1600,,,
2026-06-15T11:28:00.569,0.9516,24.54,1,0.000136,0,45,1600,,,
2026-06-15T11:28:01.065,0.9515,24.54,2,0.000135,0,45,1600,,,
2026-06-15T11:28:01.564,0.9515,24.54,1,0.000136,0,45,1600,,,
2026-06-15T11:28:02.066,0.9515,24.54,2,0.000135,0,45,1600,,,
2026-06-15T11:28:02.566,0.9515,24.54,1,0.000135,0,45,1600,,,
2026-06-15T11:28:03.069,0.9516,24.54,1,0.000135,0,45,1600,,,
2026-06-15T11:28:03.575,0.9515,24.54,2,0.000136,0,45,1600,,,
2026-06-15T11:28:04.076,0.9515,24.54,1,0.000135,0,45,1600,,,
2026-06-15T11:28:04.573,0.9515,24.54,2,0.000136,0,45,1600,,,
2026-06-15T11:28:05.069,0.9515,24.54,1,0.000135,0,45,1600,,,
2026-06-15T11:28:05.570,0.9515,24.54,1,0.000135,0,45,1600,,,
2026-06-15T11:28:06.071,0.9515,24.54,2,0.000135,0,45,1600,,,
2026-06-15T11:28:06.572,0.9516,24.54,1,0.000135,0,45,1600,,,
2026-06-15T11:28:07.072,0.9516,24.54,1,0.000135,0,45,1600,,,
2026-06-15T11:28:07.570,0.9515,24.54,2,0.000135,0,45,1600,,,
2026-06-15T11:28:08.072,0.9515,24.54,1,0.000135,0,45,1600,,,
2026-06-15T11:28:08.574,0.9514,24.54,2,0.000135,0,45,1600,,,
2026-06-15T11:28:09.076,0.9515,24.53,1,0.000135,0,45,1600,,,
2026-06-15T11:28:09.568,0.9516,24.54,2,0.000136,0,45,1600,,,
2026-06-15T11:28:10.069,0.9515,24.54,1,0.000135,0,45,1600,,,
2026-06-15T11:28:10.567,0.9515,24.54,1,0.000136,0,45,1600,,,
2026-06-15T11:28:11.069,0.9516,24.54,2,0.000135,0,45,1600,,,
2026-06-15T11:28:11.574,0.9515,24.54,1,0.000135,0,45,1600,,,
2026-06-15T11:28:12.062,0.9515,24.54,1,0.000135,0,45,1600,,,
2026-06-15T11:28:12.563,0.9515,24.54,2,0.000136,0,45,1600,,,
2026-06-15T11:28:13.065,0.9515,24.54,1,0.000136,0,45,1600,,,
2026-06-15T11:28:13.565,0.9516,24.54,2,0.000136,0,45,1600,,,
2026-06-15T11:28:14.069,0.9515,24.54,1,0.000135,0,45,1600,,,
2026-06-15T11:28:14.572,0.9515,24.54,2,0.000135,0,45,1600,,,
2026-06-15T11:28:15.075,0.9515,24.54,1,0.000134,0,45,1600,,,
2026-06-15T11:28:15.561,0.9515,24.54,1,0.000136,0,45,1600,,,
2026-06-15T11:28:16.062,0.9516,24.54,2,0.000137,0,45,1600,,,
2026-06-15T11:28:16.576,0.9515,24.54,1,0.000136,0,45,1600,,,
2026-06-15T11:28:17.063,0.9516,24.53,1,0.000135,0,45,1600,,,
2026-06-15T11:28:17.563,0.9515,24.54,2,0.000134,0,45,1600,,,
2026-06-15T11:28:18.064,0.9516,24.54,1,0.000136,0,45,1600,,,
2026-06-15T11:28:18.569,0.9516,24.54,2,0.000135,0,45,1600,,,
2026-06-15T11:28:19.071,0.9515,24.54,1,0.000135,0,45,1600,,,
2026-06-15T11:28:19.573,0.9515,24.54,2,0.000134,0,45,1600,,,
2026-06-15T11:28:20.075,0.9515,24.54,1,0.000135,0,45,1600,,,
2026-06-15T11:28:20.576,0.9515,24.54,1,0.000135,0,45,1600,,,
2026-06-15T11:28:21.062,0.9515,24.54,2,0.000135,0,45,1600,,,
2026-06-15T11:28:21.566,0.9515,24.54,1,0.000136,0,45,1600,,,
2026-06-15T11:28:22.067,0.9516,24.54,1,0.000135,0,45,1600,,,
2026-06-15T11:28:22.568,0.9516,24.54,2,0.000136,0,45,1600,,,
2026-06-15T11:28:23.068,0.9516,24.54,1,0.000135,0,45,1600,,,
2026-06-15T11:28:23.564,0.9515,24.54,2,0.000136,0,45,1600,,,
2026-06-15T11:28:24.075,0.9515,24.54,1,0.000135,0,45,1600,,,
2026-06-15T11:28:24.575,0.9516,24.54,1,0.000135,0,45,1600,,,
2026-06-15T11:28:25.076,0.9515,24.54,2,0.000135,0,45,1600,,,
2026-06-15T11:28:25.577,0.9515,24.54,1,0.000133,0,45,1600,,,
2026-06-15T11:28:26.076,0.9515,24.54,2,0.000137,0,45,1600,,,
2026-06-15T11:28:26.574,0.9516,24.54,1,0.000135,0,45,1600,,,
2026-06-15T11:28:27.071,0.9515,24.54,1,0.000136,0,45,1600,,,
2026-06-15T11:28:27.570,0.9515,24.54,2,0.000135,0,45,1600,,,
2026-06-15T11:28:28.069,0.9516,24.54,1,0.000136,0,45,1600,,,
2026-06-15T11:28:28.569,0.9516,24.54,2,0.000134,0,45,1600,,,
2026-06-15T11:28:29.068,0.9515,24.54,1,0.000135,0,45,1600,,,
2026-06-15T11:28:29.567,0.9515,24.54,1,0.000136,0,45,1600,,,
2026-06-15T11:28:30.067,0.9516,24.54,2,0.000136,0,45,1600,,,
2026-06-15T11:28:30.566,0.9516,24.54,1,0.000136,0,45,1600,,,
2026-06-15T11:28:31.064,0.9515,24.54,2,0.000137,0,45,1600,,,
2026-06-15T11:28:31.564,0.9515,24.54,1,0.000136,0,45,1600,,,
2026-06-15T11:28:32.069,0.9516,24.54,1,0.000134,0,45,1600,,,
2026-06-15T11:28:32.572,0.9515,24.54,2,0.000135,0,45,1600,,,
2026-06-15T11:28:33.074,0.9515,24.54,1,0.000136,0,45,1600,,,
2026-06-15T11:28:33.570,0.9515,24.54,2,0.000135,0,45,1600,,,
2026-06-15T11:28:34.069,0.9515,24.54,1,0.000136,0,45,1600,,,
2026-06-15T11:28:34.571,0.9516,24.54,2,0.000135,0,45,1600,,,
2026-06-15T11:28:35.068,0.9515,24.54,1,0.000135,0,45,1600,,,
2026-06-15T11:28:35.571,0.9516,24.54,1,0.000135,0,45,1600,,,
2026-06-15T11:28:36.069,0.9516,24.54,2,0.000135,0,45,1600,,,
2026-06-15T11:28:36.568,0.9515,24.54,1,0.000135,0,45,1600,,,
2026-06-15T11:28:37.064,0.9514,24.54,1,0.000136,0,45,1600,,,
2026-06-15T11:28:37.561,0.9515,24.54,2,0.000135,0,45,1600,,,
2026-06-15T11:28:38.074,0.9515,24.54,1,0.000135,0,45,1600,,,
2026-06-15T11:28:38.573,0.9515,24.54,2,0.000136,0,45,1600,,,
2026-06-15T11:28:39.062,0.9515,24.54,1,0.000135,0,45,1600,,,
2026-06-15T11:28:39.564,0.9516,24.54,2,0.000136,0,45,1600,,,
2026-06-15T11:28:40.064,0.9516,24.54,1,0.000135,0,45,1600,,,
2026-06-15T11:28:40.565,0.9515,24.54,1,0.000134,0,45,1600,,,
2026-06-15T11:28:41.067,0.9516,24.54,2,0.000135,0,45,1600,,,
2026-06-15T11:28:41.566,0.9516,24.54,1,0.000135,0,45,1600,,,
2026-06-15T11:28:42.064,0.9515,24.54,1,0.000136,0,45,1600,,,
2026-06-15T11:28:42.563,0.9516,24.54,2,0.000135,0,45,1600,,,
2026-06-15T11:28:43.076,0.9516,24.54,1,0.000136,0,45,1600,,,
2026-06-15T11:28:43.574,0.9516,24.54,2,0.000135,0,45,1600,,,
2026-06-15T11:28:44.062,0.9516,24.54,1,0.000135,0,45,1600,,,
2026-06-15T11:28:44.563,0.9516,24.54,1,0.000134,0,45,1600,,,
2026-06-15T11:28:45.063,0.9516,24.54,2,0.000135,0,45,1600,,,
2026-06-15T11:28:45.561,0.9515,24.54,1,0.000135,0,45,1600,,,
2026-06-15T11:28:46.061,0.9515,24.54,2,0.000135,0,45,1600,,,
2026-06-15T11:28:46.576,0.9515,24.54,1,0.000135,0,45,1600,,,
2026-06-15T11:28:47.062,0.9515,24.54,2,0.000134,0,45,1600,,,
2026-06-15T11:28:47.564,0.9515,24.54,1,0.000135,0,45,1600,,,
2026-06-15T11:28:48.065,0.9515,24.54,1,0.000135,0,45,1600,,,
2026-06-15T11:28:48.562,0.9516,24.54,2,0.000134,0,45,1600,,,
2026-06-15T11:28:49.065,0.9515,24.54,1,0.000135,0,45,1600,,,
2026-06-15T11:28:49.565,0.9515,24.54,1,0.000134,0,45,1600,,,
2026-06-15T11:28:50.061,0.9516,24.54,2,0.000135,0,45,1600,,,
2026-06-15T11:28:50.562,0.9515,24.54,1,0.000135,0,45,1600,,,
2026-06-15T11:28:51.074,0.9516,24.54,2,0.000135,0,45,1600,,,
2026-06-15T11:28:51.574,0.9516,24.54,1,0.000135,0,45,1600,,,
2026-06-15T11:28:52.071,0.9515,24.54,1,0.000136,0,45,1600,,,
2026-06-15T11:28:52.568,0.9516,24.54,2,0.000135,0,45,1600,,,
2026-06-15T11:28:53.068,0.9515,24.54,1,0.000136,0,45,1600,,,
2026-06-15T11:28:53.570,0.9516,24.54,2,0.000134,0,45,1600,,,
2026-06-15T11:28:54.072,0.9516,24.54,1,0.000136,0,45,1600,,,
2026-06-15T11:28:54.569,0.9515,24.54,1,0.000134,0,45,1600,,,
2026-06-15T11:28:55.070,0.9516,24.54,2,0.000135,0,45,1600,,,
2026-06-15T11:28:55.565,0.9515,24.54,1,0.000135,0,45,1600,,,
2026-06-15T11:28:56.066,0.9516,24.54,2,0.000135,0,45,1600,,,
2026-06-15T11:28:56.565,0.9516,24.54,1,0.000136,0,45,1600,,,
2026-06-15T11:28:57.066,0.9516,24.54,1,0.000135,0,45,1600,,,
2026-06-15T11:28:57.565,0.9516,24.54,2,0.000136,0,45,1600,,,
2026-06-15T11:28:58.064,0.9515,24.54,1,0.000136,0,45,1600,,,
2026-06-15T11:28:58.564,0.9516,24.54,2,0.000137,0,45,1600,,,
2026-06-15T11:28:59.069,0.9516,24.54,1,0.000135,0,45,1600,,,
2026-06-15T11:28:59.567,0.9515,24.54,1,0.000135,0,45,1600,,,
2026-06-15T11:29:00.068,0.9516,24.54,2,0.000136,0,45,1600,,,
2026-06-15T11:29:00.572,0.9516,24.54,1,0.000136,0,45,1600,,,
2026-06-15T11:29:01.072,0.9516,24.54,2,0.000135,0,45,1600,,,
2026-06-15T11:29:01.576,0.9516,24.54,1,0.000135,0,45,1600,,,
2026-06-15T11:29:02.062,0.9516,24.54,1,0.000135,0,45,1600,,,
2026-06-15T11:29:02.563,0.9516,24.54,2,0.000135,0,45,1600,,,
2026-06-15T11:29:03.063,0.9515,24.54,1,0.000135,0,45,1600,,,
2026-06-15T11:29:03.564,0.9516,24.54,2,0.000135,0,45,1600,,,
2026-06-15T11:29:04.063,0.9517,24.54,1,0.000135,0,45,1600,,,
2026-06-15T11:29:04.562,0.9515,24.54,1,0.000135,0,45,1600,,,
2026-06-15T11:29:05.062,0.9516,24.54,2,0.000135,0,45,1600,,,
2026-06-15T11:29:05.576,0.9516,24.54,1,0.000135,0,45,1600,,,
2026-06-15T11:29:06.074,0.9515,24.54,2,0.000136,0,45,1600,,,
2026-06-15T11:29:06.570,0.9515,24.54,1,0.000134,0,45,1600,,,
2026-06-15T11:29:07.069,0.9515,24.54,1,0.000136,0,45,1600,,,
2026-06-15T11:29:07.567,0.9516,24.54,2,0.000136,0,45,1600,,,
2026-06-15T11:29:08.065,0.9516,24.54,1,0.000136,0,45,1600,,,
2026-06-15T11:29:08.565,0.9516,24.54,1,0.000136,0,45,1600,,,
2026-06-15T11:29:09.066,0.9516,24.54,2,0.000135,0,45,1600,,,
2026-06-15T11:29:09.565,0.9515,24.54,1,0.000135,0,45,1600,,,
2026-06-15T11:29:10.065,0.9516,24.54,2,0.000135,0,45,1600,,,
2026-06-15T11:29:10.564,0.9516,24.54,1,0.000136,0,45,1600,,,
2026-06-15T11:29:11.066,0.9515,24.54,1,0.000135,0,45,1600,,,
2026-06-15T11:29:11.564,0.9516,24.54,2,0.000136,0,45,1600,,,
2026-06-15T11:29:12.066,0.9516,24.54,1,0.000135,0,45,1600,,,
2026-06-15T11:29:12.563,0.9516,24.54,2,0.000135,0,45,1600,,,
2026-06-15T11:29:13.066,0.9516,24.54,1,0.000136,0,45,1600,,,
2026-06-15T11:29:13.566,0.9516,24.54,2,0.000135,0,45,1600,,,
2026-06-15T11:29:14.068,0.9516,24.54,1,0.000135,0,45,1600,,,
2026-06-15T11:29:14.566,0.9516,24.54,1,0.000135,0,45,1600,,,
2026-06-15T11:29:15.068,0.9516,24.54,2,0.000135,0,45,1600,,,
2026-06-15T11:29:15.568,0.9516,24.54,1,0.000135,0,45,1600,,,
2026-06-15T11:29:16.065,0.9516,24.54,1,0.000135,0,45,1600,,,
2026-06-15T11:29:16.566,0.9516,24.54,2,0.000135,0,45,1600,,,
2026-06-15T11:29:17.064,0.9516,24.54,1,0.000135,0,45,1600,,,
2026-06-15T11:29:17.564,0.9516,24.54,2,0.000135,0,45,1600,,,
2026-06-15T11:29:18.066,0.9515,24.54,1,0.000135,0,45,1600,,,
2026-06-15T11:29:18.575,0.9516,24.54,2,0.000135,0,45,1600,,,
2026-06-15T11:29:19.071,0.9516,24.54,1,0.000135,0,45,1600,,,
2026-06-15T11:29:19.568,0.9515,24.54,1,0.000136,0,45,1600,,,
2026-06-15T11:29:20.068,0.9515,24.54,2,0.000135,0,45,1600,,,
2026-06-15T11:29:20.564,0.9516,24.54,1,0.000136,0,45,1600,,,
2026-06-15T11:29:21.065,0.9516,24.54,1,0.000135,0,45,1600,,,
2026-06-15T11:29:21.575,0.9516,24.54,2,0.000135,0,45,1600,,,
2026-06-15T11:29:22.061,0.9515,24.54,1,0.000135,0,45,1600,,,
2026-06-15T11:29:22.574,0.9516,24.54,2,0.000136,0,45,1600,,,
2026-06-15T11:29:23.077,0.9516,24.55,1,0.000137,0,45,1600,,,
2026-06-15T11:29:23.572,0.9515,24.55,1,0.000135,0,45,1600,,,
2026-06-15T11:29:24.071,0.9516,24.54,2,0.000136,0,45,1600,,,
2026-06-15T11:29:24.567,0.9516,24.54,1,0.000135,0,45,1600,,,
2026-06-15T11:29:25.065,0.9516,24.54,2,0.000135,0,45,1600,,,
2026-06-15T11:29:25.565,0.9517,24.54,1,0.000135,0,45,1600,,,
2026-06-15T11:29:26.068,0.9517,24.54,1,0.000136,0,45,1600,,,
2026-06-15T11:29:26.568,0.9516,24.54,2,0.000135,0,45,1600,,,
2026-06-15T11:29:27.068,0.9517,24.54,1,0.000135,0,45,1600,,,
2026-06-15T11:29:27.568,0.9516,24.54,2,0.000135,0,45,1600,,,
2026-06-15T11:29:28.066,0.9515,24.54,1,0.000136,0,45,1600,,,
2026-06-15T11:29:28.565,0.9516,24.54,2,0.000135,0,45,1600,,,
2026-06-15T11:29:29.064,0.9517,24.55,1,0.000136,0,45,1600,,,
2026-06-15T11:29:29.563,0.9516,24.55,1,0.000135,0,45,1600,,,
2026-06-15T11:29:30.066,0.9516,24.55,2,0.000136,0,45,1600,,,
2026-06-15T11:29:30.568,0.9517,24.54,1,0.000135,0,45,1600,,,
2026-06-15T11:29:31.065,0.9516,24.54,2,0.000135,0,45,1600,,,
2026-06-15T11:29:31.575,0.9516,24.55,1,0.000135,0,45,1600,,,
2026-06-15T11:29:32.063,0.9517,24.54,1,0.000137,0,45,1600,,,
2026-06-15T11:29:32.576,0.9516,24.54,2,0.000135,0,45,1600,,,
2026-06-15T11:29:33.074,0.9517,24.55,1,0.000135,0,45,1600,,,
2026-06-15T11:29:33.572,0.9516,24.55,2,0.000136,0,45,1600,,,
2026-06-15T11:29:34.070,0.9516,24.55,1,0.000135,0,45,1600,,,
2026-06-15T11:29:34.571,0.9516,24.54,1,0.000134,0,45,1600,,,
2026-06-15T11:29:35.072,0.9516,24.54,2,0.000135,0,45,1600,,,
2026-06-15T11:29:35.571,0.9517,24.55,1,0.000135,0,45,1600,,,
2026-06-15T11:29:36.070,0.9516,24.55,2,0.000135,0,45,1600,,,
2026-06-15T11:29:36.572,0.9516,24.55,1,0.000135,0,45,1600,,,
2026-06-15T11:29:37.070,0.9516,24.54,1,0.000136,0,45,1600,,,
2026-06-15T11:29:37.568,0.9516,24.54,2,0.000136,0,45,1600,,,
2026-06-15T11:29:38.074,0.9516,24.54,1,0.000135,0,45,1600,,,
2026-06-15T11:29:38.567,0.9516,24.54,2,0.000136,0,45,1600,,,
2026-06-15T11:29:39.067,0.9516,24.54,1,0.000135,0,45,1600,,,
2026-06-15T11:29:39.567,0.9516,24.55,1,0.000135,0,45,1600,,,
2026-06-15T11:29:40.068,0.9516,24.55,2,0.000135,0,45,1600,,,
2026-06-15T11:29:40.568,0.9517,24.54,1,0.000135,0,45,1600,,,
2026-06-15T11:29:41.069,0.9516,24.55,2,0.000135,0,45,1600,,,
2026-06-15T11:29:41.572,0.9516,24.55,1,0.000137,0,45,1600,,,
2026-06-15T11:29:42.075,0.9516,24.55,1,0.000135,0,45,1600,,,
2026-06-15T11:29:42.563,0.9516,24.55,2,0.000136,0,45,1600,,,
2026-06-15T11:29:43.061,0.9516,24.55,1,0.000135,0,45,1600,,,
2026-06-15T11:29:43.562,0.9516,24.55,2,0.000135,0,45,1600,,,
2026-06-15T11:29:44.066,0.9516,24.55,1,0.000135,0,45,1600,,,
2026-06-15T11:29:44.569,0.9516,24.55,1,0.000136,0,45,1600,,,
2026-06-15T11:29:45.074,0.9516,24.55,2,0.000136,0,45,1600,,,
2026-06-15T11:29:45.563,0.9517,24.55,1,0.000135,0,45,1600,,,
2026-06-15T11:29:46.069,0.9516,24.55,2,0.000135,0,45,1600,,,
2026-06-15T11:29:46.565,0.9517,24.55,1,0.000135,0,45,1600,,,
2026-06-15T11:29:47.065,0.9516,24.55,2,0.000135,0,45,1600,,,
2026-06-15T11:29:47.563,0.9517,24.55,1,0.000136,0,45,1600,,,
2026-06-15T11:29:48.065,0.9516,24.55,1,0.000135,0,45,1600,,,
2026-06-15T11:29:48.569,0.9516,24.55,2,0.000135,0,45,1600,,,
2026-06-15T11:29:49.068,0.9516,24.55,1,0.000135,0,45,1600,,,
2026-06-15T11:29:49.569,0.9517,24.55,1,0.000135,0,45,1600,,,
2026-06-15T11:29:50.071,0.9516,24.55,2,0.000135,0,45,1600,,,
2026-06-15T11:29:50.567,0.9517,24.55,1,0.000135,0,45,1600,,,
2026-06-15T11:29:51.067,0.9516,24.55,2,0.000136,0,45,1600,,,
2026-06-15T11:29:51.568,0.9516,24.55,1,0.000136,0,45,1600,,,
2026-06-15T11:29:52.068,0.9516,24.55,2,0.000136,0,45,1600,,,
2026-06-15T11:29:52.567,0.9517,24.55,1,0.000136,0,45,1600,,,
2026-06-15T11:29:53.073,0.9516,24.55,1,0.000135,0,45,1600,,,
2026-06-15T11:29:53.574,0.9517,24.55,2,0.000134,0,45,1600,,,
2026-06-15T11:29:54.063,0.9516,24.55,1,0.000136,0,45,1600,,,
2026-06-15T11:29:54.562,0.9517,24.55,1,0.000135,0,45,1600,,,
2026-06-15T11:29:55.061,0.9516,24.55,2,0.000136,0,45,1600,,,
2026-06-15T11:29:55.565,0.9517,24.55,1,0.000136,0,45,1600,,,
2026-06-15T11:29:56.065,0.9516,24.55,2,0.000135,0,45,1600,,,
2026-06-15T11:29:56.570,0.9517,24.55,1,0.000136,0,45,1600,,,
2026-06-15T11:29:57.060,0.9517,24.55,1,0.000135,0,45,1600,,,
2026-06-15T11:29:57.561,0.9517,24.55,2,0.000136,0,45,1600,,,
2026-06-15T11:29:58.062,0.9516,24.55,1,0.000135,0,45,1600,,,
2026-06-15T11:29:58.563,0.9517,24.55,2,0.000136,0,45,1600,,,
2026-06-15T11:29:59.062,0.9516,24.55,1,0.000135,0,45,1600,,,
2026-06-15T11:29:59.561,0.9516,24.55,2,0.000135,0,45,1600,,,
2026-06-15T11:30:00.063,0.9517,24.55,1,0.000135,0,45,1600,,,
2026-06-15T11:30:00.564,0.9517,24.55,1,0.000136,0,45,1600,,,
2026-06-15T11:30:01.067,0.9517,24.55,2,0.000136,0,45,1600,,,
2026-06-15T11:30:01.569,0.9517,24.55,1,0.000136,0,45,1600,,,
2026-06-15T11:30:02.072,0.9516,24.55,2,0.000136,0,45,1600,,,
2026-06-15T11:30:02.573,0.9516,24.55,1,0.000136,0,45,1600,,,
2026-06-15T11:30:03.069,0.9517,24.55,1,0.000136,0,45,1600,,,
2026-06-15T11:30:03.567,0.9516,24.55,2,0.000136,0,45,1600,,,
2026-06-15T11:30:04.068,0.9517,24.55,1,0.000135,0,45,1600,,,
2026-06-15T11:30:04.566,0.9517,24.55,2,0.000136,0,45,1600,,,
2026-06-15T11:30:05.065,0.9517,24.55,1,0.000136,0,45,1600,,,
2026-06-15T11:30:05.562,0.9517,24.55,1,0.000136,0,45,1600,,,
2026-06-15T11:30:06.064,0.9517,24.55,2,0.000136,0,45,1600,,,
2026-06-15T11:30:06.564,0.9516,24.55,1,0.000136,0,45,1600,,,
2026-06-15T11:30:07.063,0.9516,24.55,2,0.000136,0,45,1600,,,
2026-06-15T11:30:07.562,0.9516,24.55,1,0.000136,0,45,1600,,,
2026-06-15T11:30:08.061,0.9517,24.55,1,0.000135,0,45,1600,,,
2026-06-15T11:30:08.561,0.9517,24.55,2,0.000136,0,45,1600,,,
2026-06-15T11:30:09.076,0.9517,24.56,1,0.000135,0,45,1600,,,
2026-06-15T11:30:09.562,0.9517,24.55,2,0.000137,0,45,1600,,,
2026-06-15T11:30:10.064,0.9517,24.55,1,0.000136,0,45,1600,,,
2026-06-15T11:30:10.564,0.9517,24.55,1,0.000136,0,45,1600,,,
2026-06-15T11:30:11.062,0.9517,24.55,2,0.000135,0,45,1600,,,
2026-06-15T11:30:11.561,0.9516,24.55,1,0.000135,0,45,1600,,,
2026-06-15T11:30:12.063,0.9516,24.55,2,0.000136,0,45,1600,,,
2026-06-15T11:30:12.575,0.9516,24.56,1,0.000136,0,45,1600,,,
2026-06-15T11:30:13.074,0.9517,24.56,1,0.000136,0,45,1600,,,
2026-06-15T11:30:13.571,0.9516,24.55,2,0.000137,0,45,1600,,,
2026-06-15T11:30:14.067,0.9516,24.55,1,0.000136,0,45,1600,,,
2026-06-15T11:30:14.570,0.9516,24.55,2,0.000136,0,45,1600,,,
2026-06-15T11:30:15.072,0.9516,24.56,1,0.000137,0,45,1600,,,
2026-06-15T11:30:15.574,0.9516,24.56,1,0.000136,0,45,1600,,,
2026-06-15T11:30:16.067,0.9516,24.55,2,0.000135,0,45,1600,,,
2026-06-15T11:30:16.560,0.9517,24.56,1,0.000135,0,45,1600,,,
2026-06-15T11:30:17.065,0.9516,24.55,2,0.000136,0,45,1600,,,
2026-06-15T11:30:17.563,0.9516,24.56,1,0.000135,0,45,1600,,,
2026-06-15T11:30:18.065,0.9516,24.55,1,0.000136,0,45,1600,,,
2026-06-15T11:30:18.563,0.9516,24.55,2,0.000135,0,45,1600,,,
2026-06-15T11:30:19.063,0.9516,24.56,1,0.000135,0,45,1600,,,
2026-06-15T11:30:19.563,0.9516,24.56,2,0.000136,0,45,1600,,,
2026-06-15T11:30:20.064,0.9517,24.56,1,0.000136,0,45,1600,,,
2026-06-15T11:30:20.575,0.9516,24.56,1,0.000136,0,45,1600,,,
2026-06-15T11:30:21.063,0.9517,24.55,2,0.000136,0,45,1600,,,
2026-06-15T11:30:21.563,0.9516,24.56,1,0.000136,0,45,1600,,,
2026-06-15T11:30:22.074,0.9516,24.55,2,0.000135,0,45,1600,,,
2026-06-15T11:30:22.562,0.9516,24.56,1,0.000136,0,45,1600,,,
2026-06-15T11:30:23.062,0.9516,24.56,1,0.000136,0,45,1600,,,
2026-06-15T11:30:23.562,0.9517,24.56,2,0.000136,0,45,1600,,,
2026-06-15T11:30:24.062,0.9516,24.56,1,0.000135,0,45,1600,,,
2026-06-15T11:30:24.562,0.9516,24.56,2,0.000135,0,45,1600,,,
2026-06-15T11:30:25.075,0.9517,24.56,1,0.000136,0,45,1600,,,
2026-06-15T11:30:25.577,0.9517,24.56,2,0.000136,0,45,1600,,,
2026-06-15T11:30:26.076,0.9517,24.56,1,0.000135,0,45,1600,,,
2026-06-15T11:30:26.572,0.9517,24.56,1,0.000135,0,45,1600,,,
2026-06-15T11:30:27.069,0.9517,24.56,2,0.000136,0,45,1600,,,
2026-06-15T11:30:27.570,0.9517,24.56,1,0.000135,0,45,1600,,,
2026-06-15T11:30:28.072,0.9517,24.56,2,0.000135,0,45,1600,,,
2026-06-15T11:30:28.577,0.9517,24.56,1,0.000136,0,45,1600,,,
2026-06-15T11:30:29.063,0.9517,24.56,1,0.000136,0,45,1600,,,
2026-06-15T11:30:29.564,0.9517,24.56,2,0.000136,0,45,1600,,,
2026-06-15T11:30:30.068,0.9517,24.56,1,0.000136,0,45,1600,,,
2026-06-15T11:30:30.569,0.9517,24.56,2,0.000137,0,45,1600,,,
2026-06-15T11:30:31.068,0.9517,24.56,1,0.000136,0,45,1600,,,
2026-06-15T11:30:31.566,0.9517,24.56,1,0.000136,0,45,1600,,,
2026-06-15T11:30:32.065,0.9517,24.56,2,0.000135,0,45,1600,,,
2026-06-15T11:30:32.566,0.9517,24.56,1,0.000136,0,45,1600,,,
2026-06-15T11:30:33.066,0.9517,24.56,2,0.000136,0,45,1600,,,
2026-06-15T11:30:33.567,0.9517,24.56,1,0.000135,0,45,1600,,,
2026-06-15T11:30:34.069,0.9516,24.56,1,0.000136,0,45,1600,,,
2026-06-15T11:30:34.568,0.9516,24.56,2,0.000136,0,45,1600,,,
2026-06-15T11:30:35.060,0.9517,24.56,1,0.000136,0,45,1600,,,
2026-06-15T11:30:35.569,0.9517,24.56,2,0.000135,0,45,1600,,,
2026-06-15T11:30:36.076,0.9517,24.56,1,0.000136,0,45,1600,,,
2026-06-15T11:30:36.574,0.9516,24.56,2,0.000136,0,45,1600,,,
2026-06-15T11:30:37.069,0.9517,24.56,1,0.000136,0,45,1600,,,
2026-06-15T11:30:37.567,0.9517,24.56,1,0.000136,0,45,1600,,,
2026-06-15T11:30:38.067,0.9517,24.56,2,0.000136,0,45,1600,,,
2026-06-15T11:30:38.566,0.9517,24.56,1,0.000137,0,45,1600,,,
2026-06-15T11:30:39.069,0.9517,24.56,2,0.000135,0,45,1600,,,
2026-06-15T11:30:39.570,0.9517,24.56,1,0.000137,0,45,1600,,,
2026-06-15T11:30:40.072,0.9516,24.56,1,0.000136,0,45,1600,,,
2026-06-15T11:30:40.572,0.9517,24.56,2,0.000137,0,45,1600,,,
2026-06-15T11:30:41.073,0.9517,24.56,1,0.000136,0,45,1600,,,
2026-06-15T11:30:41.572,0.9517,24.56,1,0.000136,0,45,1600,,,
2026-06-15T11:30:42.071,0.9517,24.56,2,0.000136,0,45,1600,,,
2026-06-15T11:30:42.570,0.9517,24.56,1,0.000135,0,45,1600,,,
2026-06-15T11:30:43.068,0.9516,24.56,2,0.000136,0,45,1600,,,
2026-06-15T11:30:43.565,0.9517,24.56,1,0.000135,0,45,1600,,,
2026-06-15T11:30:44.061,0.9516,24.57,1,0.000135,0,45,1600,,,
2026-06-15T11:30:44.565,0.9516,24.56,2,0.000135,0,45,1600,,,
2026-06-15T11:30:45.065,0.9516,24.56,1,0.000136,0,45,1600,,,
2026-06-15T11:30:45.566,0.9517,24.56,2,0.000136,0,45,1600,,,
2026-06-15T11:30:46.068,0.9517,24.57,1,0.000136,0,45,1600,,,
2026-06-15T11:30:46.565,0.9517,24.57,1,0.000136,0,45,1600,,,
2026-06-15T11:30:47.067,0.9517,24.56,2,0.000136,0,45,1600,,,
2026-06-15T11:30:47.565,0.9517,24.56,1,0.000136,0,45,1600,,,
2026-06-15T11:30:48.065,0.9517,24.57,2,0.000136,0,45,1600,,,
2026-06-15T11:30:48.565,0.9516,24.56,1,0.000136,0,45,1600,,,
2026-06-15T11:30:49.064,0.9517,24.57,1,0.000135,0,45,1600,,,
2026-06-15T11:30:49.565,0.9517,24.56,2,0.000136,0,45,1600,,,
2026-06-15T11:30:50.065,0.9517,24.57,1,0.000136,0,45,1600,,,
2026-06-15T11:30:50.567,0.9517,24.57,2,0.000135,0,45,1600,,,
2026-06-15T11:30:51.066,0.9517,24.57,1,0.000135,0,45,1600,,,
2026-06-15T11:30:51.563,0.9517,24.57,1,0.000136,0,45,1600,,,
2026-06-15T11:30:52.063,0.9517,24.57,2,0.000135,0,45,1600,,,
2026-06-15T11:30:52.565,0.9517,24.56,1,0.000135,0,45,1600,,,
2026-06-15T11:30:53.069,0.9516,24.57,2,0.000136,0,45,1600,,,
2026-06-15T11:30:53.567,0.9517,24.57,1,0.000137,0,45,1600,,,
2026-06-15T11:30:54.067,0.9517,24.57,1,0.000136,0,45,1600,,,
2026-06-15T11:30:54.566,0.9516,24.57,2,0.000135,0,45,1600,,,
2026-06-15T11:30:55.065,0.9517,24.57,1,0.000136,0,45,1600,,,
2026-06-15T11:30:55.566,0.9517,24.57,2,0.000135,0,45,1600,,,
2026-06-15T11:30:56.069,0.9517,24.57,1,0.000135,0,45,1600,,,
2026-06-15T11:30:56.572,0.9517,24.57,2,0.000137,0,45,1600,,,
2026-06-15T11:30:57.068,0.9517,24.57,1,0.000137,0,45,1600,,,
2026-06-15T11:30:57.569,0.9517,24.56,1,0.000135,0,45,1600,,,
2026-06-15T11:30:58.067,0.9517,24.57,2,0.000135,0,45,1600,,,
2026-06-15T11:30:58.569,0.9517,24.56,1,0.000136,0,45,1600,,,
2026-06-15T11:30:59.073,0.9517,24.57,2,0.000135,0,45,1600,,,
2026-06-15T11:30:59.573,0.9517,24.57,1,0.000136,0,45,1600,,,
2026-06-15T11:31:00.070,0.9517,24.57,1,0.000136,0,45,1600,,,
2026-06-15T11:31:00.569,0.9516,24.57,2,0.000136,0,45,1600,,,
2026-06-15T11:31:01.068,0.9517,24.57,1,0.000137,0,45,1600,,,
2026-06-15T11:31:01.569,0.9517,24.57,1,0.000136,0,45,1600,,,
2026-06-15T11:31:02.069,0.9517,24.57,2,0.000136,0,45,1600,,,
2026-06-15T11:31:02.566,0.9516,24.57,1,0.000136,0,45,1600,,,
2026-06-15T11:31:03.068,0.9517,24.57,2,0.000136,0,45,1600,,,
2026-06-15T11:31:03.568,0.9517,24.57,1,0.000135,0,45,1600,,,
2026-06-15T11:31:04.065,0.9517,24.57,1,0.000136,0,45,1600,,,
2026-06-15T11:31:04.568,0.9517,24.57,2,0.000137,0,45,1600,,,
2026-06-15T11:31:05.068,0.9516,24.57,1,0.000135,0,45,1600,,,
2026-06-15T11:31:05.566,0.9517,24.57,2,0.000136,0,45,1600,,,
2026-06-15T11:31:06.068,0.9517,24.57,1,0.000136,0,45,1600,,,
2026-06-15T11:31:06.563,0.9518,24.57,1,0.000136,0,45,1600,,,
2026-06-15T11:31:07.064,0.9517,24.57,2,0.000136,0,45,1600,,,
2026-06-15T11:31:07.576,0.9517,24.57,1,0.000135,0,45,1600,,,
2026-06-15T11:31:08.063,0.9517,24.57,2,0.000136,0,45,1600,,,
2026-06-15T11:31:08.565,0.9517,24.57,1,0.000136,0,45,1600,,,
2026-06-15T11:31:09.064,0.9517,24.57,1,0.000136,0,45,1600,,,
2026-06-15T11:31:09.563,0.9517,24.57,2,0.000136,0,45,1600,,,
2026-06-15T11:31:10.062,0.9517,24.57,1,0.000135,0,45,1600,,,
2026-06-15T11:31:10.563,0.9517,24.57,2,0.000137,0,45,1600,,,
2026-06-15T11:31:11.063,0.9517,24.57,1,0.000135,0,45,1600,,,
2026-06-15T11:31:11.563,0.9517,24.57,1,0.000136,0,45,1600,,,
2026-06-15T11:31:12.062,0.9517,24.57,2,0.000135,0,45,1600,,,
2026-06-15T11:31:12.575,0.9517,24.57,1,0.000136,0,45,1600,,,
2026-06-15T11:31:13.069,0.9516,24.57,2,0.000135,0,45,1600,,,
2026-06-15T11:31:13.569,0.9518,24.57,1,0.000136,0,45,1600,,,
2026-06-15T11:31:14.066,0.9517,24.57,1,0.000136,0,45,1600,,,
2026-06-15T11:31:14.568,0.9517,24.57,2,0.000136,0,45,1600,,,
2026-06-15T11:31:15.064,0.9517,24.57,1,0.000136,0,45,1600,,,
2026-06-15T11:31:15.577,0.9517,24.57,2,0.000135,0,45,1600,,,
2026-06-15T11:31:16.063,0.9517,24.57,1,0.000135,0,45,1600,,,
2026-06-15T11:31:16.565,0.9518,24.57,1,0.000135,0,45,1600,,,
2026-06-15T11:31:17.066,0.9517,24.57,2,0.000136,0,45,1600,,,
2026-06-15T11:31:17.561,0.9518,24.57,1,0.000136,0,45,1600,,,
2026-06-15T11:31:18.061,0.9517,24.57,1,0.000135,0,45,1600,,,
2026-06-15T11:31:18.562,0.9517,24.57,2,0.000136,0,45,1600,,,
2026-06-15T11:31:19.075,0.9517,24.57,1,0.000136,0,45,1600,,,
2026-06-15T11:31:19.573,0.9517,24.58,2,0.000135,0,45,1600,,,
2026-06-15T11:31:20.076,0.9517,24.58,1,0.000136,0,45,1600,,,
2026-06-15T11:31:20.574,0.9517,24.57,2,0.000135,0,45,1600,,,
2026-06-15T11:31:21.062,0.9518,24.58,1,0.000135,0,45,1600,,,
2026-06-15T11:31:21.561,0.9517,24.58,1,0.000137,0,45,1600,,,
2026-06-15T11:31:22.073,0.9517,24.57,2,0.000136,0,45,1600,,,
2026-06-15T11:31:22.573,0.9517,24.58,1,0.000136,0,45,1600,,,
2026-06-15T11:31:23.073,0.9517,24.58,2,0.000135,0,45,1600,,,
2026-06-15T11:31:23.574,0.9517,24.58,1,0.000136,0,45,1600,,,
2026-06-15T11:31:24.072,0.9517,24.58,1,0.000136,0,45,1600,,,
2026-06-15T11:31:24.571,0.9517,24.58,2,0.000135,0,45,1600,,,
2026-06-15T11:31:25.069,0.9517,24.58,1,0.000136,0,45,1600,,,
2026-06-15T11:31:25.567,0.9517,24.58,2,0.000136,0,45,1600,,,
2026-06-15T11:31:26.067,0.9517,24.58,1,0.000136,0,45,1600,,,
2026-06-15T11:31:26.569,0.9517,24.58,1,0.000136,0,45,1600,,,
2026-06-15T11:31:27.070,0.9516,24.57,2,0.000136,0,45,1600,,,
2026-06-15T11:31:27.569,0.9517,24.58,1,0.000136,0,45,1600,,,
2026-06-15T11:31:28.071,0.9517,24.58,2,0.000136,0,45,1600,,,
2026-06-15T11:31:28.568,0.9517,24.57,1,0.000136,0,45,1600,,,
2026-06-15T11:31:29.068,0.9517,24.58,1,0.000135,0,45,1600,,,
2026-06-15T11:31:29.566,0.9516,24.58,2,0.000137,0,45,1600,,,
2026-06-15T11:31:30.069,0.9516,24.58,1,0.000136,0,45,1600,,,
2026-06-15T11:31:30.567,0.9517,24.58,2,0.000137,0,45,1600,,,
2026-06-15T11:31:31.067,0.9516,24.58,1,0.000136,0,45,1600,,,
2026-06-15T11:31:31.566,0.9517,24.58,1,0.000137,0,45,1600,,,
2026-06-15T11:31:32.066,0.9516,24.58,2,0.000136,0,45,1600,,,
2026-06-15T11:31:32.563,0.9517,24.58,1,0.000136,0,45,1600,,,
2026-06-15T11:31:33.065,0.9516,24.58,2,0.000135,0,45,1600,,,
2026-06-15T11:31:33.565,0.9517,24.58,1,0.000136,0,45,1600,,,
2026-06-15T11:31:34.075,0.9517,24.58,2,0.000136,0,45,1600,,,
2026-06-15T11:31:34.575,0.9517,24.58,1,0.000136,0,45,1600,,,
2026-06-15T11:31:35.073,0.9517,24.58,1,0.000136,0,45,1600,,,
2026-06-15T11:31:35.571,0.9516,24.58,2,0.000136,0,45,1600,,,
2026-06-15T11:31:36.068,0.9517,24.58,1,0.000136,0,45,1600,,,
2026-06-15T11:31:36.570,0.9516,24.58,2,0.000136,0,45,1600,,,
2026-06-15T11:31:37.069,0.9517,24.58,1,0.000136,0,45,1600,,,
2026-06-15T11:31:37.573,0.9516,24.58,1,0.000137,0,45,1600,,,
2026-06-15T11:31:38.073,0.9516,24.58,2,0.000137,0,45,1600,,,
2026-06-15T11:31:38.573,0.9516,24.58,1,0.000135,0,45,1600,,,
2026-06-15T11:31:39.072,0.9517,24.58,2,0.000136,0,45,1600,,,
2026-06-15T11:31:39.568,0.9516,24.58,1,0.000137,0,45,1600,,,
2026-06-15T11:31:40.068,0.9516,24.58,1,0.000136,0,45,1600,,,
2026-06-15T11:31:40.570,0.9516,24.58,2,0.000136,0,45,1600,,,
2026-06-15T11:31:41.071,0.9517,24.58,1,0.000136,0,45,1600,,,
2026-06-15T11:31:41.568,0.9516,24.58,2,0.000137,0,45,1600,,,
2026-06-15T11:31:42.066,0.9516,24.58,1,0.000137,0,45,1600,,,
2026-06-15T11:31:42.567,0.9517,24.58,1,0.000136,0,45,1600,,,
2026-06-15T11:31:43.066,0.9516,24.58,2,0.000136,0,45,1600,,,
2026-06-15T11:31:43.563,0.9516,24.58,1,0.000136,0,45,1600,,,
2026-06-15T11:31:44.063,0.9516,24.58,2,0.000135,0,45,1600,,,
2026-06-15T11:31:44.566,0.9516,24.58,1,0.000136,0,45,1600,,,
2026-06-15T11:31:45.061,0.9516,24.58,1,0.000137,0,45,1600,,,
2026-06-15T11:31:45.560,0.9516,24.58,2,0.000136,0,45,1600,,,
2026-06-15T11:31:46.075,0.9516,24.58,1,0.000136,0,45,1600,,,
2026-06-15T11:31:46.576,0.9516,24.58,2,0.000136,0,45,1600,,,
2026-06-15T11:31:47.075,0.9516,24.58,1,0.000136,0,45,1600,,,
2026-06-15T11:31:47.573,0.9516,24.58,1,0.000135,0,45,1600,,,
2026-06-15T11:31:48.074,0.9516,24.58,2,0.000136,0,45,1600,,,
2026-06-15T11:31:48.573,0.9515,24.58,1,0.000137,0,45,1600,,,
2026-06-15T11:31:49.074,0.9516,24.58,2,0.000137,0,45,1600,,,
2026-06-15T11:31:49.572,0.9516,24.58,1,0.000136,0,45,1600,,,
2026-06-15T11:31:50.072,0.9516,24.58,1,0.000136,0,45,1600,,,
2026-06-15T11:31:50.566,0.9516,24.58,2,0.000136,0,45,1600,,,
2026-06-15T11:31:51.066,0.9516,24.58,1,0.000136,0,45,1600,,,
2026-06-15T11:31:51.565,0.9516,24.58,2,0.000137,0,45,1600,,,
2026-06-15T11:31:52.065,0.9516,24.58,1,0.000136,0,45,1600,,,
2026-06-15T11:31:52.563,0.9516,24.58,2,0.000136,0,45,1600,,,
2026-06-15T11:31:53.066,0.9517,24.58,1,0.000136,0,45,1600,,,
2026-06-15T11:31:53.564,0.9516,24.58,1,0.000135,0,45,1600,,,
2026-06-15T11:31:54.064,0.9516,24.58,2,0.000136,0,45,1600,,,
2026-06-15T11:31:54.565,0.9516,24.58,1,0.000136,0,45,1600,,,
2026-06-15T11:31:55.075,0.9516,24.58,2,0.000136,0,45,1600,,,
2026-06-15T11:31:55.576,0.9516,24.58,1,0.000136,0,45,1600,,,
2026-06-15T11:31:56.075,0.9516,24.58,1,0.000136,0,45,1600,,,
2026-06-15T11:31:56.578,0.9516,24.58,2,0.000137,0,45,1600,,,
2026-06-15T11:31:57.075,0.9516,24.58,1,0.000136,0,45,1600,,,
2026-06-15T11:31:57.561,0.9516,24.58,1,0.000136,0,45,1600,,,
2026-06-15T11:31:58.065,0.9516,24.58,2,0.000136,0,45,1600,,,
2026-06-15T11:31:58.569,0.9515,24.58,1,0.000136,0,45,1600,,,
2026-06-15T11:31:59.066,0.9516,24.58,2,0.000136,0,45,1600,,,
2026-06-15T11:31:59.566,0.9516,24.58,1,0.000135,0,45,1600,,,
2026-06-15T11:32:00.069,0.9515,24.58,1,0.000136,0,45,1600,,,
2026-06-15T11:32:00.573,0.9516,24.58,2,0.000136,0,45,1600,,,
2026-06-15T11:32:01.072,0.9517,24.58,1,0.000136,0,45,1600,,,
2026-06-15T11:32:01.571,0.9516,24.58,2,0.000136,0,45,1600,,,
2026-06-15T11:32:02.062,0.9516,24.58,1,0.000137,0,45,1600,,,
2026-06-15T11:32:02.567,0.9516,24.58,1,0.000136,0,45,1600,,,
2026-06-15T11:32:03.064,0.9516,24.58,2,0.000137,0,45,1600,,,
2026-06-15T11:32:03.577,0.9516,24.58,1,0.000136,0,45,1600,,,
2026-06-15T11:32:04.064,0.9516,24.58,2,0.000137,0,45,1600,,,
2026-06-15T11:32:04.565,0.9516,24.58,1,0.000137,0,45,1600,,,
2026-06-15T11:32:05.068,0.9516,24.58,1,0.000136,0,45,1600,,,
2026-06-15T11:32:05.570,0.9516,24.58,2,0.000136,0,45,1600,,,
2026-06-15T11:32:06.072,0.9516,24.58,1,0.000136,0,45,1600,,,
2026-06-15T11:32:06.571,0.9516,24.58,1,0.000136,0,45,1600,,,
2026-06-15T11:32:07.073,0.9516,24.58,2,0.000136,0,45,1600,,,
2026-06-15T11:32:07.576,0.9516,24.58,1,0.000136,0,45,1600,,,
2026-06-15T11:32:08.061,0.9516,24.58,2,0.000136,0,45,1600,,,
2026-06-15T11:32:08.562,0.9516,24.58,1,0.000136,0,45,1600,,,
2026-06-15T11:32:09.067,0.9516,24.58,1,0.000136,0,45,1600,,,
2026-06-15T11:32:09.569,0.9516,24.58,2,0.000136,0,45,1600,,,
2026-06-15T11:32:10.071,0.9517,24.58,1,0.000136,0,45,1600,,,
2026-06-15T11:32:10.571,0.9516,24.58,2,0.000137,0,45,1600,,,
2026-06-15T11:32:11.071,0.9516,24.58,1,0.000137,0,45,1600,,,
2026-06-15T11:32:11.575,0.9516,24.58,1,0.000136,0,45,1600,,,
2026-06-15T11:32:12.076,0.9516,24.58,2,0.000136,0,45,1600,,,
2026-06-15T11:32:12.561,0.9516,24.58,1,0.000137,0,45,1600,,,
2026-06-15T11:32:13.062,0.9516,24.58,2,0.000137,0,45,1600,,,
2026-06-15T11:32:13.562,0.9516,24.58,1,0.000137,0,45,1600,,,
2026-06-15T11:32:14.061,0.9516,24.58,1,0.000137,0,45,1600,,,
2026-06-15T11:32:14.576,0.9516,24.58,2,0.000137,0,45,1600,,,
2026-06-15T11:32:15.072,0.9516,24.58,1,0.000137,0,45,1600,,,
2026-06-15T11:32:15.575,0.9516,24.58,2,0.000136,0,45,1600,,,
2026-06-15T11:32:16.063,0.9516,24.58,1,0.000136,0,45,1600,,,
2026-06-15T11:32:16.574,0.9515,24.58,1,0.000136,0,45,1600,,,
2026-06-15T11:32:17.073,0.9516,24.58,2,0.000136,0,45,1600,,,
2026-06-15T11:32:17.573,0.9516,24.58,1,0.000137,0,45,1600,,,
2026-06-15T11:32:18.073,0.9516,24.58,2,0.000136,0,45,1600,,,
2026-06-15T11:32:18.574,0.9515,24.58,1,0.000136,0,45,1600,,,
2026-06-15T11:32:19.075,0.9516,24.58,1,0.000136,0,45,1600,,,
2026-06-15T11:32:19.574,0.9516,24.58,2,0.000137,0,45,1600,,,
2026-06-15T11:32:20.071,0.9516,24.58,1,0.000136,0,45,1600,,,
2026-06-15T11:32:20.567,0.9516,24.58,2,0.000136,0,45,1600,,,
2026-06-15T11:32:21.065,0.9516,24.58,1,0.000136,0,45,1600,,,
2026-06-15T11:32:21.564,0.9516,24.58,1,0.000137,0,45,1600,,,
2026-06-15T11:32:22.061,0.9516,24.58,2,0.000136,0,45,1600,,,
2026-06-15T11:32:22.561,0.9515,24.58,1,0.000136,0,45,1600,,,
2026-06-15T11:32:23.074,0.9516,24.58,2,0.000136,0,45,1600,,,
2026-06-15T11:32:23.575,0.9516,24.58,1,0.000136,0,45,1600,,,
2026-06-15T11:32:24.073,0.9516,24.58,1,0.000136,0,45,1600,,,
2026-06-15T11:32:24.572,0.9515,24.58,2,0.000136,0,45,1600,,,
2026-06-15T11:32:25.072,0.9516,24.58,1,0.000136,0,45,1600,,,
2026-06-15T11:32:25.572,0.9516,24.58,2,0.000137,0,45,1600,,,
2026-06-15T11:32:26.071,0.9516,24.58,1,0.000136,0,45,1600,,,
2026-06-15T11:32:26.569,0.9516,24.58,1,0.000136,0,45,1600,,,
2026-06-15T11:32:27.070,0.9516,24.58,2,0.000137,0,45,1600,,,
2026-06-15T11:32:27.568,0.9515,24.58,1,0.000135,0,45,1600,,,
2026-06-15T11:32:28.067,0.9515,24.58,2,0.000137,0,45,1600,,,
2026-06-15T11:32:28.564,0.9516,24.58,1,0.000137,0,45,1600,,,
2026-06-15T11:32:29.064,0.9516,24.58,1,0.000137,0,45,1600,,,
2026-06-15T11:32:29.564,0.9516,24.58,2,0.000137,0,45,1600,,,
2026-06-15T11:32:30.065,0.9515,24.58,1,0.000136,0,45,1600,,,
2026-06-15T11:32:30.565,0.9516,24.58,2,0.000136,0,45,1600,,,
2026-06-15T11:32:31.063,0.9516,24.58,1,0.000136,0,45,1600,,,
2026-06-15T11:32:31.564,0.9516,24.58,2,0.000137,0,45,1600,,,
2026-06-15T11:32:32.065,0.9516,24.58,1,0.000136,0,45,1600,,,
2026-06-15T11:32:32.563,0.9515,24.58,1,0.000137,0,45,1600,,,
2026-06-15T11:32:33.062,0.9516,24.58,2,0.000137,0,45,1600,,,
2026-06-15T11:32:33.564,0.9515,24.58,1,0.000136,0,45,1600,,,
2026-06-15T11:32:34.063,0.9515,24.58,1,0.000135,0,45,1600,,,
2026-06-15T11:32:34.562,0.9516,24.58,2,0.000137,0,45,1600,,,
2026-06-15T11:32:35.065,0.9515,24.58,1,0.000136,0,45,1600,,,
2026-06-15T11:32:35.566,0.9516,24.58,2,0.000136,0,45,1600,,,
2026-06-15T11:32:36.065,0.9516,24.58,1,0.000136,0,45,1600,,,
2026-06-15T11:32:36.564,0.9516,24.58,1,0.000137,0,45,1600,,,
2026-06-15T11:32:37.065,0.9516,24.58,2,0.000136,0,45,1600,,,
2026-06-15T11:32:37.566,0.9516,24.58,1,0.000136,0,45,1600,,,
2026-06-15T11:32:38.069,0.9515,24.58,2,0.000136,0,45,1600,,,
2026-06-15T11:32:38.567,0.9516,24.58,1,0.000137,0,45,1600,,,
2026-06-15T11:32:39.066,0.9516,24.58,1,0.000137,0,45,1600,,,
2026-06-15T11:32:39.565,0.9516,24.58,2,0.000137,0,45,1600,,,
2026-06-15T11:32:40.065,0.9516,24.58,1,0.000136,0,45,1600,,,
2026-06-15T11:32:40.565,0.9516,24.58,2,0.000137,0,45,1600,,,
2026-06-15T11:32:41.063,0.9516,24.58,1,0.000136,0,45,1600,,,
2026-06-15T11:32:41.563,0.9515,24.58,1,0.000137,0,45,1600,,,
2026-06-15T11:32:42.062,0.9515,24.58,2,0.000136,0,45,1600,,,
2026-06-15T11:32:42.561,0.9516,24.58,1,0.000136,0,45,1600,,,
2026-06-15T11:32:43.076,0.9516,24.58,2,0.000136,0,45,1600,,,
2026-06-15T11:32:43.561,0.9515,24.58,1,0.000137,0,45,1600,,,
2026-06-15T11:32:44.062,0.9516,24.58,1,0.000136,0,45,1600,,,
2026-06-15T11:32:44.561,0.9515,24.58,2,0.000136,0,45,1600,,,
2026-06-15T11:32:45.078,0.9515,24.58,1,0.000136,0,45,1600,,,
2026-06-15T11:32:45.574,0.9516,24.58,2,0.000136,0,45,1600,,,
2026-06-15T11:32:46.075,0.9516,24.58,1,0.000136,0,45,1600,,,
2026-06-15T11:32:46.573,0.9516,24.58,1,0.000136,0,45,1600,,,
2026-06-15T11:32:47.072,0.9516,24.58,2,0.000136,0,45,1600,,,
2026-06-15T11:32:47.575,0.9516,24.58,1,0.000136,0,45,1600,,,
2026-06-15T11:32:48.072,0.9516,24.58,2,0.000137,0,45,1600,,,
2026-06-15T11:32:48.573,0.9515,24.58,1,0.000136,0,45,1600,,,
2026-06-15T11:32:49.075,0.9515,24.58,1,0.000136,0,45,1600,,,
2026-06-15T11:32:49.576,0.9516,24.58,2,0.000136,0,45,1600,,,
2026-06-15T11:32:50.064,0.9515,24.58,1,0.000135,0,45,1600,,,
2026-06-15T11:32:50.562,0.9516,24.58,2,0.000136,0,45,1600,,,
2026-06-15T11:32:51.065,0.9516,24.58,1,0.000137,0,45,1600,,,
2026-06-15T11:32:51.567,0.9515,24.58,1,0.000136,0,45,1600,,,
2026-06-15T11:32:52.066,0.9515,24.58,2,0.000136,0,45,1600,,,
2026-06-15T11:32:52.568,0.9515,24.58,1,0.000136,0,45,1600,,,
2026-06-15T11:32:53.067,0.9515,24.59,2,0.000137,0,45,1600,,,
2026-06-15T11:32:53.565,0.9515,24.58,1,0.000136,0,45,1600,,,
2026-06-15T11:32:54.064,0.9515,24.58,1,0.000137,0,45,1600,,,
2026-06-15T11:32:54.560,0.9515,24.58,2,0.000136,0,45,1600,,,
2026-06-15T11:32:55.073,0.9515,24.58,1,0.000137,0,45,1600,,,
2026-06-15T11:32:55.573,0.9515,24.58,1,0.000137,0,45,1600,,,
2026-06-15T11:32:56.073,0.9516,24.58,2,0.000137,0,45,1600,,,
2026-06-15T11:32:56.572,0.9516,24.58,1,0.000136,0,45,1600,,,
2026-06-15T11:32:57.074,0.9516,24.58,2,0.000137,0,45,1600,,,
2026-06-15T11:32:57.574,0.9515,24.58,1,0.000135,0,45,1600,,,
2026-06-15T11:32:58.072,0.9515,24.58,1,0.000136,0,45,1600,,,
2026-06-15T11:32:58.573,0.9516,24.58,2,0.000136,0,45,1600,,,
2026-06-15T11:32:59.072,0.9515,24.58,1,0.000137,0,45,1600,,,
2026-06-15T11:32:59.572,0.9516,24.58,2,0.000136,0,45,1600,,,
2026-06-15T11:33:00.076,0.9515,24.58,1,0.000136,0,45,1600,,,
2026-06-15T11:33:00.561,0.9515,24.58,1,0.000136,0,45,1600,,,
2026-06-15T11:33:01.073,0.9515,24.58,2,0.000136,0,45,1600,,,
2026-06-15T11:33:01.570,0.9515,24.58,1,0.000135,0,45,1600,,,
2026-06-15T11:33:02.071,0.9515,24.58,2,0.000136,0,45,1600,,,
2026-06-15T11:33:02.569,0.9515,24.58,1,0.000137,0,45,1600,,,
2026-06-15T11:33:03.068,0.9515,24.58,1,0.000136,0,45,1600,,,
2026-06-15T11:33:03.566,0.9515,24.58,2,0.000137,0,45,1600,,,
2026-06-15T11:33:04.066,0.9515,24.58,1,0.000136,0,45,1600,,,
2026-06-15T11:33:04.563,0.9515,24.58,2,0.000136,0,45,1600,,,
2026-06-15T11:33:05.067,0.9514,24.58,1,0.000137,0,45,1600,,,
2026-06-15T11:33:05.577,0.9514,24.58,1,0.000136,0,45,1600,,,
2026-06-15T11:33:06.063,0.9514,24.58,2,0.000136,0,45,1600,,,
2026-06-15T11:33:06.565,0.9516,24.58,1,0.000136,0,45,1600,,,
2026-06-15T11:33:07.063,0.9515,24.58,2,0.000136,0,45,1600,,,
2026-06-15T11:33:07.562,0.9515,24.58,1,0.000137,0,45,1600,,,
2026-06-15T11:33:08.061,0.9515,24.58,1,0.000137,0,45,1600,,,
2026-06-15T11:33:08.573,0.9515,24.58,2,0.000136,0,45,1600,,,
2026-06-15T11:33:09.075,0.9515,24.58,1,0.000135,0,45,1600,,,
2026-06-15T11:33:09.576,0.9515,24.58,2,0.000136,0,45,1600,,,
2026-06-15T11:33:10.063,0.9514,24.58,1,0.000136,0,45,1600,,,
2026-06-15T11:33:10.577,0.9515,24.58,2,0.000136,0,45,1600,,,
2026-06-15T11:33:11.076,0.9515,24.58,1,0.000136,0,45,1600,,,
2026-06-15T11:33:11.576,0.9514,24.58,1,0.000136,0,45,1600,,,
2026-06-15T11:33:12.075,0.9515,24.58,2,0.000136,0,45,1600,,,
2026-06-15T11:33:12.574,0.9515,24.58,1,0.000137,0,45,1600,,,
2026-06-15T11:33:13.075,0.9515,24.58,1,0.000137,0,45,1600,,,
2026-06-15T11:33:13.573,0.9514,24.58,2,0.000137,0,45,1600,,,
2026-06-15T11:33:14.072,0.9515,24.58,1,0.000135,0,45,1600,,,
2026-06-15T11:33:14.572,0.9515,24.58,2,0.000138,0,45,1600,,,
2026-06-15T11:33:15.071,0.9514,24.58,1,0.000135,0,45,1600,,,
2026-06-15T11:33:15.572,0.9514,24.58,1,0.000137,0,45,1600,,,
2026-06-15T11:33:16.072,0.9515,24.58,2,0.000137,0,45,1600,,,
2026-06-15T11:33:16.574,0.9515,24.58,1,0.000136,0,45,1600,,,
2026-06-15T11:33:17.071,0.9515,24.58,2,0.000137,0,45,1600,,,
2026-06-15T11:33:17.568,0.9514,24.58,1,0.000137,0,45,1600,,,
2026-06-15T11:33:18.068,0.9515,24.58,1,0.000136,0,45,1600,,,
2026-06-15T11:33:18.568,0.9515,24.58,2,0.000136,0,45,1600,,,
2026-06-15T11:33:19.069,0.9514,24.58,1,0.000137,0,45,1600,,,
2026-06-15T11:33:19.568,0.9515,24.58,2,0.000136,0,45,1600,,,
2026-06-15T11:33:20.067,0.9515,24.58,1,0.000137,0,45,1600,,,
2026-06-15T11:33:20.566,0.9514,24.58,1,0.000136,0,45,1600,,,
2026-06-15T11:33:21.069,0.9515,24.58,2,0.000136,0,45,1600,,,
2026-06-15T11:33:21.572,0.9514,24.58,1,0.000136,0,45,1600,,,
2026-06-15T11:33:22.072,0.9515,24.58,2,0.000137,0,45,1600,,,
2026-06-15T11:33:22.573,0.9514,24.58,1,0.000138,0,45,1600,,,
2026-06-15T11:33:23.076,0.9515,24.58,1,0.000137,0,45,1600,,,
2026-06-15T11:33:23.576,0.9514,24.58,2,0.000137,0,45,1600,,,
2026-06-15T11:33:24.063,0.9515,24.58,1,0.000137,0,45,1600,,,
2026-06-15T11:33:24.561,0.9515,24.58,2,0.000136,0,45,1600,,,
2026-06-15T11:33:25.064,0.9514,24.58,1,0.000136,0,45,1600,,,
2026-06-15T11:33:25.564,0.9514,24.58,1,0.000137,0,45,1600,,,
2026-06-15T11:33:26.061,0.9515,24.58,2,0.000136,0,45,1600,,,
2026-06-15T11:33:26.561,0.9514,24.58,1,0.000137,0,45,1600,,,
2026-06-15T11:33:27.071,0.9515,24.58,2,0.000136,0,45,1600,,,
2026-06-15T11:33:27.573,0.9515,24.58,1,0.000137,0,45,1600,,,
2026-06-15T11:33:28.063,0.9514,24.58,1,0.000136,0,45,1600,,,
2026-06-15T11:33:28.562,0.9515,24.58,2,0.000136,0,45,1600,,,
2026-06-15T11:33:29.074,0.9515,24.58,1,0.000136,0,45,1600,,,
2026-06-15T11:33:29.573,0.9515,24.58,2,0.000137,0,45,1600,,,
2026-06-15T11:33:30.072,0.9515,24.58,1,0.000137,0,45,1600,,,
2026-06-15T11:33:30.574,0.9515,24.58,1,0.000137,0,45,1600,,,
2026-06-15T11:33:31.077,0.9515,24.58,2,0.000137,0,45,1600,,,
2026-06-15T11:33:31.574,0.9515,24.58,1,0.000136,0,45,1600,,,
2026-06-15T11:33:32.075,0.9515,24.58,2,0.000136,0,45,1600,,,
2026-06-15T11:33:32.572,0.9515,24.58,1,0.000136,0,45,1600,,,
2026-06-15T11:33:33.061,0.9514,24.58,1,0.000135,0,45,1600,,,
2026-06-15T11:33:33.566,0.9514,24.58,2,0.000136,0,45,1600,,,
2026-06-15T11:33:34.068,0.9514,24.58,1,0.000136,0,45,1600,,,
2026-06-15T11:33:34.572,0.9515,24.58,2,0.000135,0,45,1600,,,
2026-06-15T11:33:35.069,0.9514,24.58,1,0.000137,0,45,1600,,,
2026-06-15T11:33:35.568,0.9515,24.58,1,0.000137,0,45,1600,,,
2026-06-15T11:33:36.072,0.9514,24.58,2,0.000136,0,45,1600,,,
2026-06-15T11:33:36.573,0.9515,24.58,1,0.000136,0,45,1600,,,
2026-06-15T11:33:37.061,0.9514,24.58,2,0.000136,0,45,1600,,,
2026-06-15T11:33:37.576,0.9514,24.58,1,0.000136,0,45,1600,,,
2026-06-15T11:33:38.074,0.9515,24.58,1,0.000137,0,45,1600,,,
2026-06-15T11:33:38.571,0.9515,24.58,2,0.000136,0,45,1600,,,
2026-06-15T11:33:39.071,0.9514,24.58,1,0.000137,0,45,1600,,,
2026-06-15T11:33:39.572,0.9514,24.58,2,0.000137,0,45,1600,,,
2026-06-15T11:33:40.073,0.9514,24.58,1,0.000137,0,45,1600,,,
2026-06-15T11:33:40.573,0.9514,24.58,1,0.000136,0,45,1600,,,
2026-06-15T11:33:41.072,0.9515,24.58,2,0.000136,0,45,1600,,,
2026-06-15T11:33:41.575,0.9515,24.58,1,0.000136,0,45,1600,,,
2026-06-15T11:33:42.076,0.9515,24.58,2,0.000136,0,45,1600,,,
2026-06-15T11:33:42.564,0.9514,24.58,1,0.000137,0,45,1600,,,
2026-06-15T11:33:43.069,0.9515,24.58,1,0.000137,0,45,1600,,,
2026-06-15T11:33:43.569,0.9515,24.58,2,0.000137,0,45,1600,,,
2026-06-15T11:33:44.068,0.9515,24.58,1,0.000137,0,45,1600,,,
2026-06-15T11:33:44.566,0.9515,24.58,2,0.000136,0,45,1600,,,
2026-06-15T11:33:45.066,0.9514,24.58,1,0.000136,0,45,1600,,,
2026-06-15T11:33:45.566,0.9515,24.58,2,0.000136,0,45,1600,,,
2026-06-15T11:33:46.069,0.9515,24.58,1,0.000136,0,45,1600,,,
2026-06-15T11:33:46.568,0.9514,24.58,1,0.000135,0,45,1600,,,
2026-06-15T11:33:47.069,0.9514,24.58,2,0.000136,0,45,1600,,,
2026-06-15T11:33:47.571,0.9514,24.58,1,0.000137,0,45,1600,,,
2026-06-15T11:33:48.070,0.9514,24.58,2,0.000137,0,45,1600,,,
2026-06-15T11:33:48.569,0.9514,24.58,1,0.000137,0,45,1600,,,
2026-06-15T11:33:49.069,0.9515,24.58,1,0.000136,0,45,1600,,,
2026-06-15T11:33:49.567,0.9514,24.58,2,0.000136,0,45,1600,,,
2026-06-15T11:33:50.067,0.9514,24.58,1,0.000137,0,45,1600,,,
2026-06-15T11:33:50.565,0.9514,24.58,1,0.000136,0,45,1600,,,
2026-06-15T11:33:51.066,0.9514,24.58,2,0.000138,0,45,1600,,,
2026-06-15T11:33:51.564,0.9514,24.58,1,0.000137,0,45,1600,,,
2026-06-15T11:33:52.067,0.9514,24.58,2,0.000137,0,45,1600,,,
2026-06-15T11:33:52.567,0.9514,24.57,1,0.000136,0,45,1600,,,
2026-06-15T11:33:53.068,0.9515,24.57,1,0.000135,0,45,1600,,,
2026-06-15T11:33:53.568,0.9514,24.57,2,0.000136,0,45,1600,,,
2026-06-15T11:33:54.068,0.9515,24.57,1,0.000136,0,45,1600,,,
2026-06-15T11:33:54.569,0.9515,24.57,2,0.000137,0,45,1600,,,
2026-06-15T11:33:55.074,0.9515,24.57,1,0.000137,0,45,1600,,,
2026-06-15T11:33:55.572,0.9514,24.57,1,0.000136,0,45,1600,,,
2026-06-15T11:33:56.074,0.9515,24.57,2,0.000138,0,45,1600,,,
2026-06-15T11:33:56.563,0.9514,24.58,1,0.000137,0,45,1600,,,
2026-06-15T11:33:57.076,0.9515,24.57,2,0.000136,0,45,1600,,,
2026-06-15T11:33:57.562,0.9514,24.58,1,0.000137,0,45,1600,,,
2026-06-15T11:33:58.076,0.9514,24.57,1,0.000136,0,45,1600,,,
2026-06-15T11:33:58.565,0.9514,24.58,2,0.000137,0,45,1600,,,
2026-06-15T11:33:59.067,0.9514,24.58,1,0.000137,0,45,1600,,,
2026-06-15T11:33:59.567,0.9515,24.58,2,0.000136,0,45,1600,,,
2026-06-15T11:34:00.063,0.9514,24.58,1,0.000137,0,45,1600,,,
2026-06-15T11:34:00.568,0.9514,24.58,1,0.000136,0,45,1600,,,
2026-06-15T11:34:01.068,0.9514,24.58,2,0.000136,0,45,1600,,,
2026-06-15T11:34:01.571,0.9514,24.58,1,0.000138,0,45,1600,,,
2026-06-15T11:34:02.062,0.9514,24.58,2,0.000136,0,45,1600,,,
2026-06-15T11:34:02.564,0.9515,24.58,1,0.000135,0,45,1600,,,
2026-06-15T11:34:03.067,0.9513,24.58,1,0.000137,0,45,1600,,,
2026-06-15T11:34:03.568,0.9515,24.57,2,0.000137,0,45,1600,,,
2026-06-15T11:34:04.070,0.9514,24.57,1,0.000137,0,45,1600,,,
2026-06-15T11:34:04.573,0.9514,24.57,2,0.000137,0,45,1600,,,
2026-06-15T11:34:05.069,0.9514,24.58,1,0.000137,0,45,1600,,,
2026-06-15T11:34:05.567,0.9514,24.58,1,0.000136,0,45,1600,,,
2026-06-15T11:34:06.067,0.9514,24.58,2,0.000137,0,45,1600,,,
2026-06-15T11:34:06.568,0.9514,24.57,1,0.000136,0,45,1600,,,
2026-06-15T11:34:07.070,0.9514,24.57,2,0.000137,0,45,1600,,,
2026-06-15T11:34:07.567,0.9514,24.57,1,0.000136,0,45,1600,,,
2026-06-15T11:34:08.068,0.9514,24.57,1,0.000137,0,45,1600,,,
2026-06-15T11:34:08.567,0.9514,24.57,2,0.000136,0,45,1600,,,
2026-06-15T11:34:09.071,0.9514,24.57,1,0.000136,0,45,1600,,,
2026-06-15T11:34:09.571,0.9515,24.57,2,0.000137,0,45,1600,,,
2026-06-15T11:34:10.069,0.9514,24.57,1,0.000137,0,45,1600,,,
2026-06-15T11:34:10.568,0.9514,24.57,1,0.000137,0,45,1600,,,
2026-06-15T11:34:11.073,0.9514,24.57,2,0.000137,0,45,1600,,,
2026-06-15T11:34:11.573,0.9515,24.57,1,0.000136,0,45,1600,,,
2026-06-15T11:34:12.073,0.9514,24.58,1,0.000137,0,45,1600,,,
2026-06-15T11:34:12.574,0.9515,24.57,2,0.000137,0,45,1600,,,
2026-06-15T11:34:13.077,0.9515,24.58,1,0.000136,0,45,1600,,,
2026-06-15T11:34:13.576,0.9514,24.57,2,0.000137,0,45,1600,,,
2026-06-15T11:34:14.062,0.9514,24.58,1,0.000137,0,45,1600,,,
2026-06-15T11:34:14.573,0.9514,24.57,1,0.000137,0,45,1600,,,
2026-06-15T11:34:15.073,0.9514,24.57,2,0.000136,0,45,1600,,,
2026-06-15T11:34:15.572,0.9515,24.57,1,0.000137,0,45,1600,,,
2026-06-15T11:34:16.074,0.9514,24.57,2,0.000136,0,45,1600,,,
2026-06-15T11:34:16.576,0.9514,24.57,1,0.000137,0,45,1600,,,
2026-06-15T11:34:17.075,0.9514,24.57,1,0.000137,0,45,1600,,,
2026-06-15T11:34:17.574,0.9514,24.57,2,0.000137,0,45,1600,,,
2026-06-15T11:34:18.072,0.9514,24.57,1,0.000137,0,45,1600,,,
2026-06-15T11:34:18.570,0.9514,24.57,2,0.000138,0,45,1600,,,
2026-06-15T11:34:19.070,0.9514,24.57,1,0.000137,0,45,1600,,,
2026-06-15T11:34:19.572,0.9515,24.57,1,0.000137,0,45,1600,,,
2026-06-15T11:34:20.071,0.9515,24.57,2,0.000137,0,45,1600,,,
2026-06-15T11:34:20.570,0.9514,24.57,1,0.000137,0,45,1600,,,
2026-06-15T11:34:21.070,0.9515,24.57,2,0.000137,0,45,1600,,,
