timestamp,keller_pressure_bar,keller_temperature_degC,n_keller_samples,vacuum_chamber_mbar,pulses_interval,pulses_total,open_time_us,pulse_timestamps_us,pulse_open_times_us,pulse_acks
2026-06-11T09:59:53.750,,,0,,0,0,1600,,,
2026-06-11T09:59:54.264,0.9584,23.77,1,0.000135,0,0,1600,,,
2026-06-11T09:59:54.754,0.9584,23.77,1,0.000134,0,0,1600,,,
2026-06-11T09:59:55.248,0.9584,23.77,2,0.000134,0,0,1600,,,
2026-06-11T09:59:55.755,0.9584,23.77,1,0.000134,0,0,1600,,,
2026-06-11T09:59:56.263,0.9585,23.77,2,0.000134,0,0,1600,,,
2026-06-11T09:59:56.754,0.9584,23.77,1,0.000134,0,0,1600,,,
2026-06-11T09:59:57.244,0.9584,23.77,1,0.000134,0,0,1600,,,
2026-06-11T09:59:57.750,0.9585,23.77,2,0.000133,0,0,1600,,,
2026-06-11T09:59:58.259,0.9584,23.77,1,0.000134,0,0,1600,,,
2026-06-11T09:59:58.751,0.9584,23.77,2,0.000134,0,0,1600,,,
2026-06-11T09:59:59.259,0.9584,23.77,1,0.000135,0,0,1600,,,
2026-06-11T09:59:59.751,0.9584,23.77,2,0.000133,0,0,1600,,,
2026-06-11T10:00:00.259,0.9583,23.77,1,0.000134,0,0,1600,,,
2026-06-11T10:00:00.752,0.9584,23.77,1,0.000134,0,0,1600,,,
2026-06-11T10:00:01.260,0.9585,23.77,2,0.000134,0,0,1600,,,
2026-06-11T10:00:01.751,0.9584,23.77,1,0.000134,0,0,1600,,,
2026-06-11T10:00:02.259,0.9584,23.77,2,0.000133,0,0,1600,,,
2026-06-11T10:00:02.751,0.9584,23.77,1,0.000134,0,0,1600,,,
2026-06-11T10:00:03.261,0.9584,23.77,1,0.000133,0,0,1600,,,
2026-06-11T10:00:03.737,0.9584,23.77,2,0.000135,0,0,1600,,,
2026-06-11T10:00:04.246,0.9585,23.77,1,0.000136,0,0,1600,,,
2026-06-11T10:00:04.738,0.9585,23.77,2,0.000136,0,0,1600,,,
2026-06-11T10:00:05.260,0.9584,23.77,1,0.000134,0,0,1600,,,
2026-06-11T10:00:05.751,0.9585,23.77,1,0.000134,0,0,1600,,,
2026-06-11T10:00:06.256,0.9584,23.76,2,0.000135,0,0,1600,,,
2026-06-11T10:00:06.764,0.9584,23.76,1,0.000134,0,0,1600,,,
2026-06-11T10:00:07.250,0.9583,23.76,2,0.000133,0,0,1600,,,
2026-06-11T10:00:07.763,0.9584,23.77,1,0.000134,0,0,1600,,,
2026-06-11T10:00:08.262,0.9583,23.77,2,0.000134,0,0,1600,,,
2026-06-11T10:00:08.762,0.9583,23.76,1,0.000134,0,0,1600,,,
2026-06-11T10:00:09.259,0.9584,23.76,1,0.000135,0,0,1600,,,
2026-06-11T10:00:09.758,0.9585,23.77,2,0.000135,0,0,1600,,,
2026-06-11T10:00:10.256,0.9584,23.76,1,0.000135,0,0,1600,,,
2026-06-11T10:00:10.756,0.9584,23.76,2,0.000134,0,0,1600,,,
2026-06-11T10:00:11.260,0.9583,23.77,1,0.000133,0,0,1600,,,
2026-06-11T10:00:11.759,0.9583,23.76,1,0.000134,0,0,1600,,,
2026-06-11T10:00:12.258,0.9583,23.76,2,0.000133,0,0,1600,,,
2026-06-11T10:00:12.756,0.9583,23.77,1,0.000135,0,0,1600,,,
2026-06-11T10:00:13.255,0.9585,23.76,2,0.000133,0,0,1600,,,
2026-06-11T10:00:13.754,0.9584,23.76,1,0.000135,0,0,1600,,,
2026-06-11T10:00:14.264,0.9584,23.76,1,0.000133,0,0,1600,,,
2026-06-11T10:00:14.765,0.9584,23.76,2,0.000135,0,0,1600,,,
2026-06-11T10:00:15.263,0.9584,23.76,1,0.000135,0,0,1600,,,
2026-06-11T10:00:15.763,0.9583,23.76,2,0.000136,0,0,1600,,,
2026-06-11T10:00:16.259,0.9584,23.76,1,0.000134,0,0,1600,,,
2026-06-11T10:00:16.757,0.9584,23.76,1,0.000135,0,0,1600,,,
2026-06-11T10:00:17.256,0.9584,23.76,2,0.000134,0,0,1600,,,
2026-06-11T10:00:17.753,0.9584,23.76,1,0.000135,0,0,1600,,,
2026-06-11T10:00:18.255,0.9583,23.76,2,0.000134,0,0,1600,,,
2026-06-11T10:00:18.755,0.9584,23.76,1,0.000135,0,0,1600,,,
2026-06-11T10:00:19.256,0.9583,23.76,2,0.000134,0,0,1600,,,
2026-06-11T10:00:19.756,0.9584,23.76,1,0.000135,0,0,1600,,,
2026-06-11T10:00:20.256,0.9583,23.76,1,0.000134,0,0,1600,,,
2026-06-11T10:00:20.758,0.9584,23.76,2,0.000134,0,0,1600,,,
2026-06-11T10:00:21.258,0.9584,23.76,1,0.000134,0,0,1600,,,
2026-06-11T10:00:21.758,0.9584,23.76,2,0.000134,0,0,1600,,,
2026-06-11T10:00:22.259,0.9583,23.76,1,0.000135,0,0,1600,,,
2026-06-11T10:00:22.762,0.9582,23.76,1,0.000134,0,0,1600,,,
2026-06-11T10:00:23.260,0.9584,23.76,2,0.000134,0,0,1600,,,
2026-06-11T10:00:23.758,0.9583,23.76,1,0.000134,0,0,1600,,,
2026-06-11T10:00:24.260,0.9583,23.76,2,0.000135,0,0,1600,,,
2026-06-11T10:00:24.760,0.9583,23.76,1,0.000136,0,0,1600,,,
2026-06-11T10:00:25.262,0.9583,23.76,1,0.000134,0,0,1600,,,
2026-06-11T10:00:25.760,0.9583,23.76,2,0.000135,0,0,1600,,,
2026-06-11T10:00:26.257,0.9583,23.76,1,0.000134,0,0,1600,,,
2026-06-11T10:00:26.757,0.9584,23.75,2,0.000134,0,0,1600,,,
2026-06-11T10:00:27.259,0.9583,23.76,1,0.000134,0,0,1600,,,
2026-06-11T10:00:27.760,0.9584,23.75,1,0.000135,0,0,1600,,,
2026-06-11T10:00:28.263,0.9583,23.75,2,0.000134,0,0,1600,,,
2026-06-11T10:00:28.751,0.9583,23.75,1,0.000135,0,0,1600,,,
2026-06-11T10:00:29.254,0.9583,23.75,2,0.000134,0,0,1600,,,
2026-06-11T10:00:29.756,0.9583,23.75,1,0.000134,0,0,1600,,,
2026-06-11T10:00:30.259,0.9584,23.75,2,0.000133,0,0,1600,,,
2026-06-11T10:00:30.758,0.9583,23.75,1,0.000134,0,0,1600,,,
2026-06-11T10:00:31.261,0.9583,23.75,1,0.000134,0,0,1600,,,
2026-06-11T10:00:31.760,0.9583,23.75,2,0.000134,0,0,1600,,,
2026-06-11T10:00:32.259,0.9583,23.75,1,0.000135,0,0,1600,,,
2026-06-11T10:00:32.760,0.9583,23.75,1,0.000134,0,0,1600,,,
2026-06-11T10:00:33.260,0.9583,23.75,2,0.000134,0,0,1600,,,
2026-06-11T10:00:33.765,0.9584,23.75,1,0.000134,0,0,1600,,,
2026-06-11T10:00:34.264,0.9583,23.75,2,0.000133,0,0,1600,,,
2026-06-11T10:00:34.763,0.9582,23.75,1,0.000135,0,0,1600,,,
2026-06-11T10:00:35.261,0.9584,23.75,2,0.000134,0,0,1600,,,
2026-06-11T10:00:35.762,0.9582,23.75,1,0.000135,0,0,1600,,,
2026-06-11T10:00:36.261,0.9583,23.75,1,0.000135,0,0,1600,,,
2026-06-11T10:00:36.761,0.9583,23.75,2,0.000136,0,0,1600,,,
2026-06-11T10:00:37.259,0.9583,23.75,1,0.000134,0,0,1600,,,
2026-06-11T10:00:37.757,0.9582,23.74,2,0.000134,0,0,1600,,,
2026-06-11T10:00:38.257,0.9583,23.75,1,0.000134,0,0,1600,,,
2026-06-11T10:00:38.759,0.9583,23.75,1,0.000133,0,0,1600,,,
2026-06-11T10:00:39.264,0.9583,23.75,2,0.000135,0,0,1600,,,
2026-06-11T10:00:39.763,0.9583,23.74,1,0.000135,0,0,1600,,,
2026-06-11T10:00:40.263,0.9582,23.74,2,0.000134,0,0,1600,,,
2026-06-11T10:00:40.761,0.9582,23.74,1,0.000133,0,0,1600,,,
2026-06-11T10:00:41.265,0.9583,23.75,1,0.000133,0,0,1600,,,
2026-06-11T10:00:41.760,0.9583,23.74,2,0.000134,0,0,1600,,,
2026-06-11T10:00:42.256,0.9583,23.74,1,0.000135,0,0,1600,,,
2026-06-11T10:00:42.758,0.9583,23.74,2,0.000133,0,0,1600,,,
2026-06-11T10:00:43.263,0.9583,23.74,1,0.000133,0,0,1600,,,
2026-06-11T10:00:43.762,0.9583,23.74,1,0.000134,0,0,1600,,,
2026-06-11T10:00:44.260,0.9583,23.74,2,0.000135,0,0,1600,,,
2026-06-11T10:00:44.757,0.9582,23.74,1,0.000135,0,0,1600,,,
2026-06-11T10:00:45.256,0.9583,23.74,2,0.000135,0,0,1600,,,
2026-06-11T10:00:45.756,0.9583,23.74,1,0.000134,0,0,1600,,,
2026-06-11T10:00:46.255,0.9582,23.74,1,0.000134,0,0,1600,,,
2026-06-11T10:00:46.754,0.9583,23.74,2,0.000134,0,0,1600,,,
2026-06-11T10:00:47.254,0.9582,23.74,1,0.000135,0,0,1600,,,
2026-06-11T10:00:47.752,0.9583,23.74,2,0.000135,0,0,1600,,,
2026-06-11T10:00:48.251,0.9582,23.74,1,0.000133,0,0,1600,,,
2026-06-11T10:00:48.753,0.9582,23.74,1,0.000135,0,0,1600,,,
2026-06-11T10:00:49.254,0.9583,23.74,2,0.000135,0,0,1600,,,
2026-06-11T10:00:49.758,0.9582,23.74,1,0.000135,0,0,1600,,,
2026-06-11T10:00:50.260,0.9582,23.74,2,0.000134,0,0,1600,,,
2026-06-11T10:00:50.756,0.9583,23.74,1,0.000132,0,0,1600,,,
2026-06-11T10:00:51.257,0.9583,23.74,1,0.000133,0,0,1600,,,
2026-06-11T10:00:51.757,0.9583,23.73,2,0.000133,0,0,1600,,,
2026-06-11T10:00:52.258,0.9582,23.74,1,0.000135,0,0,1600,,,
2026-06-11T10:00:52.757,0.9582,23.74,2,0.000135,0,0,1600,,,
2026-06-11T10:00:53.259,0.9582,23.74,1,0.000134,0,0,1600,,,
2026-06-11T10:00:53.756,0.9583,23.74,1,0.000134,0,0,1600,,,
2026-06-11T10:00:54.258,0.9583,23.74,2,0.000134,0,0,1600,,,
2026-06-11T10:00:54.758,0.9582,23.73,1,0.000133,0,0,1600,,,
2026-06-11T10:00:55.256,0.9582,23.73,2,0.000134,0,0,1600,,,
2026-06-11T10:00:55.756,0.9582,23.73,1,0.000134,0,0,1600,,,
2026-06-11T10:00:56.257,0.9583,23.73,1,0.000133,0,0,1600,,,
2026-06-11T10:00:56.757,0.9583,23.73,2,0.000134,0,0,1600,,,
2026-06-11T10:00:57.258,0.9582,23.73,1,0.000135,0,0,1600,,,
2026-06-11T10:00:57.751,0.9583,23.73,2,0.000135,0,0,1600,,,
2026-06-11T10:00:58.266,0.9583,23.73,1,0.000135,0,0,1600,,,
2026-06-11T10:00:58.765,0.9583,23.73,1,0.000135,0,0,1600,,,
2026-06-11T10:00:59.266,0.9583,23.73,2,0.000135,0,0,1600,,,
2026-06-11T10:00:59.762,0.9583,23.73,1,0.000135,0,0,1600,,,
2026-06-11T10:01:00.258,0.9583,23.73,2,0.000135,0,0,1600,,,
2026-06-11T10:01:00.759,0.9583,23.73,1,0.000133,0,0,1600,,,
2026-06-11T10:01:01.264,0.9583,23.73,1,0.000133,0,0,1600,,,
2026-06-11T10:01:01.765,0.9583,23.73,2,0.000135,0,0,1600,,,
2026-06-11T10:01:02.262,0.9582,23.73,1,0.000134,0,0,1600,,,
2026-06-11T10:01:02.764,0.9583,23.73,2,0.000134,0,0,1600,,,
2026-06-11T10:01:03.263,0.9582,23.73,1,0.000135,0,0,1600,,,
2026-06-11T10:01:03.764,0.9582,23.73,1,0.000135,0,0,1600,,,
2026-06-11T10:01:04.262,0.9583,23.73,2,0.000134,0,0,1600,,,
2026-06-11T10:01:04.760,0.9582,23.73,1,0.000135,0,0,1600,,,
2026-06-11T10:01:05.262,0.9583,23.73,1,0.000134,0,0,1600,,,
2026-06-11T10:01:05.759,0.9583,23.73,2,0.000134,0,0,1600,,,
2026-06-11T10:01:06.258,0.9582,23.73,1,0.000134,0,0,1600,,,
2026-06-11T10:01:06.757,0.9583,23.73,2,0.000134,0,0,1600,,,
2026-06-11T10:01:07.254,0.9582,23.73,1,0.000134,0,0,1600,,,
2026-06-11T10:01:07.753,0.9582,23.73,1,0.000134,0,0,1600,,,
2026-06-11T10:01:08.253,0.9583,23.73,2,0.000135,0,0,1600,,,
2026-06-11T10:01:08.753,0.9583,23.73,1,0.000134,0,0,1600,,,
2026-06-11T10:01:09.256,0.9582,23.73,2,0.000135,0,0,1600,,,
2026-06-11T10:01:09.761,0.9582,23.73,1,0.000135,0,0,1600,,,
2026-06-11T10:01:10.263,0.9582,23.72,1,0.000135,0,0,1600,,,
2026-06-11T10:01:10.762,0.9582,23.72,2,0.000135,0,0,1600,,,
2026-06-11T10:01:11.261,0.9582,23.72,1,0.000135,0,0,1600,,,
2026-06-11T10:01:11.762,0.9583,23.73,2,0.000136,0,0,1600,,,
2026-06-11T10:01:12.262,0.9583,23.72,1,0.000134,0,0,1600,,,
2026-06-11T10:01:12.752,0.9582,23.72,1,0.000135,0,0,1600,,,
2026-06-11T10:01:13.254,0.9583,23.72,2,0.000135,0,0,1600,,,
2026-06-11T10:01:13.753,0.9583,23.73,1,0.000135,0,0,1600,,,
2026-06-11T10:01:14.252,0.9582,23.72,2,0.000136,0,0,1600,,,
2026-06-11T10:01:14.751,0.9582,23.72,1,0.000135,0,0,1600,,,
2026-06-11T10:01:15.262,0.9582,23.73,1,0.000135,0,0,1600,,,
2026-06-11T10:01:15.765,0.9583,23.73,2,0.000134,0,0,1600,,,
2026-06-11T10:01:16.262,0.9582,23.72,1,0.000136,0,0,1600,,,
2026-06-11T10:01:16.758,0.9583,23.72,2,0.000135,0,0,1600,,,
2026-06-11T10:01:17.254,0.9583,23.72,1,0.000134,0,0,1600,,,
2026-06-11T10:01:17.765,0.9583,23.72,1,0.000135,0,0,1600,,,
2026-06-11T10:01:18.262,0.9583,23.72,2,0.000136,0,0,1600,,,
2026-06-11T10:01:18.763,0.9583,23.72,1,0.000137,0,0,1600,,,
2026-06-11T10:01:19.262,0.9583,23.72,1,0.000135,0,0,1600,,,
2026-06-11T10:01:19.758,0.9583,23.72,2,0.000134,0,0,1600,,,
2026-06-11T10:01:20.256,0.9583,23.72,1,0.000135,0,0,1600,,,
2026-06-11T10:01:20.758,0.9583,23.72,2,0.000134,0,0,1600,,,
2026-06-11T10:01:21.255,0.9582,23.72,1,0.000134,0,0,1600,,,
2026-06-11T10:01:21.755,0.9583,23.72,1,0.000134,0,0,1600,,,
2026-06-11T10:01:22.255,0.9583,23.72,2,0.000133,0,0,1600,,,
2026-06-11T10:01:22.756,0.9582,23.72,1,0.000135,0,0,1600,,,
2026-06-11T10:01:23.259,0.9582,23.72,2,0.000136,0,0,1600,,,
2026-06-11T10:01:23.760,0.9582,23.72,1,0.000134,0,0,1600,,,
2026-06-11T10:01:24.259,0.9583,23.72,1,0.000134,0,0,1600,,,
2026-06-11T10:01:24.760,0.9582,23.72,2,0.000134,0,0,1600,,,
2026-06-11T10:01:25.259,0.9582,23.72,1,0.000135,0,0,1600,,,
2026-06-11T10:01:25.758,0.9583,23.72,2,0.000134,0,0,1600,,,
2026-06-11T10:01:26.258,0.9582,23.72,1,0.000134,0,0,1600,,,
2026-06-11T10:01:26.757,0.9582,23.72,1,0.000135,0,0,1600,,,
2026-06-11T10:01:27.256,0.9583,23.72,2,0.000135,0,0,1600,,,
2026-06-11T10:01:27.755,0.9583,23.72,1,0.000134,0,0,1600,,,
2026-06-11T10:01:28.257,0.9582,23.72,2,0.000134,0,0,1600,,,
2026-06-11T10:01:28.753,0.9582,23.72,1,0.000134,0,0,1600,,,
2026-06-11T10:01:29.251,0.9582,23.72,1,0.000135,0,0,1600,,,
2026-06-11T10:01:29.752,0.9583,23.71,2,0.000134,0,0,1600,,,
2026-06-11T10:01:30.264,0.9583,23.72,1,0.000133,0,0,1600,,,
2026-06-11T10:01:30.758,0.9583,23.72,2,0.000135,0,0,1600,,,
2026-06-11T10:01:31.258,0.9583,23.72,1,0.000135,0,0,1600,,,
2026-06-11T10:01:31.757,0.9583,23.72,1,0.000134,0,0,1600,,,
2026-06-11T10:01:32.258,0.9583,23.72,2,0.000133,0,0,1600,,,
2026-06-11T10:01:32.759,0.9583,23.71,1,0.000134,0,0,1600,,,
2026-06-11T10:01:33.257,0.9583,23.72,2,0.000135,0,0,1600,,,
2026-06-11T10:01:33.758,0.9582,23.72,1,0.000134,0,0,1600,,,
2026-06-11T10:01:34.254,0.9583,23.72,1,0.000134,0,0,1600,,,
2026-06-11T10:01:34.754,0.9583,23.72,2,0.000135,0,0,1600,,,
2026-06-11T10:01:35.255,0.9582,23.71,1,0.000135,0,0,1600,,,
2026-06-11T10:01:35.751,0.9583,23.72,2,0.000134,0,0,1600,,,
2026-06-11T10:01:36.250,0.9582,23.72,1,0.000135,0,0,1600,,,
2026-06-11T10:01:36.752,0.9583,23.72,1,0.000135,0,0,1600,,,
2026-06-11T10:01:37.263,0.9583,23.72,2,0.000134,0,0,1600,,,
2026-06-11T10:01:37.763,0.9583,23.72,1,0.000134,0,0,1600,,,
2026-06-11T10:01:38.263,0.9583,23.72,2,0.000134,0,0,1600,,,
2026-06-11T10:01:38.763,0.9583,23.72,1,0.000133,0,0,1600,,,
2026-06-11T10:01:39.251,0.9583,23.72,1,0.000135,0,0,1600,,,
2026-06-11T10:01:39.765,0.9583,23.71,2,0.000135,0,0,1600,,,
2026-06-11T10:01:40.261,0.9583,23.72,1,0.000135,0,0,1600,,,
2026-06-11T10:01:40.762,0.9583,23.72,2,0.000135,0,0,1600,,,
2026-06-11T10:01:41.263,0.9583,23.72,1,0.000135,0,0,1600,,,
2026-06-11T10:01:41.764,0.9582,23.72,1,0.000134,0,0,1600,,,
2026-06-11T10:01:42.263,0.9583,23.72,2,0.000133,0,0,1600,,,
2026-06-11T10:01:42.758,0.9583,23.71,1,0.000134,0,0,1600,,,
2026-06-11T10:01:43.259,0.9583,23.72,2,0.000135,0,0,1600,,,
2026-06-11T10:01:43.759,0.9582,23.71,1,0.000134,0,0,1600,,,
2026-06-11T10:01:44.256,0.9582,23.71,1,0.000135,0,0,1600,,,
2026-06-11T10:01:44.754,0.9583,23.71,2,0.000135,0,0,1600,,,
2026-06-11T10:01:45.264,0.9582,23.71,1,0.000135,0,0,1600,,,
2026-06-11T10:01:45.765,0.9583,23.71,2,0.000134,0,0,1600,,,
2026-06-11T10:01:46.264,0.9583,23.72,1,0.000134,0,0,1600,,,
2026-06-11T10:01:46.762,0.9583,23.71,1,0.000135,0,0,1600,,,
2026-06-11T10:01:47.260,0.9583,23.72,2,0.000135,0,0,1600,,,
2026-06-11T10:01:47.759,0.9583,23.71,1,0.000134,0,0,1600,,,
2026-06-11T10:01:48.260,0.9582,23.71,1,0.000136,0,0,1600,,,
2026-06-11T10:01:48.757,0.9583,23.71,2,0.000136,0,0,1600,,,
2026-06-11T10:01:49.257,0.9582,23.71,1,0.000134,0,0,1600,,,
2026-06-11T10:01:49.751,0.9583,23.71,2,0.000135,0,0,1600,,,
2026-06-11T10:01:50.249,0.9582,23.71,1,0.000134,0,0,1600,,,
2026-06-11T10:01:50.764,0.9582,23.71,1,0.000136,0,0,1600,,,
2026-06-11T10:01:51.262,0.9583,23.71,2,0.000134,0,0,1600,,,
2026-06-11T10:01:51.760,0.9583,23.71,1,0.000134,0,0,1600,,,
2026-06-11T10:01:52.257,0.9583,23.71,2,0.000135,0,0,1600,,,
2026-06-11T10:01:52.757,0.9582,23.71,1,0.000133,0,0,1600,,,
2026-06-11T10:01:53.258,0.9583,23.71,1,0.000134,0,0,1600,,,
2026-06-11T10:01:53.756,0.9583,23.71,2,0.000135,0,0,1600,,,
2026-06-11T10:01:54.256,0.9583,23.71,1,0.000135,0,0,1600,,,
2026-06-11T10:01:54.755,0.9583,23.71,2,0.000135,0,0,1600,,,
2026-06-11T10:01:55.258,0.9582,23.71,1,0.000135,0,0,1600,,,
2026-06-11T10:01:55.759,0.9583,23.71,1,0.000134,0,0,1600,,,
2026-06-11T10:01:56.262,0.9583,23.71,2,0.000135,0,0,1600,,,
2026-06-11T10:01:56.760,0.9582,23.71,1,0.000135,0,0,1600,,,
2026-06-11T10:01:57.260,0.9582,23.71,2,0.000135,0,0,1600,,,
2026-06-11T10:01:57.762,0.9583,23.71,1,0.000134,0,0,1600,,,
2026-06-11T10:01:58.259,0.9583,23.71,1,0.000136,0,0,1600,,,
2026-06-11T10:01:58.761,0.9583,23.71,2,0.000134,0,0,1600,,,
2026-06-11T10:01:59.261,0.9583,23.71,1,0.000135,0,0,1600,,,
2026-06-11T10:01:59.759,0.9583,23.71,2,0.000135,0,0,1600,,,
2026-06-11T10:02:00.254,0.9583,23.71,1,0.000136,0,0,1600,,,
2026-06-11T10:02:00.753,0.9583,23.71,1,0.000133,0,0,1600,,,
2026-06-11T10:02:01.254,0.9583,23.71,2,0.000134,0,0,1600,,,
2026-06-11T10:02:01.751,0.9583,23.71,1,0.000134,0,0,1600,,,
2026-06-11T10:02:02.256,0.9583,23.71,2,0.000136,0,0,1600,,,
2026-06-11T10:02:02.761,0.9583,23.71,1,0.000135,0,0,1600,,,
2026-06-11T10:02:03.257,0.9583,23.71,1,0.000135,0,0,1600,,,
2026-06-11T10:02:03.756,0.9583,23.71,2,0.000135,0,0,1600,,,
2026-06-11T10:02:04.262,0.9583,23.71,1,0.000135,0,0,1600,,,
2026-06-11T10:02:04.763,0.9583,23.7,2,0.000134,0,0,1600,,,
2026-06-11T10:02:05.261,0.9582,23.71,1,0.000135,0,0,1600,,,
2026-06-11T10:02:05.762,0.9583,23.71,2,0.000136,0,0,1600,,,
2026-06-11T10:02:06.264,0.9582,23.71,1,0.000134,0,0,1600,,,
2026-06-11T10:02:06.764,0.9583,23.71,1,0.000134,0,0,1600,,,
2026-06-11T10:02:07.263,0.9583,23.71,2,0.000135,0,0,1600,,,
2026-06-11T10:02:07.751,0.9582,23.71,1,0.000135,0,0,1600,,,
2026-06-11T10:02:08.250,0.9583,23.71,2,0.000135,0,0,1600,,,
2026-06-11T10:02:08.752,0.9583,23.71,1,0.000135,0,0,1600,,,
2026-06-11T10:02:09.265,0.9583,23.71,1,0.000134,0,0,1600,,,
2026-06-11T10:02:09.765,0.9583,23.71,2,0.000135,0,0,1600,,,
2026-06-11T10:02:10.265,0.9583,23.71,1,0.000134,0,0,1600,,,
2026-06-11T10:02:10.764,0.9583,23.71,2,0.000134,0,0,1600,,,
2026-06-11T10:02:11.262,0.9582,23.71,1,0.000134,0,0,1600,,,
2026-06-11T10:02:11.760,0.9582,23.71,1,0.000135,0,0,1600,,,
2026-06-11T10:02:12.263,0.9583,23.71,2,0.000135,0,0,1600,,,
2026-06-11T10:02:12.763,0.9583,23.71,1,0.000135,0,0,1600,,,
2026-06-11T10:02:13.260,0.9583,23.71,2,0.000135,0,0,1600,,,
2026-06-11T10:02:13.758,0.9582,23.71,1,0.000135,0,0,1600,,,
2026-06-11T10:02:14.255,0.9583,23.71,1,0.000135,0,0,1600,,,
2026-06-11T10:02:14.756,0.9583,23.71,2,0.000135,0,0,1600,,,
2026-06-11T10:02:15.259,0.9583,23.7,1,0.000135,0,0,1600,,,
2026-06-11T10:02:15.758,0.9583,23.7,2,0.000134,0,0,1600,,,
2026-06-11T10:02:16.260,0.9583,23.7,1,0.000135,0,0,1600,,,
2026-06-11T10:02:16.763,0.9582,23.7,1,0.000134,0,0,1600,,,
2026-06-11T10:02:17.262,0.9583,23.7,2,0.000135,0,0,1600,,,
2026-06-11T10:02:17.761,0.9583,23.7,1,0.000136,0,0,1600,,,
2026-06-11T10:02:18.260,0.9583,23.71,1,0.000135,0,0,1600,,,
2026-06-11T10:02:18.760,0.9583,23.7,2,0.000135,0,0,1600,,,
2026-06-11T10:02:19.257,0.9582,23.7,1,0.000135,0,0,1600,,,
2026-06-11T10:02:19.760,0.9583,23.7,2,0.000134,0,0,1600,,,
2026-06-11T10:02:20.260,0.9583,23.7,1,0.000135,0,0,1600,,,
2026-06-11T10:02:20.763,0.9583,23.7,1,0.000136,0,0,1600,,,
2026-06-11T10:02:21.261,0.9583,23.7,2,0.000134,0,0,1600,,,
2026-06-11T10:02:21.757,0.9582,23.7,1,0.000135,0,0,1600,,,
2026-06-11T10:02:22.257,0.9582,23.7,2,0.000135,0,0,1600,,,
2026-06-11T10:02:22.758,0.9583,23.7,1,0.000134,0,0,1600,,,
2026-06-11T10:02:23.255,0.9582,23.7,1,0.000134,0,0,1600,,,
2026-06-11T10:02:23.752,0.9583,23.7,2,0.000134,0,0,1600,,,
2026-06-11T10:02:24.266,0.9583,23.7,1,0.000134,0,0,1600,,,
2026-06-11T10:02:24.752,0.9583,23.7,2,0.000135,0,0,1600,,,
2026-06-11T10:02:25.255,0.9582,23.7,1,0.000135,0,0,1600,,,
2026-06-11T10:02:25.759,0.9583,23.7,1,0.000133,0,0,1600,,,
2026-06-11T10:02:26.257,0.9583,23.7,2,0.000135,0,0,1600,,,
2026-06-11T10:02:26.760,0.9583,23.7,1,0.000134,0,0,1600,,,
2026-06-11T10:02:27.259,0.9582,23.7,2,0.000133,0,0,1600,,,
2026-06-11T10:02:27.761,0.9583,23.7,1,0.000135,0,0,1600,,,
2026-06-11T10:02:28.260,0.9583,23.7,1,0.000135,0,0,1600,,,
2026-06-11T10:02:28.763,0.9583,23.7,2,0.000133,0,0,1600,,,
2026-06-11T10:02:29.262,0.9582,23.7,1,0.000134,0,0,1600,,,
2026-06-11T10:02:29.762,0.9583,23.7,2,0.000135,0,0,1600,,,
2026-06-11T10:02:30.258,0.9583,23.7,1,0.000135,0,0,1600,,,
2026-06-11T10:02:30.758,0.9583,23.7,1,0.000135,0,0,1600,,,
2026-06-11T10:02:31.258,0.9583,23.7,2,0.000134,0,0,1600,,,
2026-06-11T10:02:31.757,0.9582,23.7,1,0.000133,0,0,1600,,,
2026-06-11T10:02:32.258,0.9583,23.7,1,0.000134,0,0,1600,,,
2026-06-11T10:02:32.762,0.9583,23.7,2,0.000135,0,0,1600,,,
2026-06-11T10:02:33.260,0.9583,23.7,1,0.000135,0,0,1600,,,
2026-06-11T10:02:33.762,0.9583,23.7,2,0.000134,0,0,1600,,,
2026-06-11T10:02:34.265,0.9582,23.7,1,0.000134,0,0,1600,,,
2026-06-11T10:02:34.762,0.9583,23.7,1,0.000135,0,0,1600,,,
2026-06-11T10:02:35.264,0.9583,23.7,2,0.000135,0,0,1600,,,
2026-06-11T10:02:35.750,0.9583,23.7,1,0.000134,0,0,1600,,,
2026-06-11T10:02:36.252,0.9583,23.7,2,0.000135,0,0,1600,,,
2026-06-11T10:02:36.754,0.9583,23.7,1,0.000134,0,0,1600,,,
2026-06-11T10:02:37.255,0.9583,23.7,1,0.000135,0,0,1600,,,
2026-06-11T10:02:37.754,0.9583,23.7,2,0.000135,0,0,1600,,,
2026-06-11T10:02:38.253,0.9583,23.7,1,0.000134,0,0,1600,,,
2026-06-11T10:02:38.751,0.9583,23.7,2,0.000135,0,0,1600,,,
2026-06-11T10:02:39.251,0.9582,23.7,1,0.000135,0,0,1600,,,
2026-06-11T10:02:39.750,0.9582,23.7,1,0.000136,0,0,1600,,,
2026-06-11T10:02:40.251,0.9583,23.7,2,0.000134,0,0,1600,,,
2026-06-11T10:02:40.765,0.9584,23.7,1,0.000135,0,0,1600,,,
2026-06-11T10:02:41.251,0.9583,23.7,2,0.000134,0,0,1600,,,
2026-06-11T10:02:41.755,0.9583,23.7,1,0.000135,0,0,1600,,,
2026-06-11T10:02:42.256,0.9583,23.7,1,0.000135,0,0,1600,,,
2026-06-11T10:02:42.753,0.9583,23.7,2,0.000135,0,0,1600,,,
2026-06-11T10:02:43.253,0.9583,23.7,1,0.000135,0,0,1600,,,
2026-06-11T10:02:43.753,0.9582,23.7,2,0.000135,0,0,1600,,,
2026-06-11T10:02:44.255,0.9583,23.7,1,0.000134,0,0,1600,,,
2026-06-11T10:02:44.758,0.9583,23.7,1,0.000135,0,0,1600,,,
2026-06-11T10:02:45.256,0.9583,23.7,2,0.000136,0,0,1600,,,
2026-06-11T10:02:45.758,0.9582,23.7,1,0.000135,0,0,1600,,,
2026-06-11T10:02:46.258,0.9583,23.7,2,0.000134,0,0,1600,,,
2026-06-11T10:02:46.758,0.9583,23.7,1,0.000136,0,0,1600,,,
2026-06-11T10:02:47.256,0.9582,23.7,1,0.000134,0,0,1600,,,
2026-06-11T10:02:47.756,0.9583,23.7,2,0.000135,0,0,1600,,,
2026-06-11T10:02:48.259,0.9583,23.7,1,0.000134,0,0,1600,,,
2026-06-11T10:02:48.758,0.9583,23.7,2,0.000135,0,0,1600,,,
2026-06-11T10:02:49.258,0.9583,23.7,1,0.000135,0,0,1600,,,
2026-06-11T10:02:49.760,0.9583,23.7,1,0.000135,0,0,1600,,,
2026-06-11T10:02:50.263,0.9583,23.7,2,0.000136,0,0,1600,,,
2026-06-11T10:02:50.763,0.9582,23.7,1,0.000134,0,0,1600,,,
2026-06-11T10:02:51.260,0.9583,23.7,2,0.000134,0,0,1600,,,
2026-06-11T10:02:51.761,0.9582,23.7,1,0.000134,0,0,1600,,,
2026-06-11T10:02:52.263,0.9583,23.7,2,0.000135,0,0,1600,,,
2026-06-11T10:02:52.751,0.9583,23.7,1,0.000136,0,0,1600,,,
2026-06-11T10:02:53.266,0.9583,23.7,1,0.000134,0,0,1600,,,
2026-06-11T10:02:53.765,0.9583,23.7,2,0.000134,0,0,1600,,,
2026-06-11T10:02:54.262,0.9583,23.7,1,0.000135,0,0,1600,,,
2026-06-11T10:02:54.760,0.9583,23.7,2,0.000135,0,0,1600,,,
2026-06-11T10:02:55.250,0.9583,23.7,1,0.000135,0,0,1600,,,
2026-06-11T10:02:55.763,0.9583,23.7,1,0.000135,0,0,1600,,,
2026-06-11T10:02:56.265,0.9583,23.7,2,0.000136,0,0,1600,,,
2026-06-11T10:02:56.765,0.9583,23.69,1,0.000136,0,0,1600,,,
2026-06-11T10:02:57.262,0.9583,23.7,2,0.000136,0,0,1600,,,
2026-06-11T10:02:57.762,0.9583,23.7,1,0.000135,0,0,1600,,,
2026-06-11T10:02:58.260,0.9583,23.7,1,0.000136,0,0,1600,,,
2026-06-11T10:02:58.760,0.9583,23.7,2,0.000134,0,0,1600,,,
2026-06-11T10:02:59.263,0.9583,23.7,1,0.00014,1,1,1600,2026-06-11T10:02:59.097210,1600,1
2026-06-11T10:02:59.763,0.9582,23.7,2,0.000138,0,1,1600,,,
2026-06-11T10:03:00.261,0.9581,23.7,1,0.000136,0,1,1600,,,
2026-06-11T10:03:00.760,0.9581,23.69,1,0.000136,0,1,1600,,,
2026-06-11T10:03:01.256,0.958,23.7,2,0.000136,0,1,1600,,,
2026-06-11T10:03:01.757,0.958,23.69,1,0.000135,0,1,1600,,,
2026-06-11T10:03:02.256,0.958,23.69,1,0.000134,0,1,1600,,,
2026-06-11T10:03:02.757,0.9581,23.7,2,0.000134,0,1,1600,,,
2026-06-11T10:03:03.258,0.9581,23.7,1,0.000134,0,1,1600,,,
2026-06-11T10:03:03.754,0.958,23.7,2,0.000134,0,1,1600,,,
2026-06-11T10:03:04.255,0.9581,23.69,1,0.000135,0,1,1600,,,
2026-06-11T10:03:04.755,0.958,23.7,1,0.000136,0,1,1600,,,
2026-06-11T10:03:05.259,0.958,23.7,2,0.000136,0,1,1600,,,
2026-06-11T10:03:05.758,0.958,23.69,1,0.000136,0,1,1600,,,
2026-06-11T10:03:06.257,0.9581,23.7,2,0.000135,0,1,1600,,,
2026-06-11T10:03:06.759,0.9581,23.7,1,0.000135,0,1,1600,,,
2026-06-11T10:03:07.260,0.9581,23.69,1,0.000136,0,1,1600,,,
2026-06-11T10:03:07.762,0.9581,23.7,2,0.000135,0,1,1600,,,
2026-06-11T10:03:08.260,0.958,23.69,1,0.000137,0,1,1600,,,
2026-06-11T10:03:08.761,0.958,23.69,2,0.000135,0,1,1600,,,
2026-06-11T10:03:09.262,0.9581,23.69,1,0.000136,0,1,1600,,,
2026-06-11T10:03:09.764,0.958,23.7,1,0.000135,0,1,1600,,,
2026-06-11T10:03:10.251,0.958,23.7,2,0.000134,0,1,1600,,,
2026-06-11T10:03:10.764,0.958,23.69,1,0.000135,0,1,1600,,,
2026-06-11T10:03:11.250,0.9581,23.69,2,0.000135,0,1,1600,,,
2026-06-11T10:03:11.762,0.9581,23.69,1,0.000135,0,1,1600,,,
2026-06-11T10:03:12.262,0.9581,23.7,1,0.000135,0,1,1600,,,
2026-06-11T10:03:12.764,0.958,23.7,2,0.000134,0,1,1600,,,
2026-06-11T10:03:13.263,0.958,23.69,1,0.000135,0,1,1600,,,
2026-06-11T10:03:13.761,0.958,23.7,2,0.000135,0,1,1600,,,
2026-06-11T10:03:14.261,0.9581,23.69,1,0.000135,0,1,1600,,,
2026-06-11T10:03:14.763,0.9581,23.69,1,0.000135,0,1,1600,,,
2026-06-11T10:03:15.265,0.9581,23.7,2,0.000135,0,1,1600,,,
2026-06-11T10:03:15.760,0.958,23.69,1,0.000134,0,1,1600,,,
2026-06-11T10:03:16.259,0.9581,23.69,2,0.000136,0,1,1600,,,
2026-06-11T10:03:16.755,0.9581,23.69,1,0.000136,0,1,1600,,,
2026-06-11T10:03:17.258,0.9581,23.69,1,0.000136,0,1,1600,,,
2026-06-11T10:03:17.756,0.9581,23.69,2,0.000135,0,1,1600,,,
2026-06-11T10:03:18.257,0.9582,23.69,1,0.000135,0,1,1600,,,
2026-06-11T10:03:18.758,0.9582,23.69,2,0.000134,0,1,1600,,,
2026-06-11T10:03:19.256,0.9581,23.69,1,0.000134,0,1,1600,,,
2026-06-11T10:03:19.753,0.958,23.69,1,0.000134,0,1,1600,,,
2026-06-11T10:03:20.259,0.9581,23.69,2,0.000136,0,1,1600,,,
2026-06-11T10:03:20.761,0.958,23.69,1,0.000135,0,1,1600,,,
2026-06-11T10:03:21.259,0.9581,23.69,2,0.000134,0,1,1600,,,
2026-06-11T10:03:21.759,0.958,23.69,1,0.000136,0,1,1600,,,
2026-06-11T10:03:22.257,0.958,23.69,2,0.000135,0,1,1600,,,
2026-06-11T10:03:22.752,0.9581,23.69,1,0.000135,0,1,1600,,,
2026-06-11T10:03:23.252,0.9581,23.69,1,0.000135,0,1,1600,,,
2026-06-11T10:03:23.750,0.958,23.69,2,0.000135,0,1,1600,,,
2026-06-11T10:03:24.265,0.958,23.69,1,0.000134,0,1,1600,,,
2026-06-11T10:03:24.764,0.9581,23.69,1,0.000135,0,1,1600,,,
2026-06-11T10:03:25.263,0.9581,23.69,2,0.000134,0,1,1600,,,
2026-06-11T10:03:25.760,0.9581,23.69,1,0.000134,0,1,1600,,,
2026-06-11T10:03:26.263,0.9581,23.69,2,0.000136,0,1,1600,,,
2026-06-11T10:03:26.750,0.9581,23.69,1,0.000135,0,1,1600,,,
2026-06-11T10:03:27.259,0.9581,23.69,1,0.000134,0,1,1600,,,
2026-06-11T10:03:27.759,0.9581,23.69,2,0.000135,0,1,1600,,,
2026-06-11T10:03:28.257,0.9581,23.69,1,0.000135,0,1,1600,,,
2026-06-11T10:03:28.756,0.9581,23.69,2,0.000135,0,1,1600,,,
2026-06-11T10:03:29.257,0.9581,23.69,1,0.000135,0,1,1600,,,
2026-06-11T10:03:29.758,0.9581,23.69,2,0.000136,0,1,1600,,,
2026-06-11T10:03:30.258,0.9581,23.69,1,0.000136,0,1,1600,,,
2026-06-11T10:03:30.753,0.9581,23.69,1,0.000136,0,1,1600,,,
2026-06-11T10:03:31.253,0.958,23.69,2,0.000134,0,1,1600,,,
2026-06-11T10:03:31.753,0.9581,23.69,1,0.000134,0,1,1600,,,
2026-06-11T10:03:32.255,0.9581,23.69,2,0.000136,0,1,1600,,,
2026-06-11T10:03:32.756,0.9582,23.69,1,0.000136,0,1,1600,,,
2026-06-11T10:03:33.251,0.9581,23.69,1,0.000134,0,1,1600,,,
2026-06-11T10:03:33.749,0.9581,23.69,2,0.000135,0,1,1600,,,
2026-06-11T10:03:34.265,0.9581,23.69,1,0.000134,0,1,1600,,,
2026-06-11T10:03:34.762,0.9581,23.69,2,0.000134,0,1,1600,,,
2026-06-11T10:03:35.262,0.9581,23.69,1,0.000136,0,1,1600,,,
2026-06-11T10:03:35.763,0.9581,23.69,1,0.000136,0,1,1600,,,
2026-06-11T10:03:36.265,0.9581,23.69,2,0.000135,0,1,1600,,,
2026-06-11T10:03:36.764,0.9581,23.69,1,0.000135,0,1,1600,,,
2026-06-11T10:03:37.260,0.958,23.69,2,0.000135,0,1,1600,,,
2026-06-11T10:03:37.758,0.9581,23.69,1,0.000135,0,1,1600,,,
2026-06-11T10:03:38.256,0.9581,23.69,1,0.000136,0,1,1600,,,
2026-06-11T10:03:38.759,0.958,23.69,2,0.000135,0,1,1600,,,
2026-06-11T10:03:39.259,0.9581,23.69,1,0.000135,0,1,1600,,,
2026-06-11T10:03:39.759,0.9582,23.69,2,0.000134,0,1,1600,,,
2026-06-11T10:03:40.257,0.958,23.69,1,0.000135,0,1,1600,,,
2026-06-11T10:03:40.758,0.9581,23.69,1,0.000135,0,1,1600,,,
2026-06-11T10:03:41.255,0.9581,23.69,2,0.000136,0,1,1600,,,
2026-06-11T10:03:41.754,0.9581,23.69,1,0.000136,0,1,1600,,,
2026-06-11T10:03:42.255,0.958,23.69,2,0.000136,0,1,1600,,,
2026-06-11T10:03:42.755,0.9581,23.69,1,0.000133,0,1,1600,,,
2026-06-11T10:03:43.255,0.9581,23.69,1,0.000135,0,1,1600,,,
2026-06-11T10:03:43.759,0.9581,23.69,2,0.000136,0,1,1600,,,
2026-06-11T10:03:44.260,0.9581,23.69,1,0.000135,0,1,1600,,,
2026-06-11T10:03:44.763,0.9581,23.69,2,0.000135,0,1,1600,,,
2026-06-11T10:03:45.262,0.958,23.69,1,0.000135,0,1,1600,,,
2026-06-11T10:03:45.750,0.9581,23.69,1,0.000134,0,1,1600,,,
2026-06-11T10:03:46.251,0.9581,23.69,2,0.000135,0,1,1600,,,
2026-06-11T10:03:46.751,0.958,23.69,1,0.000135,0,1,1600,,,
2026-06-11T10:03:47.264,0.958,23.69,2,0.000136,0,1,1600,,,
2026-06-11T10:03:47.763,0.9581,23.69,1,0.000136,0,1,1600,,,
2026-06-11T10:03:48.264,0.9581,23.69,1,0.000135,0,1,1600,,,
2026-06-11T10:03:48.762,0.9581,23.69,2,0.000136,0,1,1600,,,
2026-06-11T10:03:49.262,0.9581,23.69,1,0.000134,0,1,1600,,,
2026-06-11T10:03:49.761,0.9581,23.69,1,0.000135,0,1,1600,,,
2026-06-11T10:03:50.264,0.9581,23.69,2,0.000134,0,1,1600,,,
2026-06-11T10:03:50.763,0.9581,23.69,1,0.000136,0,1,1600,,,
2026-06-11T10:03:51.264,0.9581,23.69,2,0.000136,0,1,1600,,,
2026-06-11T10:03:51.764,0.9581,23.69,1,0.000136,0,1,1600,,,
2026-06-11T10:03:52.253,0.9581,23.69,1,0.000135,0,1,1600,,,
2026-06-11T10:03:52.750,0.9581,23.69,2,0.000135,0,1,1600,,,
2026-06-11T10:03:53.251,0.9582,23.69,1,0.000136,0,1,1600,,,
2026-06-11T10:03:53.751,0.9581,23.69,2,0.000135,0,1,1600,,,
2026-06-11T10:03:54.265,0.9581,23.69,1,0.000135,0,1,1600,,,
2026-06-11T10:03:54.766,0.958,23.69,1,0.000136,0,1,1600,,,
2026-06-11T10:03:55.252,0.9581,23.69,2,0.000135,0,1,1600,,,
2026-06-11T10:03:55.756,0.9581,23.69,1,0.000136,0,1,1600,,,
2026-06-11T10:03:56.256,0.9581,23.69,2,0.000135,0,1,1600,,,
2026-06-11T10:03:56.754,0.9581,23.69,1,0.000134,0,1,1600,,,
2026-06-11T10:03:57.252,0.9581,23.69,1,0.000134,0,1,1600,,,
2026-06-11T10:03:57.765,0.958,23.69,2,0.000135,0,1,1600,,,
2026-06-11T10:03:58.265,0.9581,23.69,1,0.000135,0,1,1600,,,
2026-06-11T10:03:58.764,0.9582,23.69,2,0.000136,0,1,1600,,,
2026-06-11T10:03:59.261,0.9581,23.69,1,0.000134,0,1,1600,,,
2026-06-11T10:03:59.762,0.9581,23.69,1,0.000136,0,1,1600,,,
2026-06-11T10:04:00.263,0.9581,23.69,2,0.000135,0,1,1600,,,
2026-06-11T10:04:00.762,0.9581,23.69,1,0.000136,0,1,1600,,,
2026-06-11T10:04:01.260,0.9582,23.69,2,0.000135,0,1,1600,,,
2026-06-11T10:04:01.760,0.9581,23.69,1,0.000135,0,1,1600,,,
2026-06-11T10:04:02.261,0.9581,23.69,2,0.000135,0,1,1600,,,
2026-06-11T10:04:02.763,0.9581,23.69,1,0.000135,0,1,1600,,,
2026-06-11T10:04:03.264,0.9581,23.69,1,0.000135,0,1,1600,,,
2026-06-11T10:04:03.751,0.9581,23.69,2,0.000135,0,1,1600,,,
2026-06-11T10:04:04.254,0.9581,23.69,1,0.000135,0,1,1600,,,
2026-06-11T10:04:04.750,0.9582,23.69,2,0.000135,0,1,1600,,,
2026-06-11T10:04:05.253,0.9581,23.68,1,0.000135,0,1,1600,,,
2026-06-11T10:04:05.754,0.9582,23.69,2,0.000135,0,1,1600,,,
2026-06-11T10:04:06.257,0.9582,23.69,1,0.000136,0,1,1600,,,
2026-06-11T10:04:06.758,0.9581,23.69,1,0.000135,0,1,1600,,,
2026-06-11T10:04:07.256,0.9582,23.69,2,0.000136,0,1,1600,,,
2026-06-11T10:04:07.755,0.9581,23.69,1,0.000136,0,1,1600,,,
2026-06-11T10:04:08.261,0.9582,23.69,2,0.000136,0,1,1600,,,
2026-06-11T10:04:08.760,0.9582,23.69,1,0.000136,0,1,1600,,,
2026-06-11T10:04:09.259,0.9582,23.68,1,0.000136,0,1,1600,,,
2026-06-11T10:04:09.762,0.9581,23.69,2,0.000135,0,1,1600,,,
2026-06-11T10:04:10.260,0.9581,23.69,1,0.000134,0,1,1600,,,
2026-06-11T10:04:10.761,0.958,23.69,2,0.000135,0,1,1600,,,
2026-06-11T10:04:11.263,0.9581,23.69,1,0.000135,0,1,1600,,,
2026-06-11T10:04:11.765,0.9582,23.68,1,0.000136,0,1,1600,,,
2026-06-11T10:04:12.252,0.9581,23.69,2,0.000136,0,1,1600,,,
2026-06-11T10:04:12.766,0.9581,23.69,1,0.000135,0,1,1600,,,
2026-06-11T10:04:13.254,0.9581,23.69,2,0.000135,0,1,1600,,,
2026-06-11T10:04:13.754,0.9581,23.68,1,0.000135,0,1,1600,,,
2026-06-11T10:04:14.258,0.9582,23.69,1,0.000136,0,1,1600,,,
2026-06-11T10:04:14.757,0.9582,23.69,2,0.000136,0,1,1600,,,
2026-06-11T10:04:15.254,0.9581,23.69,1,0.000136,0,1,1600,,,
2026-06-11T10:04:15.755,0.9581,23.69,2,0.000135,0,1,1600,,,
2026-06-11T10:04:16.255,0.9581,23.69,1,0.000135,0,1,1600,,,
2026-06-11T10:04:16.756,0.9581,23.69,1,0.000135,0,1,1600,,,
2026-06-11T10:04:17.256,0.9581,23.68,2,0.000136,0,1,1600,,,
2026-06-11T10:04:17.758,0.9582,23.69,1,0.000135,0,1,1600,,,
2026-06-11T10:04:18.261,0.9581,23.69,2,0.000135,0,1,1600,,,
2026-06-11T10:04:18.764,0.9581,23.68,1,0.000136,0,1,1600,,,
2026-06-11T10:04:19.251,0.9581,23.69,1,0.000135,0,1,1600,,,
2026-06-11T10:04:19.752,0.9581,23.69,2,0.000136,0,1,1600,,,
2026-06-11T10:04:20.252,0.9581,23.69,1,0.000136,0,1,1600,,,
2026-06-11T10:04:20.754,0.9582,23.69,2,0.000134,0,1,1600,,,
2026-06-11T10:04:21.254,0.9581,23.69,1,0.000135,0,1,1600,,,
2026-06-11T10:04:21.757,0.9582,23.69,1,0.000135,0,1,1600,,,
2026-06-11T10:04:22.261,0.9582,23.69,2,0.000135,0,1,1600,,,
2026-06-11T10:04:22.763,0.9581,23.69,1,0.000135,0,1,1600,,,
2026-06-11T10:04:23.264,0.9581,23.69,2,0.000134,0,1,1600,,,
2026-06-11T10:04:23.766,0.9582,23.68,1,0.000134,0,1,1600,,,
2026-06-11T10:04:24.254,0.9582,23.69,1,0.000135,0,1,1600,,,
2026-06-11T10:04:24.754,0.9582,23.69,2,0.000137,0,1,1600,,,
2026-06-11T10:04:25.259,0.9581,23.69,1,0.000135,0,1,1600,,,
2026-06-11T10:04:25.759,0.9582,23.69,2,0.000134,0,1,1600,,,
2026-06-11T10:04:26.255,0.9582,23.69,1,0.000135,0,1,1600,,,
2026-06-11T10:04:26.751,0.9582,23.69,1,0.000135,0,1,1600,,,
2026-06-11T10:04:27.251,0.9582,23.69,2,0.000136,0,1,1600,,,
2026-06-11T10:04:27.752,0.9581,23.69,1,0.000135,0,1,1600,,,
2026-06-11T10:04:28.258,0.9581,23.68,1,0.000136,0,1,1600,,,
2026-06-11T10:04:28.757,0.9582,23.69,2,0.000135,0,1,1600,,,
2026-06-11T10:04:29.256,0.9582,23.69,1,0.000135,0,1,1600,,,
2026-06-11T10:04:29.757,0.9582,23.69,2,0.000136,0,1,1600,,,
2026-06-11T10:04:30.259,0.9582,23.69,1,0.000136,0,1,1600,,,
2026-06-11T10:04:30.759,0.9582,23.68,1,0.000137,0,1,1600,,,
2026-06-11T10:04:31.261,0.9582,23.69,2,0.000136,0,1,1600,,,
2026-06-11T10:04:31.760,0.9582,23.69,1,0.000135,0,1,1600,,,
2026-06-11T10:04:32.261,0.9582,23.69,2,0.000135,0,1,1600,,,
2026-06-11T10:04:32.766,0.9582,23.69,1,0.000134,0,1,1600,,,
2026-06-11T10:04:33.265,0.9582,23.69,1,0.000136,0,1,1600,,,
2026-06-11T10:04:33.765,0.9582,23.69,2,0.000137,0,1,1600,,,
2026-06-11T10:04:34.264,0.9582,23.69,1,0.000136,0,1,1600,,,
2026-06-11T10:04:34.763,0.9582,23.69,2,0.000136,0,1,1600,,,
2026-06-11T10:04:35.252,0.9581,23.69,1,0.000135,0,1,1600,,,
2026-06-11T10:04:35.757,0.9581,23.69,1,0.000134,0,1,1600,,,
2026-06-11T10:04:36.258,0.9582,23.69,2,0.000137,0,1,1600,,,
2026-06-11T10:04:36.761,0.9581,23.68,1,0.000135,0,1,1600,,,
2026-06-11T10:04:37.265,0.9581,23.69,2,0.000136,0,1,1600,,,
2026-06-11T10:04:37.754,0.9581,23.69,1,0.000135,0,1,1600,,,
2026-06-11T10:04:38.258,0.9582,23.69,1,0.000135,0,1,1600,,,
2026-06-11T10:04:38.761,0.9582,23.69,2,0.000134,0,1,1600,,,
2026-06-11T10:04:39.259,0.9582,23.69,1,0.000134,0,1,1600,,,
2026-06-11T10:04:39.758,0.9582,23.69,2,0.000135,0,1,1600,,,
2026-06-11T10:04:40.259,0.9582,23.69,1,0.000135,0,1,1600,,,
2026-06-11T10:04:40.761,0.9582,23.69,1,0.000136,0,1,1600,,,
2026-06-11T10:04:41.265,0.9583,23.69,2,0.000135,0,1,1600,,,
2026-06-11T10:04:41.759,0.9582,23.69,1,0.000135,0,1,1600,,,
2026-06-11T10:04:42.262,0.9582,23.69,2,0.000135,0,1,1600,,,
2026-06-11T10:04:42.764,0.9581,23.69,1,0.000135,0,1,1600,,,
2026-06-11T10:04:43.251,0.9581,23.69,1,0.000136,0,1,1600,,,
2026-06-11T10:04:43.754,0.9582,23.69,2,0.000136,0,1,1600,,,
2026-06-11T10:04:44.254,0.9581,23.69,1,0.000136,0,1,1600,,,
2026-06-11T10:04:44.756,0.9582,23.69,2,0.000135,0,1,1600,,,
2026-06-11T10:04:45.258,0.9581,23.69,1,0.000136,0,1,1600,,,
2026-06-11T10:04:45.760,0.9581,23.69,1,0.000134,0,1,1600,,,
2026-06-11T10:04:46.260,0.9583,23.69,2,0.000136,0,1,1600,,,
2026-06-11T10:04:46.763,0.9582,23.69,1,0.000135,0,1,1600,,,
2026-06-11T10:04:47.250,0.9582,23.69,2,0.000135,0,1,1600,,,
2026-06-11T10:04:47.754,0.9581,23.69,1,0.000136,0,1,1600,,,
2026-06-11T10:04:48.252,0.9582,23.69,1,0.000137,0,1,1600,,,
2026-06-11T10:04:48.752,0.9582,23.69,2,0.000135,0,1,1600,,,
2026-06-11T10:04:49.251,0.9582,23.68,1,0.000135,0,1,1600,,,
2026-06-11T10:04:49.753,0.9582,23.69,1,0.000135,0,1,1600,,,
2026-06-11T10:04:50.253,0.9582,23.68,2,0.000136,0,1,1600,,,
2026-06-11T10:04:50.750,0.9582,23.69,1,0.000136,0,1,1600,,,
2026-06-11T10:04:51.250,0.9582,23.69,2,0.000136,0,1,1600,,,
2026-06-11T10:04:51.755,0.9581,23.68,1,0.000136,0,1,1600,,,
2026-06-11T10:04:52.259,0.9582,23.69,1,0.000135,0,1,1600,,,
2026-06-11T10:04:52.759,0.9582,23.69,2,0.000134,0,1,1600,,,
2026-06-11T10:04:53.262,0.9582,23.69,1,0.000136,0,1,1600,,,
2026-06-11T10:04:53.760,0.9583,23.69,2,0.000136,0,1,1600,,,
2026-06-11T10:04:54.266,0.9582,23.69,1,0.000135,0,1,1600,,,
2026-06-11T10:04:54.766,0.9583,23.69,1,0.000135,0,1,1600,,,
2026-06-11T10:04:55.264,0.9582,23.69,2,0.000136,0,1,1600,,,
2026-06-11T10:04:55.750,0.9581,23.69,1,0.000136,0,1,1600,,,
2026-06-11T10:04:56.256,0.9583,23.69,2,0.000136,0,1,1600,,,
2026-06-11T10:04:56.753,0.9582,23.69,1,0.000135,0,1,1600,,,
2026-06-11T10:04:57.258,0.9583,23.69,1,0.000134,0,1,1600,,,
2026-06-11T10:04:57.758,0.9582,23.69,2,0.000135,0,1,1600,,,
2026-06-11T10:04:58.262,0.9583,23.69,1,0.000135,0,1,1600,,,
2026-06-11T10:04:58.763,0.9582,23.69,2,0.000135,0,1,1600,,,
2026-06-11T10:04:59.261,0.9582,23.69,1,0.000135,0,1,1600,,,
2026-06-11T10:04:59.762,0.9582,23.69,1,0.000135,0,1,1600,,,
2026-06-11T10:05:00.262,0.9583,23.68,2,0.000135,0,1,1600,,,
2026-06-11T10:05:00.766,0.9582,23.69,1,0.000137,0,1,1600,,,
2026-06-11T10:05:01.253,0.9583,23.69,2,0.000135,0,1,1600,,,
2026-06-11T10:05:01.751,0.9582,23.69,1,0.000135,0,1,1600,,,
2026-06-11T10:05:02.259,0.9582,23.69,1,0.000136,0,1,1600,,,
2026-06-11T10:05:02.762,0.9583,23.69,2,0.000135,0,1,1600,,,
2026-06-11T10:05:03.263,0.9582,23.69,1,0.000137,0,1,1600,,,
2026-06-11T10:05:03.764,0.9581,23.69,2,0.000135,0,1,1600,,,
2026-06-11T10:05:04.261,0.9582,23.69,1,0.000134,0,1,1600,,,
2026-06-11T10:05:04.760,0.9582,23.69,1,0.000135,0,1,1600,,,
2026-06-11T10:05:05.265,0.9582,23.69,2,0.000135,0,1,1600,,,
2026-06-11T10:05:05.753,0.9582,23.69,1,0.000135,0,1,1600,,,
2026-06-11T10:05:06.255,0.9582,23.69,2,0.000135,0,1,1600,,,
2026-06-11T10:05:06.755,0.9582,23.69,1,0.000134,0,1,1600,,,
2026-06-11T10:05:07.259,0.9582,23.69,1,0.000137,0,1,1600,,,
2026-06-11T10:05:07.764,0.9582,23.69,2,0.000137,0,1,1600,,,
2026-06-11T10:05:08.250,0.9582,23.69,1,0.000136,0,1,1600,,,
2026-06-11T10:05:08.765,0.9582,23.69,2,0.000135,0,1,1600,,,
2026-06-11T10:05:09.264,0.9583,23.69,1,0.000135,0,1,1600,,,
2026-06-11T10:05:09.762,0.9582,23.69,1,0.000135,0,1,1600,,,
2026-06-11T10:05:10.263,0.9583,23.69,2,0.000135,0,1,1600,,,
2026-06-11T10:05:10.762,0.9583,23.69,1,0.000136,0,1,1600,,,
2026-06-11T10:05:11.265,0.9582,23.69,2,0.000136,0,1,1600,,,
2026-06-11T10:05:11.753,0.9583,23.69,1,0.000135,0,1,1600,,,
2026-06-11T10:05:12.256,0.9582,23.69,1,0.000136,0,1,1600,,,
2026-06-11T10:05:12.760,0.9582,23.69,2,0.000136,0,1,1600,,,
2026-06-11T10:05:13.263,0.9583,23.69,1,0.000136,0,1,1600,,,
2026-06-11T10:05:13.752,0.9582,23.69,1,0.000136,0,1,1600,,,
2026-06-11T10:05:14.251,0.9583,23.69,2,0.000135,0,1,1600,,,
2026-06-11T10:05:14.750,0.9583,23.69,1,0.000136,0,1,1600,,,
2026-06-11T10:05:15.252,0.9583,23.69,2,0.000136,0,1,1600,,,
2026-06-11T10:05:15.755,0.9582,23.69,1,0.000134,0,1,1600,,,
2026-06-11T10:05:16.259,0.9582,23.69,1,0.000136,0,1,1600,,,
2026-06-11T10:05:16.758,0.9583,23.69,2,0.000136,0,1,1600,,,
2026-06-11T10:05:17.258,0.9583,23.69,1,0.000136,0,1,1600,,,
2026-06-11T10:05:17.760,0.9582,23.69,2,0.000135,0,1,1600,,,
2026-06-11T10:05:18.265,0.9581,23.69,1,0.000135,0,1,1600,,,
2026-06-11T10:05:18.764,0.9583,23.69,1,0.000134,0,1,1600,,,
2026-06-11T10:05:19.265,0.9582,23.69,2,0.000136,0,1,1600,,,
2026-06-11T10:05:19.762,0.9583,23.69,1,0.000136,0,1,1600,,,
2026-06-11T10:05:20.265,0.9583,23.69,2,0.000136,0,1,1600,,,
2026-06-11T10:05:20.751,0.9582,23.68,1,0.000135,0,1,1600,,,
2026-06-11T10:05:21.253,0.9583,23.69,1,0.000136,0,1,1600,,,
2026-06-11T10:05:21.755,0.9582,23.69,2,0.000135,0,1,1600,,,
2026-06-11T10:05:22.257,0.9583,23.69,1,0.000135,0,1,1600,,,
2026-06-11T10:05:22.757,0.9582,23.69,2,0.000135,0,1,1600,,,
2026-06-11T10:05:23.258,0.9582,23.69,1,0.000136,0,1,1600,,,
2026-06-11T10:05:23.760,0.9582,23.69,1,0.000134,0,1,1600,,,
2026-06-11T10:05:24.263,0.9583,23.69,2,0.000136,0,1,1600,,,
2026-06-11T10:05:24.763,0.9582,23.69,1,0.000135,0,1,1600,,,
2026-06-11T10:05:25.261,0.9583,23.69,2,0.000135,0,1,1600,,,
2026-06-11T10:05:25.766,0.9582,23.69,1,0.000136,0,1,1600,,,
2026-06-11T10:05:26.255,0.9582,23.69,1,0.000135,0,1,1600,,,
2026-06-11T10:05:26.754,0.9583,23.69,2,0.000135,0,1,1600,,,
2026-06-11T10:05:27.255,0.9583,23.69,1,0.000136,0,1,1600,,,
2026-06-11T10:05:27.761,0.9582,23.69,2,0.000136,0,1,1600,,,
2026-06-11T10:05:28.261,0.9582,23.69,1,0.000134,0,1,1600,,,
2026-06-11T10:05:28.763,0.9582,23.69,1,0.000136,0,1,1600,,,
2026-06-11T10:05:29.251,0.9582,23.69,2,0.000136,0,1,1600,,,
2026-06-11T10:05:29.754,0.9582,23.69,1,0.000133,0,1,1600,,,
2026-06-11T10:05:30.255,0.9583,23.69,2,0.000135,0,1,1600,,,
2026-06-11T10:05:30.756,0.9582,23.69,1,0.000136,0,1,1600,,,
2026-06-11T10:05:31.259,0.9583,23.69,1,0.000136,0,1,1600,,,
2026-06-11T10:05:31.765,0.9582,23.69,2,0.000136,0,1,1600,,,
2026-06-11T10:05:32.251,0.9581,23.69,1,0.000136,0,1,1600,,,
2026-06-11T10:05:32.752,0.9582,23.69,2,0.000136,0,1,1600,,,
2026-06-11T10:05:33.255,0.9582,23.69,1,0.000135,0,1,1600,,,
2026-06-11T10:05:33.760,0.9582,23.69,1,0.000135,0,1,1600,,,
2026-06-11T10:05:34.261,0.9582,23.69,2,0.000135,0,1,1600,,,
2026-06-11T10:05:34.761,0.9582,23.69,1,0.000134,0,1,1600,,,
2026-06-11T10:05:35.260,0.9582,23.69,2,0.000136,0,1,1600,,,
2026-06-11T10:05:35.759,0.9582,23.69,1,0.000134,0,1,1600,,,
2026-06-11T10:05:36.261,0.9582,23.69,1,0.000135,0,1,1600,,,
2026-06-11T10:05:36.763,0.9582,23.69,2,0.000135,0,1,1600,,,
2026-06-11T10:05:37.252,0.9582,23.69,1,0.000134,0,1,1600,,,
2026-06-11T10:05:37.756,0.9583,23.69,2,0.000135,0,1,1600,,,
2026-06-11T10:05:38.258,0.9583,23.69,1,0.000136,0,1,1600,,,
2026-06-11T10:05:38.754,0.9582,23.69,1,0.000136,0,1,1600,,,
2026-06-11T10:05:39.258,0.9582,23.69,2,0.000135,0,1,1600,,,
2026-06-11T10:05:39.759,0.9582,23.69,1,0.000134,0,1,1600,,,
2026-06-11T10:05:40.259,0.9583,23.69,2,0.000135,0,1,1600,,,
2026-06-11T10:05:40.759,0.9582,23.69,1,0.000136,0,1,1600,,,
2026-06-11T10:05:41.258,0.9583,23.69,1,0.000136,0,1,1600,,,
2026-06-11T10:05:41.757,0.9583,23.69,2,0.000135,0,1,1600,,,
2026-06-11T10:05:42.260,0.9582,23.69,1,0.000135,0,1,1600,,,
2026-06-11T10:05:42.759,0.9582,23.69,2,0.000135,0,1,1600,,,
2026-06-11T10:05:43.264,0.9583,23.69,1,0.000136,0,1,1600,,,
2026-06-11T10:05:43.764,0.9582,23.69,1,0.000135,0,1,1600,,,
2026-06-11T10:05:44.262,0.9582,23.69,2,0.000136,0,1,1600,,,
2026-06-11T10:05:44.760,0.9582,23.69,1,0.000135,0,1,1600,,,
2026-06-11T10:05:45.264,0.9582,23.69,2,0.000135,0,1,1600,,,
2026-06-11T10:05:45.764,0.9582,23.69,1,0.000134,0,1,1600,,,
2026-06-11T10:05:46.266,0.9582,23.69,1,0.000134,0,1,1600,,,
2026-06-11T10:05:46.763,0.9582,23.69,2,0.000136,0,1,1600,,,
2026-06-11T10:05:47.264,0.9582,23.69,1,0.000135,0,1,1600,,,
2026-06-11T10:05:47.751,0.9582,23.69,1,0.000135,0,1,1600,,,
2026-06-11T10:05:48.253,0.9582,23.69,2,0.000136,0,1,1600,,,
2026-06-11T10:05:48.751,0.9582,23.69,1,0.000135,0,1,1600,,,
2026-06-11T10:05:49.266,0.9582,23.69,2,0.000135,0,1,1600,,,
2026-06-11T10:05:49.766,0.9583,23.69,1,0.000135,0,1,1600,,,
2026-06-11T10:05:50.253,0.9583,23.69,1,0.000135,0,1,1600,,,
2026-06-11T10:05:50.755,0.9583,23.69,2,0.000136,0,1,1600,,,
2026-06-11T10:05:51.258,0.9582,23.69,1,0.000135,0,1,1600,,,
2026-06-11T10:05:51.758,0.9583,23.69,2,0.000135,0,1,1600,,,
2026-06-11T10:05:52.264,0.9582,23.69,1,0.000136,0,1,1600,,,
2026-06-11T10:05:52.750,0.9582,23.69,1,0.000136,0,1,1600,,,
2026-06-11T10:05:53.252,0.9583,23.69,2,0.000135,0,1,1600,,,
2026-06-11T10:05:53.751,0.9583,23.69,1,0.000135,0,1,1600,,,
2026-06-11T10:05:54.252,0.9583,23.69,2,0.000135,0,1,1600,,,
2026-06-11T10:05:54.754,0.9582,23.69,1,0.000136,0,1,1600,,,
2026-06-11T10:05:55.251,0.9583,23.69,1,0.000134,0,1,1600,,,
2026-06-11T10:05:55.753,0.9583,23.69,2,0.000135,0,1,1600,,,
2026-06-11T10:05:56.254,0.9583,23.69,1,0.000135,0,1,1600,,,
2026-06-11T10:05:56.755,0.9583,23.69,2,0.000135,0,1,1600,,,
2026-06-11T10:05:57.254,0.9583,23.69,1,0.000135,0,1,1600,,,
2026-06-11T10:05:57.758,0.9582,23.69,1,0.000136,0,1,1600,,,
2026-06-11T10:05:58.262,0.9583,23.69,2,0.000135,0,1,1600,,,
2026-06-11T10:05:58.765,0.9583,23.69,1,0.000135,0,1,1600,,,
2026-06-11T10:05:59.254,0.9583,23.69,1,0.000136,0,1,1600,,,
2026-06-11T10:05:59.757,0.9583,23.69,2,0.000136,0,1,1600,,,
2026-06-11T10:06:00.260,0.9583,23.69,1,0.000134,0,1,1600,,,
2026-06-11T10:06:00.759,0.9583,23.69,2,0.000135,0,1,1600,,,
2026-06-11T10:06:01.257,0.9583,23.69,1,0.000135,0,1,1600,,,
2026-06-11T10:06:01.760,0.9583,23.69,2,0.000134,0,1,1600,,,
2026-06-11T10:06:02.250,0.9582,23.69,1,0.000136,0,1,1600,,,
2026-06-11T10:06:02.752,0.9583,23.69,1,0.000136,0,1,1600,,,
2026-06-11T10:06:03.265,0.9583,23.69,2,0.000134,0,1,1600,,,
2026-06-11T10:06:03.754,0.9583,23.69,1,0.000136,0,1,1600,,,
2026-06-11T10:06:04.258,0.9583,23.69,2,0.000136,0,1,1600,,,
2026-06-11T10:06:04.759,0.9583,23.69,1,0.000135,0,1,1600,,,
2026-06-11T10:06:05.258,0.9582,23.69,1,0.000135,0,1,1600,,,
2026-06-11T10:06:05.756,0.9583,23.69,2,0.000135,0,1,1600,,,
2026-06-11T10:06:06.256,0.9582,23.69,1,0.000135,0,1,1600,,,
2026-06-11T10:06:06.755,0.9584,23.69,2,0.000134,0,1,1600,,,
2026-06-11T10:06:07.253,0.9582,23.69,1,0.000136,0,1,1600,,,
2026-06-11T10:06:07.752,0.9583,23.69,1,0.000136,0,1,1600,,,
2026-06-11T10:06:08.255,0.9583,23.69,2,0.000135,0,1,1600,,,
2026-06-11T10:06:08.758,0.9583,23.69,1,0.000135,0,1,1600,,,
2026-06-11T10:06:09.258,0.9583,23.69,2,0.000135,0,1,1600,,,
2026-06-11T10:06:09.760,0.9583,23.69,1,0.000134,0,1,1600,,,
2026-06-11T10:06:10.260,0.9582,23.69,1,0.000135,0,1,1600,,,
2026-06-11T10:06:10.762,0.9583,23.69,2,0.000135,0,1,1600,,,
2026-06-11T10:06:11.264,0.9582,23.69,1,0.000135,0,1,1600,,,
2026-06-11T10:06:11.764,0.9583,23.69,2,0.000135,0,1,1600,,,
2026-06-11T10:06:12.265,0.9583,23.69,1,0.000135,0,1,1600,,,
2026-06-11T10:06:12.760,0.9582,23.69,1,0.000135,0,1,1600,,,
2026-06-11T10:06:13.262,0.9583,23.69,2,0.000135,0,1,1600,,,
2026-06-11T10:06:13.760,0.9583,23.69,1,0.000137,0,1,1600,,,
2026-06-11T10:06:14.264,0.9583,23.69,2,0.000135,0,1,1600,,,
2026-06-11T10:06:14.764,0.9583,23.69,1,0.000135,0,1,1600,,,
2026-06-11T10:06:15.251,0.9584,23.69,1,0.000135,0,1,1600,,,
2026-06-11T10:06:15.755,0.9583,23.69,2,0.000135,0,1,1600,,,
2026-06-11T10:06:16.259,0.9583,23.69,1,0.000134,0,1,1600,,,
2026-06-11T10:06:16.762,0.9583,23.69,2,0.000134,0,1,1600,,,
2026-06-11T10:06:17.261,0.9582,23.69,1,0.000134,0,1,1600,,,
2026-06-11T10:06:17.761,0.9583,23.69,2,0.000135,0,1,1600,,,
2026-06-11T10:06:18.265,0.9583,23.69,1,0.000135,0,1,1600,,,
2026-06-11T10:06:18.751,0.9584,23.69,1,0.000135,0,1,1600,,,
2026-06-11T10:06:19.263,0.9583,23.69,2,0.000135,0,1,1600,,,
2026-06-11T10:06:19.764,0.9583,23.69,1,0.000135,0,1,1600,,,
2026-06-11T10:06:20.263,0.9584,23.69,2,0.000135,0,1,1600,,,
2026-06-11T10:06:20.764,0.9583,23.69,1,0.000136,0,1,1600,,,
2026-06-11T10:06:21.261,0.9583,23.69,1,0.000135,0,1,1600,,,
2026-06-11T10:06:21.761,0.9583,23.69,2,0.000136,0,1,1600,,,
2026-06-11T10:06:22.261,0.9582,23.69,1,0.000135,0,1,1600,,,
2026-06-11T10:06:22.761,0.9583,23.69,2,0.000135,0,1,1600,,,
2026-06-11T10:06:23.262,0.9583,23.69,1,0.000134,0,1,1600,,,
2026-06-11T10:06:23.766,0.9583,23.69,1,0.000134,0,1,1600,,,
2026-06-11T10:06:24.265,0.9583,23.69,2,0.000136,0,1,1600,,,
2026-06-11T10:06:24.751,0.9582,23.69,1,0.000135,0,1,1600,,,
2026-06-11T10:06:25.253,0.9583,23.69,1,0.000135,0,1,1600,,,
2026-06-11T10:06:25.753,0.9583,23.69,2,0.000135,0,1,1600,,,
2026-06-11T10:06:26.255,0.9583,23.69,1,0.000134,0,1,1600,,,
2026-06-11T10:06:26.751,0.9584,23.69,2,0.000136,0,1,1600,,,
2026-06-11T10:06:27.254,0.9583,23.69,1,0.000136,0,1,1600,,,
2026-06-11T10:06:27.753,0.9583,23.69,1,0.000135,0,1,1600,,,
2026-06-11T10:06:28.257,0.9584,23.69,2,0.000134,0,1,1600,,,
2026-06-11T10:06:28.753,0.9583,23.69,1,0.000134,0,1,1600,,,
2026-06-11T10:06:29.254,0.9583,23.69,2,0.000135,0,1,1600,,,
2026-06-11T10:06:29.755,0.9583,23.69,1,0.000135,0,1,1600,,,
2026-06-11T10:06:30.254,0.9583,23.69,1,0.000135,0,1,1600,,,
2026-06-11T10:06:30.755,0.9583,23.69,2,0.000136,0,1,1600,,,
2026-06-11T10:06:31.256,0.9584,23.69,1,0.000134,0,1,1600,,,
2026-06-11T10:06:31.761,0.9583,23.69,2,0.000134,0,1,1600,,,
2026-06-11T10:06:32.262,0.9583,23.69,1,0.000136,0,1,1600,,,
2026-06-11T10:06:32.765,0.9583,23.69,1,0.000135,0,1,1600,,,
2026-06-11T10:06:33.263,0.9583,23.69,2,0.000136,0,1,1600,,,
2026-06-11T10:06:33.763,0.9582,23.69,1,0.000136,0,1,1600,,,
2026-06-11T10:06:34.266,0.9584,23.69,2,0.000134,0,1,1600,,,
2026-06-11T10:06:34.753,0.9583,23.69,1,0.000136,0,1,1600,,,
2026-06-11T10:06:35.258,0.9584,23.69,2,0.000135,0,1,1600,,,
2026-06-11T10:06:35.755,0.9583,23.69,1,0.000135,0,1,1600,,,
2026-06-11T10:06:36.262,0.9583,23.69,1,0.000134,0,1,1600,,,
2026-06-11T10:06:36.760,0.9584,23.69,2,0.000135,0,1,1600,,,
2026-06-11T10:06:37.258,0.9583,23.69,1,0.000135,0,1,1600,,,
2026-06-11T10:06:37.762,0.9583,23.69,1,0.000135,0,1,1600,,,
2026-06-11T10:06:38.263,0.9583,23.69,2,0.000135,0,1,1600,,,
2026-06-11T10:06:38.765,0.9582,23.69,1,0.000134,0,1,1600,,,
2026-06-11T10:06:39.265,0.9584,23.69,2,0.000135,0,1,1600,,,
2026-06-11T10:06:39.753,0.9583,23.69,1,0.000135,0,1,1600,,,
2026-06-11T10:06:40.254,0.9583,23.69,1,0.000135,0,1,1600,,,
2026-06-11T10:06:40.753,0.9584,23.69,2,0.000135,0,1,1600,,,
2026-06-11T10:06:41.253,0.9583,23.69,1,0.000134,0,1,1600,,,
2026-06-11T10:06:41.753,0.9583,23.69,2,0.000135,0,1,1600,,,
2026-06-11T10:06:42.252,0.9582,23.69,1,0.000135,0,1,1600,,,
2026-06-11T10:06:42.754,0.9583,23.69,1,0.000135,0,1,1600,,,
2026-06-11T10:06:43.255,0.9583,23.69,2,0.000136,0,1,1600,,,
2026-06-11T10:06:43.758,0.9583,23.69,1,0.000135,0,1,1600,,,
2026-06-11T10:06:44.261,0.9583,23.69,2,0.000135,0,1,1600,,,
2026-06-11T10:06:44.764,0.9583,23.69,1,0.000135,0,1,1600,,,
2026-06-11T10:06:45.252,0.9583,23.69,1,0.000135,0,1,1600,,,
2026-06-11T10:06:45.753,0.9584,23.69,2,0.000135,0,1,1600,,,
2026-06-11T10:06:46.256,0.9583,23.69,1,0.000135,0,1,1600,,,
2026-06-11T10:06:46.757,0.9583,23.69,2,0.000136,0,1,1600,,,
2026-06-11T10:06:47.260,0.9583,23.69,1,0.000134,0,1,1600,,,
2026-06-11T10:06:47.762,0.9584,23.69,1,0.000135,0,1,1600,,,
2026-06-11T10:06:48.264,0.9584,23.69,2,0.000136,0,1,1600,,,
2026-06-11T10:06:48.753,0.9584,23.69,1,0.000136,0,1,1600,,,
2026-06-11T10:06:49.254,0.9584,23.69,2,0.000135,0,1,1600,,,
2026-06-11T10:06:49.751,0.9584,23.69,1,0.000136,0,1,1600,,,
2026-06-11T10:06:50.253,0.9583,23.69,1,0.000135,0,1,1600,,,
2026-06-11T10:06:50.753,0.9584,23.69,2,0.000135,0,1,1600,,,
2026-06-11T10:06:51.257,0.9584,23.69,1,0.000136,0,1,1600,,,
2026-06-11T10:06:51.753,0.9584,23.69,2,0.000135,0,1,1600,,,
2026-06-11T10:06:52.251,0.9583,23.69,1,0.000135,0,1,1600,,,
2026-06-11T10:06:52.765,0.9583,23.69,1,0.000136,0,1,1600,,,
2026-06-11T10:06:53.255,0.9583,23.69,2,0.000135,0,1,1600,,,
2026-06-11T10:06:53.753,0.9583,23.69,1,0.000135,0,1,1600,,,
2026-06-11T10:06:54.252,0.9584,23.69,2,0.000135,0,1,1600,,,
2026-06-11T10:06:54.766,0.9584,23.69,1,0.000135,0,1,1600,,,
2026-06-11T10:06:55.250,0.9584,23.69,1,0.000137,0,1,1600,,,
2026-06-11T10:06:55.766,0.9584,23.69,2,0.000136,0,1,1600,,,
2026-06-11T10:06:56.250,0.9583,23.69,1,0.000135,0,1,1600,,,
2026-06-11T10:06:56.752,0.9584,23.69,2,0.000136,0,1,1600,,,
2026-06-11T10:06:57.250,0.9584,23.69,1,0.000136,0,1,1600,,,
2026-06-11T10:06:57.766,0.9583,23.69,1,0.000136,0,1,1600,,,
2026-06-11T10:06:58.253,0.9584,23.69,2,0.000135,0,1,1600,,,
2026-06-11T10:06:58.755,0.9584,23.69,1,0.000135,0,1,1600,,,
2026-06-11T10:06:59.256,0.9584,23.69,2,0.000136,0,1,1600,,,
2026-06-11T10:06:59.760,0.9583,23.69,1,0.000136,0,1,1600,,,
2026-06-11T10:07:00.258,0.9584,23.69,1,0.000135,0,1,1600,,,
2026-06-11T10:07:00.760,0.9583,23.69,2,0.000134,0,1,1600,,,
2026-06-11T10:07:01.250,0.9584,23.69,1,0.000136,0,1,1600,,,
2026-06-11T10:07:01.751,0.9585,23.69,2,0.000136,0,1,1600,,,
2026-06-11T10:07:02.253,0.9584,23.69,1,0.000136,0,1,1600,,,
2026-06-11T10:07:02.758,0.9583,23.69,1,0.000135,0,1,1600,,,
2026-06-11T10:07:03.260,0.9584,23.69,2,0.000135,0,1,1600,,,
2026-06-11T10:07:03.763,0.9584,23.69,1,0.000135,0,1,1600,,,
2026-06-11T10:07:04.251,0.9584,23.69,2,0.000134,0,1,1600,,,
2026-06-11T10:07:04.757,0.9584,23.69,1,0.000136,0,1,1600,,,
2026-06-11T10:07:05.260,0.9583,23.69,1,0.000136,0,1,1600,,,
2026-06-11T10:07:05.750,0.9584,23.69,2,0.000134,0,1,1600,,,
2026-06-11T10:07:06.256,0.9583,23.69,1,0.000134,0,1,1600,,,
2026-06-11T10:07:06.762,0.9584,23.69,2,0.000135,0,1,1600,,,
2026-06-11T10:07:07.254,0.9583,23.69,1,0.000135,0,1,1600,,,
2026-06-11T10:07:07.753,0.9584,23.69,1,0.000134,0,1,1600,,,
2026-06-11T10:07:08.251,0.9584,23.69,2,0.000135,0,1,1600,,,
2026-06-11T10:07:08.753,0.9584,23.69,1,0.000134,0,1,1600,,,
2026-06-11T10:07:09.251,0.9584,23.69,2,0.000136,0,1,1600,,,
2026-06-11T10:07:09.753,0.9583,23.69,1,0.000136,0,1,1600,,,
2026-06-11T10:07:10.255,0.9584,23.69,1,0.000135,0,1,1600,,,
2026-06-11T10:07:10.753,0.9584,23.69,2,0.000135,0,1,1600,,,
2026-06-11T10:07:11.258,0.9584,23.69,1,0.000134,0,1,1600,,,
2026-06-11T10:07:11.755,0.9584,23.69,2,0.000136,0,1,1600,,,
2026-06-11T10:07:12.256,0.9585,23.69,1,0.000136,0,1,1600,,,
2026-06-11T10:07:12.756,0.9584,23.69,2,0.000135,0,1,1600,,,
2026-06-11T10:07:13.256,0.9583,23.69,1,0.000135,0,1,1600,,,
2026-06-11T10:07:13.753,0.9583,23.69,1,0.000135,0,1,1600,,,
2026-06-11T10:07:14.253,0.9584,23.69,2,0.000135,0,1,1600,,,
2026-06-11T10:07:14.752,0.9584,23.69,1,0.000135,0,1,1600,,,
2026-06-11T10:07:15.264,0.9584,23.69,2,0.000135,0,1,1600,,,
2026-06-11T10:07:15.764,0.9584,23.69,1,0.000136,0,1,1600,,,
2026-06-11T10:07:16.250,0.9584,23.69,1,0.000135,0,1,1600,,,
2026-06-11T10:07:16.752,0.9584,23.69,2,0.000135,0,1,1600,,,
2026-06-11T10:07:17.252,0.9584,23.69,1,0.000135,0,1,1600,,,
2026-06-11T10:07:17.757,0.9584,23.69,2,0.000136,0,1,1600,,,
2026-06-11T10:07:18.255,0.9584,23.69,1,0.000135,0,1,1600,,,
2026-06-11T10:07:18.751,0.9584,23.7,1,0.000135,0,1,1600,,,
2026-06-11T10:07:19.252,0.9584,23.69,2,0.000135,0,1,1600,,,
2026-06-11T10:07:19.751,0.9584,23.69,1,0.000136,0,1,1600,,,
2026-06-11T10:07:20.254,0.9585,23.69,1,0.000134,0,1,1600,,,
2026-06-11T10:07:20.754,0.9584,23.69,2,0.000135,0,1,1600,,,
2026-06-11T10:07:21.254,0.9584,23.69,1,0.000135,0,1,1600,,,
2026-06-11T10:07:21.753,0.9584,23.69,2,0.000135,0,1,1600,,,
2026-06-11T10:07:22.254,0.9585,23.69,1,0.000136,0,1,1600,,,
2026-06-11T10:07:22.751,0.9584,23.69,2,0.000134,0,1,1600,,,
2026-06-11T10:07:23.252,0.9585,23.69,1,0.000136,0,1,1600,,,
2026-06-11T10:07:23.751,0.9584,23.69,1,0.000137,0,1,1600,,,
2026-06-11T10:07:24.252,0.9585,23.69,2,0.000135,0,1,1600,,,
2026-06-11T10:07:24.753,0.9585,23.69,1,0.000134,0,1,1600,,,
2026-06-11T10:07:25.256,0.9584,23.69,2,0.000135,0,1,1600,,,
2026-06-11T10:07:25.753,0.9584,23.69,1,0.000136,0,1,1600,,,
2026-06-11T10:07:26.255,0.9585,23.7,1,0.000135,0,1,1600,,,
2026-06-11T10:07:26.751,0.9585,23.69,2,0.000134,0,1,1600,,,
2026-06-11T10:07:27.250,0.9584,23.69,1,0.000136,0,1,1600,,,
2026-06-11T10:07:27.751,0.9585,23.7,2,0.000135,0,1,1600,,,
2026-06-11T10:07:28.254,0.9584,23.69,1,0.000135,0,1,1600,,,
2026-06-11T10:07:28.754,0.9584,23.69,1,0.000135,0,1,1600,,,
2026-06-11T10:07:29.251,0.9585,23.69,2,0.000134,0,1,1600,,,
2026-06-11T10:07:29.749,0.9585,23.69,1,0.000135,0,1,1600,,,
2026-06-11T10:07:30.264,0.9585,23.7,2,0.000135,0,1,1600,,,
2026-06-11T10:07:30.764,0.9584,23.69,1,0.000135,0,1,1600,,,
2026-06-11T10:07:31.263,0.9585,23.7,1,0.000135,0,1,1600,,,
2026-06-11T10:07:31.760,0.9585,23.69,2,0.000135,0,1,1600,,,
2026-06-11T10:07:32.260,0.9585,23.69,1,0.000135,0,1,1600,,,
2026-06-11T10:07:32.760,0.9585,23.69,2,0.000134,0,1,1600,,,
2026-06-11T10:07:33.261,0.9585,23.69,1,0.000135,0,1,1600,,,
2026-06-11T10:07:33.761,0.9585,23.69,1,0.000135,0,1,1600,,,
2026-06-11T10:07:34.262,0.9584,23.7,2,0.000136,0,1,1600,,,
2026-06-11T10:07:34.758,0.9585,23.69,1,0.000134,0,1,1600,,,
2026-06-11T10:07:35.255,0.9585,23.7,2,0.000136,0,1,1600,,,
2026-06-11T10:07:35.753,0.9584,23.69,1,0.000135,0,1,1600,,,
2026-06-11T10:07:36.252,0.9585,23.7,1,0.000136,0,1,1600,,,
2026-06-11T10:07:36.751,0.9585,23.7,2,0.000136,0,1,1600,,,
2026-06-11T10:07:37.265,0.9585,23.69,1,0.000136,0,1,1600,,,
2026-06-11T10:07:37.764,0.9586,23.7,2,0.000136,0,1,1600,,,
2026-06-11T10:07:38.251,0.9585,23.69,1,0.000136,0,1,1600,,,
2026-06-11T10:07:38.764,0.9585,23.69,1,0.000135,0,1,1600,,,
2026-06-11T10:07:39.264,0.9585,23.7,2,0.000136,0,1,1600,,,
2026-06-11T10:07:39.764,0.9585,23.69,1,0.000136,0,1,1600,,,
2026-06-11T10:07:40.262,0.9585,23.69,2,0.000136,0,1,1600,,,
2026-06-11T10:07:40.764,0.9585,23.7,1,0.000134,0,1,1600,,,
2026-06-11T10:07:41.261,0.9585,23.7,1,0.000136,0,1,1600,,,
2026-06-11T10:07:41.760,0.9585,23.7,2,0.000136,0,1,1600,,,
2026-06-11T10:07:42.263,0.9585,23.69,1,0.000135,0,1,1600,,,
2026-06-11T10:07:42.763,0.9584,23.7,2,0.000135,0,1,1600,,,
2026-06-11T10:07:43.263,0.9585,23.69,1,0.000136,0,1,1600,,,
2026-06-11T10:07:43.763,0.9585,23.69,1,0.000135,0,1,1600,,,
2026-06-11T10:07:44.261,0.9585,23.7,2,0.000135,0,1,1600,,,
2026-06-11T10:07:44.759,0.9584,23.69,1,0.000136,0,1,1600,,,
2026-06-11T10:07:45.261,0.9586,23.7,2,0.000135,0,1,1600,,,
2026-06-11T10:07:45.764,0.9584,23.69,1,0.000135,0,1,1600,,,
2026-06-11T10:07:46.252,0.9584,23.69,1,0.000136,0,1,1600,,,
2026-06-11T10:07:46.766,0.9584,23.69,2,0.000135,0,1,1600,,,
2026-06-11T10:07:47.263,0.9585,23.69,1,0.000136,0,1,1600,,,
2026-06-11T10:07:47.764,0.9585,23.69,2,0.000135,0,1,1600,,,
2026-06-11T10:07:48.264,0.9585,23.7,1,0.000136,0,1,1600,,,
2026-06-11T10:07:48.761,0.9585,23.7,2,0.000135,0,1,1600,,,
2026-06-11T10:07:49.262,0.9585,23.7,1,0.000136,0,1,1600,,,
2026-06-11T10:07:49.762,0.9585,23.69,1,0.000135,0,1,1600,,,
2026-06-11T10:07:50.262,0.9584,23.7,2,0.000135,0,1,1600,,,
2026-06-11T10:07:50.760,0.9585,23.7,1,0.000136,0,1,1600,,,
2026-06-11T10:07:51.259,0.9585,23.7,1,0.000135,0,1,1600,,,
2026-06-11T10:07:51.761,0.9585,23.7,2,0.000135,0,1,1600,,,
2026-06-11T10:07:52.257,0.9584,23.7,1,0.000135,0,1,1600,,,
2026-06-11T10:07:52.760,0.9585,23.7,2,0.000136,0,1,1600,,,
2026-06-11T10:07:53.263,0.9585,23.7,1,0.000135,0,1,1600,,,
2026-06-11T10:07:53.762,0.9584,23.7,1,0.000135,0,1,1600,,,
2026-06-11T10:07:54.265,0.9584,23.7,2,0.000136,0,1,1600,,,
2026-06-11T10:07:54.759,0.9585,23.7,1,0.000135,0,1,1600,,,
2026-06-11T10:07:55.257,0.9585,23.7,2,0.000135,0,1,1600,,,
2026-06-11T10:07:55.756,0.9585,23.69,1,0.000135,0,1,1600,,,
2026-06-11T10:07:56.256,0.9585,23.69,1,0.000136,0,1,1600,,,
2026-06-11T10:07:56.758,0.9585,23.7,2,0.000136,0,1,1600,,,
2026-06-11T10:07:57.264,0.9585,23.7,1,0.000135,0,1,1600,,,
2026-06-11T10:07:57.750,0.9585,23.7,2,0.000136,0,1,1600,,,
2026-06-11T10:07:58.255,0.9585,23.69,1,0.000136,0,1,1600,,,
2026-06-11T10:07:58.753,0.9585,23.7,1,0.000135,0,1,1600,,,
2026-06-11T10:07:59.266,0.9585,23.7,2,0.000136,0,1,1600,,,
2026-06-11T10:07:59.751,0.9585,23.7,1,0.000135,0,1,1600,,,
2026-06-11T10:08:00.253,0.9585,23.7,2,0.000136,0,1,1600,,,
2026-06-11T10:08:00.753,0.9585,23.7,1,0.000135,0,1,1600,,,
2026-06-11T10:08:01.253,0.9586,23.7,1,0.000135,0,1,1600,,,
2026-06-11T10:08:01.754,0.9585,23.7,2,0.000136,0,1,1600,,,
2026-06-11T10:08:02.256,0.9585,23.7,1,0.000135,0,1,1600,,,
2026-06-11T10:08:02.755,0.9585,23.7,2,0.000135,0,1,1600,,,
2026-06-11T10:08:03.255,0.9585,23.69,1,0.000135,0,1,1600,,,
2026-06-11T10:08:03.758,0.9585,23.69,1,0.000135,0,1,1600,,,
2026-06-11T10:08:04.259,0.9585,23.7,2,0.000135,0,1,1600,,,
2026-06-11T10:08:04.755,0.9585,23.7,1,0.000135,0,1,1600,,,
2026-06-11T10:08:05.255,0.9585,23.7,2,0.000135,0,1,1600,,,
2026-06-11T10:08:05.754,0.9585,23.7,1,0.000135,0,1,1600,,,
2026-06-11T10:08:06.252,0.9585,23.7,1,0.000136,0,1,1600,,,
2026-06-11T10:08:06.752,0.9585,23.7,2,0.000135,0,1,1600,,,
2026-06-11T10:08:07.250,0.9585,23.7,1,0.000135,0,1,1600,,,
2026-06-11T10:08:07.764,0.9585,23.7,2,0.000135,0,1,1600,,,
2026-06-11T10:08:08.264,0.9585,23.7,1,0.000136,0,1,1600,,,
2026-06-11T10:08:08.763,0.9585,23.7,1,0.000135,0,1,1600,,,
2026-06-11T10:08:09.265,0.9585,23.7,2,0.000136,0,1,1600,,,
2026-06-11T10:08:09.765,0.9585,23.7,1,0.000136,0,1,1600,,,
2026-06-11T10:08:10.264,0.9585,23.7,2,0.000135,0,1,1600,,,
2026-06-11T10:08:10.760,0.9585,23.7,1,0.000135,0,1,1600,,,
2026-06-11T10:08:11.264,0.9585,23.7,2,0.000135,0,1,1600,,,
2026-06-11T10:08:11.750,0.9585,23.7,1,0.000137,0,1,1600,,,
2026-06-11T10:08:12.252,0.9585,23.7,1,0.000136,0,1,1600,,,
2026-06-11T10:08:12.751,0.9585,23.7,2,0.000135,0,1,1600,,,
2026-06-11T10:08:13.263,0.9585,23.7,1,0.000136,0,1,1600,,,
2026-06-11T10:08:13.764,0.9585,23.7,2,0.000135,0,1,1600,,,
2026-06-11T10:08:14.266,0.9585,23.7,1,0.000135,0,1,1600,,,
2026-06-11T10:08:14.766,0.9585,23.7,1,0.000136,0,1,1600,,,
2026-06-11T10:08:15.256,0.9586,23.7,2,0.000135,0,1,1600,,,
2026-06-11T10:08:15.754,0.9585,23.7,1,0.000135,0,1,1600,,,
2026-06-11T10:08:16.255,0.9585,23.7,1,0.000135,0,1,1600,,,
2026-06-11T10:08:16.757,0.9585,23.7,2,0.000134,0,1,1600,,,
2026-06-11T10:08:17.260,0.9585,23.7,1,0.000136,0,1,1600,,,
2026-06-11T10:08:17.757,0.9585,23.7,2,0.000135,0,1,1600,,,
2026-06-11T10:08:18.257,0.9585,23.7,1,0.000135,0,1,1600,,,
2026-06-11T10:08:18.759,0.9585,23.7,1,0.000136,0,1,1600,,,
2026-06-11T10:08:19.259,0.9585,23.7,2,0.000136,0,1,1600,,,
2026-06-11T10:08:19.762,0.9585,23.7,1,0.000136,0,1,1600,,,
2026-06-11T10:08:20.260,0.9585,23.7,2,0.000136,0,1,1600,,,
2026-06-11T10:08:20.758,0.9585,23.7,1,0.000135,0,1,1600,,,
2026-06-11T10:08:21.257,0.9585,23.7,1,0.000136,0,1,1600,,,
2026-06-11T10:08:21.756,0.9586,23.7,2,0.000136,0,1,1600,,,
2026-06-11T10:08:22.257,0.9585,23.7,1,0.000134,0,1,1600,,,
2026-06-11T10:08:22.757,0.9585,23.7,2,0.000134,0,1,1600,,,
2026-06-11T10:08:23.258,0.9585,23.7,1,0.000136,0,1,1600,,,
2026-06-11T10:08:23.761,0.9586,23.7,2,0.000136,0,1,1600,,,
2026-06-11T10:08:24.261,0.9585,23.7,1,0.000136,0,1,1600,,,
2026-06-11T10:08:24.759,0.9586,23.7,1,0.000136,0,1,1600,,,
2026-06-11T10:08:25.259,0.9585,23.7,2,0.000136,0,1,1600,,,
2026-06-11T10:08:25.758,0.9585,23.7,1,0.000135,0,1,1600,,,
2026-06-11T10:08:26.255,0.9584,23.7,1,0.000135,0,1,1600,,,
2026-06-11T10:08:26.755,0.9585,23.7,2,0.000135,0,1,1600,,,
2026-06-11T10:08:27.253,0.9585,23.7,1,0.000134,0,1,1600,,,
2026-06-11T10:08:27.756,0.9585,23.7,2,0.000135,0,1,1600,,,
2026-06-11T10:08:28.258,0.9585,23.7,1,0.000135,0,1,1600,,,
2026-06-11T10:08:28.761,0.9585,23.7,1,0.000135,0,1,1600,,,
2026-06-11T10:08:29.261,0.9585,23.7,2,0.000135,0,1,1600,,,
2026-06-11T10:08:29.759,0.9585,23.7,1,0.000135,0,1,1600,,,
2026-06-11T10:08:30.259,0.9586,23.7,2,0.000135,0,1,1600,,,
2026-06-11T10:08:30.760,0.9586,23.7,1,0.000136,0,1,1600,,,
2026-06-11T10:08:31.260,0.9585,23.7,1,0.000135,0,1,1600,,,
2026-06-11T10:08:31.762,0.9585,23.7,2,0.000137,0,1,1600,,,
2026-06-11T10:08:32.263,0.9585,23.7,1,0.000134,0,1,1600,,,
2026-06-11T10:08:32.752,0.9586,23.7,2,0.000136,0,1,1600,,,
2026-06-11T10:08:33.265,0.9585,23.7,1,0.000136,0,1,1600,,,
2026-06-11T10:08:33.761,0.9585,23.7,1,0.000136,0,1,1600,,,
2026-06-11T10:08:34.260,0.9585,23.7,2,0.000136,0,1,1600,,,
2026-06-11T10:08:34.765,0.9585,23.7,1,0.000135,0,1,1600,,,
2026-06-11T10:08:35.251,0.9585,23.7,2,0.000136,0,1,1600,,,
2026-06-11T10:08:35.766,0.9585,23.7,1,0.000135,0,1,1600,,,
2026-06-11T10:08:36.262,0.9585,23.7,1,0.000135,0,1,1600,,,
2026-06-11T10:08:36.764,0.9586,23.7,2,0.000135,0,1,1600,,,
2026-06-11T10:08:37.257,0.9586,23.71,1,0.000135,0,1,1600,,,
2026-06-11T10:08:37.757,0.9586,23.7,2,0.000135,0,1,1600,,,
2026-06-11T10:08:38.258,0.9586,23.7,1,0.000137,0,1,1600,,,
2026-06-11T10:08:38.759,0.9585,23.7,1,0.000136,0,1,1600,,,
2026-06-11T10:08:39.262,0.9585,23.7,2,0.000136,0,1,1600,,,
2026-06-11T10:08:39.763,0.9586,23.7,1,0.000135,0,1,1600,,,
2026-06-11T10:08:40.263,0.9586,23.7,2,0.000136,0,1,1600,,,
2026-06-11T10:08:40.762,0.9585,23.7,1,0.000136,0,1,1600,,,
2026-06-11T10:08:41.260,0.9586,23.7,1,0.000135,0,1,1600,,,
2026-06-11T10:08:41.761,0.9586,23.7,2,0.000135,0,1,1600,,,
2026-06-11T10:08:42.259,0.9585,23.7,1,0.000136,0,1,1600,,,
2026-06-11T10:08:42.761,0.9586,23.7,2,0.000136,0,1,1600,,,
2026-06-11T10:08:43.261,0.9585,23.7,1,0.000135,0,1,1600,,,
2026-06-11T10:08:43.767,0.9585,23.7,1,0.000135,0,1,1600,,,
2026-06-11T10:08:44.250,0.9586,23.7,2,0.000136,0,1,1600,,,
2026-06-11T10:08:44.753,0.9585,23.7,1,0.000136,0,1,1600,,,
2026-06-11T10:08:45.253,0.9586,23.71,1,0.000135,0,1,1600,,,
2026-06-11T10:08:45.752,0.9585,23.7,2,0.000136,0,1,1600,,,
2026-06-11T10:08:46.253,0.9585,23.7,1,0.000136,0,1,1600,,,
2026-06-11T10:08:46.756,0.9585,23.7,2,0.000135,0,1,1600,,,
2026-06-11T10:08:47.255,0.9586,23.7,1,0.000136,0,1,1600,,,
2026-06-11T10:08:47.758,0.9586,23.7,2,0.000134,0,1,1600,,,
2026-06-11T10:08:48.254,0.9585,23.7,1,0.000136,0,1,1600,,,
2026-06-11T10:08:48.751,0.9586,23.7,1,0.000135,0,1,1600,,,
2026-06-11T10:08:49.265,0.9586,23.7,2,0.000136,0,1,1600,,,
2026-06-11T10:08:49.752,0.9586,23.7,1,0.000136,0,1,1600,,,
2026-06-11T10:08:50.252,0.9586,23.7,2,0.000135,0,1,1600,,,
2026-06-11T10:08:50.752,0.9585,23.7,1,0.000136,0,1,1600,,,
2026-06-11T10:08:51.255,0.9586,23.7,1,0.000135,0,1,1600,,,
2026-06-11T10:08:51.752,0.9586,23.7,2,0.000136,0,1,1600,,,
2026-06-11T10:08:52.256,0.9586,23.7,1,0.000135,0,1,1600,,,
2026-06-11T10:08:52.755,0.9586,23.7,2,0.000135,0,1,1600,,,
2026-06-11T10:08:53.253,0.9586,23.7,1,0.000135,0,1,1600,,,
2026-06-11T10:08:53.758,0.9585,23.71,1,0.000135,0,1,1600,,,
2026-06-11T10:08:54.255,0.9586,23.7,2,0.000137,0,1,1600,,,
2026-06-11T10:08:54.752,0.9586,23.7,1,0.000136,0,1,1600,,,
2026-06-11T10:08:55.255,0.9584,23.7,1,0.000136,0,1,1600,,,
2026-06-11T10:08:55.754,0.9585,23.7,2,0.000135,0,1,1600,,,
2026-06-11T10:08:56.255,0.9585,23.7,1,0.000134,0,1,1600,,,
2026-06-11T10:08:56.755,0.9586,23.7,2,0.000136,0,1,1600,,,
2026-06-11T10:08:57.254,0.9585,23.7,1,0.000135,0,1,1600,,,
2026-06-11T10:08:57.754,0.9585,23.7,2,0.000136,0,1,1600,,,
2026-06-11T10:08:58.254,0.9585,23.7,1,0.000136,0,1,1600,,,
2026-06-11T10:08:58.752,0.9585,23.7,1,0.000137,0,1,1600,,,
2026-06-11T10:08:59.251,0.9586,23.7,2,0.000136,0,1,1600,,,
2026-06-11T10:08:59.751,0.9585,23.7,1,0.000135,0,1,1600,,,
2026-06-11T10:09:00.254,0.9586,23.7,1,0.000135,0,1,1600,,,
2026-06-11T10:09:00.753,0.9586,23.7,2,0.000135,0,1,1600,,,
2026-06-11T10:09:01.254,0.9585,23.7,1,0.000135,0,1,1600,,,
2026-06-11T10:09:01.755,0.9585,23.7,2,0.000135,0,1,1600,,,
2026-06-11T10:09:02.253,0.9585,23.71,1,0.000136,0,1,1600,,,
2026-06-11T10:09:02.752,0.9586,23.71,1,0.000135,0,1,1600,,,
2026-06-11T10:09:03.252,0.9585,23.7,2,0.000134,0,1,1600,,,
2026-06-11T10:09:03.752,0.9586,23.7,1,0.000135,0,1,1600,,,
2026-06-11T10:09:04.251,0.9585,23.7,2,0.000135,0,1,1600,,,
2026-06-11T10:09:04.752,0.9585,23.7,1,0.000136,0,1,1600,,,
2026-06-11T10:09:05.252,0.9585,23.7,1,0.000136,0,1,1600,,,
2026-06-11T10:09:05.752,0.9586,23.71,2,0.000136,0,1,1600,,,
2026-06-11T10:09:06.251,0.9586,23.7,1,0.000136,0,1,1600,,,
2026-06-11T10:09:06.751,0.9586,23.7,2,0.000135,0,1,1600,,,
2026-06-11T10:09:07.255,0.9586,23.7,1,0.000136,0,1,1600,,,
2026-06-11T10:09:07.752,0.9585,23.7,1,0.000135,0,1,1600,,,
2026-06-11T10:09:08.254,0.9586,23.7,2,0.000136,0,1,1600,,,
2026-06-11T10:09:08.752,0.9586,23.71,1,0.000136,0,1,1600,,,
2026-06-11T10:09:09.266,0.9586,23.71,2,0.000136,0,1,1600,,,
2026-06-11T10:09:09.764,0.9585,23.7,1,0.000136,0,1,1600,,,
2026-06-11T10:09:10.260,0.9585,23.7,1,0.000136,0,1,1600,,,
2026-06-11T10:09:10.754,0.9586,23.7,2,0.000135,0,1,1600,,,
2026-06-11T10:09:11.253,0.9586,23.7,1,0.000135,0,1,1600,,,
2026-06-11T10:09:11.754,0.9586,23.7,2,0.000135,0,1,1600,,,
2026-06-11T10:09:12.255,0.9585,23.71,1,0.000135,0,1,1600,,,
2026-06-11T10:09:12.756,0.9585,23.71,1,0.000135,0,1,1600,,,
2026-06-11T10:09:13.255,0.9585,23.7,2,0.000136,0,1,1600,,,
2026-06-11T10:09:13.756,0.9586,23.71,1,0.000135,0,1,1600,,,
2026-06-11T10:09:14.254,0.9585,23.7,2,0.000135,0,1,1600,,,
2026-06-11T10:09:14.754,0.9585,23.7,1,0.000136,0,1,1600,,,
2026-06-11T10:09:15.254,0.9586,23.7,1,0.000135,0,1,1600,,,
2026-06-11T10:09:15.757,0.9585,23.7,2,0.000136,0,1,1600,,,
2026-06-11T10:09:16.261,0.9585,23.7,1,0.000136,0,1,1600,,,
2026-06-11T10:09:16.760,0.9586,23.7,2,0.000135,0,1,1600,,,
2026-06-11T10:09:17.260,0.9585,23.7,1,0.000136,0,1,1600,,,
2026-06-11T10:09:17.757,0.9585,23.7,1,0.000134,0,1,1600,,,
2026-06-11T10:09:18.257,0.9585,23.7,2,0.000135,0,1,1600,,,
2026-06-11T10:09:18.758,0.9585,23.7,1,0.000134,0,1,1600,,,
2026-06-11T10:09:19.260,0.9585,23.7,2,0.000136,0,1,1600,,,
2026-06-11T10:09:19.761,0.9586,23.7,1,0.000136,0,1,1600,,,
2026-06-11T10:09:20.259,0.9585,23.7,1,0.000136,0,1,1600,,,
2026-06-11T10:09:20.760,0.9585,23.7,2,0.000135,0,1,1600,,,
2026-06-11T10:09:21.259,0.9585,23.7,1,0.000135,0,1,1600,,,
2026-06-11T10:09:21.755,0.9585,23.7,2,0.000134,0,1,1600,,,
2026-06-11T10:09:22.256,0.9585,23.7,1,0.000134,0,1,1600,,,
2026-06-11T10:09:22.755,0.9584,23.71,1,0.000135,0,1,1600,,,
2026-06-11T10:09:23.255,0.9585,23.7,2,0.000135,0,1,1600,,,
2026-06-11T10:09:23.755,0.9585,23.7,1,0.000136,0,1,1600,,,
2026-06-11T10:09:24.252,0.9585,23.7,2,0.000137,0,1,1600,,,
2026-06-11T10:09:24.763,0.9585,23.71,1,0.000136,0,1,1600,,,
2026-06-11T10:09:25.260,0.9585,23.7,1,0.000136,0,1,1600,,,
2026-06-11T10:09:25.762,0.9585,23.7,2,0.000136,0,1,1600,,,
2026-06-11T10:09:26.261,0.9584,23.7,1,0.000136,0,1,1600,,,
2026-06-11T10:09:26.752,0.9585,23.7,2,0.000135,0,1,1600,,,
2026-06-11T10:09:27.252,0.9584,23.7,1,0.000136,0,1,1600,,,
2026-06-11T10:09:27.752,0.9584,23.7,1,0.000136,0,1,1600,,,
2026-06-11T10:09:28.251,0.9585,23.7,2,0.000136,0,1,1600,,,
2026-06-11T10:09:28.763,0.9584,23.7,1,0.000135,0,1,1600,,,
2026-06-11T10:09:29.265,0.9585,23.7,2,0.000135,0,1,1600,,,
2026-06-11T10:09:29.766,0.9584,23.7,1,0.000135,0,1,1600,,,
2026-06-11T10:09:30.251,0.9584,23.7,1,0.000135,0,1,1600,,,
2026-06-11T10:09:30.764,0.9584,23.7,2,0.000137,0,1,1600,,,
2026-06-11T10:09:31.263,0.9584,23.7,1,0.000135,0,1,1600,,,
2026-06-11T10:09:31.761,0.9584,23.7,2,0.000136,0,1,1600,,,
2026-06-11T10:09:32.260,0.9584,23.7,1,0.000136,0,1,1600,,,
2026-06-11T10:09:32.757,0.9584,23.7,1,0.000136,0,1,1600,,,
2026-06-11T10:09:33.256,0.9584,23.7,2,0.000134,0,1,1600,,,
2026-06-11T10:09:33.755,0.9584,23.7,1,0.000136,0,1,1600,,,
2026-06-11T10:09:34.255,0.9584,23.7,2,0.000134,0,1,1600,,,
2026-06-11T10:09:34.756,0.9584,23.7,1,0.000136,0,1,1600,,,
2026-06-11T10:09:35.256,0.9584,23.7,1,0.000136,0,1,1600,,,
2026-06-11T10:09:35.756,0.9584,23.7,2,0.000136,0,1,1600,,,
2026-06-11T10:09:36.253,0.9584,23.7,1,0.000136,0,1,1600,,,
2026-06-11T10:09:36.754,0.9584,23.7,2,0.000136,0,1,1600,,,
2026-06-11T10:09:37.252,0.9584,23.7,1,0.000136,0,1,1600,,,
2026-06-11T10:09:37.751,0.9584,23.7,1,0.000134,0,1,1600,,,
2026-06-11T10:09:38.252,0.9584,23.7,2,0.000135,0,1,1600,,,
2026-06-11T10:09:38.751,0.9584,23.7,1,0.000135,0,1,1600,,,
2026-06-11T10:09:39.250,0.9584,23.7,2,0.000137,0,1,1600,,,
2026-06-11T10:09:39.752,0.9584,23.7,1,0.000136,0,1,1600,,,
2026-06-11T10:09:40.263,0.9584,23.7,2,0.000136,0,1,1600,,,
2026-06-11T10:09:40.762,0.9584,23.7,1,0.000135,0,1,1600,,,
2026-06-11T10:09:41.259,0.9584,23.7,1,0.000136,0,1,1600,,,
2026-06-11T10:09:41.761,0.9583,23.7,2,0.000135,0,1,1600,,,
2026-06-11T10:09:42.263,0.9584,23.7,1,0.000135,0,1,1600,,,
2026-06-11T10:09:42.765,0.9584,23.7,2,0.000136,0,1,1600,,,
2026-06-11T10:09:43.264,0.9583,23.7,1,0.000136,0,1,1600,,,
2026-06-11T10:09:43.763,0.9583,23.69,1,0.000135,0,1,1600,,,
2026-06-11T10:09:44.265,0.9584,23.7,2,0.000135,0,1,1600,,,
2026-06-11T10:09:44.751,0.9583,23.69,1,0.000135,0,1,1600,,,
2026-06-11T10:09:45.252,0.9584,23.7,2,0.000136,0,1,1600,,,
2026-06-11T10:09:45.765,0.9584,23.7,1,0.000136,0,1,1600,,,
2026-06-11T10:09:46.263,0.9583,23.7,2,0.000136,0,1,1600,,,
2026-06-11T10:09:46.761,0.9584,23.69,1,0.000135,0,1,1600,,,
2026-06-11T10:09:47.260,0.9584,23.69,1,0.000136,0,1,1600,,,
2026-06-11T10:09:47.764,0.9583,23.7,2,0.000135,0,1,1600,,,
2026-06-11T10:09:48.265,0.9584,23.69,1,0.000135,0,1,1600,,,
2026-06-11T10:09:48.751,0.9583,23.69,2,0.000136,0,1,1600,,,
2026-06-11T10:09:49.265,0.9583,23.7,1,0.000135,0,1,1600,,,
2026-06-11T10:09:49.764,0.9583,23.69,1,0.000136,0,1,1600,,,
2026-06-11T10:09:50.262,0.9583,23.7,2,0.000136,0,1,1600,,,
2026-06-11T10:09:50.764,0.9583,23.69,1,0.000136,0,1,1600,,,
2026-06-11T10:09:51.265,0.9584,23.69,2,0.000136,0,1,1600,,,
2026-06-11T10:09:51.763,0.9584,23.69,1,0.000135,0,1,1600,,,
2026-06-11T10:09:52.263,0.9583,23.69,1,0.000135,0,1,1600,,,
2026-06-11T10:09:52.761,0.9583,23.69,2,0.000135,0,1,1600,,,
2026-06-11T10:09:53.261,0.9583,23.69,1,0.000136,0,1,1600,,,
2026-06-11T10:09:53.764,0.9584,23.69,1,0.000135,0,1,1600,,,
2026-06-11T10:09:54.265,0.9583,23.69,2,0.000135,0,1,1600,,,
2026-06-11T10:09:54.762,0.9583,23.69,1,0.000135,0,1,1600,,,
2026-06-11T10:09:55.249,0.9584,23.69,2,0.000136,0,1,1600,,,
2026-06-11T10:09:55.751,0.9583,23.69,1,0.000136,0,1,1600,,,
2026-06-11T10:09:56.266,0.9583,23.69,1,0.000135,0,1,1600,,,
2026-06-11T10:09:56.765,0.9584,23.69,2,0.000135,0,1,1600,,,
2026-06-11T10:09:57.252,0.9583,23.69,1,0.000136,0,1,1600,,,
2026-06-11T10:09:57.754,0.9584,23.69,2,0.000136,0,1,1600,,,
2026-06-11T10:09:58.253,0.9583,23.69,1,0.000136,0,1,1600,,,
2026-06-11T10:09:58.751,0.9583,23.69,1,0.000135,0,1,1600,,,
2026-06-11T10:09:59.251,0.9584,23.69,2,0.000136,0,1,1600,,,
2026-06-11T10:09:59.763,0.9584,23.69,1,0.000135,0,1,1600,,,
2026-06-11T10:10:00.260,0.9584,23.69,2,0.000136,0,1,1600,,,
2026-06-11T10:10:00.759,0.9584,23.69,1,0.000135,0,1,1600,,,
2026-06-11T10:10:01.259,0.9583,23.69,1,0.000136,0,1,1600,,,
2026-06-11T10:10:01.757,0.9584,23.69,2,0.000136,0,1,1600,,,
2026-06-11T10:10:02.260,0.9583,23.69,1,0.000135,0,1,1600,,,
2026-06-11T10:10:02.758,0.9584,23.69,2,0.000135,0,1,1600,,,
2026-06-11T10:10:03.260,0.9583,23.69,1,0.000136,0,1,1600,,,
2026-06-11T10:10:03.757,0.9583,23.69,1,0.000135,0,1,1600,,,
2026-06-11T10:10:04.256,0.9583,23.69,2,0.000136,0,1,1600,,,
2026-06-11T10:10:04.757,0.9583,23.69,1,0.000136,0,1,1600,,,
2026-06-11T10:10:05.255,0.9583,23.69,2,0.000135,0,1,1600,,,
2026-06-11T10:10:05.756,0.9583,23.69,1,0.000136,0,1,1600,,,
2026-06-11T10:10:06.251,0.9583,23.69,1,0.000134,0,1,1600,,,
2026-06-11T10:10:06.765,0.9584,23.69,2,0.000137,0,1,1600,,,
2026-06-11T10:10:07.261,0.9584,23.69,1,0.000135,0,1,1600,,,
2026-06-11T10:10:07.761,0.9582,23.69,2,0.000136,0,1,1600,,,
2026-06-11T10:10:08.259,0.9583,23.68,1,0.000135,0,1,1600,,,
2026-06-11T10:10:08.757,0.9583,23.68,1,0.000135,0,1,1600,,,
2026-06-11T10:10:09.264,0.9583,23.69,2,0.000136,0,1,1600,,,
2026-06-11T10:10:09.754,0.9583,23.69,1,0.000135,0,1,1600,,,
2026-06-11T10:10:10.249,0.9584,23.68,2,0.000136,0,1,1600,,,
2026-06-11T10:10:10.756,0.9583,23.69,1,0.000135,0,1,1600,,,
2026-06-11T10:10:11.262,0.9583,23.69,1,0.000136,0,1,1600,,,
2026-06-11T10:10:11.756,0.9583,23.69,2,0.000135,0,1,1600,,,
2026-06-11T10:10:12.251,0.9582,23.69,1,0.000135,0,1,1600,,,
2026-06-11T10:10:12.761,0.9583,23.69,2,0.000136,0,1,1600,,,
2026-06-11T10:10:13.253,0.9583,23.68,1,0.000136,0,1,1600,,,
2026-06-11T10:10:13.759,0.9583,23.68,1,0.000135,0,1,1600,,,
2026-06-11T10:10:14.248,0.9584,23.68,2,0.000136,0,1,1600,,,
2026-06-11T10:10:14.755,0.9584,23.68,1,0.000135,0,1,1600,,,
2026-06-11T10:10:15.249,0.9583,23.69,2,0.000136,0,1,1600,,,
2026-06-11T10:10:15.759,0.9583,23.68,1,0.000135,0,1,1600,,,
2026-06-11T10:10:16.263,0.9583,23.68,2,0.000136,0,1,1600,,,
2026-06-11T10:10:16.755,0.9583,23.68,1,0.000135,0,1,1600,,,
2026-06-11T10:10:17.258,0.9583,23.68,1,0.000135,0,1,1600,,,
2026-06-11T10:10:17.765,0.9583,23.68,2,0.000135,0,1,1600,,,
2026-06-11T10:10:18.256,0.9583,23.68,1,0.000135,0,1,1600,,,
2026-06-11T10:10:18.759,0.9583,23.68,1,0.000136,0,1,1600,,,
2026-06-11T10:10:19.257,0.9583,23.68,2,0.000137,0,1,1600,,,
2026-06-11T10:10:19.758,0.9583,23.68,1,0.000136,0,1,1600,,,
2026-06-11T10:10:20.260,0.9583,23.68,2,0.000136,0,1,1600,,,
2026-06-11T10:10:20.761,0.9583,23.68,1,0.000135,0,1,1600,,,
2026-06-11T10:10:21.259,0.9583,23.68,2,0.000136,0,1,1600,,,
2026-06-11T10:10:21.758,0.9582,23.68,1,0.000136,0,1,1600,,,
2026-06-11T10:10:22.256,0.9583,23.68,1,0.000137,0,1,1600,,,
2026-06-11T10:10:22.753,0.9583,23.68,2,0.000136,0,1,1600,,,
2026-06-11T10:10:23.255,0.9581,23.68,1,0.000136,0,1,1600,,,
2026-06-11T10:10:23.752,0.9582,23.68,1,0.000135,0,1,1600,,,
2026-06-11T10:10:24.253,0.9582,23.68,2,0.000136,0,1,1600,,,
2026-06-11T10:10:24.755,0.9583,23.68,1,0.000135,0,1,1600,,,
2026-06-11T10:10:25.255,0.9582,23.68,2,0.000135,0,1,1600,,,
2026-06-11T10:10:25.755,0.9583,23.68,1,0.000136,0,1,1600,,,
2026-06-11T10:10:26.257,0.9583,23.68,1,0.000137,0,1,1600,,,
2026-06-11T10:10:26.757,0.9582,23.68,2,0.000135,0,1,1600,,,
2026-06-11T10:10:27.256,0.9582,23.68,1,0.000136,1,2,1600,2026-06-11T10:10:27.225603,1600,1
2026-06-11T10:10:27.755,0.9581,23.68,2,0.000139,0,2,1600,,,
2026-06-11T10:10:28.253,0.9579,23.68,1,0.000136,0,2,1600,,,
2026-06-11T10:10:28.756,0.958,23.68,1,0.000136,0,2,1600,,,
2026-06-11T10:10:29.255,0.9579,23.67,2,0.000136,0,2,1600,,,
2026-06-11T10:10:29.758,0.958,23.67,1,0.000137,0,2,1600,,,
2026-06-11T10:10:30.257,0.9579,23.68,2,0.000136,0,2,1600,,,
2026-06-11T10:10:30.754,0.9579,23.67,1,0.000135,0,2,1600,,,
2026-06-11T10:10:31.252,0.9579,23.67,1,0.000136,0,2,1600,,,
2026-06-11T10:10:31.764,0.9579,23.68,2,0.000135,0,2,1600,,,
2026-06-11T10:10:32.262,0.9579,23.67,1,0.000136,0,2,1600,,,
2026-06-11T10:10:32.762,0.9579,23.68,2,0.000135,0,2,1600,,,
2026-06-11T10:10:33.263,0.958,23.67,1,0.000136,0,2,1600,,,
2026-06-11T10:10:33.761,0.9579,23.67,1,0.000135,0,2,1600,,,
2026-06-11T10:10:34.263,0.9579,23.67,2,0.000136,0,2,1600,,,
2026-06-11T10:10:34.761,0.958,23.67,1,0.000137,0,2,1600,,,
2026-06-11T10:10:35.260,0.9579,23.67,2,0.000135,0,2,1600,,,
2026-06-11T10:10:35.760,0.958,23.67,1,0.000136,0,2,1600,,,
2026-06-11T10:10:36.258,0.958,23.67,1,0.000135,0,2,1600,,,
2026-06-11T10:10:36.759,0.9579,23.67,2,0.000136,0,2,1600,,,
2026-06-11T10:10:37.259,0.9578,23.67,1,0.000136,0,2,1600,,,
2026-06-11T10:10:37.759,0.9579,23.67,2,0.000136,0,2,1600,,,
2026-06-11T10:10:38.258,0.958,23.67,1,0.000136,0,2,1600,,,
2026-06-11T10:10:38.757,0.9579,23.67,1,0.000136,0,2,1600,,,
2026-06-11T10:10:39.258,0.9579,23.67,2,0.000136,0,2,1600,,,
2026-06-11T10:10:39.760,0.958,23.67,1,0.000136,0,2,1600,,,
2026-06-11T10:10:40.262,0.9579,23.67,1,0.000137,0,2,1600,,,
2026-06-11T10:10:40.750,0.9579,23.67,2,0.000137,0,2,1600,,,
2026-06-11T10:10:41.250,0.958,23.67,1,0.000135,0,2,1600,,,
2026-06-11T10:10:41.754,0.9578,23.67,2,0.000135,0,2,1600,,,
2026-06-11T10:10:42.253,0.958,23.67,1,0.000135,0,2,1600,,,
2026-06-11T10:10:42.752,0.9579,23.67,1,0.000136,0,2,1600,,,
2026-06-11T10:10:43.252,0.9579,23.67,2,0.000136,0,2,1600,,,
2026-06-11T10:10:43.753,0.9579,23.67,1,0.000136,0,2,1600,,,
2026-06-11T10:10:44.257,0.9579,23.67,2,0.000135,0,2,1600,,,
2026-06-11T10:10:44.758,0.9579,23.67,1,0.000136,0,2,1600,,,
2026-06-11T10:10:45.258,0.9579,23.67,1,0.000135,0,2,1600,,,
2026-06-11T10:10:45.756,0.9578,23.67,2,0.000137,0,2,1600,,,
2026-06-11T10:10:46.255,0.9579,23.67,1,0.000135,0,2,1600,,,
2026-06-11T10:10:46.755,0.9578,23.67,2,0.000137,0,2,1600,,,
2026-06-11T10:10:47.265,0.958,23.67,1,0.000136,0,2,1600,,,
2026-06-11T10:10:47.750,0.9579,23.67,1,0.000135,0,2,1600,,,
2026-06-11T10:10:48.264,0.9578,23.67,2,0.000135,0,2,1600,,,
2026-06-11T10:10:48.752,0.9579,23.67,1,0.000135,0,2,1600,,,
2026-06-11T10:10:49.251,0.9578,23.67,2,0.000136,0,2,1600,,,
2026-06-11T10:10:49.764,0.9578,23.67,1,0.000134,0,2,1600,,,
2026-06-11T10:10:50.260,0.9579,23.67,2,0.000135,0,2,1600,,,
2026-06-11T10:10:50.755,0.9578,23.67,1,0.000136,0,2,1600,,,
2026-06-11T10:10:51.257,0.9579,23.67,1,0.000136,0,2,1600,,,
2026-06-11T10:10:51.755,0.9578,23.67,2,0.000136,0,2,1600,,,
2026-06-11T10:10:52.257,0.9579,23.67,1,0.000136,0,2,1600,,,
2026-06-11T10:10:52.755,0.9579,23.67,1,0.000135,0,2,1600,,,
2026-06-11T10:10:53.252,0.9579,23.67,2,0.000136,0,2,1600,,,
2026-06-11T10:10:53.754,0.9579,23.67,1,0.000135,0,2,1600,,,
2026-06-11T10:10:54.253,0.9578,23.67,2,0.000135,0,2,1600,,,
2026-06-11T10:10:54.755,0.9578,23.66,1,0.000135,0,2,1600,,,
2026-06-11T10:10:55.255,0.9578,23.67,1,0.000135,0,2,1600,,,
2026-06-11T10:10:55.751,0.9579,23.67,2,0.000135,0,2,1600,,,
2026-06-11T10:10:56.251,0.9578,23.66,1,0.000137,0,2,1600,,,
2026-06-11T10:10:56.763,0.9579,23.66,2,0.000135,0,2,1600,,,
2026-06-11T10:10:57.259,0.9579,23.67,1,0.000136,0,2,1600,,,
2026-06-11T10:10:57.757,0.9578,23.66,1,0.000136,0,2,1600,,,
2026-06-11T10:10:58.257,0.9578,23.66,2,0.000136,0,2,1600,,,
2026-06-11T10:10:58.755,0.9578,23.66,1,0.000135,0,2,1600,,,
2026-06-11T10:10:59.252,0.9577,23.66,2,0.000136,0,2,1600,,,
2026-06-11T10:10:59.752,0.9578,23.66,1,0.000134,0,2,1600,,,
2026-06-11T10:11:00.258,0.9578,23.66,1,0.000135,0,2,1600,,,
2026-06-11T10:11:00.757,0.9578,23.66,2,0.000136,0,2,1600,,,
2026-06-11T10:11:01.256,0.9579,23.66,1,0.000135,0,2,1600,,,
2026-06-11T10:11:01.755,0.9578,23.66,2,0.000135,0,2,1600,,,
2026-06-11T10:11:02.253,0.9578,23.66,1,0.000136,0,2,1600,,,
2026-06-11T10:11:02.750,0.9578,23.66,1,0.000136,0,2,1600,,,
2026-06-11T10:11:03.251,0.9578,23.66,2,0.000135,0,2,1600,,,
2026-06-11T10:11:03.765,0.9578,23.66,1,0.000134,0,2,1600,,,
2026-06-11T10:11:04.263,0.9577,23.66,2,0.000135,0,2,1600,,,
2026-06-11T10:11:04.758,0.9578,23.66,1,0.000135,0,2,1600,,,
2026-06-11T10:11:05.255,0.9578,23.66,1,0.000135,0,2,1600,,,
2026-06-11T10:11:05.755,0.9578,23.66,2,0.000135,0,2,1600,,,
2026-06-11T10:11:06.253,0.9578,23.66,1,0.000135,0,2,1600,,,
2026-06-11T10:11:06.752,0.9577,23.66,2,0.000136,0,2,1600,,,
2026-06-11T10:11:07.251,0.9578,23.66,1,0.000136,0,2,1600,,,
2026-06-11T10:11:07.750,0.9578,23.66,1,0.000136,0,2,1600,,,
2026-06-11T10:11:08.263,0.9577,23.66,2,0.000136,0,2,1600,,,
2026-06-11T10:11:08.765,0.9578,23.66,1,0.000135,0,2,1600,,,
2026-06-11T10:11:09.263,0.9577,23.66,2,0.000135,0,2,1600,,,
2026-06-11T10:11:09.764,0.9578,23.66,1,0.000135,0,2,1600,,,
2026-06-11T10:11:10.261,0.9577,23.66,1,0.000135,0,2,1600,,,
2026-06-11T10:11:10.762,0.9578,23.66,2,0.000135,0,2,1600,,,
2026-06-11T10:11:11.258,0.9578,23.66,1,0.000135,0,2,1600,,,
2026-06-11T10:11:11.758,0.9578,23.66,2,0.000136,0,2,1600,,,
2026-06-11T10:11:12.256,0.9577,23.66,1,0.000136,0,2,1600,,,
2026-06-11T10:11:12.756,0.9578,23.66,1,0.000136,0,2,1600,,,
2026-06-11T10:11:13.254,0.9577,23.66,2,0.000136,0,2,1600,,,
2026-06-11T10:11:13.757,0.9577,23.66,1,0.000135,0,2,1600,,,
2026-06-11T10:11:14.255,0.9578,23.65,2,0.000135,0,2,1600,,,
2026-06-11T10:11:14.755,0.9577,23.65,1,0.000135,0,2,1600,,,
2026-06-11T10:11:15.258,0.9577,23.65,1,0.000136,0,2,1600,,,
2026-06-11T10:11:15.760,0.9577,23.66,2,0.000136,0,2,1600,,,
2026-06-11T10:11:16.257,0.9577,23.65,1,0.000135,0,2,1600,,,
2026-06-11T10:11:16.756,0.9577,23.65,2,0.000134,0,2,1600,,,
2026-06-11T10:11:17.257,0.9578,23.65,1,0.000135,0,2,1600,,,
2026-06-11T10:11:17.754,0.9578,23.65,1,0.000135,0,2,1600,,,
2026-06-11T10:11:18.252,0.9578,23.65,2,0.000136,0,2,1600,,,
2026-06-11T10:11:18.750,0.9577,23.65,1,0.000135,0,2,1600,,,
2026-06-11T10:11:19.263,0.9578,23.65,1,0.000136,0,2,1600,,,
2026-06-11T10:11:19.761,0.9578,23.65,2,0.000135,0,2,1600,,,
2026-06-11T10:11:20.257,0.9577,23.65,1,0.000135,0,2,1600,,,
2026-06-11T10:11:20.760,0.9577,23.65,2,0.000136,0,2,1600,,,
2026-06-11T10:11:21.258,0.9577,23.65,1,0.000136,0,2,1600,,,
2026-06-11T10:11:21.754,0.9577,23.65,2,0.000136,0,2,1600,,,
2026-06-11T10:11:22.253,0.9577,23.65,1,0.000136,0,2,1600,,,
2026-06-11T10:11:22.755,0.9578,23.65,1,0.000135,0,2,1600,,,
2026-06-11T10:11:23.256,0.9577,23.65,2,0.000135,0,2,1600,,,
2026-06-11T10:11:23.759,0.9576,23.65,1,0.000135,0,2,1600,,,
2026-06-11T10:11:24.258,0.9577,23.65,2,0.000134,0,2,1600,,,
2026-06-11T10:11:24.754,0.9576,23.65,1,0.000136,0,2,1600,,,
2026-06-11T10:11:25.253,0.9578,23.65,1,0.000136,0,2,1600,,,
2026-06-11T10:11:25.752,0.9577,23.64,2,0.000136,0,2,1600,,,
2026-06-11T10:11:26.253,0.9578,23.65,1,0.000135,0,2,1600,,,
2026-06-11T10:11:26.750,0.9577,23.64,2,0.000136,0,2,1600,,,
2026-06-11T10:11:27.250,0.9577,23.65,1,0.000135,0,2,1600,,,
2026-06-11T10:11:27.763,0.9577,23.65,1,0.000135,0,2,1600,,,
2026-06-11T10:11:28.263,0.9577,23.64,2,0.000136,0,2,1600,,,
2026-06-11T10:11:28.759,0.9577,23.64,1,0.000135,0,2,1600,,,
2026-06-11T10:11:29.259,0.9577,23.64,2,0.000136,0,2,1600,,,
2026-06-11T10:11:29.758,0.9577,23.64,1,0.000136,0,2,1600,,,
2026-06-11T10:11:30.256,0.9577,23.64,1,0.000136,0,2,1600,,,
2026-06-11T10:11:30.755,0.9577,23.64,2,0.000136,0,2,1600,,,
2026-06-11T10:11:31.253,0.9577,23.64,1,0.000135,0,2,1600,,,
2026-06-11T10:11:31.754,0.9577,23.64,2,0.000136,0,2,1600,,,
2026-06-11T10:11:32.254,0.9576,23.64,1,0.000136,0,2,1600,,,
2026-06-11T10:11:32.754,0.9577,23.64,1,0.000135,0,2,1600,,,
2026-06-11T10:11:33.255,0.9577,23.64,2,0.000137,0,2,1600,,,
2026-06-11T10:11:33.755,0.9576,23.64,1,0.000135,0,2,1600,,,
2026-06-11T10:11:34.251,0.9576,23.64,2,0.000136,0,2,1600,,,
2026-06-11T10:11:34.764,0.9577,23.64,1,0.000136,0,2,1600,,,
2026-06-11T10:11:35.258,0.9577,23.64,2,0.000136,0,2,1600,,,
2026-06-11T10:11:35.760,0.9576,23.64,1,0.000135,0,2,1600,,,
2026-06-11T10:11:36.260,0.9577,23.64,1,0.000136,0,2,1600,,,
2026-06-11T10:11:36.763,0.9577,23.64,2,0.000134,0,2,1600,,,
2026-06-11T10:11:37.261,0.9577,23.64,1,0.000136,0,2,1600,,,
2026-06-11T10:11:37.760,0.9576,23.64,1,0.000136,0,2,1600,,,
2026-06-11T10:11:38.260,0.9577,23.64,2,0.000136,0,2,1600,,,
2026-06-11T10:11:38.760,0.9577,23.64,1,0.000137,0,2,1600,,,
2026-06-11T10:11:39.260,0.9577,23.64,2,0.000136,0,2,1600,,,
2026-06-11T10:11:39.757,0.9577,23.64,1,0.000135,0,2,1600,,,
2026-06-11T10:11:40.256,0.9577,23.63,2,0.000136,0,2,1600,,,
2026-06-11T10:11:40.760,0.9576,23.63,1,0.000136,0,2,1600,,,
2026-06-11T10:11:41.258,0.9576,23.63,1,0.000135,0,2,1600,,,
2026-06-11T10:11:41.758,0.9577,23.63,2,0.000136,0,2,1600,,,
2026-06-11T10:11:42.257,0.9576,23.63,1,0.000135,0,2,1600,,,
2026-06-11T10:11:42.755,0.9576,23.64,1,0.000136,0,2,1600,,,
2026-06-11T10:11:43.254,0.9576,23.63,2,0.000136,0,2,1600,,,
2026-06-11T10:11:43.754,0.9577,23.63,1,0.000135,0,2,1600,,,
2026-06-11T10:11:44.257,0.9576,23.63,2,0.000136,0,2,1600,,,
2026-06-11T10:11:44.759,0.9577,23.63,1,0.000135,0,2,1600,,,
2026-06-11T10:11:45.261,0.9576,23.63,1,0.000136,0,2,1600,,,
2026-06-11T10:11:45.760,0.9577,23.63,2,0.000136,0,2,1600,,,
2026-06-11T10:11:46.258,0.9577,23.63,1,0.000135,0,2,1600,,,
2026-06-11T10:11:46.759,0.9576,23.63,2,0.000136,0,2,1600,,,
2026-06-11T10:11:47.255,0.9576,23.63,1,0.000135,0,2,1600,,,
2026-06-11T10:11:47.758,0.9575,23.63,1,0.000136,0,2,1600,,,
2026-06-11T10:11:48.258,0.9577,23.63,2,0.000136,0,2,1600,,,
2026-06-11T10:11:48.758,0.9576,23.63,1,0.000136,0,2,1600,,,
2026-06-11T10:11:49.256,0.9576,23.63,2,0.000137,0,2,1600,,,
2026-06-11T10:11:49.757,0.9576,23.63,1,0.000135,0,2,1600,,,
2026-06-11T10:11:50.260,0.9576,23.63,1,0.000135,0,2,1600,,,
2026-06-11T10:11:50.758,0.9577,23.63,2,0.000135,0,2,1600,,,
2026-06-11T10:11:51.256,0.9577,23.63,1,0.000136,0,2,1600,,,
2026-06-11T10:11:51.752,0.9576,23.63,2,0.000135,0,2,1600,,,
2026-06-11T10:11:52.251,0.9575,23.63,1,0.000135,0,2,1600,,,
2026-06-11T10:11:52.750,0.9576,23.63,1,0.000136,0,2,1600,,,
2026-06-11T10:11:53.264,0.9576,23.63,2,0.000135,0,2,1600,,,
2026-06-11T10:11:53.764,0.9576,23.63,1,0.000134,0,2,1600,,,
2026-06-11T10:11:54.250,0.9576,23.63,2,0.000135,0,2,1600,,,
2026-06-11T10:11:54.756,0.9576,23.63,1,0.000136,0,2,1600,,,
2026-06-11T10:11:55.260,0.9576,23.63,1,0.000135,0,2,1600,,,
2026-06-11T10:11:55.761,0.9576,23.63,2,0.000135,0,2,1600,,,
2026-06-11T10:11:56.263,0.9575,23.62,1,0.000135,0,2,1600,,,
2026-06-11T10:11:56.761,0.9576,23.63,2,0.000136,0,2,1600,,,
2026-06-11T10:11:57.265,0.9577,23.62,1,0.000136,0,2,1600,,,
2026-06-11T10:11:57.764,0.9576,23.63,2,0.000136,0,2,1600,,,
2026-06-11T10:11:58.263,0.9576,23.63,1,0.000135,0,2,1600,,,
2026-06-11T10:11:58.754,0.9576,23.63,1,0.000136,0,2,1600,,,
2026-06-11T10:11:59.253,0.9577,23.62,2,0.000136,0,2,1600,,,
2026-06-11T10:11:59.756,0.9576,23.62,1,0.000136,0,2,1600,,,
2026-06-11T10:12:00.252,0.9577,23.62,2,0.000136,0,2,1600,,,
2026-06-11T10:12:00.755,0.9576,23.62,1,0.000135,0,2,1600,,,
2026-06-11T10:12:01.251,0.9575,23.62,1,0.000135,0,2,1600,,,
2026-06-11T10:12:01.751,0.9576,23.62,2,0.000137,0,2,1600,,,
2026-06-11T10:12:02.254,0.9577,23.63,1,0.000135,0,2,1600,,,
2026-06-11T10:12:02.751,0.9576,23.62,2,0.000136,0,2,1600,,,
2026-06-11T10:12:03.255,0.9576,23.62,1,0.000136,0,2,1600,,,
2026-06-11T10:12:03.751,0.9576,23.62,1,0.000135,0,2,1600,,,
2026-06-11T10:12:04.264,0.9576,23.62,2,0.000136,0,2,1600,,,
2026-06-11T10:12:04.758,0.9576,23.62,1,0.000136,0,2,1600,,,
2026-06-11T10:12:05.255,0.9576,23.62,2,0.000136,0,2,1600,,,
2026-06-11T10:12:05.754,0.9576,23.62,1,0.000136,0,2,1600,,,
2026-06-11T10:12:06.256,0.9576,23.62,1,0.000136,0,2,1600,,,
2026-06-11T10:12:06.766,0.9576,23.62,2,0.000136,0,2,1600,,,
2026-06-11T10:12:07.251,0.9576,23.62,1,0.000135,0,2,1600,,,
2026-06-11T10:12:07.751,0.9576,23.62,2,0.000135,0,2,1600,,,
2026-06-11T10:12:08.252,0.9576,23.62,1,0.000135,0,2,1600,,,
2026-06-11T10:12:08.753,0.9576,23.62,1,0.000136,0,2,1600,,,
2026-06-11T10:12:09.250,0.9576,23.62,2,0.000137,0,2,1600,,,
2026-06-11T10:12:09.753,0.9576,23.62,1,0.000135,0,2,1600,,,
2026-06-11T10:12:10.252,0.9576,23.62,2,0.000135,0,2,1600,,,
2026-06-11T10:12:10.753,0.9576,23.62,1,0.000135,0,2,1600,,,
2026-06-11T10:12:11.251,0.9577,23.62,1,0.000136,0,2,1600,,,
2026-06-11T10:12:11.753,0.9576,23.62,2,0.000137,0,2,1600,,,
2026-06-11T10:12:12.264,0.9576,23.62,1,0.000135,0,2,1600,,,
2026-06-11T10:12:12.761,0.9576,23.62,2,0.000137,0,2,1600,,,
2026-06-11T10:12:13.259,0.9576,23.62,1,0.000136,0,2,1600,,,
2026-06-11T10:12:13.760,0.9576,23.62,1,0.000137,0,2,1600,,,
2026-06-11T10:12:14.261,0.9576,23.62,2,0.000135,0,2,1600,,,
2026-06-11T10:12:14.762,0.9576,23.62,1,0.000136,0,2,1600,,,
2026-06-11T10:12:15.261,0.9576,23.62,2,0.000135,0,2,1600,,,
2026-06-11T10:12:15.753,0.9576,23.62,1,0.000136,0,2,1600,,,
2026-06-11T10:12:16.252,0.9576,23.62,1,0.000135,0,2,1600,,,
2026-06-11T10:12:16.765,0.9576,23.62,2,0.000136,0,2,1600,,,
2026-06-11T10:12:17.263,0.9576,23.62,1,0.000135,0,2,1600,,,
2026-06-11T10:12:17.761,0.9576,23.62,1,0.000136,0,2,1600,,,
2026-06-11T10:12:18.261,0.9577,23.62,2,0.000137,0,2,1600,,,
2026-06-11T10:12:18.759,0.9575,23.62,1,0.000136,0,2,1600,,,
2026-06-11T10:12:19.256,0.9576,23.62,2,0.000137,0,2,1600,,,
2026-06-11T10:12:19.757,0.9576,23.62,1,0.000136,0,2,1600,,,
2026-06-11T10:12:20.255,0.9576,23.62,1,0.000137,0,2,1600,,,
2026-06-11T10:12:20.759,0.9576,23.62,2,0.000137,0,2,1600,,,
2026-06-11T10:12:21.256,0.9576,23.62,1,0.000134,0,2,1600,,,
2026-06-11T10:12:21.751,0.9576,23.62,2,0.000134,0,2,1600,,,
2026-06-11T10:12:22.251,0.9576,23.62,1,0.000135,0,2,1600,,,
2026-06-11T10:12:22.754,0.9576,23.62,1,0.000137,0,2,1600,,,
2026-06-11T10:12:23.253,0.9576,23.62,2,0.000137,0,2,1600,,,
2026-06-11T10:12:23.758,0.9576,23.62,1,0.000135,0,2,1600,,,
2026-06-11T10:12:24.259,0.9576,23.62,2,0.000135,0,2,1600,,,
2026-06-11T10:12:24.760,0.9575,23.62,1,0.000135,0,2,1600,,,
2026-06-11T10:12:25.259,0.9576,23.62,1,0.000135,0,2,1600,,,
2026-06-11T10:12:25.761,0.9576,23.62,2,0.000136,0,2,1600,,,
2026-06-11T10:12:26.257,0.9576,23.62,1,0.000136,0,2,1600,,,
2026-06-11T10:12:26.760,0.9576,23.62,2,0.000136,0,2,1600,,,
2026-06-11T10:12:27.263,0.9576,23.62,1,0.000135,0,2,1600,,,
2026-06-11T10:12:27.763,0.9576,23.62,1,0.000135,0,2,1600,,,
2026-06-11T10:12:28.260,0.9576,23.62,2,0.000136,0,2,1600,,,
2026-06-11T10:12:28.756,0.9576,23.62,1,0.000136,0,2,1600,,,
2026-06-11T10:12:29.255,0.9576,23.62,2,0.000135,0,2,1600,,,
2026-06-11T10:12:29.754,0.9576,23.61,1,0.000136,0,2,1600,,,
2026-06-11T10:12:30.252,0.9576,23.61,1,0.000136,0,2,1600,,,
2026-06-11T10:12:30.754,0.9576,23.62,2,0.000136,0,2,1600,,,
2026-06-11T10:12:31.253,0.9576,23.62,1,0.000136,0,2,1600,,,
2026-06-11T10:12:31.756,0.9576,23.62,2,0.000136,0,2,1600,,,
2026-06-11T10:12:32.257,0.9576,23.61,1,0.000135,0,2,1600,,,
2026-06-11T10:12:32.760,0.9576,23.61,1,0.000135,0,2,1600,,,
2026-06-11T10:12:33.261,0.9576,23.61,2,0.000135,0,2,1600,,,
2026-06-11T10:12:33.751,0.9576,23.62,1,0.000136,0,2,1600,,,
2026-06-11T10:12:34.251,0.9577,23.61,2,0.000136,0,2,1600,,,
2026-06-11T10:12:34.765,0.9576,23.61,1,0.000135,0,2,1600,,,
2026-06-11T10:12:35.263,0.9576,23.61,1,0.000136,0,2,1600,,,
2026-06-11T10:12:35.764,0.9576,23.61,2,0.000135,0,2,1600,,,
2026-06-11T10:12:36.260,0.9576,23.62,1,0.000136,0,2,1600,,,
2026-06-11T10:12:36.760,0.9576,23.61,2,0.000135,0,2,1600,,,
2026-06-11T10:12:37.258,0.9577,23.61,1,0.000135,0,2,1600,,,
2026-06-11T10:12:37.757,0.9576,23.61,1,0.000136,0,2,1600,,,
2026-06-11T10:12:38.262,0.9576,23.61,2,0.000135,0,2,1600,,,
2026-06-11T10:12:38.762,0.9576,23.61,1,0.000136,0,2,1600,,,
2026-06-11T10:12:39.260,0.9576,23.61,2,0.000135,0,2,1600,,,
2026-06-11T10:12:39.762,0.9576,23.61,1,0.000135,0,2,1600,,,
2026-06-11T10:12:40.264,0.9576,23.61,1,0.000136,0,2,1600,,,
2026-06-11T10:12:40.763,0.9576,23.61,2,0.000135,0,2,1600,,,
2026-06-11T10:12:41.259,0.9577,23.61,1,0.000136,0,2,1600,,,
2026-06-11T10:12:41.760,0.9576,23.61,1,0.000136,0,2,1600,,,
2026-06-11T10:12:42.258,0.9577,23.61,2,0.000135,0,2,1600,,,
2026-06-11T10:12:42.758,0.9575,23.61,1,0.000136,0,2,1600,,,
2026-06-11T10:12:43.257,0.9576,23.61,2,0.000135,0,2,1600,,,
2026-06-11T10:12:43.763,0.9577,23.61,1,0.000137,0,2,1600,,,
2026-06-11T10:12:44.263,0.9576,23.61,2,0.000135,0,2,1600,,,
2026-06-11T10:12:44.763,0.9576,23.61,1,0.000135,0,2,1600,,,
2026-06-11T10:12:45.250,0.9577,23.61,1,0.000136,0,2,1600,,,
2026-06-11T10:12:45.753,0.9577,23.61,2,0.000136,0,2,1600,,,
2026-06-11T10:12:46.254,0.9576,23.61,1,0.000134,0,2,1600,,,
2026-06-11T10:12:46.753,0.9577,23.61,2,0.000136,0,2,1600,,,
2026-06-11T10:12:47.251,0.9576,23.61,1,0.000136,0,2,1600,,,
2026-06-11T10:12:47.751,0.9576,23.61,1,0.000136,0,2,1600,,,
2026-06-11T10:12:48.254,0.9577,23.61,2,0.000135,0,2,1600,,,
2026-06-11T10:12:48.754,0.9576,23.61,1,0.000136,0,2,1600,,,
2026-06-11T10:12:49.256,0.9576,23.61,2,0.000136,0,2,1600,,,
2026-06-11T10:12:49.760,0.9576,23.61,1,0.000137,0,2,1600,,,
2026-06-11T10:12:50.261,0.9576,23.61,1,0.000134,0,2,1600,,,
2026-06-11T10:12:50.758,0.9576,23.61,2,0.000136,0,2,1600,,,
2026-06-11T10:12:51.260,0.9576,23.61,1,0.000135,0,2,1600,,,
2026-06-11T10:12:51.759,0.9576,23.61,2,0.000136,0,2,1600,,,
2026-06-11T10:12:52.254,0.9575,23.6,1,0.000136,0,2,1600,,,
2026-06-11T10:12:52.755,0.9576,23.61,1,0.000135,0,2,1600,,,
2026-06-11T10:12:53.251,0.9576,23.61,2,0.000136,0,2,1600,,,
2026-06-11T10:12:53.756,0.9576,23.6,1,0.000135,0,2,1600,,,
2026-06-11T10:12:54.259,0.9576,23.61,2,0.000136,0,2,1600,,,
2026-06-11T10:12:54.757,0.9576,23.61,1,0.000136,0,2,1600,,,
2026-06-11T10:12:55.255,0.9576,23.61,1,0.000136,0,2,1600,,,
2026-06-11T10:12:55.753,0.9576,23.61,2,0.000135,0,2,1600,,,
2026-06-11T10:12:56.255,0.9576,23.6,1,0.000135,0,2,1600,,,
2026-06-11T10:12:56.754,0.9577,23.61,2,0.000136,0,2,1600,,,
2026-06-11T10:12:57.254,0.9576,23.61,1,0.000135,0,2,1600,,,
2026-06-11T10:12:57.757,0.9576,23.61,1,0.000135,0,2,1600,,,
2026-06-11T10:12:58.256,0.9577,23.61,2,0.000135,0,2,1600,,,
2026-06-11T10:12:58.757,0.9576,23.61,1,0.000136,0,2,1600,,,
2026-06-11T10:12:59.256,0.9576,23.61,2,0.000136,0,2,1600,,,
2026-06-11T10:12:59.759,0.9577,23.6,1,0.000135,0,2,1600,,,
2026-06-11T10:13:00.258,0.9576,23.61,2,0.000136,0,2,1600,,,
2026-06-11T10:13:00.762,0.9577,23.6,1,0.000136,0,2,1600,,,
2026-06-11T10:13:01.261,0.9576,23.61,1,0.000136,0,2,1600,,,
2026-06-11T10:13:01.762,0.9577,23.61,2,0.000137,0,2,1600,,,
2026-06-11T10:13:02.260,0.9576,23.6,1,0.000136,0,2,1600,,,
2026-06-11T10:13:02.760,0.9577,23.6,2,0.000137,0,2,1600,,,
2026-06-11T10:13:03.262,0.9577,23.6,1,0.000135,0,2,1600,,,
2026-06-11T10:13:03.760,0.9577,23.61,1,0.000134,0,2,1600,,,
2026-06-11T10:13:04.258,0.9576,23.61,2,0.000135,0,2,1600,,,
2026-06-11T10:13:04.751,0.9576,23.6,1,0.000135,0,2,1600,,,
2026-06-11T10:13:05.265,0.9576,23.6,2,0.000135,0,2,1600,,,
2026-06-11T10:13:05.763,0.9576,23.6,1,0.000136,0,2,1600,,,
2026-06-11T10:13:06.261,0.9577,23.61,1,0.000135,0,2,1600,,,
2026-06-11T10:13:06.761,0.9577,23.61,2,0.000136,0,2,1600,,,
2026-06-11T10:13:07.264,0.9577,23.6,1,0.000136,0,2,1600,,,
2026-06-11T10:13:07.761,0.9576,23.61,1,0.000136,0,2,1600,,,
2026-06-11T10:13:08.262,0.9576,23.6,2,0.000135,0,2,1600,,,
2026-06-11T10:13:08.761,0.9576,23.6,1,0.000136,0,2,1600,,,
2026-06-11T10:13:09.260,0.9576,23.6,2,0.000135,0,2,1600,,,
2026-06-11T10:13:09.758,0.9576,23.6,1,0.000136,0,2,1600,,,
2026-06-11T10:13:10.261,0.9576,23.6,2,0.000136,0,2,1600,,,
2026-06-11T10:13:10.764,0.9577,23.61,1,0.000136,0,2,1600,,,
2026-06-11T10:13:11.259,0.9576,23.6,1,0.000137,0,2,1600,,,
2026-06-11T10:13:11.762,0.9577,23.6,2,0.000136,0,2,1600,,,
2026-06-11T10:13:12.261,0.9577,23.61,1,0.000135,0,2,1600,,,
2026-06-11T10:13:12.758,0.9576,23.6,2,0.000135,0,2,1600,,,
2026-06-11T10:13:13.257,0.9577,23.6,1,0.000136,0,2,1600,,,
2026-06-11T10:13:13.757,0.9577,23.61,1,0.000136,0,2,1600,,,
2026-06-11T10:13:14.260,0.9577,23.6,2,0.000137,0,2,1600,,,
2026-06-11T10:13:14.758,0.9576,23.61,1,0.000138,0,2,1600,,,
2026-06-11T10:13:15.256,0.9577,23.6,2,0.000136,0,2,1600,,,
2026-06-11T10:13:15.757,0.9577,23.61,1,0.000136,0,2,1600,,,
2026-06-11T10:13:16.255,0.9577,23.6,1,0.000135,0,2,1600,,,
2026-06-11T10:13:16.756,0.9577,23.6,2,0.000136,0,2,1600,,,
2026-06-11T10:13:17.257,0.9576,23.61,1,0.000135,0,2,1600,,,
2026-06-11T10:13:17.754,0.9577,23.6,2,0.000136,0,2,1600,,,
2026-06-11T10:13:18.253,0.9576,23.6,1,0.000135,0,2,1600,,,
2026-06-11T10:13:18.754,0.9576,23.6,1,0.000137,0,2,1600,,,
2026-06-11T10:13:19.253,0.9577,23.6,2,0.000136,0,2,1600,,,
2026-06-11T10:13:19.753,0.9576,23.6,1,0.000136,0,2,1600,,,
2026-06-11T10:13:20.252,0.9576,23.6,2,0.000137,0,2,1600,,,
2026-06-11T10:13:20.766,0.9576,23.6,1,0.000135,0,2,1600,,,
2026-06-11T10:13:21.251,0.9576,23.6,1,0.000135,0,2,1600,,,
2026-06-11T10:13:21.764,0.9577,23.6,2,0.000135,0,2,1600,,,
2026-06-11T10:13:22.264,0.9576,23.6,1,0.000137,0,2,1600,,,
2026-06-11T10:13:22.760,0.9577,23.6,2,0.000135,0,2,1600,,,
2026-06-11T10:13:23.260,0.9577,23.6,1,0.000137,0,2,1600,,,
2026-06-11T10:13:23.757,0.9577,23.6,1,0.000137,0,2,1600,,,
2026-06-11T10:13:24.259,0.9577,23.6,2,0.000136,0,2,1600,,,
2026-06-11T10:13:24.762,0.9576,23.6,1,0.000135,0,2,1600,,,
2026-06-11T10:13:25.259,0.9577,23.6,2,0.000136,0,2,1600,,,
2026-06-11T10:13:25.760,0.9576,23.6,1,0.000136,0,2,1600,,,
2026-06-11T10:13:26.263,0.9576,23.6,1,0.000136,0,2,1600,,,
2026-06-11T10:13:26.764,0.9576,23.6,2,0.000136,0,2,1600,,,
2026-06-11T10:13:27.264,0.9576,23.6,1,0.000135,0,2,1600,,,
2026-06-11T10:13:27.762,0.9576,23.6,2,0.000136,0,2,1600,,,
2026-06-11T10:13:28.262,0.9576,23.6,1,0.000135,0,2,1600,,,
2026-06-11T10:13:28.765,0.9577,23.6,1,0.000135,0,2,1600,,,
2026-06-11T10:13:29.262,0.9576,23.6,2,0.000136,0,2,1600,,,
2026-06-11T10:13:29.765,0.9576,23.6,1,0.000137,0,2,1600,,,
2026-06-11T10:13:30.254,0.9577,23.6,1,0.000136,0,2,1600,,,
2026-06-11T10:13:30.759,0.9576,23.6,2,0.000135,0,2,1600,,,
2026-06-11T10:13:31.258,0.9577,23.6,1,0.000136,0,2,1600,,,
2026-06-11T10:13:31.760,0.9577,23.6,2,0.000136,0,2,1600,,,
2026-06-11T10:13:32.262,0.9577,23.6,1,0.000135,0,2,1600,,,
2026-06-11T10:13:32.763,0.9577,23.6,1,0.000135,0,2,1600,,,
2026-06-11T10:13:33.265,0.9576,23.6,2,0.000136,0,2,1600,,,
2026-06-11T10:13:33.766,0.9576,23.6,1,0.000136,0,2,1600,,,
2026-06-11T10:13:34.253,0.9577,23.6,2,0.000137,0,2,1600,,,
2026-06-11T10:13:34.751,0.9576,23.6,1,0.000139,1,3,1600,2026-06-11T10:13:34.586642,1600,1
2026-06-11T10:13:35.250,0.9576,23.6,1,0.000139,0,3,1600,,,
2026-06-11T10:13:35.763,0.9575,23.6,2,0.000136,0,3,1600,,,
2026-06-11T10:13:36.265,0.9574,23.6,1,0.000135,0,3,1600,,,
2026-06-11T10:13:36.750,0.9575,23.6,2,0.000136,0,3,1600,,,
2026-06-11T10:13:37.265,0.9575,23.6,1,0.000136,0,3,1600,,,
2026-06-11T10:13:37.760,0.9573,23.6,1,0.000136,0,3,1600,,,
2026-06-11T10:13:38.262,0.9574,23.6,2,0.000137,0,3,1600,,,
2026-06-11T10:13:38.757,0.9574,23.6,1,0.000137,0,3,1600,,,
2026-06-11T10:13:39.255,0.9574,23.6,2,0.000137,0,3,1600,,,
2026-06-11T10:13:39.758,0.9575,23.6,1,0.000136,0,3,1600,,,
2026-06-11T10:13:40.257,0.9574,23.6,1,0.000136,0,3,1600,,,
2026-06-11T10:13:40.756,0.9575,23.6,2,0.000136,0,3,1600,,,
2026-06-11T10:13:41.255,0.9574,23.6,1,0.000136,0,3,1600,,,
2026-06-11T10:13:41.755,0.9575,23.6,2,0.000136,0,3,1600,,,
2026-06-11T10:13:42.253,0.9574,23.6,1,0.000136,0,3,1600,,,
2026-06-11T10:13:42.758,0.9575,23.6,1,0.000137,0,3,1600,,,
2026-06-11T10:13:43.257,0.9575,23.6,2,0.000136,0,3,1600,,,
2026-06-11T10:13:43.755,0.9574,23.6,1,0.000135,0,3,1600,,,
2026-06-11T10:13:44.255,0.9574,23.6,2,0.000136,0,3,1600,,,
2026-06-11T10:13:44.757,0.9575,23.6,1,0.000135,0,3,1600,,,
2026-06-11T10:13:45.255,0.9574,23.6,1,0.000136,0,3,1600,,,
2026-06-11T10:13:45.754,0.9575,23.6,2,0.000136,0,3,1600,,,
2026-06-11T10:13:46.257,0.9575,23.6,1,0.000136,0,3,1600,,,
2026-06-11T10:13:46.756,0.9575,23.6,2,0.000135,0,3,1600,,,
2026-06-11T10:13:47.258,0.9575,23.6,1,0.000136,0,3,1600,,,
2026-06-11T10:13:47.753,0.9575,23.6,1,0.000136,0,3,1600,,,
2026-06-11T10:13:48.254,0.9575,23.6,2,0.000135,0,3,1600,,,
2026-06-11T10:13:48.753,0.9574,23.6,1,0.000136,0,3,1600,,,
2026-06-11T10:13:49.265,0.9575,23.6,2,0.000137,0,3,1600,,,
2026-06-11T10:13:49.766,0.9574,23.6,1,0.000136,0,3,1600,,,
2026-06-11T10:13:50.263,0.9574,23.6,1,0.000137,0,3,1600,,,
2026-06-11T10:13:50.765,0.9574,23.6,2,0.000136,0,3,1600,,,
2026-06-11T10:13:51.264,0.9575,23.6,1,0.000136,0,3,1600,,,
2026-06-11T10:13:51.762,0.9574,23.6,2,0.000137,0,3,1600,,,
2026-06-11T10:13:52.262,0.9574,23.6,1,0.000137,0,3,1600,,,
2026-06-11T10:13:52.764,0.9575,23.6,1,0.000137,0,3,1600,,,
2026-06-11T10:13:53.263,0.9575,23.6,2,0.000138,0,3,1600,,,
2026-06-11T10:13:53.761,0.9574,23.6,1,0.000137,0,3,1600,,,
2026-06-11T10:13:54.262,0.9575,23.6,2,0.000137,0,3,1600,,,
2026-06-11T10:13:54.762,0.9575,23.6,1,0.000136,0,3,1600,,,
2026-06-11T10:13:55.261,0.9574,23.6,1,0.000136,0,3,1600,,,
2026-06-11T10:13:55.759,0.9575,23.6,2,0.000136,0,3,1600,,,
2026-06-11T10:13:56.258,0.9575,23.6,1,0.000136,0,3,1600,,,
2026-06-11T10:13:56.760,0.9575,23.6,2,0.000137,0,3,1600,,,
2026-06-11T10:13:57.260,0.9575,23.6,1,0.000137,0,3,1600,,,
2026-06-11T10:13:57.763,0.9574,23.6,1,0.000137,0,3,1600,,,
2026-06-11T10:13:58.262,0.9575,23.6,2,0.000135,0,3,1600,,,
2026-06-11T10:13:58.758,0.9574,23.6,1,0.000136,0,3,1600,,,
2026-06-11T10:13:59.259,0.9575,23.6,2,0.000136,0,3,1600,,,
2026-06-11T10:13:59.761,0.9575,23.6,1,0.000136,0,3,1600,,,
2026-06-11T10:14:00.264,0.9575,23.6,1,0.000138,0,3,1600,,,
2026-06-11T10:14:00.758,0.9574,23.6,2,0.000136,0,3,1600,,,
2026-06-11T10:14:01.260,0.9575,23.6,1,0.000137,0,3,1600,,,
2026-06-11T10:14:01.759,0.9575,23.6,2,0.000135,0,3,1600,,,
2026-06-11T10:14:02.259,0.9574,23.6,1,0.000136,0,3,1600,,,
2026-06-11T10:14:02.758,0.9574,23.6,1,0.000136,0,3,1600,,,
2026-06-11T10:14:03.256,0.9575,23.6,2,0.000136,0,3,1600,,,
2026-06-11T10:14:03.755,0.9574,23.6,1,0.000136,0,3,1600,,,
2026-06-11T10:14:04.255,0.9575,23.6,2,0.000137,0,3,1600,,,
2026-06-11T10:14:04.756,0.9575,23.6,1,0.000137,0,3,1600,,,
2026-06-11T10:14:05.256,0.9575,23.6,1,0.000137,0,3,1600,,,
2026-06-11T10:14:05.757,0.9575,23.6,2,0.000136,0,3,1600,,,
2026-06-11T10:14:06.256,0.9574,23.6,1,0.000135,0,3,1600,,,
2026-06-11T10:14:06.758,0.9574,23.6,2,0.000137,0,3,1600,,,
2026-06-11T10:14:07.256,0.9574,23.6,1,0.000135,0,3,1600,,,
2026-06-11T10:14:07.755,0.9575,23.6,1,0.000137,0,3,1600,,,
2026-06-11T10:14:08.250,0.9574,23.6,2,0.000136,0,3,1600,,,
2026-06-11T10:14:08.763,0.9574,23.6,1,0.000137,0,3,1600,,,
2026-06-11T10:14:09.257,0.9575,23.6,2,0.000137,0,3,1600,,,
2026-06-11T10:14:09.756,0.9574,23.6,1,0.000135,0,3,1600,,,
2026-06-11T10:14:10.251,0.9575,23.6,1,0.000136,0,3,1600,,,
2026-06-11T10:14:10.755,0.9575,23.6,2,0.000136,0,3,1600,,,
2026-06-11T10:14:11.255,0.9574,23.6,1,0.000137,0,3,1600,,,
2026-06-11T10:14:11.753,0.9575,23.6,1,0.000134,0,3,1600,,,
2026-06-11T10:14:12.257,0.9575,23.6,2,0.000135,0,3,1600,,,
2026-06-11T10:14:12.760,0.9574,23.6,1,0.000136,0,3,1600,,,
2026-06-11T10:14:13.260,0.9575,23.6,2,0.000137,0,3,1600,,,
2026-06-11T10:14:13.759,0.9575,23.6,1,0.000136,0,3,1600,,,
2026-06-11T10:14:14.257,0.9575,23.6,1,0.000136,0,3,1600,,,
2026-06-11T10:14:14.756,0.9575,23.6,2,0.000136,0,3,1600,,,
2026-06-11T10:14:15.255,0.9575,23.6,1,0.000135,0,3,1600,,,
2026-06-11T10:14:15.755,0.9575,23.6,2,0.000135,0,3,1600,,,
2026-06-11T10:14:16.252,0.9574,23.6,1,0.000136,0,3,1600,,,
2026-06-11T10:14:16.764,0.9575,23.6,2,0.000136,0,3,1600,,,
2026-06-11T10:14:17.263,0.9574,23.6,1,0.000136,0,3,1600,,,
2026-06-11T10:14:17.765,0.9574,23.6,1,0.000136,0,3,1600,,,
2026-06-11T10:14:18.256,0.9574,23.6,2,0.000136,0,3,1600,,,
2026-06-11T10:14:18.757,0.9575,23.6,1,0.000136,0,3,1600,,,
2026-06-11T10:14:19.262,0.9575,23.6,1,0.000135,0,3,1600,,,
2026-06-11T10:14:19.765,0.9575,23.6,2,0.000136,0,3,1600,,,
2026-06-11T10:14:20.253,0.9573,23.6,1,0.000136,0,3,1600,,,
2026-06-11T10:14:20.753,0.9575,23.6,2,0.000135,0,3,1600,,,
2026-06-11T10:14:21.250,0.9574,23.6,1,0.000136,0,3,1600,,,
2026-06-11T10:14:21.754,0.9575,23.6,1,0.000136,0,3,1600,,,
2026-06-11T10:14:22.253,0.9574,23.6,2,0.000136,0,3,1600,,,
2026-06-11T10:14:22.751,0.9575,23.6,1,0.000136,0,3,1600,,,
2026-06-11T10:14:23.252,0.9575,23.6,2,0.000136,0,3,1600,,,
2026-06-11T10:14:23.755,0.9574,23.6,1,0.000136,0,3,1600,,,
2026-06-11T10:14:24.261,0.9575,23.6,1,0.000137,0,3,1600,,,
2026-06-11T10:14:24.763,0.9574,23.6,2,0.000137,0,3,1600,,,
2026-06-11T10:14:25.263,0.9575,23.6,1,0.000136,0,3,1600,,,
2026-06-11T10:14:25.762,0.9575,23.6,2,0.000135,0,3,1600,,,
2026-06-11T10:14:26.252,0.9575,23.6,1,0.000137,0,3,1600,,,
2026-06-11T10:14:26.765,0.9575,23.6,1,0.000136,0,3,1600,,,
2026-06-11T10:14:27.251,0.9576,23.6,2,0.000136,0,3,1600,,,
2026-06-11T10:14:27.753,0.9575,23.6,1,0.000136,0,3,1600,,,
2026-06-11T10:14:28.252,0.9575,23.6,2,0.000135,0,3,1600,,,
2026-06-11T10:14:28.753,0.9574,23.6,1,0.000137,0,3,1600,,,
2026-06-11T10:14:29.254,0.9575,23.6,1,0.000137,0,3,1600,,,
2026-06-11T10:14:29.754,0.9575,23.6,2,0.000135,0,3,1600,,,
2026-06-11T10:14:30.253,0.9575,23.6,1,0.000137,0,3,1600,,,
2026-06-11T10:14:30.764,0.9575,23.6,2,0.000136,0,3,1600,,,
2026-06-11T10:14:31.250,0.9575,23.6,1,0.000136,0,3,1600,,,
2026-06-11T10:14:31.750,0.9574,23.6,1,0.000135,0,3,1600,,,
2026-06-11T10:14:32.266,0.9576,23.6,2,0.000136,0,3,1600,,,
2026-06-11T10:14:32.752,0.9575,23.6,1,0.000136,0,3,1600,,,
2026-06-11T10:14:33.252,0.9575,23.6,2,0.000136,0,3,1600,,,
2026-06-11T10:14:33.765,0.9575,23.6,1,0.000137,0,3,1600,,,
2026-06-11T10:14:34.251,0.9574,23.6,1,0.000136,0,3,1600,,,
2026-06-11T10:14:34.750,0.9575,23.6,2,0.000136,0,3,1600,,,
2026-06-11T10:14:35.265,0.9576,23.6,1,0.000136,0,3,1600,,,
2026-06-11T10:14:35.764,0.9575,23.6,2,0.000136,0,3,1600,,,
2026-06-11T10:14:36.265,0.9575,23.6,1,0.000136,0,3,1600,,,
2026-06-11T10:14:36.751,0.9575,23.6,1,0.000137,0,3,1600,,,
2026-06-11T10:14:37.251,0.9575,23.6,2,0.000136,0,3,1600,,,
2026-06-11T10:14:37.767,0.9575,23.6,1,0.000136,0,3,1600,,,
2026-06-11T10:14:38.254,0.9575,23.6,2,0.000137,0,3,1600,,,
2026-06-11T10:14:38.752,0.9574,23.6,1,0.000136,0,3,1600,,,
2026-06-11T10:14:39.251,0.9575,23.6,1,0.000137,0,3,1600,,,
2026-06-11T10:14:39.764,0.9575,23.6,2,0.000136,0,3,1600,,,
2026-06-11T10:14:40.264,0.9575,23.6,1,0.000136,0,3,1600,,,
2026-06-11T10:14:40.764,0.9575,23.6,2,0.000136,0,3,1600,,,
2026-06-11T10:14:41.262,0.9574,23.6,1,0.000137,0,3,1600,,,
2026-06-11T10:14:41.759,0.9575,23.6,1,0.000135,0,3,1600,,,
2026-06-11T10:14:42.260,0.9576,23.6,2,0.000136,0,3,1600,,,
2026-06-11T10:14:42.758,0.9574,23.6,1,0.000136,0,3,1600,,,
2026-06-11T10:14:43.255,0.9575,23.6,2,0.000135,0,3,1600,,,
2026-06-11T10:14:43.754,0.9574,23.6,1,0.000137,0,3,1600,,,
2026-06-11T10:14:44.254,0.9576,23.6,1,0.000137,0,3,1600,,,
2026-06-11T10:14:44.756,0.9575,23.6,2,0.000137,0,3,1600,,,
2026-06-11T10:14:45.255,0.9575,23.6,1,0.000136,0,3,1600,,,
2026-06-11T10:14:45.750,0.9575,23.6,2,0.000137,0,3,1600,,,
2026-06-11T10:14:46.264,0.9575,23.6,1,0.000137,0,3,1600,,,
2026-06-11T10:14:46.762,0.9575,23.6,2,0.000134,0,3,1600,,,
2026-06-11T10:14:47.260,0.9575,23.6,1,0.000137,0,3,1600,,,
2026-06-11T10:14:47.758,0.9574,23.6,1,0.000136,0,3,1600,,,
2026-06-11T10:14:48.257,0.9575,23.6,2,0.000136,0,3,1600,,,
2026-06-11T10:14:48.755,0.9575,23.6,1,0.000136,0,3,1600,,,
2026-06-11T10:14:49.254,0.9576,23.6,2,0.000136,0,3,1600,,,
2026-06-11T10:14:49.751,0.9575,23.6,1,0.000135,0,3,1600,,,
2026-06-11T10:14:50.262,0.9575,23.6,1,0.000137,0,3,1600,,,
2026-06-11T10:14:50.761,0.9575,23.6,2,0.000135,0,3,1600,,,
2026-06-11T10:14:51.259,0.9576,23.6,1,0.000136,0,3,1600,,,
2026-06-11T10:14:51.757,0.9575,23.6,2,0.000135,0,3,1600,,,
2026-06-11T10:14:52.254,0.9575,23.6,1,0.000137,0,3,1600,,,
2026-06-11T10:14:52.751,0.9575,23.6,1,0.000137,0,3,1600,,,
2026-06-11T10:14:53.264,0.9576,23.6,2,0.000137,0,3,1600,,,
2026-06-11T10:14:53.764,0.9575,23.6,1,0.000135,0,3,1600,,,
2026-06-11T10:14:54.260,0.9575,23.6,2,0.000136,0,3,1600,,,
2026-06-11T10:14:54.760,0.9575,23.6,1,0.000136,0,3,1600,,,
2026-06-11T10:14:55.255,0.9575,23.6,1,0.000136,0,3,1600,,,
2026-06-11T10:14:55.755,0.9575,23.6,2,0.000137,0,3,1600,,,
2026-06-11T10:14:56.253,0.9575,23.6,1,0.000135,0,3,1600,,,
2026-06-11T10:14:56.751,0.9575,23.6,2,0.000136,0,3,1600,,,
2026-06-11T10:14:57.264,0.9575,23.6,1,0.000135,0,3,1600,,,
2026-06-11T10:14:57.758,0.9575,23.6,1,0.000135,0,3,1600,,,
2026-06-11T10:14:58.252,0.9575,23.6,2,0.000137,0,3,1600,,,
2026-06-11T10:14:58.750,0.9575,23.6,1,0.000137,0,3,1600,,,
2026-06-11T10:14:59.263,0.9575,23.6,2,0.000137,0,3,1600,,,
2026-06-11T10:14:59.758,0.9575,23.6,1,0.000136,0,3,1600,,,
2026-06-11T10:15:00.258,0.9575,23.6,1,0.000135,0,3,1600,,,
2026-06-11T10:15:00.755,0.9575,23.6,2,0.000136,0,3,1600,,,
2026-06-11T10:15:01.254,0.9575,23.6,1,0.000135,0,3,1600,,,
2026-06-11T10:15:01.750,0.9576,23.6,2,0.000136,0,3,1600,,,
2026-06-11T10:15:02.264,0.9576,23.6,1,0.000135,0,3,1600,,,
2026-06-11T10:15:02.752,0.9576,23.6,1,0.000135,0,3,1600,,,
2026-06-11T10:15:03.264,0.9576,23.6,2,0.000135,0,3,1600,,,
2026-06-11T10:15:03.762,0.9575,23.6,1,0.000137,0,3,1600,,,
2026-06-11T10:15:04.258,0.9576,23.6,2,0.000135,0,3,1600,,,
2026-06-11T10:15:04.758,0.9576,23.6,1,0.000138,0,3,1600,,,
2026-06-11T10:15:05.258,0.9576,23.6,1,0.000137,0,3,1600,,,
2026-06-11T10:15:05.758,0.9575,23.6,2,0.000137,0,3,1600,,,
2026-06-11T10:15:06.260,0.9576,23.6,1,0.000136,0,3,1600,,,
2026-06-11T10:15:06.760,0.9576,23.6,2,0.000136,0,3,1600,,,
2026-06-11T10:15:07.259,0.9576,23.6,1,0.000137,0,3,1600,,,
2026-06-11T10:15:07.755,0.9575,23.6,1,0.000135,0,3,1600,,,
2026-06-11T10:15:08.256,0.9576,23.6,2,0.000137,0,3,1600,,,
2026-06-11T10:15:08.755,0.9576,23.6,1,0.000136,0,3,1600,,,
2026-06-11T10:15:09.256,0.9576,23.6,2,0.000135,0,3,1600,,,
2026-06-11T10:15:09.757,0.9575,23.6,1,0.000135,0,3,1600,,,
2026-06-11T10:15:10.258,0.9576,23.6,1,0.000137,0,3,1600,,,
2026-06-11T10:15:10.759,0.9575,23.6,2,0.000137,0,3,1600,,,
2026-06-11T10:15:11.261,0.9576,23.6,1,0.000136,0,3,1600,,,
2026-06-11T10:15:11.762,0.9576,23.6,2,0.000137,0,3,1600,,,
2026-06-11T10:15:12.259,0.9575,23.6,1,0.000136,0,3,1600,,,
2026-06-11T10:15:12.760,0.9575,23.6,1,0.000136,0,3,1600,,,
2026-06-11T10:15:13.258,0.9575,23.6,2,0.000136,0,3,1600,,,
2026-06-11T10:15:13.758,0.9575,23.6,1,0.000134,0,3,1600,,,
2026-06-11T10:15:14.257,0.9576,23.6,2,0.000136,0,3,1600,,,
2026-06-11T10:15:14.756,0.9575,23.6,1,0.000136,0,3,1600,,,
2026-06-11T10:15:15.251,0.9576,23.6,2,0.000136,0,3,1600,,,
2026-06-11T10:15:15.763,0.9575,23.6,1,0.000136,0,3,1600,,,
2026-06-11T10:15:16.263,0.9576,23.6,1,0.000136,0,3,1600,,,
2026-06-11T10:15:16.764,0.9576,23.6,2,0.000137,0,3,1600,,,
2026-06-11T10:15:17.262,0.9576,23.6,1,0.000136,0,3,1600,,,
2026-06-11T10:15:17.761,0.9576,23.6,2,0.000137,0,3,1600,,,
2026-06-11T10:15:18.257,0.9576,23.6,1,0.000137,0,3,1600,,,
2026-06-11T10:15:18.755,0.9575,23.6,1,0.000136,0,3,1600,,,
2026-06-11T10:15:19.253,0.9576,23.6,2,0.000135,0,3,1600,,,
2026-06-11T10:15:19.762,0.9576,23.6,1,0.000136,0,3,1600,,,
2026-06-11T10:15:20.262,0.9576,23.6,2,0.000137,0,3,1600,,,
2026-06-11T10:15:20.758,0.9575,23.6,1,0.000136,0,3,1600,,,
2026-06-11T10:15:21.260,0.9575,23.6,1,0.000137,0,3,1600,,,
2026-06-11T10:15:21.759,0.9576,23.6,2,0.000135,0,3,1600,,,
2026-06-11T10:15:22.258,0.9576,23.6,1,0.000136,0,3,1600,,,
2026-06-11T10:15:22.754,0.9576,23.6,2,0.000136,0,3,1600,,,
2026-06-11T10:15:23.253,0.9575,23.6,1,0.000136,0,3,1600,,,
2026-06-11T10:15:23.751,0.9576,23.6,1,0.000135,0,3,1600,,,
2026-06-11T10:15:24.264,0.9576,23.6,2,0.000135,0,3,1600,,,
2026-06-11T10:15:24.761,0.9576,23.6,1,0.000135,0,3,1600,,,
2026-06-11T10:15:25.260,0.9575,23.6,2,0.000137,0,3,1600,,,
2026-06-11T10:15:25.756,0.9576,23.6,1,0.000136,0,3,1600,,,
2026-06-11T10:15:26.250,0.9576,23.6,1,0.000134,0,3,1600,,,
2026-06-11T10:15:26.762,0.9576,23.6,2,0.000135,0,3,1600,,,
2026-06-11T10:15:27.259,0.9576,23.6,1,0.000135,0,3,1600,,,
2026-06-11T10:15:27.755,0.9576,23.6,2,0.000135,0,3,1600,,,
2026-06-11T10:15:28.253,0.9576,23.6,1,0.000136,0,3,1600,,,
2026-06-11T10:15:28.752,0.9576,23.6,2,0.000136,0,3,1600,,,
2026-06-11T10:15:29.261,0.9577,23.6,1,0.000136,0,3,1600,,,
2026-06-11T10:15:29.759,0.9576,23.6,1,0.000136,0,3,1600,,,
2026-06-11T10:15:30.260,0.9576,23.6,2,0.000136,0,3,1600,,,
2026-06-11T10:15:30.756,0.9576,23.6,1,0.000135,0,3,1600,,,
2026-06-11T10:15:31.255,0.9575,23.6,1,0.000136,0,3,1600,,,
2026-06-11T10:15:31.753,0.9576,23.6,2,0.000135,0,3,1600,,,
2026-06-11T10:15:32.264,0.9576,23.6,1,0.000136,0,3,1600,,,
2026-06-11T10:15:32.762,0.9576,23.6,2,0.000136,0,3,1600,,,
2026-06-11T10:15:33.260,0.9575,23.6,1,0.000136,0,3,1600,,,
2026-06-11T10:15:33.758,0.9576,23.6,2,0.000137,0,3,1600,,,
2026-06-11T10:15:34.252,0.9576,23.6,1,0.000134,0,3,1600,,,
2026-06-11T10:15:34.751,0.9575,23.6,1,0.000136,0,3,1600,,,
2026-06-11T10:15:35.261,0.9575,23.6,2,0.000135,0,3,1600,,,
2026-06-11T10:15:35.758,0.9576,23.6,1,0.000135,0,3,1600,,,
2026-06-11T10:15:36.259,0.9576,23.6,2,0.000137,0,3,1600,,,
2026-06-11T10:15:36.755,0.9576,23.6,1,0.000136,0,3,1600,,,
2026-06-11T10:15:37.253,0.9576,23.6,1,0.000135,0,3,1600,,,
2026-06-11T10:15:37.766,0.9576,23.6,2,0.000136,0,3,1600,,,
2026-06-11T10:15:38.260,0.9576,23.6,1,0.000136,0,3,1600,,,
2026-06-11T10:15:38.759,0.9576,23.6,2,0.000136,0,3,1600,,,
2026-06-11T10:15:39.254,0.9576,23.6,1,0.000135,0,3,1600,,,
2026-06-11T10:15:39.765,0.9576,23.6,1,0.000135,0,3,1600,,,
2026-06-11T10:15:40.262,0.9577,23.6,2,0.000136,0,3,1600,,,
2026-06-11T10:15:40.757,0.9576,23.6,1,0.000136,0,3,1600,,,
2026-06-11T10:15:41.260,0.9576,23.6,2,0.000137,0,3,1600,,,
2026-06-11T10:15:41.755,0.9576,23.6,1,0.000136,0,3,1600,,,
2026-06-11T10:15:42.253,0.9576,23.6,1,0.000135,0,3,1600,,,
2026-06-11T10:15:42.753,0.9576,23.6,2,0.000137,0,3,1600,,,
2026-06-11T10:15:43.251,0.9577,23.6,1,0.000136,0,3,1600,,,
2026-06-11T10:15:43.751,0.9576,23.6,2,0.000137,0,3,1600,,,
2026-06-11T10:15:44.251,0.9576,23.6,1,0.000137,0,3,1600,,,
2026-06-11T10:15:44.753,0.9576,23.6,1,0.000136,0,3,1600,,,
2026-06-11T10:15:45.252,0.9577,23.6,2,0.000136,0,3,1600,,,
2026-06-11T10:15:45.762,0.9576,23.6,1,0.000136,0,3,1600,,,
2026-06-11T10:15:46.262,0.9577,23.6,2,0.000137,0,3,1600,,,
2026-06-11T10:15:46.758,0.9576,23.6,1,0.000137,0,3,1600,,,
2026-06-11T10:15:47.256,0.9576,23.6,1,0.000136,0,3,1600,,,
2026-06-11T10:15:47.753,0.9577,23.6,2,0.000136,0,3,1600,,,
2026-06-11T10:15:48.254,0.9576,23.6,1,0.000135,0,3,1600,,,
2026-06-11T10:15:48.752,0.9576,23.6,2,0.000138,0,3,1600,,,
2026-06-11T10:15:49.253,0.9576,23.6,1,0.000136,0,3,1600,,,
2026-06-11T10:15:49.765,0.9577,23.6,1,0.000137,0,3,1600,,,
2026-06-11T10:15:50.261,0.9576,23.6,2,0.000136,0,3,1600,,,
2026-06-11T10:15:50.759,0.9576,23.6,1,0.000137,0,3,1600,,,
2026-06-11T10:15:51.259,0.9577,23.6,2,0.000137,0,3,1600,,,
2026-06-11T10:15:51.760,0.9577,23.6,1,0.000136,0,3,1600,,,
2026-06-11T10:15:52.259,0.9576,23.6,1,0.000135,0,3,1600,,,
2026-06-11T10:15:52.757,0.9577,23.6,2,0.000137,0,3,1600,,,
2026-06-11T10:15:53.256,0.9576,23.6,1,0.000135,0,3,1600,,,
2026-06-11T10:15:53.752,0.9577,23.6,2,0.000136,0,3,1600,,,
2026-06-11T10:15:54.253,0.9576,23.6,1,0.000135,0,3,1600,,,
2026-06-11T10:15:54.750,0.9576,23.6,1,0.000135,0,3,1600,,,
2026-06-11T10:15:55.265,0.9577,23.6,2,0.000135,0,3,1600,,,
2026-06-11T10:15:55.763,0.9576,23.6,1,0.000136,0,3,1600,,,
2026-06-11T10:15:56.263,0.9577,23.6,2,0.000136,0,3,1600,,,
2026-06-11T10:15:56.763,0.9576,23.6,1,0.000137,0,3,1600,,,
2026-06-11T10:15:57.263,0.9577,23.6,1,0.000136,0,3,1600,,,
2026-06-11T10:15:57.759,0.9576,23.6,2,0.000137,0,3,1600,,,
2026-06-11T10:15:58.259,0.9576,23.6,1,0.000136,0,3,1600,,,
2026-06-11T10:15:58.761,0.9577,23.6,2,0.000136,0,3,1600,,,
2026-06-11T10:15:59.258,0.9576,23.6,1,0.000136,0,3,1600,,,
2026-06-11T10:15:59.758,0.9577,23.6,1,0.000137,0,3,1600,,,
2026-06-11T10:16:00.256,0.9577,23.6,2,0.000136,0,3,1600,,,
2026-06-11T10:16:00.757,0.9577,23.6,1,0.000137,0,3,1600,,,
2026-06-11T10:16:01.253,0.9576,23.6,2,0.000136,0,3,1600,,,
2026-06-11T10:16:01.753,0.9577,23.6,1,0.000137,0,3,1600,,,
2026-06-11T10:16:02.253,0.9577,23.6,1,0.000137,0,3,1600,,,
2026-06-11T10:16:02.753,0.9577,23.6,2,0.000136,0,3,1600,,,
2026-06-11T10:16:03.252,0.9577,23.6,1,0.000136,0,3,1600,,,
2026-06-11T10:16:03.751,0.9577,23.6,2,0.000137,0,3,1600,,,
2026-06-11T10:16:04.251,0.9577,23.6,1,0.000135,0,3,1600,,,
2026-06-11T10:16:04.765,0.9577,23.61,1,0.000135,0,3,1600,,,
2026-06-11T10:16:05.251,0.9577,23.6,2,0.000135,0,3,1600,,,
2026-06-11T10:16:05.765,0.9577,23.6,1,0.000136,0,3,1600,,,
2026-06-11T10:16:06.265,0.9577,23.6,2,0.000137,0,3,1600,,,
2026-06-11T10:16:06.763,0.9577,23.6,1,0.000137,0,3,1600,,,
2026-06-11T10:16:07.260,0.9577,23.6,1,0.000137,0,3,1600,,,
2026-06-11T10:16:07.761,0.9577,23.6,2,0.000136,0,3,1600,,,
2026-06-11T10:16:08.261,0.9577,23.6,1,0.000136,0,3,1600,,,
2026-06-11T10:16:08.757,0.9577,23.61,2,0.000137,0,3,1600,,,
2026-06-11T10:16:09.258,0.9577,23.6,1,0.000138,0,3,1600,,,
2026-06-11T10:16:09.758,0.9576,23.6,1,0.000136,0,3,1600,,,
2026-06-11T10:16:10.254,0.9577,23.6,2,0.000136,0,3,1600,,,
2026-06-11T10:16:10.758,0.9577,23.6,1,0.000135,0,3,1600,,,
2026-06-11T10:16:11.255,0.9576,23.6,2,0.000136,0,3,1600,,,
2026-06-11T10:16:11.756,0.9576,23.6,1,0.000136,0,3,1600,,,
2026-06-11T10:16:12.257,0.9576,23.6,1,0.000137,0,3,1600,,,
2026-06-11T10:16:12.753,0.9577,23.61,2,0.000136,0,3,1600,,,
2026-06-11T10:16:13.254,0.9577,23.6,1,0.000136,0,3,1600,,,
2026-06-11T10:16:13.755,0.9577,23.6,2,0.000136,0,3,1600,,,
2026-06-11T10:16:14.256,0.9577,23.6,1,0.000136,0,3,1600,,,
2026-06-11T10:16:14.755,0.9576,23.6,1,0.000136,0,3,1600,,,
2026-06-11T10:16:15.255,0.9577,23.61,2,0.000135,0,3,1600,,,
2026-06-11T10:16:15.754,0.9578,23.61,1,0.000136,0,3,1600,,,
2026-06-11T10:16:16.254,0.9577,23.61,2,0.000136,0,3,1600,,,
2026-06-11T10:16:16.756,0.9577,23.61,1,0.000136,0,3,1600,,,
2026-06-11T10:16:17.251,0.9576,23.61,1,0.000136,0,3,1600,,,
2026-06-11T10:16:17.755,0.9577,23.61,2,0.000136,0,3,1600,,,
2026-06-11T10:16:18.254,0.9577,23.6,1,0.000136,0,3,1600,,,
2026-06-11T10:16:18.757,0.9577,23.6,2,0.000137,0,3,1600,,,
2026-06-11T10:16:19.254,0.9577,23.6,1,0.000138,0,3,1600,,,
2026-06-11T10:16:19.758,0.9577,23.6,1,0.000137,0,3,1600,,,
2026-06-11T10:16:20.255,0.9577,23.6,2,0.000137,0,3,1600,,,
2026-06-11T10:16:20.754,0.9577,23.61,1,0.000135,0,3,1600,,,
2026-06-11T10:16:21.252,0.9577,23.61,2,0.000137,0,3,1600,,,
2026-06-11T10:16:21.765,0.9577,23.61,1,0.000137,0,3,1600,,,
2026-06-11T10:16:22.264,0.9577,23.61,1,0.000136,0,3,1600,,,
2026-06-11T10:16:22.763,0.9577,23.61,2,0.000135,0,3,1600,,,
2026-06-11T10:16:23.260,0.9577,23.61,1,0.000136,0,3,1600,,,
2026-06-11T10:16:23.763,0.9577,23.61,2,0.000136,0,3,1600,,,
2026-06-11T10:16:24.262,0.9577,23.61,1,0.000136,0,3,1600,,,
2026-06-11T10:16:24.752,0.9577,23.61,1,0.000137,0,3,1600,,,
2026-06-11T10:16:25.264,0.9577,23.61,2,0.000137,0,3,1600,,,
2026-06-11T10:16:25.751,0.9577,23.61,1,0.000136,0,3,1600,,,
2026-06-11T10:16:26.263,0.9577,23.61,2,0.000136,0,3,1600,,,
2026-06-11T10:16:26.761,0.9577,23.61,1,0.000135,0,3,1600,,,
2026-06-11T10:16:27.264,0.9577,23.61,2,0.000136,0,3,1600,,,
2026-06-11T10:16:27.758,0.9577,23.6,1,0.000136,0,3,1600,,,
2026-06-11T10:16:28.256,0.9577,23.61,1,0.000135,0,3,1600,,,
2026-06-11T10:16:28.758,0.9577,23.61,2,0.000136,0,3,1600,,,
2026-06-11T10:16:29.256,0.9577,23.61,1,0.000137,0,3,1600,,,
2026-06-11T10:16:29.760,0.9577,23.61,2,0.000136,0,3,1600,,,
2026-06-11T10:16:30.259,0.9577,23.61,1,0.000137,0,3,1600,,,
2026-06-11T10:16:30.757,0.9577,23.61,1,0.000137,0,3,1600,,,
2026-06-11T10:16:31.255,0.9577,23.61,2,0.000137,0,3,1600,,,
2026-06-11T10:16:31.755,0.9577,23.61,1,0.000138,0,3,1600,,,
2026-06-11T10:16:32.254,0.9577,23.61,1,0.000135,0,3,1600,,,
2026-06-11T10:16:32.753,0.9576,23.61,2,0.000137,0,3,1600,,,
2026-06-11T10:16:33.252,0.9577,23.61,1,0.000136,0,3,1600,,,
2026-06-11T10:16:33.765,0.9577,23.61,2,0.000136,0,3,1600,,,
2026-06-11T10:16:34.265,0.9578,23.61,1,0.000136,0,3,1600,,,
2026-06-11T10:16:34.763,0.9577,23.61,1,0.000137,0,3,1600,,,
2026-06-11T10:16:35.261,0.9577,23.61,2,0.000136,0,3,1600,,,
2026-06-11T10:16:35.765,0.9576,23.61,1,0.000137,0,3,1600,,,
2026-06-11T10:16:36.250,0.9577,23.61,2,0.000137,0,3,1600,,,
2026-06-11T10:16:36.751,0.9577,23.61,1,0.000135,0,3,1600,,,
2026-06-11T10:16:37.263,0.9576,23.61,2,0.000136,0,3,1600,,,
2026-06-11T10:16:37.761,0.9577,23.61,1,0.000137,0,3,1600,,,
2026-06-11T10:16:38.261,0.9577,23.61,1,0.000136,0,3,1600,,,
2026-06-11T10:16:38.755,0.9577,23.61,2,0.000137,0,3,1600,,,
2026-06-11T10:16:39.255,0.9578,23.61,1,0.000137,0,3,1600,,,
2026-06-11T10:16:39.754,0.9577,23.61,1,0.000136,0,3,1600,,,
2026-06-11T10:16:40.257,0.9577,23.61,2,0.000136,0,3,1600,,,
2026-06-11T10:16:40.757,0.9577,23.61,1,0.000136,0,3,1600,,,
2026-06-11T10:16:41.258,0.9577,23.61,2,0.000137,0,3,1600,,,
2026-06-11T10:16:41.751,0.9578,23.61,1,0.000137,0,3,1600,,,
2026-06-11T10:16:42.251,0.9577,23.61,2,0.000136,0,3,1600,,,
2026-06-11T10:16:42.764,0.9577,23.61,1,0.000136,0,3,1600,,,
2026-06-11T10:16:43.264,0.9577,23.61,1,0.000136,0,3,1600,,,
2026-06-11T10:16:43.763,0.9577,23.61,2,0.000137,0,3,1600,,,
2026-06-11T10:16:44.261,0.9577,23.61,1,0.000136,0,3,1600,,,
2026-06-11T10:16:44.759,0.9577,23.61,2,0.000136,0,3,1600,,,
2026-06-11T10:16:45.258,0.9577,23.61,1,0.000136,0,3,1600,,,
2026-06-11T10:16:45.756,0.9577,23.61,1,0.000136,0,3,1600,,,
2026-06-11T10:16:46.253,0.9577,23.61,2,0.000136,0,3,1600,,,
2026-06-11T10:16:46.753,0.9577,23.61,1,0.000136,0,3,1600,,,
2026-06-11T10:16:47.253,0.9577,23.61,1,0.000136,0,3,1600,,,
2026-06-11T10:16:47.752,0.9577,23.61,2,0.000137,0,3,1600,,,
2026-06-11T10:16:48.265,0.9577,23.61,1,0.000137,0,3,1600,,,
2026-06-11T10:16:48.750,0.9577,23.61,2,0.000137,0,3,1600,,,
2026-06-11T10:16:49.251,0.9577,23.61,1,0.000136,0,3,1600,,,
2026-06-11T10:16:49.754,0.9577,23.61,1,0.000136,0,3,1600,,,
2026-06-11T10:16:50.254,0.9577,23.61,2,0.000136,0,3,1600,,,
2026-06-11T10:16:50.755,0.9578,23.61,1,0.000136,0,3,1600,,,
2026-06-11T10:16:51.256,0.9577,23.61,2,0.000136,0,3,1600,,,
2026-06-11T10:16:51.754,0.9577,23.61,1,0.000136,0,3,1600,,,
2026-06-11T10:16:52.254,0.9577,23.61,2,0.000137,0,3,1600,,,
2026-06-11T10:16:52.756,0.9578,23.61,1,0.000136,0,3,1600,,,
2026-06-11T10:16:53.259,0.9577,23.61,1,0.000136,0,3,1600,,,
2026-06-11T10:16:53.762,0.9578,23.61,2,0.000136,0,3,1600,,,
2026-06-11T10:16:54.264,0.9578,23.61,1,0.000136,0,3,1600,,,
2026-06-11T10:16:54.764,0.9578,23.61,1,0.000136,0,3,1600,,,
2026-06-11T10:16:55.263,0.9577,23.61,2,0.000136,0,3,1600,,,
2026-06-11T10:16:55.763,0.9577,23.61,1,0.000135,0,3,1600,,,
2026-06-11T10:16:56.251,0.9577,23.61,2,0.000135,0,3,1600,,,
2026-06-11T10:16:56.752,0.9577,23.61,1,0.000136,0,3,1600,,,
2026-06-11T10:16:57.253,0.9577,23.61,1,0.000136,0,3,1600,,,
2026-06-11T10:16:57.764,0.9577,23.61,2,0.000136,0,3,1600,,,
2026-06-11T10:16:58.263,0.9578,23.61,1,0.000136,0,3,1600,,,
2026-06-11T10:16:58.762,0.9577,23.61,2,0.000137,0,3,1600,,,
2026-06-11T10:16:59.261,0.9577,23.61,1,0.000137,0,3,1600,,,
2026-06-11T10:16:59.760,0.9577,23.61,1,0.000136,0,3,1600,,,
2026-06-11T10:17:00.259,0.9577,23.61,2,0.000136,0,3,1600,,,
2026-06-11T10:17:00.760,0.9577,23.61,1,0.000136,0,3,1600,,,
2026-06-11T10:17:01.257,0.9577,23.61,2,0.000135,0,3,1600,,,
2026-06-11T10:17:01.759,0.9577,23.61,1,0.000135,0,3,1600,,,
2026-06-11T10:17:02.262,0.9577,23.61,2,0.000136,0,3,1600,,,
2026-06-11T10:17:02.763,0.9577,23.61,1,0.000136,0,3,1600,,,
2026-06-11T10:17:03.263,0.9578,23.61,1,0.000136,0,3,1600,,,
2026-06-11T10:17:03.751,0.9578,23.61,2,0.000136,0,3,1600,,,
2026-06-11T10:17:04.253,0.9578,23.61,1,0.000137,0,3,1600,,,
2026-06-11T10:17:04.752,0.9577,23.61,1,0.000137,0,3,1600,,,
2026-06-11T10:17:05.251,0.9577,23.61,2,0.000136,0,3,1600,,,
2026-06-11T10:17:05.752,0.9577,23.61,1,0.000137,0,3,1600,,,
2026-06-11T10:17:06.253,0.9577,23.61,2,0.000136,0,3,1600,,,
2026-06-11T10:17:06.754,0.9577,23.61,1,0.000135,0,3,1600,,,
2026-06-11T10:17:07.256,0.9578,23.61,1,0.000136,0,3,1600,,,
2026-06-11T10:17:07.754,0.9577,23.61,2,0.000137,0,3,1600,,,
2026-06-11T10:17:08.251,0.9578,23.61,1,0.000136,0,3,1600,,,
2026-06-11T10:17:08.761,0.9577,23.61,2,0.000136,0,3,1600,,,
2026-06-11T10:17:09.261,0.9577,23.61,1,0.000136,0,3,1600,,,
2026-06-11T10:17:09.756,0.9577,23.61,1,0.000136,0,3,1600,,,
2026-06-11T10:17:10.266,0.9578,23.61,2,0.000136,0,3,1600,,,
2026-06-11T10:17:10.761,0.9578,23.61,1,0.000135,0,3,1600,,,
2026-06-11T10:17:11.255,0.9577,23.61,2,0.000135,0,3,1600,,,
2026-06-11T10:17:11.752,0.9578,23.61,1,0.000137,0,3,1600,,,
2026-06-11T10:17:12.262,0.9578,23.61,1,0.000137,0,3,1600,,,
2026-06-11T10:17:12.759,0.9578,23.61,2,0.000135,0,3,1600,,,
2026-06-11T10:17:13.257,0.9577,23.61,1,0.000136,0,3,1600,,,
2026-06-11T10:17:13.754,0.9577,23.61,2,0.000136,0,3,1600,,,
2026-06-11T10:17:14.250,0.9577,23.62,1,0.000136,0,3,1600,,,
2026-06-11T10:17:14.761,0.9577,23.61,1,0.000137,0,3,1600,,,
2026-06-11T10:17:15.259,0.9577,23.61,2,0.000135,0,3,1600,,,
2026-06-11T10:17:15.755,0.9577,23.61,1,0.000137,0,3,1600,,,
2026-06-11T10:17:16.251,0.9577,23.61,2,0.000136,0,3,1600,,,
2026-06-11T10:17:16.752,0.9578,23.61,1,0.000137,0,3,1600,,,
2026-06-11T10:17:17.250,0.9577,23.61,1,0.00014,1,4,1600,2026-06-11T10:17:16.796264,1600,1
2026-06-11T10:17:17.761,0.9575,23.62,2,0.000137,0,4,1600,,,
2026-06-11T10:17:18.260,0.9575,23.61,1,0.000137,0,4,1600,,,
2026-06-11T10:17:18.756,0.9575,23.61,2,0.000136,0,4,1600,,,
2026-06-11T10:17:19.252,0.9575,23.61,1,0.000136,0,4,1600,,,
2026-06-11T10:17:19.752,0.9575,23.61,2,0.000135,0,4,1600,,,
2026-06-11T10:17:20.265,0.9575,23.61,1,0.000137,0,4,1600,,,
2026-06-11T10:17:20.764,0.9574,23.61,1,0.000136,0,4,1600,,,
2026-06-11T10:17:21.262,0.9575,23.61,2,0.000136,0,4,1600,,,
2026-06-11T10:17:21.759,0.9575,23.61,1,0.000136,0,4,1600,,,
2026-06-11T10:17:22.255,0.9576,23.62,2,0.000136,0,4,1600,,,
2026-06-11T10:17:22.756,0.9575,23.61,1,0.000137,0,4,1600,,,
2026-06-11T10:17:23.255,0.9576,23.61,1,0.000135,0,4,1600,,,
2026-06-11T10:17:23.754,0.9576,23.62,2,0.000137,0,4,1600,,,
2026-06-11T10:17:24.250,0.9575,23.62,1,0.000137,0,4,1600,,,
2026-06-11T10:17:24.765,0.9575,23.61,2,0.000136,0,4,1600,,,
2026-06-11T10:17:25.260,0.9576,23.62,1,0.000136,0,4,1600,,,
2026-06-11T10:17:25.756,0.9575,23.61,1,0.000137,0,4,1600,,,
2026-06-11T10:17:26.252,0.9575,23.62,2,0.000138,0,4,1600,,,
2026-06-11T10:17:26.751,0.9576,23.61,1,0.000136,0,4,1600,,,
2026-06-11T10:17:27.263,0.9575,23.61,2,0.000136,0,4,1600,,,
2026-06-11T10:17:27.764,0.9576,23.61,1,0.000135,0,4,1600,,,
2026-06-11T10:17:28.263,0.9576,23.61,2,0.000138,0,4,1600,,,
2026-06-11T10:17:28.750,0.9576,23.61,1,0.000136,0,4,1600,,,
2026-06-11T10:17:29.264,0.9576,23.61,1,0.000136,0,4,1600,,,
2026-06-11T10:17:29.763,0.9576,23.61,2,0.000136,0,4,1600,,,
2026-06-11T10:17:30.261,0.9576,23.61,1,0.000136,0,4,1600,,,
2026-06-11T10:17:30.759,0.9576,23.61,1,0.000136,0,4,1600,,,
2026-06-11T10:17:31.254,0.9576,23.61,2,0.000137,0,4,1600,,,
2026-06-11T10:17:31.764,0.9576,23.61,1,0.000135,0,4,1600,,,
2026-06-11T10:17:32.260,0.9575,23.61,2,0.000135,0,4,1600,,,
2026-06-11T10:17:32.757,0.9575,23.62,1,0.000137,0,4,1600,,,
2026-06-11T10:17:33.253,0.9575,23.62,1,0.000136,0,4,1600,,,
2026-06-11T10:17:33.765,0.9576,23.62,2,0.000136,0,4,1600,,,
2026-06-11T10:17:34.265,0.9575,23.61,1,0.000136,0,4,1600,,,
2026-06-11T10:17:34.759,0.9576,23.62,2,0.000136,0,4,1600,,,
2026-06-11T10:17:35.256,0.9575,23.61,1,0.000137,0,4,1600,,,
2026-06-11T10:17:35.755,0.9576,23.62,2,0.000136,0,4,1600,,,
2026-06-11T10:17:36.265,0.9575,23.61,1,0.000136,0,4,1600,,,
2026-06-11T10:17:36.764,0.9575,23.62,1,0.000136,0,4,1600,,,
2026-06-11T10:17:37.259,0.9575,23.62,2,0.000135,0,4,1600,,,
2026-06-11T10:17:37.757,0.9576,23.62,1,0.000137,0,4,1600,,,
2026-06-11T10:17:38.254,0.9576,23.62,2,0.000136,0,4,1600,,,
2026-06-11T10:17:38.755,0.9576,23.62,1,0.000136,0,4,1600,,,
2026-06-11T10:17:39.250,0.9575,23.62,1,0.000137,0,4,1600,,,
2026-06-11T10:17:39.764,0.9576,23.61,2,0.000136,0,4,1600,,,
2026-06-11T10:17:40.265,0.9575,23.62,1,0.000136,0,4,1600,,,
2026-06-11T10:17:40.762,0.9576,23.62,2,0.000137,0,4,1600,,,
2026-06-11T10:17:41.264,0.9576,23.62,1,0.000137,0,4,1600,,,
2026-06-11T10:17:41.763,0.9575,23.61,1,0.000137,0,4,1600,,,
2026-06-11T10:17:42.258,0.9576,23.62,2,0.000136,0,4,1600,,,
2026-06-11T10:17:42.755,0.9576,23.62,1,0.000137,0,4,1600,,,
2026-06-11T10:17:43.254,0.9576,23.62,2,0.000137,0,4,1600,,,
2026-06-11T10:17:43.752,0.9575,23.62,1,0.000137,0,4,1600,,,
2026-06-11T10:17:44.264,0.9575,23.62,1,0.000136,0,4,1600,,,
2026-06-11T10:17:44.764,0.9576,23.62,2,0.000136,0,4,1600,,,
2026-06-11T10:17:45.260,0.9576,23.62,1,0.000136,0,4,1600,,,
2026-06-11T10:17:45.757,0.9576,23.62,2,0.000137,0,4,1600,,,
2026-06-11T10:17:46.252,0.9575,23.61,1,0.000136,0,4,1600,,,
2026-06-11T10:17:46.764,0.9577,23.62,1,0.000137,0,4,1600,,,
2026-06-11T10:17:47.262,0.9576,23.62,2,0.000136,0,4,1600,,,
2026-06-11T10:17:47.760,0.9576,23.62,1,0.000137,0,4,1600,,,
2026-06-11T10:17:48.260,0.9576,23.62,2,0.000137,0,4,1600,,,
2026-06-11T10:17:48.758,0.9575,23.62,1,0.000136,0,4,1600,,,
2026-06-11T10:17:49.257,0.9576,23.62,1,0.000136,0,4,1600,,,
2026-06-11T10:17:49.757,0.9576,23.62,2,0.000137,0,4,1600,,,
2026-06-11T10:17:50.258,0.9576,23.62,1,0.000136,0,4,1600,,,
2026-06-11T10:17:50.758,0.9576,23.61,2,0.000137,0,4,1600,,,
2026-06-11T10:17:51.256,0.9575,23.62,1,0.000137,0,4,1600,,,
2026-06-11T10:17:51.758,0.9576,23.62,1,0.000137,0,4,1600,,,
2026-06-11T10:17:52.257,0.9576,23.62,2,0.000137,0,4,1600,,,
2026-06-11T10:17:52.757,0.9576,23.62,1,0.000137,0,4,1600,,,
2026-06-11T10:17:53.256,0.9576,23.62,2,0.000136,0,4,1600,,,
2026-06-11T10:17:53.756,0.9576,23.62,1,0.000135,0,4,1600,,,
2026-06-11T10:17:54.257,0.9575,23.61,1,0.000137,0,4,1600,,,
2026-06-11T10:17:54.759,0.9576,23.62,2,0.000136,0,4,1600,,,
2026-06-11T10:17:55.257,0.9576,23.62,1,0.000137,0,4,1600,,,
2026-06-11T10:17:55.757,0.9575,23.62,1,0.000137,0,4,1600,,,
2026-06-11T10:17:56.257,0.9576,23.62,2,0.000136,0,4,1600,,,
2026-06-11T10:17:56.755,0.9575,23.62,1,0.000136,0,4,1600,,,
2026-06-11T10:17:57.255,0.9576,23.62,2,0.000137,0,4,1600,,,
2026-06-11T10:17:57.752,0.9575,23.62,1,0.000136,0,4,1600,,,
2026-06-11T10:17:58.252,0.9576,23.62,1,0.000136,0,4,1600,,,
2026-06-11T10:17:58.751,0.9576,23.62,2,0.000136,0,4,1600,,,
2026-06-11T10:17:59.250,0.9576,23.62,1,0.000137,0,4,1600,,,
2026-06-11T10:17:59.764,0.9576,23.62,2,0.000136,0,4,1600,,,
2026-06-11T10:18:00.261,0.9575,23.62,1,0.000137,0,4,1600,,,
2026-06-11T10:18:00.758,0.9575,23.62,2,0.000136,0,4,1600,,,
2026-06-11T10:18:01.257,0.9576,23.62,1,0.000137,0,4,1600,,,
2026-06-11T10:18:01.753,0.9575,23.62,1,0.000136,0,4,1600,,,
2026-06-11T10:18:02.261,0.9576,23.62,2,0.000136,0,4,1600,,,
2026-06-11T10:18:02.759,0.9576,23.62,1,0.000137,0,4,1600,,,
2026-06-11T10:18:03.255,0.9576,23.62,2,0.000136,0,4,1600,,,
2026-06-11T10:18:03.758,0.9576,23.62,1,0.000137,0,4,1600,,,
2026-06-11T10:18:04.253,0.9576,23.62,1,0.000136,0,4,1600,,,
2026-06-11T10:18:04.752,0.9576,23.62,2,0.000137,0,4,1600,,,
2026-06-11T10:18:05.254,0.9576,23.62,1,0.000137,0,4,1600,,,
2026-06-11T10:18:05.756,0.9576,23.62,2,0.000136,0,4,1600,,,
2026-06-11T10:18:06.254,0.9576,23.62,1,0.000137,0,4,1600,,,
2026-06-11T10:18:06.755,0.9576,23.62,1,0.000136,0,4,1600,,,
2026-06-11T10:18:07.255,0.9576,23.62,2,0.000137,0,4,1600,,,
2026-06-11T10:18:07.755,0.9576,23.62,1,0.000135,0,4,1600,,,
2026-06-11T10:18:08.257,0.9576,23.62,2,0.000137,0,4,1600,,,
2026-06-11T10:18:08.760,0.9576,23.62,1,0.000136,0,4,1600,,,
2026-06-11T10:18:09.261,0.9575,23.62,1,0.000136,0,4,1600,,,
2026-06-11T10:18:09.763,0.9576,23.62,2,0.000137,0,4,1600,,,
2026-06-11T10:18:10.264,0.9576,23.62,1,0.000136,0,4,1600,,,
2026-06-11T10:18:10.762,0.9575,23.62,1,0.000137,0,4,1600,,,
2026-06-11T10:18:11.261,0.9576,23.62,2,0.000137,0,4,1600,,,
2026-06-11T10:18:11.759,0.9575,23.62,1,0.000137,0,4,1600,,,
2026-06-11T10:18:12.259,0.9576,23.62,2,0.000136,0,4,1600,,,
2026-06-11T10:18:12.760,0.9575,23.62,1,0.000136,0,4,1600,,,
2026-06-11T10:18:13.258,0.9577,23.62,2,0.000136,0,4,1600,,,
2026-06-11T10:18:13.755,0.9576,23.62,1,0.000137,0,4,1600,,,
2026-06-11T10:18:14.254,0.9575,23.62,1,0.000135,0,4,1600,,,
2026-06-11T10:18:14.754,0.9576,23.62,2,0.000136,0,4,1600,,,
2026-06-11T10:18:15.255,0.9576,23.62,1,0.000137,0,4,1600,,,
2026-06-11T10:18:15.754,0.9576,23.62,2,0.000136,0,4,1600,,,
2026-06-11T10:18:16.253,0.9576,23.62,1,0.000137,0,4,1600,,,
2026-06-11T10:18:16.754,0.9576,23.62,1,0.000136,0,4,1600,,,
2026-06-11T10:18:17.262,0.9576,23.62,2,0.000136,0,4,1600,,,
2026-06-11T10:18:17.759,0.9576,23.62,1,0.000137,0,4,1600,,,
2026-06-11T10:18:18.259,0.9576,23.62,1,0.000137,0,4,1600,,,
2026-06-11T10:18:18.756,0.9576,23.62,2,0.000137,0,4,1600,,,
2026-06-11T10:18:19.260,0.9576,23.62,1,0.000136,0,4,1600,,,
2026-06-11T10:18:19.761,0.9577,23.62,2,0.000137,0,4,1600,,,
2026-06-11T10:18:20.265,0.9575,23.62,1,0.000137,0,4,1600,,,
2026-06-11T10:18:20.765,0.9576,23.62,2,0.000137,0,4,1600,,,
2026-06-11T10:18:21.253,0.9576,23.62,1,0.000136,0,4,1600,,,
2026-06-11T10:18:21.756,0.9576,23.62,1,0.000136,0,4,1600,,,
2026-06-11T10:18:22.256,0.9577,23.62,2,0.000136,0,4,1600,,,
2026-06-11T10:18:22.752,0.9576,23.62,1,0.000136,0,4,1600,,,
2026-06-11T10:18:23.264,0.9576,23.62,1,0.000135,0,4,1600,,,
2026-06-11T10:18:23.751,0.9577,23.62,2,0.000137,0,4,1600,,,
2026-06-11T10:18:24.251,0.9576,23.62,1,0.000137,0,4,1600,,,
2026-06-11T10:18:24.751,0.9576,23.62,2,0.000137,0,4,1600,,,
2026-06-11T10:18:25.253,0.9577,23.62,1,0.000136,0,4,1600,,,
2026-06-11T10:18:25.751,0.9576,23.62,1,0.000137,0,4,1600,,,
2026-06-11T10:18:26.264,0.9576,23.62,2,0.000136,0,4,1600,,,
2026-06-11T10:18:26.752,0.9576,23.62,1,0.000136,0,4,1600,,,
2026-06-11T10:18:27.252,0.9576,23.62,2,0.000136,0,4,1600,,,
2026-06-11T10:18:27.754,0.9575,23.62,1,0.000137,0,4,1600,,,
2026-06-11T10:18:28.251,0.9576,23.62,2,0.000137,0,4,1600,,,
2026-06-11T10:18:28.751,0.9576,23.62,1,0.000137,0,4,1600,,,
2026-06-11T10:18:29.266,0.9575,23.62,1,0.000137,0,4,1600,,,
2026-06-11T10:18:29.750,0.9576,23.62,2,0.000136,0,4,1600,,,
2026-06-11T10:18:30.250,0.9575,23.62,1,0.000136,0,4,1600,,,
2026-06-11T10:18:30.765,0.9576,23.62,2,0.000137,0,4,1600,,,
2026-06-11T10:18:31.262,0.9576,23.62,1,0.000135,0,4,1600,,,
2026-06-11T10:18:31.759,0.9577,23.62,1,0.000136,0,4,1600,,,
2026-06-11T10:18:32.260,0.9577,23.62,2,0.000137,0,4,1600,,,
2026-06-11T10:18:32.761,0.9576,23.62,1,0.000137,0,4,1600,,,
2026-06-11T10:18:33.258,0.9577,23.62,2,0.000137,0,4,1600,,,
2026-06-11T10:18:33.760,0.9576,23.62,1,0.000137,0,4,1600,,,
2026-06-11T10:18:34.263,0.9576,23.62,1,0.000136,0,4,1600,,,
2026-06-11T10:18:34.762,0.9577,23.62,2,0.000137,0,4,1600,,,
2026-06-11T10:18:35.263,0.9576,23.62,1,0.000136,0,4,1600,,,
2026-06-11T10:18:35.760,0.9577,23.62,2,0.000137,0,4,1600,,,
2026-06-11T10:18:36.259,0.9576,23.62,1,0.000138,0,4,1600,,,
2026-06-11T10:18:36.757,0.9576,23.62,1,0.000137,0,4,1600,,,
2026-06-11T10:18:37.260,0.9577,23.62,2,0.000137,0,4,1600,,,
2026-06-11T10:18:37.762,0.9576,23.62,1,0.000135,0,4,1600,,,
2026-06-11T10:18:38.262,0.9576,23.62,2,0.000136,0,4,1600,,,
2026-06-11T10:18:38.759,0.9576,23.62,1,0.000136,0,4,1600,,,
2026-06-11T10:18:39.256,0.9576,23.62,1,0.000136,0,4,1600,,,
2026-06-11T10:18:39.754,0.9576,23.62,2,0.000136,0,4,1600,,,
2026-06-11T10:18:40.254,0.9577,23.62,1,0.000137,0,4,1600,,,
2026-06-11T10:18:40.754,0.9576,23.62,2,0.000137,0,4,1600,,,
2026-06-11T10:18:41.255,0.9576,23.62,1,0.000137,0,4,1600,,,
2026-06-11T10:18:41.754,0.9577,23.62,1,0.000136,0,4,1600,,,
2026-06-11T10:18:42.253,0.9577,23.62,2,0.000137,0,4,1600,,,
2026-06-11T10:18:42.751,0.9577,23.62,1,0.000136,0,4,1600,,,
2026-06-11T10:18:43.251,0.9576,23.62,2,0.000137,0,4,1600,,,
2026-06-11T10:18:43.753,0.9576,23.62,1,0.000135,0,4,1600,,,
2026-06-11T10:18:44.250,0.9577,23.62,1,0.000137,0,4,1600,,,
2026-06-11T10:18:44.762,0.9577,23.62,2,0.000136,0,4,1600,,,
2026-06-11T10:18:45.264,0.9577,23.62,1,0.000137,0,4,1600,,,
2026-06-11T10:18:45.762,0.9577,23.62,2,0.000136,0,4,1600,,,
2026-06-11T10:18:46.259,0.9576,23.62,1,0.000137,0,4,1600,,,
2026-06-11T10:18:46.755,0.9577,23.62,1,0.000136,0,4,1600,,,
2026-06-11T10:18:47.255,0.9576,23.62,2,0.000137,0,4,1600,,,
2026-06-11T10:18:47.753,0.9576,23.62,1,0.000136,0,4,1600,,,
2026-06-11T10:18:48.252,0.9577,23.62,2,0.000137,0,4,1600,,,
2026-06-11T10:18:48.752,0.9577,23.62,1,0.000136,0,4,1600,,,
2026-06-11T10:18:49.252,0.9576,23.62,1,0.000137,0,4,1600,,,
2026-06-11T10:18:49.750,0.9577,23.62,2,0.000136,0,4,1600,,,
2026-06-11T10:18:50.256,0.9576,23.62,1,0.000135,0,4,1600,,,
2026-06-11T10:18:50.757,0.9577,23.62,2,0.000136,0,4,1600,,,
2026-06-11T10:18:51.255,0.9576,23.62,1,0.000137,0,4,1600,,,
2026-06-11T10:18:51.755,0.9577,23.62,1,0.000137,0,4,1600,,,
2026-06-11T10:18:52.253,0.9577,23.62,2,0.000136,0,4,1600,,,
2026-06-11T10:18:52.754,0.9577,23.62,1,0.000137,0,4,1600,,,
2026-06-11T10:18:53.253,0.9577,23.62,2,0.000136,0,4,1600,,,
2026-06-11T10:18:53.754,0.9576,23.62,1,0.000136,0,4,1600,,,
2026-06-11T10:18:54.251,0.9577,23.62,1,0.000136,0,4,1600,,,
2026-06-11T10:18:54.765,0.9576,23.62,2,0.000137,0,4,1600,,,
2026-06-11T10:18:55.265,0.9576,23.63,1,0.000136,0,4,1600,,,
2026-06-11T10:18:55.763,0.9576,23.62,2,0.000136,0,4,1600,,,
2026-06-11T10:18:56.264,0.9577,23.63,1,0.000137,0,4,1600,,,
2026-06-11T10:18:56.764,0.9576,23.62,1,0.000137,0,4,1600,,,
2026-06-11T10:18:57.265,0.9577,23.62,2,0.000138,0,4,1600,,,
2026-06-11T10:18:57.763,0.9577,23.63,1,0.000136,0,4,1600,,,
2026-06-11T10:18:58.262,0.9576,23.62,2,0.000137,0,4,1600,,,
2026-06-11T10:18:58.761,0.9576,23.63,1,0.000136,0,4,1600,,,
2026-06-11T10:18:59.258,0.9576,23.63,1,0.000136,0,4,1600,,,
2026-06-11T10:18:59.758,0.9577,23.63,2,0.000136,0,4,1600,,,
2026-06-11T10:19:00.257,0.9576,23.63,1,0.000137,0,4,1600,,,
2026-06-11T10:19:00.758,0.9577,23.62,2,0.000136,0,4,1600,,,
2026-06-11T10:19:01.255,0.9576,23.62,1,0.000137,0,4,1600,,,
2026-06-11T10:19:01.754,0.9576,23.62,1,0.000136,0,4,1600,,,
2026-06-11T10:19:02.253,0.9577,23.62,2,0.000138,0,4,1600,,,
2026-06-11T10:19:02.753,0.9577,23.63,1,0.000135,0,4,1600,,,
2026-06-11T10:19:03.251,0.9577,23.63,2,0.000137,0,4,1600,,,
2026-06-11T10:19:03.765,0.9576,23.62,1,0.000135,0,4,1600,,,
2026-06-11T10:19:04.250,0.9577,23.63,2,0.000136,0,4,1600,,,
2026-06-11T10:19:04.752,0.9576,23.63,1,0.000137,0,4,1600,,,
2026-06-11T10:19:05.252,0.9576,23.63,1,0.000137,0,4,1600,,,
2026-06-11T10:19:05.758,0.9577,23.62,2,0.000137,0,4,1600,,,
2026-06-11T10:19:06.262,0.9577,23.63,1,0.000138,0,4,1600,,,
2026-06-11T10:19:06.764,0.9576,23.63,2,0.000137,0,4,1600,,,
2026-06-11T10:19:07.252,0.9577,23.63,1,0.000135,0,4,1600,,,
2026-06-11T10:19:07.757,0.9576,23.63,1,0.000136,0,4,1600,,,
2026-06-11T10:19:08.261,0.9577,23.63,2,0.000137,0,4,1600,,,
2026-06-11T10:19:08.764,0.9577,23.63,1,0.000137,0,4,1600,,,
2026-06-11T10:19:09.265,0.9577,23.63,2,0.000135,0,4,1600,,,
2026-06-11T10:19:09.763,0.9577,23.62,1,0.000136,0,4,1600,,,
2026-06-11T10:19:10.263,0.9577,23.63,1,0.000136,0,4,1600,,,
2026-06-11T10:19:10.763,0.9577,23.62,2,0.000137,0,4,1600,,,
2026-06-11T10:19:11.266,0.9576,23.63,1,0.000137,0,4,1600,,,
2026-06-11T10:19:11.751,0.9577,23.63,2,0.000137,0,4,1600,,,
2026-06-11T10:19:12.253,0.9576,23.63,1,0.000136,0,4,1600,,,
2026-06-11T10:19:12.751,0.9577,23.63,1,0.000137,0,4,1600,,,
2026-06-11T10:19:13.262,0.9577,23.63,2,0.000136,0,4,1600,,,
2026-06-11T10:19:13.765,0.9577,23.63,1,0.000136,0,4,1600,,,
2026-06-11T10:19:14.252,0.9577,23.63,1,0.000137,0,4,1600,,,
2026-06-11T10:19:14.751,0.9577,23.63,2,0.000136,0,4,1600,,,
2026-06-11T10:19:15.252,0.9576,23.63,1,0.000136,0,4,1600,,,
2026-06-11T10:19:15.751,0.9577,23.63,2,0.000137,0,4,1600,,,
2026-06-11T10:19:16.252,0.9576,23.63,1,0.000137,0,4,1600,,,
2026-06-11T10:19:16.751,0.9575,23.63,1,0.000137,0,4,1600,,,
2026-06-11T10:19:17.252,0.9577,23.63,2,0.000137,0,4,1600,,,
2026-06-11T10:19:17.753,0.9577,23.63,1,0.000135,0,4,1600,,,
2026-06-11T10:19:18.253,0.9576,23.63,2,0.000137,0,4,1600,,,
2026-06-11T10:19:18.752,0.9577,23.63,1,0.000135,0,4,1600,,,
2026-06-11T10:19:19.252,0.9576,23.63,1,0.000136,0,4,1600,,,
2026-06-11T10:19:19.753,0.9577,23.63,2,0.000136,0,4,1600,,,
2026-06-11T10:19:20.251,0.9576,23.63,1,0.000136,0,4,1600,,,
2026-06-11T10:19:20.753,0.9577,23.63,2,0.000136,0,4,1600,,,
2026-06-11T10:19:21.266,0.9576,23.63,1,0.000137,0,4,1600,,,
2026-06-11T10:19:21.751,0.9577,23.63,1,0.000138,0,4,1600,,,
2026-06-11T10:19:22.251,0.9576,23.63,2,0.000136,0,4,1600,,,
2026-06-11T10:19:22.765,0.9577,23.63,1,0.000138,0,4,1600,,,
2026-06-11T10:19:23.252,0.9576,23.63,2,0.000137,0,4,1600,,,
2026-06-11T10:19:23.759,0.9576,23.63,1,0.000138,0,4,1600,,,
2026-06-11T10:19:24.259,0.9576,23.63,1,0.000136,0,4,1600,,,
2026-06-11T10:19:24.762,0.9577,23.63,2,0.000137,0,4,1600,,,
2026-06-11T10:19:25.259,0.9577,23.63,1,0.000136,0,4,1600,,,
2026-06-11T10:19:25.758,0.9577,23.63,2,0.000136,0,4,1600,,,
2026-06-11T10:19:26.256,0.9577,23.63,1,0.000136,0,4,1600,,,
2026-06-11T10:19:26.760,0.9577,23.63,1,0.000137,0,4,1600,,,
2026-06-11T10:19:27.264,0.9577,23.63,2,0.000137,0,4,1600,,,
2026-06-11T10:19:27.755,0.9577,23.63,1,0.000138,0,4,1600,,,
2026-06-11T10:19:28.259,0.9577,23.63,2,0.000137,0,4,1600,,,
2026-06-11T10:19:28.756,0.9577,23.63,1,0.000136,0,4,1600,,,
2026-06-11T10:19:29.257,0.9576,23.63,1,0.000137,0,4,1600,,,
2026-06-11T10:19:29.756,0.9577,23.63,2,0.000136,0,4,1600,,,
2026-06-11T10:19:30.255,0.9576,23.63,1,0.000137,0,4,1600,,,
2026-06-11T10:19:30.752,0.9576,23.63,1,0.000136,0,4,1600,,,
2026-06-11T10:19:31.252,0.9577,23.63,2,0.000137,0,4,1600,,,
2026-06-11T10:19:31.755,0.9577,23.63,1,0.000137,0,4,1600,,,
2026-06-11T10:19:32.252,0.9577,23.63,2,0.000138,0,4,1600,,,
2026-06-11T10:19:32.757,0.9577,23.63,1,0.000137,0,4,1600,,,
2026-06-11T10:19:33.259,0.9576,23.63,1,0.000136,0,4,1600,,,
2026-06-11T10:19:33.759,0.9577,23.63,2,0.000137,0,4,1600,,,
2026-06-11T10:19:34.257,0.9577,23.63,1,0.000137,0,4,1600,,,
2026-06-11T10:19:34.761,0.9577,23.63,2,0.000136,0,4,1600,,,
2026-06-11T10:19:35.264,0.9577,23.64,1,0.000137,0,4,1600,,,
2026-06-11T10:19:35.759,0.9577,23.63,2,0.000137,0,4,1600,,,
2026-06-11T10:19:36.254,0.9577,23.63,1,0.000136,0,4,1600,,,
2026-06-11T10:19:36.751,0.9577,23.63,1,0.000137,0,4,1600,,,
2026-06-11T10:19:37.256,0.9577,23.63,2,0.000136,0,4,1600,,,
2026-06-11T10:19:37.754,0.9577,23.63,1,0.000137,0,4,1600,,,
2026-06-11T10:19:38.252,0.9577,23.63,1,0.000137,0,4,1600,,,
2026-06-11T10:19:38.756,0.9577,23.63,2,0.000137,0,4,1600,,,
2026-06-11T10:19:39.250,0.9577,23.64,1,0.000137,0,4,1600,,,
2026-06-11T10:19:39.752,0.9577,23.63,2,0.000136,0,4,1600,,,
2026-06-11T10:19:40.253,0.9576,23.63,1,0.000136,0,4,1600,,,
2026-06-11T10:19:40.752,0.9577,23.63,2,0.000136,0,4,1600,,,
2026-06-11T10:19:41.265,0.9577,23.63,1,0.000137,0,4,1600,,,
2026-06-11T10:19:41.765,0.9577,23.63,1,0.000136,0,4,1600,,,
2026-06-11T10:19:42.254,0.9577,23.63,2,0.000136,0,4,1600,,,
2026-06-11T10:19:42.752,0.9577,23.63,1,0.000136,0,4,1600,,,
2026-06-11T10:19:43.265,0.9577,23.64,2,0.000136,0,4,1600,,,
2026-06-11T10:19:43.764,0.9576,23.63,1,0.000137,0,4,1600,,,
2026-06-11T10:19:44.257,0.9577,23.63,1,0.000136,0,4,1600,,,
2026-06-11T10:19:44.756,0.9577,23.63,2,0.000137,0,4,1600,,,
2026-06-11T10:19:45.254,0.9577,23.63,1,0.000137,0,4,1600,,,
2026-06-11T10:19:45.751,0.9577,23.63,1,0.000136,0,4,1600,,,
2026-06-11T10:19:46.264,0.9577,23.64,2,0.000137,0,4,1600,,,
2026-06-11T10:19:46.758,0.9577,23.63,1,0.000136,0,4,1600,,,
2026-06-11T10:19:47.255,0.9577,23.63,2,0.000137,0,4,1600,,,
2026-06-11T10:19:47.750,0.9577,23.64,1,0.000137,0,4,1600,,,
2026-06-11T10:19:48.262,0.9577,23.63,1,0.000136,0,4,1600,,,
2026-06-11T10:19:48.759,0.9577,23.64,2,0.000138,0,4,1600,,,
2026-06-11T10:19:49.254,0.9576,23.64,1,0.000136,0,4,1600,,,
2026-06-11T10:19:49.751,0.9577,23.63,2,0.000136,0,4,1600,,,
2026-06-11T10:19:50.262,0.9577,23.63,1,0.000137,0,4,1600,,,
2026-06-11T10:19:50.759,0.9578,23.63,1,0.000137,0,4,1600,,,
2026-06-11T10:19:51.257,0.9577,23.63,2,0.000138,0,4,1600,,,
2026-06-11T10:19:51.752,0.9577,23.64,1,0.000137,0,4,1600,,,
2026-06-11T10:19:52.252,0.9577,23.63,2,0.000138,0,4,1600,,,
2026-06-11T10:19:52.752,0.9577,23.64,1,0.000137,0,4,1600,,,
2026-06-11T10:19:53.251,0.9577,23.64,1,0.000136,0,4,1600,,,
2026-06-11T10:19:53.766,0.9578,23.64,2,0.000137,0,4,1600,,,
2026-06-11T10:19:54.263,0.9577,23.63,1,0.000136,0,4,1600,,,
2026-06-11T10:19:54.761,0.9577,23.63,2,0.000136,0,4,1600,,,
2026-06-11T10:19:55.260,0.9578,23.64,1,0.000136,0,4,1600,,,
2026-06-11T10:19:55.762,0.9577,23.64,1,0.000138,0,4,1600,,,
2026-06-11T10:19:56.261,0.9577,23.64,2,0.000137,0,4,1600,,,
2026-06-11T10:19:56.762,0.9577,23.64,1,0.000137,0,4,1600,,,
2026-06-11T10:19:57.260,0.9577,23.63,2,0.000137,0,4,1600,,,
2026-06-11T10:19:57.761,0.9577,23.64,1,0.000136,0,4,1600,,,
2026-06-11T10:19:58.265,0.9577,23.64,1,0.000135,0,4,1600,,,
2026-06-11T10:19:58.761,0.9577,23.63,2,0.000136,0,4,1600,,,
2026-06-11T10:19:59.259,0.9577,23.64,1,0.000136,0,4,1600,,,
2026-06-11T10:19:59.752,0.9577,23.64,1,0.000135,0,4,1600,,,
2026-06-11T10:20:00.266,0.9578,23.64,2,0.000137,0,4,1600,,,
2026-06-11T10:20:00.752,0.9576,23.64,1,0.000136,0,4,1600,,,
2026-06-11T10:20:01.253,0.9577,23.64,2,0.000136,0,4,1600,,,
2026-06-11T10:20:01.750,0.9577,23.64,1,0.000137,0,4,1600,,,
2026-06-11T10:20:02.263,0.9576,23.64,2,0.000137,0,4,1600,,,
2026-06-11T10:20:02.764,0.9577,23.64,1,0.000136,0,4,1600,,,
2026-06-11T10:20:03.266,0.9577,23.64,1,0.000136,0,4,1600,,,
2026-06-11T10:20:03.750,0.9577,23.64,2,0.000137,0,4,1600,,,
2026-06-11T10:20:04.262,0.9577,23.64,1,0.000136,0,4,1600,,,
2026-06-11T10:20:04.761,0.9577,23.64,2,0.000137,0,4,1600,,,
2026-06-11T10:20:05.256,0.9577,23.64,1,0.000137,0,4,1600,,,
2026-06-11T10:20:05.756,0.9577,23.64,1,0.000136,0,4,1600,,,
2026-06-11T10:20:06.257,0.9577,23.64,2,0.000136,0,4,1600,,,
2026-06-11T10:20:06.754,0.9576,23.64,1,0.000137,0,4,1600,,,
2026-06-11T10:20:07.254,0.9577,23.64,2,0.000137,0,4,1600,,,
2026-06-11T10:20:07.759,0.9577,23.64,1,0.000136,0,4,1600,,,
2026-06-11T10:20:08.261,0.9577,23.64,1,0.000137,0,4,1600,,,
2026-06-11T10:20:08.762,0.9577,23.64,2,0.000137,0,4,1600,,,
2026-06-11T10:20:09.260,0.9576,23.64,1,0.000137,0,4,1600,,,
2026-06-11T10:20:09.759,0.9576,23.64,1,0.000137,0,4,1600,,,
2026-06-11T10:20:10.256,0.9576,23.63,2,0.000138,0,4,1600,,,
2026-06-11T10:20:10.753,0.9576,23.63,1,0.000137,0,4,1600,,,
2026-06-11T10:20:11.264,0.9577,23.64,2,0.000136,0,4,1600,,,
2026-06-11T10:20:11.751,0.9576,23.64,1,0.000136,0,4,1600,,,
2026-06-11T10:20:12.252,0.9577,23.64,2,0.000137,0,4,1600,,,
2026-06-11T10:20:12.764,0.9576,23.64,1,0.000136,0,4,1600,,,
2026-06-11T10:20:13.262,0.9576,23.64,1,0.000137,0,4,1600,,,
2026-06-11T10:20:13.762,0.9577,23.64,2,0.000137,0,4,1600,,,
2026-06-11T10:20:14.261,0.9576,23.63,1,0.000137,0,4,1600,,,
2026-06-11T10:20:14.761,0.9576,23.63,2,0.000136,0,4,1600,,,
2026-06-11T10:20:15.259,0.9577,23.64,1,0.000136,0,4,1600,,,
2026-06-11T10:20:15.759,0.9576,23.64,1,0.000137,0,4,1600,,,
2026-06-11T10:20:16.258,0.9577,23.64,2,0.000137,0,4,1600,,,
2026-06-11T10:20:16.756,0.9576,23.64,1,0.000135,0,4,1600,,,
2026-06-11T10:20:17.254,0.9576,23.63,1,0.000137,0,4,1600,,,
2026-06-11T10:20:17.754,0.9577,23.63,2,0.000136,0,4,1600,,,
2026-06-11T10:20:18.263,0.9576,23.64,1,0.000137,0,4,1600,,,
2026-06-11T10:20:18.761,0.9576,23.63,2,0.000137,0,4,1600,,,
2026-06-11T10:20:19.263,0.9576,23.63,1,0.000138,0,4,1600,,,
2026-06-11T10:20:19.751,0.9576,23.63,2,0.000137,0,4,1600,,,
2026-06-11T10:20:20.250,0.9576,23.63,1,0.000137,0,4,1600,,,
2026-06-11T10:20:20.765,0.9576,23.63,1,0.000136,0,4,1600,,,
2026-06-11T10:20:21.265,0.9576,23.63,2,0.000136,0,4,1600,,,
2026-06-11T10:20:21.764,0.9576,23.63,1,0.000136,0,4,1600,,,
2026-06-11T10:20:22.259,0.9576,23.63,2,0.000137,0,4,1600,,,
2026-06-11T10:20:22.756,0.9576,23.63,1,0.000137,0,4,1600,,,
2026-06-11T10:20:23.258,0.9576,23.63,1,0.000136,0,4,1600,,,
2026-06-11T10:20:23.753,0.9576,23.63,2,0.000136,0,4,1600,,,
2026-06-11T10:20:24.252,0.9576,23.64,1,0.000136,0,4,1600,,,
2026-06-11T10:20:24.752,0.9575,23.63,2,0.000137,0,4,1600,,,
2026-06-11T10:20:25.264,0.9575,23.63,1,0.000136,0,4,1600,,,
2026-06-11T10:20:25.764,0.9576,23.63,1,0.000137,0,4,1600,,,
2026-06-11T10:20:26.261,0.9576,23.63,2,0.000137,0,4,1600,,,
2026-06-11T10:20:26.758,0.9575,23.63,1,0.000137,0,4,1600,,,
2026-06-11T10:20:27.259,0.9576,23.63,2,0.000137,0,4,1600,,,
2026-06-11T10:20:27.761,0.9576,23.63,1,0.000137,0,4,1600,,,
2026-06-11T10:20:28.261,0.9575,23.63,2,0.000138,0,4,1600,,,
2026-06-11T10:20:28.759,0.9575,23.63,1,0.000136,0,4,1600,,,
2026-06-11T10:20:29.258,0.9576,23.63,1,0.000136,0,4,1600,,,
2026-06-11T10:20:29.756,0.9575,23.63,2,0.000137,0,4,1600,,,
2026-06-11T10:20:30.265,0.9574,23.63,1,0.000135,0,4,1600,,,
2026-06-11T10:20:30.762,0.9575,23.63,1,0.000136,0,4,1600,,,
2026-06-11T10:20:31.260,0.9575,23.63,2,0.000135,0,4,1600,,,
2026-06-11T10:20:31.756,0.9575,23.63,1,0.000136,0,4,1600,,,
2026-06-11T10:20:32.253,0.9575,23.63,2,0.000136,0,4,1600,,,
2026-06-11T10:20:32.754,0.9576,23.63,1,0.000136,0,4,1600,,,
2026-06-11T10:20:33.252,0.9576,23.63,1,0.000136,0,4,1600,,,
2026-06-11T10:20:33.753,0.9576,23.63,2,0.000137,0,4,1600,,,
2026-06-11T10:20:34.265,0.9575,23.63,1,0.000137,0,4,1600,,,
2026-06-11T10:20:34.764,0.9575,23.63,2,0.000138,0,4,1600,,,
2026-06-11T10:20:35.261,0.9575,23.63,1,0.000137,0,4,1600,,,
2026-06-11T10:20:35.761,0.9575,23.63,1,0.000137,0,4,1600,,,
2026-06-11T10:20:36.256,0.9575,23.63,2,0.000137,0,4,1600,,,
2026-06-11T10:20:36.756,0.9575,23.63,1,0.000137,0,4,1600,,,
2026-06-11T10:20:37.254,0.9575,23.63,2,0.000136,0,4,1600,,,
2026-06-11T10:20:37.763,0.9575,23.63,1,0.000137,0,4,1600,,,
2026-06-11T10:20:38.261,0.9575,23.63,2,0.000137,0,4,1600,,,
2026-06-11T10:20:38.761,0.9575,23.63,1,0.000137,0,4,1600,,,
2026-06-11T10:20:39.261,0.9575,23.63,1,0.000136,0,4,1600,,,
2026-06-11T10:20:39.756,0.9575,23.62,2,0.000137,0,4,1600,,,
2026-06-11T10:20:40.257,0.9575,23.62,1,0.000136,0,4,1600,,,
2026-06-11T10:20:40.752,0.9575,23.62,2,0.000137,0,4,1600,,,
2026-06-11T10:20:41.251,0.9576,23.63,1,0.000136,0,4,1600,,,
2026-06-11T10:20:41.750,0.9575,23.63,1,0.000136,0,4,1600,,,
2026-06-11T10:20:42.262,0.9575,23.62,2,0.000136,0,4,1600,,,
2026-06-11T10:20:42.751,0.9575,23.63,1,0.000136,0,4,1600,,,
2026-06-11T10:20:43.259,0.9575,23.62,2,0.000137,0,4,1600,,,
2026-06-11T10:20:43.761,0.9574,23.63,1,0.000138,0,4,1600,,,
2026-06-11T10:20:44.255,0.9576,23.63,1,0.000136,0,4,1600,,,
2026-06-11T10:20:44.754,0.9575,23.62,2,0.000136,0,4,1600,,,
2026-06-11T10:20:45.250,0.9575,23.62,1,0.000136,0,4,1600,,,
2026-06-11T10:20:45.756,0.9575,23.63,2,0.000136,0,4,1600,,,
2026-06-11T10:20:46.252,0.9575,23.62,1,0.000137,0,4,1600,,,
2026-06-11T10:20:46.752,0.9575,23.62,1,0.000138,0,4,1600,,,
2026-06-11T10:20:47.250,0.9575,23.62,2,0.000136,0,4,1600,,,
2026-06-11T10:20:47.751,0.9575,23.62,1,0.000139,1,5,1600,2026-06-11T10:20:47.562535,1600,1
2026-06-11T10:20:48.253,0.9573,23.62,1,0.000139,0,5,1600,,,
2026-06-11T10:20:48.755,0.9573,23.62,2,0.000137,0,5,1600,,,
2026-06-11T10:20:49.254,0.9573,23.62,1,0.000138,0,5,1600,,,
2026-06-11T10:20:49.756,0.9573,23.62,2,0.000137,0,5,1600,,,
2026-06-11T10:20:50.255,0.9572,23.62,1,0.000138,0,5,1600,,,
2026-06-11T10:20:50.754,0.9572,23.62,1,0.000137,0,5,1600,,,
2026-06-11T10:20:51.265,0.9573,23.62,2,0.000137,0,5,1600,,,
2026-06-11T10:20:51.763,0.9573,23.62,1,0.000136,0,5,1600,,,
2026-06-11T10:20:52.264,0.9573,23.62,2,0.000136,0,5,1600,,,
2026-06-11T10:20:52.758,0.9573,23.62,1,0.000136,0,5,1600,,,
2026-06-11T10:20:53.259,0.9573,23.62,2,0.000136,0,5,1600,,,
2026-06-11T10:20:53.757,0.9573,23.62,1,0.000137,0,5,1600,,,
2026-06-11T10:20:54.255,0.9573,23.62,1,0.000137,0,5,1600,,,
2026-06-11T10:20:54.756,0.9572,23.62,2,0.000136,0,5,1600,,,
2026-06-11T10:20:55.259,0.9573,23.62,1,0.000137,0,5,1600,,,
2026-06-11T10:20:55.759,0.9573,23.62,1,0.000137,0,5,1600,,,
2026-06-11T10:20:56.257,0.9573,23.62,2,0.000136,0,5,1600,,,
2026-06-11T10:20:56.751,0.9573,23.62,1,0.000136,0,5,1600,,,
2026-06-11T10:20:57.252,0.9573,23.62,2,0.000137,0,5,1600,,,
2026-06-11T10:20:57.765,0.9573,23.62,1,0.000136,0,5,1600,,,
2026-06-11T10:20:58.264,0.9572,23.62,1,0.000137,0,5,1600,,,
2026-06-11T10:20:58.751,0.9573,23.62,2,0.000137,0,5,1600,,,
2026-06-11T10:20:59.264,0.9572,23.62,1,0.000137,0,5,1600,,,
2026-06-11T10:20:59.759,0.9572,23.62,2,0.000137,0,5,1600,,,
2026-06-11T10:21:00.257,0.9573,23.62,1,0.000137,0,5,1600,,,
2026-06-11T10:21:00.757,0.9573,23.62,2,0.000137,0,5,1600,,,
2026-06-11T10:21:01.255,0.9573,23.62,1,0.000136,0,5,1600,,,
2026-06-11T10:21:01.756,0.9572,23.62,1,0.000136,0,5,1600,,,
2026-06-11T10:21:02.259,0.9573,23.62,2,0.000136,0,5,1600,,,
2026-06-11T10:21:02.761,0.9572,23.62,1,0.000137,0,5,1600,,,
2026-06-11T10:21:03.261,0.9573,23.62,2,0.000137,0,5,1600,,,
2026-06-11T10:21:03.762,0.9572,23.62,1,0.000137,0,5,1600,,,
2026-06-11T10:21:04.264,0.9573,23.62,1,0.000137,0,5,1600,,,
2026-06-11T10:21:04.752,0.9573,23.62,2,0.000136,0,5,1600,,,
2026-06-11T10:21:05.250,0.9573,23.62,1,0.000135,0,5,1600,,,
2026-06-11T10:21:05.753,0.9573,23.62,2,0.000137,0,5,1600,,,
2026-06-11T10:21:06.252,0.9572,23.62,1,0.000136,0,5,1600,,,
2026-06-11T10:21:06.763,0.9573,23.62,1,0.000137,0,5,1600,,,
2026-06-11T10:21:07.264,0.9572,23.62,2,0.000137,0,5,1600,,,
2026-06-11T10:21:07.765,0.9572,23.62,1,0.000137,0,5,1600,,,
2026-06-11T10:21:08.250,0.9572,23.62,1,0.000136,0,5,1600,,,
2026-06-11T10:21:08.765,0.9572,23.62,2,0.000136,0,5,1600,,,
2026-06-11T10:21:09.263,0.9571,23.62,1,0.000136,0,5,1600,,,
2026-06-11T10:21:09.765,0.9572,23.62,2,0.000137,0,5,1600,,,
2026-06-11T10:21:10.251,0.9572,23.62,1,0.000137,0,5,1600,,,
2026-06-11T10:21:10.752,0.9572,23.62,1,0.000136,0,5,1600,,,
2026-06-11T10:21:11.264,0.9572,23.62,2,0.000136,0,5,1600,,,
2026-06-11T10:21:11.753,0.9572,23.62,1,0.000137,0,5,1600,,,
2026-06-11T10:21:12.256,0.9572,23.62,2,0.000136,0,5,1600,,,
2026-06-11T10:21:12.756,0.9572,23.62,1,0.000137,0,5,1600,,,
2026-06-11T10:21:13.255,0.9572,23.62,1,0.000137,0,5,1600,,,
2026-06-11T10:21:13.754,0.9572,23.62,2,0.000138,0,5,1600,,,
2026-06-11T10:21:14.255,0.9572,23.62,1,0.000136,0,5,1600,,,
2026-06-11T10:21:14.755,0.9571,23.62,2,0.000136,0,5,1600,,,
2026-06-11T10:21:15.257,0.9572,23.62,1,0.000138,0,5,1600,,,
2026-06-11T10:21:15.759,0.9572,23.62,2,0.000136,0,5,1600,,,
2026-06-11T10:21:16.259,0.9572,23.62,1,0.000137,0,5,1600,,,
2026-06-11T10:21:16.765,0.9571,23.62,1,0.000137,0,5,1600,,,
2026-06-11T10:21:17.266,0.9572,23.62,2,0.000136,0,5,1600,,,
2026-06-11T10:21:17.751,0.9572,23.62,1,0.000136,0,5,1600,,,
2026-06-11T10:21:18.252,0.9571,23.62,2,0.000137,0,5,1600,,,
2026-06-11T10:21:18.764,0.9572,23.62,1,0.000136,0,5,1600,,,
2026-06-11T10:21:19.261,0.9572,23.62,1,0.000137,0,5,1600,,,
2026-06-11T10:21:19.763,0.9572,23.62,2,0.000137,0,5,1600,,,
2026-06-11T10:21:20.262,0.9572,23.62,1,0.000137,0,5,1600,,,
2026-06-11T10:21:20.765,0.9572,23.62,2,0.000137,0,5,1600,,,
2026-06-11T10:21:21.260,0.9572,23.62,1,0.000138,0,5,1600,,,
2026-06-11T10:21:21.760,0.9572,23.62,1,0.000137,0,5,1600,,,
2026-06-11T10:21:22.260,0.9571,23.62,2,0.000137,0,5,1600,,,
2026-06-11T10:21:22.759,0.9571,23.62,1,0.000138,0,5,1600,,,
2026-06-11T10:21:23.257,0.9572,23.62,2,0.000139,0,5,1600,,,
2026-06-11T10:21:23.757,0.9572,23.62,1,0.000138,0,5,1600,,,
2026-06-11T10:21:24.253,0.9571,23.61,1,0.000136,0,5,1600,,,
2026-06-11T10:21:24.755,0.9571,23.62,2,0.000138,0,5,1600,,,
2026-06-11T10:21:25.254,0.9571,23.62,1,0.000136,0,5,1600,,,
2026-06-11T10:21:25.758,0.9571,23.62,2,0.000137,0,5,1600,,,
2026-06-11T10:21:26.260,0.9572,23.62,1,0.000137,0,5,1600,,,
2026-06-11T10:21:26.762,0.9571,23.62,2,0.000136,0,5,1600,,,
2026-06-11T10:21:27.262,0.9571,23.62,1,0.000136,0,5,1600,,,
2026-06-11T10:21:27.763,0.9571,23.62,1,0.000137,0,5,1600,,,
2026-06-11T10:21:28.264,0.9571,23.62,2,0.000137,0,5,1600,,,
2026-06-11T10:21:28.766,0.9571,23.62,1,0.000138,0,5,1600,,,
2026-06-11T10:21:29.252,0.9571,23.62,2,0.000136,0,5,1600,,,
2026-06-11T10:21:29.752,0.9571,23.61,1,0.000136,0,5,1600,,,
2026-06-11T10:21:30.250,0.9571,23.62,1,0.000136,0,5,1600,,,
2026-06-11T10:21:30.755,0.9571,23.62,2,0.000137,0,5,1600,,,
2026-06-11T10:21:31.257,0.9572,23.62,1,0.000137,0,5,1600,,,
2026-06-11T10:21:31.761,0.9571,23.62,2,0.000136,0,5,1600,,,
2026-06-11T10:21:32.265,0.9571,23.62,1,0.000136,0,5,1600,,,
2026-06-11T10:21:32.751,0.9571,23.62,1,0.000137,0,5,1600,,,
2026-06-11T10:21:33.264,0.9571,23.62,2,0.000137,0,5,1600,,,
2026-06-11T10:21:33.764,0.9571,23.61,1,0.000136,0,5,1600,,,
2026-06-11T10:21:34.252,0.9571,23.62,2,0.000136,0,5,1600,,,
2026-06-11T10:21:34.751,0.9571,23.62,1,0.000137,0,5,1600,,,
2026-06-11T10:21:35.255,0.9571,23.62,2,0.000137,0,5,1600,,,
2026-06-11T10:21:35.760,0.9571,23.61,1,0.000136,0,5,1600,,,
2026-06-11T10:21:36.264,0.957,23.61,1,0.000136,0,5,1600,,,
2026-06-11T10:21:36.764,0.9571,23.61,2,0.000138,0,5,1600,,,
2026-06-11T10:21:37.264,0.957,23.61,1,0.000136,0,5,1600,,,
2026-06-11T10:21:37.763,0.957,23.61,2,0.000137,0,5,1600,,,
2026-06-11T10:21:38.265,0.9571,23.61,1,0.000136,0,5,1600,,,
2026-06-11T10:21:38.764,0.9571,23.61,1,0.000136,0,5,1600,,,
2026-06-11T10:21:39.263,0.957,23.61,2,0.000138,0,5,1600,,,
2026-06-11T10:21:39.766,0.957,23.61,1,0.000137,0,5,1600,,,
2026-06-11T10:21:40.252,0.957,23.61,1,0.000137,0,5,1600,,,
2026-06-11T10:21:40.754,0.957,23.61,2,0.000137,0,5,1600,,,
2026-06-11T10:21:41.255,0.957,23.61,1,0.000136,0,5,1600,,,
2026-06-11T10:21:41.755,0.957,23.61,2,0.000138,0,5,1600,,,
2026-06-11T10:21:42.253,0.9571,23.61,1,0.000136,0,5,1600,,,
2026-06-11T10:21:42.753,0.957,23.61,1,0.000138,0,5,1600,,,
2026-06-11T10:21:43.260,0.9571,23.61,2,0.000137,0,5,1600,,,
2026-06-11T10:21:43.762,0.957,23.61,1,0.000137,0,5,1600,,,
2026-06-11T10:21:44.264,0.957,23.61,2,0.000137,0,5,1600,,,
2026-06-11T10:21:44.750,0.957,23.61,1,0.000137,0,5,1600,,,
2026-06-11T10:21:45.261,0.9571,23.6,1,0.000137,0,5,1600,,,
2026-06-11T10:21:45.765,0.957,23.61,2,0.000136,0,5,1600,,,
2026-06-11T10:21:46.252,0.957,23.61,1,0.000137,0,5,1600,,,
2026-06-11T10:21:46.757,0.957,23.61,2,0.000137,0,5,1600,,,
2026-06-11T10:21:47.261,0.9571,23.61,1,0.000136,0,5,1600,,,
2026-06-11T10:21:47.753,0.957,23.61,1,0.000137,0,5,1600,,,
2026-06-11T10:21:48.255,0.9569,23.61,2,0.000138,0,5,1600,,,
2026-06-11T10:21:48.753,0.957,23.61,1,0.000137,0,5,1600,,,
2026-06-11T10:21:49.256,0.957,23.61,2,0.000137,0,5,1600,,,
2026-06-11T10:21:49.756,0.957,23.61,1,0.000137,0,5,1600,,,
2026-06-11T10:21:50.261,0.957,23.6,1,0.000137,0,5,1600,,,
2026-06-11T10:21:50.764,0.957,23.61,2,0.000137,0,5,1600,,,
2026-06-11T10:21:51.251,0.957,23.6,1,0.000136,0,5,1600,,,
2026-06-11T10:21:51.753,0.957,23.61,2,0.000137,0,5,1600,,,
2026-06-11T10:21:52.256,0.957,23.6,1,0.000138,0,5,1600,,,
2026-06-11T10:21:52.757,0.957,23.6,1,0.000136,0,5,1600,,,
2026-06-11T10:21:53.255,0.957,23.6,2,0.000137,0,5,1600,,,
2026-06-11T10:21:53.756,0.957,23.6,1,0.000137,0,5,1600,,,
2026-06-11T10:21:54.255,0.9569,23.6,2,0.000136,0,5,1600,,,
2026-06-11T10:21:54.758,0.957,23.6,1,0.000137,0,5,1600,,,
2026-06-11T10:21:55.260,0.957,23.6,1,0.000136,0,5,1600,,,
2026-06-11T10:21:55.764,0.9569,23.6,2,0.000136,0,5,1600,,,
2026-06-11T10:21:56.264,0.9569,23.6,1,0.000136,0,5,1600,,,
2026-06-11T10:21:56.751,0.957,23.6,2,0.000137,0,5,1600,,,
2026-06-11T10:21:57.254,0.957,23.6,1,0.000135,0,5,1600,,,
2026-06-11T10:21:57.752,0.957,23.6,1,0.000138,0,5,1600,,,
2026-06-11T10:21:58.251,0.957,23.6,2,0.000135,0,5,1600,,,
2026-06-11T10:21:58.764,0.957,23.6,1,0.000137,0,5,1600,,,
2026-06-11T10:21:59.251,0.957,23.6,2,0.000136,0,5,1600,,,
2026-06-11T10:21:59.758,0.957,23.6,1,0.000137,0,5,1600,,,
2026-06-11T10:22:00.261,0.957,23.6,1,0.000135,0,5,1600,,,
2026-06-11T10:22:00.758,0.957,23.6,2,0.000136,0,5,1600,,,
2026-06-11T10:22:01.259,0.957,23.6,1,0.000136,0,5,1600,,,
2026-06-11T10:22:01.760,0.957,23.6,2,0.000136,0,5,1600,,,
2026-06-11T10:22:02.259,0.957,23.6,1,0.000137,0,5,1600,,,
2026-06-11T10:22:02.756,0.957,23.59,1,0.000136,0,5,1600,,,
2026-06-11T10:22:03.257,0.9569,23.59,2,0.000138,0,5,1600,,,
2026-06-11T10:22:03.758,0.957,23.59,1,0.000137,0,5,1600,,,
2026-06-11T10:22:04.260,0.957,23.59,2,0.000136,0,5,1600,,,
2026-06-11T10:22:04.763,0.957,23.6,1,0.000136,0,5,1600,,,
2026-06-11T10:22:05.252,0.957,23.6,1,0.000137,0,5,1600,,,
2026-06-11T10:22:05.755,0.9569,23.59,2,0.000138,0,5,1600,,,
2026-06-11T10:22:06.256,0.957,23.59,1,0.000137,0,5,1600,,,
2026-06-11T10:22:06.753,0.9569,23.59,2,0.000136,0,5,1600,,,
2026-06-11T10:22:07.257,0.957,23.59,1,0.000138,0,5,1600,,,
2026-06-11T10:22:07.756,0.957,23.59,1,0.000136,0,5,1600,,,
2026-06-11T10:22:08.259,0.9569,23.59,2,0.000136,0,5,1600,,,
2026-06-11T10:22:08.763,0.957,23.6,1,0.000137,0,5,1600,,,
2026-06-11T10:22:09.261,0.9569,23.59,1,0.000136,0,5,1600,,,
2026-06-11T10:22:09.764,0.957,23.59,2,0.000137,0,5,1600,,,
2026-06-11T10:22:10.263,0.9569,23.59,1,0.000138,0,5,1600,,,
2026-06-11T10:22:10.750,0.957,23.59,2,0.000137,0,5,1600,,,
2026-06-11T10:22:11.254,0.9569,23.59,1,0.000136,0,5,1600,,,
2026-06-11T10:22:11.755,0.9569,23.59,1,0.000137,0,5,1600,,,
2026-06-11T10:22:12.253,0.9569,23.59,2,0.000136,0,5,1600,,,
2026-06-11T10:22:12.753,0.957,23.59,1,0.000137,0,5,1600,,,
2026-06-11T10:22:13.256,0.9569,23.59,2,0.000137,0,5,1600,,,
2026-06-11T10:22:13.759,0.957,23.59,1,0.000137,0,5,1600,,,
2026-06-11T10:22:14.257,0.9569,23.59,1,0.000137,0,5,1600,,,
2026-06-11T10:22:14.759,0.9569,23.59,2,0.000137,0,5,1600,,,
2026-06-11T10:22:15.258,0.9569,23.59,1,0.000136,0,5,1600,,,
2026-06-11T10:22:15.761,0.9569,23.59,2,0.000137,0,5,1600,,,
2026-06-11T10:22:16.263,0.957,23.59,1,0.000137,0,5,1600,,,
2026-06-11T10:22:16.762,0.9569,23.59,1,0.000137,0,5,1600,,,
2026-06-11T10:22:17.259,0.9569,23.59,2,0.000137,0,5,1600,,,
2026-06-11T10:22:17.759,0.9569,23.59,1,0.000136,0,5,1600,,,
2026-06-11T10:22:18.260,0.9569,23.59,2,0.000137,0,5,1600,,,
2026-06-11T10:22:18.755,0.957,23.59,1,0.000137,0,5,1600,,,
2026-06-11T10:22:19.255,0.9569,23.59,1,0.000136,0,5,1600,,,
2026-06-11T10:22:19.759,0.9569,23.59,2,0.000137,0,5,1600,,,
2026-06-11T10:22:20.259,0.9569,23.59,1,0.000137,0,5,1600,,,
2026-06-11T10:22:20.761,0.9569,23.59,2,0.000138,0,5,1600,,,
2026-06-11T10:22:21.255,0.9569,23.58,1,0.000137,0,5,1600,,,
2026-06-11T10:22:21.756,0.957,23.58,1,0.000137,0,5,1600,,,
2026-06-11T10:22:22.258,0.9569,23.58,2,0.000136,0,5,1600,,,
2026-06-11T10:22:22.758,0.957,23.58,1,0.000138,0,5,1600,,,
2026-06-11T10:22:23.264,0.9569,23.58,2,0.000137,0,5,1600,,,
2026-06-11T10:22:23.752,0.9569,23.58,1,0.000136,0,5,1600,,,
2026-06-11T10:22:24.264,0.9568,23.58,1,0.000137,0,5,1600,,,
2026-06-11T10:22:24.750,0.9569,23.59,2,0.000137,0,5,1600,,,
2026-06-11T10:22:25.252,0.9569,23.58,1,0.000137,0,5,1600,,,
2026-06-11T10:22:25.757,0.9569,23.58,2,0.000137,0,5,1600,,,
2026-06-11T10:22:26.256,0.957,23.58,1,0.000138,0,5,1600,,,
2026-06-11T10:22:26.754,0.9569,23.58,1,0.000137,0,5,1600,,,
2026-06-11T10:22:27.255,0.9569,23.58,2,0.000136,0,5,1600,,,
2026-06-11T10:22:27.765,0.9569,23.58,1,0.000137,0,5,1600,,,
2026-06-11T10:22:28.264,0.9569,23.58,2,0.000136,0,5,1600,,,
2026-06-11T10:22:28.765,0.9569,23.58,1,0.000136,0,5,1600,,,
2026-06-11T10:22:29.265,0.9569,23.58,1,0.000137,0,5,1600,,,
2026-06-11T10:22:29.751,0.9569,23.58,2,0.000137,0,5,1600,,,
2026-06-11T10:22:30.250,0.9569,23.58,1,0.000137,0,5,1600,,,
2026-06-11T10:22:30.753,0.9569,23.58,2,0.000137,0,5,1600,,,
2026-06-11T10:22:31.265,0.9569,23.58,1,0.000136,0,5,1600,,,
2026-06-11T10:22:31.765,0.957,23.58,1,0.000136,0,5,1600,,,
2026-06-11T10:22:32.264,0.9569,23.58,2,0.000136,0,5,1600,,,
2026-06-11T10:22:32.765,0.9569,23.58,1,0.000137,0,5,1600,,,
2026-06-11T10:22:33.264,0.9569,23.58,2,0.000137,0,5,1600,,,
2026-06-11T10:22:33.765,0.9569,23.58,1,0.000136,0,5,1600,,,
2026-06-11T10:22:34.262,0.9569,23.58,1,0.000137,0,5,1600,,,
2026-06-11T10:22:34.761,0.9568,23.58,2,0.000137,0,5,1600,,,
2026-06-11T10:22:35.264,0.9568,23.58,1,0.000136,0,5,1600,,,
2026-06-11T10:22:35.763,0.9569,23.58,2,0.000137,0,5,1600,,,
2026-06-11T10:22:36.265,0.9569,23.58,1,0.000137,0,5,1600,,,
2026-06-11T10:22:36.755,0.9569,23.58,1,0.000137,0,5,1600,,,
2026-06-11T10:22:37.260,0.9568,23.58,2,0.000136,0,5,1600,,,
2026-06-11T10:22:37.764,0.9568,23.58,1,0.000136,0,5,1600,,,
2026-06-11T10:22:38.262,0.9569,23.58,2,0.000138,0,5,1600,,,
2026-06-11T10:22:38.761,0.9569,23.58,1,0.000137,0,5,1600,,,
2026-06-11T10:22:39.264,0.9569,23.58,1,0.000137,0,5,1600,,,
2026-06-11T10:22:39.752,0.9569,23.58,2,0.000138,0,5,1600,,,
2026-06-11T10:22:40.252,0.9569,23.58,1,0.000136,0,5,1600,,,
2026-06-11T10:22:40.751,0.9569,23.58,2,0.000137,0,5,1600,,,
2026-06-11T10:22:41.263,0.9569,23.58,1,0.000137,0,5,1600,,,
2026-06-11T10:22:41.763,0.9568,23.58,1,0.000137,0,5,1600,,,
2026-06-11T10:22:42.264,0.9568,23.58,2,0.000136,0,5,1600,,,
2026-06-11T10:22:42.760,0.9568,23.58,1,0.000137,0,5,1600,,,
2026-06-11T10:22:43.261,0.9569,23.57,2,0.000137,0,5,1600,,,
2026-06-11T10:22:43.759,0.9569,23.57,1,0.000136,0,5,1600,,,
2026-06-11T10:22:44.253,0.9569,23.57,1,0.000136,0,5,1600,,,
2026-06-11T10:22:44.756,0.9568,23.58,2,0.000138,0,5,1600,,,
2026-06-11T10:22:45.255,0.9569,23.58,1,0.000137,0,5,1600,,,
2026-06-11T10:22:45.754,0.9569,23.57,2,0.000137,0,5,1600,,,
2026-06-11T10:22:46.253,0.9569,23.58,1,0.000136,0,5,1600,,,
2026-06-11T10:22:46.759,0.9569,23.57,1,0.000137,0,5,1600,,,
2026-06-11T10:22:47.260,0.9568,23.57,2,0.000136,0,5,1600,,,
2026-06-11T10:22:47.758,0.9569,23.57,1,0.000137,0,5,1600,,,
2026-06-11T10:22:48.258,0.9568,23.57,2,0.000137,0,5,1600,,,
2026-06-11T10:22:48.761,0.9568,23.58,1,0.000137,0,5,1600,,,
2026-06-11T10:22:49.260,0.9569,23.57,1,0.000136,0,5,1600,,,
2026-06-11T10:22:49.762,0.9568,23.57,2,0.000136,0,5,1600,,,
2026-06-11T10:22:50.261,0.9569,23.57,1,0.000137,0,5,1600,,,
2026-06-11T10:22:50.763,0.9568,23.57,2,0.000136,0,5,1600,,,
2026-06-11T10:22:51.261,0.9568,23.57,1,0.000137,0,5,1600,,,
2026-06-11T10:22:51.762,0.9568,23.57,1,0.000137,0,5,1600,,,
2026-06-11T10:22:52.261,0.9569,23.57,2,0.000137,0,5,1600,,,
2026-06-11T10:22:52.759,0.9568,23.58,1,0.000137,0,5,1600,,,
2026-06-11T10:22:53.261,0.9568,23.57,2,0.000136,0,5,1600,,,
2026-06-11T10:22:53.762,0.9569,23.58,1,0.000136,0,5,1600,,,
2026-06-11T10:22:54.262,0.9569,23.57,1,0.000137,0,5,1600,,,
2026-06-11T10:22:54.751,0.9569,23.57,2,0.000137,0,5,1600,,,
2026-06-11T10:22:55.254,0.9568,23.57,1,0.000137,0,5,1600,,,
2026-06-11T10:22:55.757,0.9568,23.57,2,0.000137,0,5,1600,,,
2026-06-11T10:22:56.256,0.9568,23.57,1,0.000137,0,5,1600,,,
2026-06-11T10:22:56.758,0.9569,23.57,1,0.000138,0,5,1600,,,
2026-06-11T10:22:57.258,0.9569,23.57,2,0.000136,0,5,1600,,,
2026-06-11T10:22:57.751,0.9569,23.57,1,0.000136,0,5,1600,,,
2026-06-11T10:22:58.251,0.9568,23.57,2,0.000137,0,5,1600,,,
2026-06-11T10:22:58.757,0.9569,23.57,1,0.000136,0,5,1600,,,
2026-06-11T10:22:59.260,0.9569,23.57,1,0.000137,0,5,1600,,,
2026-06-11T10:22:59.765,0.9568,23.57,2,0.000137,0,5,1600,,,
2026-06-11T10:23:00.250,0.9569,23.57,1,0.000136,0,5,1600,,,
2026-06-11T10:23:00.754,0.9568,23.57,2,0.000136,0,5,1600,,,
2026-06-11T10:23:01.255,0.9568,23.57,1,0.000138,0,5,1600,,,
2026-06-11T10:23:01.756,0.9569,23.57,1,0.000136,0,5,1600,,,
2026-06-11T10:23:02.259,0.9568,23.57,2,0.000136,0,5,1600,,,
2026-06-11T10:23:02.763,0.9569,23.57,1,0.000138,0,5,1600,,,
2026-06-11T10:23:03.250,0.9568,23.57,2,0.000137,0,5,1600,,,
2026-06-11T10:23:03.766,0.9569,23.57,1,0.000136,0,5,1600,,,
2026-06-11T10:23:04.264,0.9569,23.57,1,0.000137,0,5,1600,,,
2026-06-11T10:23:04.751,0.9569,23.57,2,0.000136,0,5,1600,,,
2026-06-11T10:23:05.251,0.9569,23.57,1,0.000135,0,5,1600,,,
2026-06-11T10:23:05.754,0.9568,23.57,2,0.000136,0,5,1600,,,
2026-06-11T10:23:06.254,0.9569,23.57,1,0.000137,0,5,1600,,,
2026-06-11T10:23:06.752,0.9569,23.57,1,0.000137,0,5,1600,,,
2026-06-11T10:23:07.263,0.9569,23.57,2,0.000137,0,5,1600,,,
2026-06-11T10:23:07.766,0.9568,23.57,1,0.000137,0,5,1600,,,
2026-06-11T10:23:08.250,0.9569,23.57,2,0.000136,0,5,1600,,,
2026-06-11T10:23:08.752,0.9569,23.57,1,0.000137,0,5,1600,,,
2026-06-11T10:23:09.252,0.9568,23.57,1,0.000137,0,5,1600,,,
2026-06-11T10:23:09.752,0.9568,23.57,2,0.000137,0,5,1600,,,
2026-06-11T10:23:10.253,0.9569,23.57,1,0.000137,0,5,1600,,,
2026-06-11T10:23:10.759,0.9568,23.57,2,0.000137,0,5,1600,,,
2026-06-11T10:23:11.261,0.9569,23.57,1,0.000136,0,5,1600,,,
2026-06-11T10:23:11.760,0.9569,23.57,1,0.000137,0,5,1600,,,
2026-06-11T10:23:12.263,0.9568,23.57,2,0.000137,0,5,1600,,,
2026-06-11T10:23:12.764,0.9569,23.57,1,0.000136,0,5,1600,,,
2026-06-11T10:23:13.254,0.9568,23.57,2,0.000136,0,5,1600,,,
2026-06-11T10:23:13.761,0.9568,23.57,1,0.000137,0,5,1600,,,
2026-06-11T10:23:14.262,0.9569,23.57,1,0.000137,0,5,1600,,,
2026-06-11T10:23:14.750,0.9569,23.57,2,0.000137,0,5,1600,,,
2026-06-11T10:23:15.254,0.9569,23.56,1,0.000136,0,5,1600,,,
2026-06-11T10:23:15.753,0.9568,23.57,2,0.000136,0,5,1600,,,
2026-06-11T10:23:16.254,0.9568,23.57,1,0.000137,0,5,1600,,,
2026-06-11T10:23:16.756,0.9568,23.57,1,0.000137,0,5,1600,,,
2026-06-11T10:23:17.250,0.9568,23.57,2,0.000136,0,5,1600,,,
2026-06-11T10:23:17.764,0.9568,23.57,1,0.000138,0,5,1600,,,
2026-06-11T10:23:18.265,0.9568,23.57,2,0.000138,0,5,1600,,,
2026-06-11T10:23:18.767,0.9568,23.57,1,0.000137,0,5,1600,,,
2026-06-11T10:23:19.266,0.9568,23.57,1,0.000137,0,5,1600,,,
2026-06-11T10:23:19.766,0.9568,23.57,2,0.000136,0,5,1600,,,
2026-06-11T10:23:20.253,0.9568,23.57,1,0.000137,0,5,1600,,,
2026-06-11T10:23:20.755,0.9569,23.57,2,0.000138,0,5,1600,,,
2026-06-11T10:23:21.258,0.9569,23.57,1,0.000137,0,5,1600,,,
2026-06-11T10:23:21.759,0.9568,23.56,1,0.000136,0,5,1600,,,
2026-06-11T10:23:22.257,0.9569,23.56,2,0.000137,0,5,1600,,,
2026-06-11T10:23:22.763,0.9568,23.56,1,0.000137,0,5,1600,,,
2026-06-11T10:23:23.264,0.9568,23.56,2,0.000137,0,5,1600,,,
2026-06-11T10:23:23.761,0.9569,23.57,1,0.000138,0,5,1600,,,
2026-06-11T10:23:24.259,0.9568,23.57,1,0.000137,0,5,1600,,,
2026-06-11T10:23:24.762,0.9568,23.56,2,0.000136,0,5,1600,,,
2026-06-11T10:23:25.261,0.9569,23.56,1,0.000137,0,5,1600,,,
2026-06-11T10:23:25.764,0.9568,23.56,2,0.000138,0,5,1600,,,
2026-06-11T10:23:26.260,0.9569,23.56,1,0.000138,0,5,1600,,,
2026-06-11T10:23:26.762,0.9569,23.56,1,0.000136,0,5,1600,,,
2026-06-11T10:23:27.260,0.9569,23.56,2,0.000138,0,5,1600,,,
2026-06-11T10:23:27.759,0.9569,23.56,1,0.000136,0,5,1600,,,
2026-06-11T10:23:28.263,0.9568,23.56,2,0.000136,0,5,1600,,,
2026-06-11T10:23:28.763,0.9569,23.56,1,0.000137,0,5,1600,,,
2026-06-11T10:23:29.264,0.9568,23.56,1,0.000137,0,5,1600,,,
2026-06-11T10:23:29.765,0.9568,23.56,2,0.000137,0,5,1600,,,
2026-06-11T10:23:30.250,0.9569,23.56,1,0.000135,0,5,1600,,,
2026-06-11T10:23:30.754,0.9568,23.56,2,0.000135,0,5,1600,,,
2026-06-11T10:23:31.255,0.9569,23.56,1,0.000138,0,5,1600,,,
2026-06-11T10:23:31.758,0.9569,23.56,1,0.000137,0,5,1600,,,
2026-06-11T10:23:32.255,0.9568,23.56,2,0.000136,0,5,1600,,,
2026-06-11T10:23:32.761,0.9569,23.56,1,0.000136,0,5,1600,,,
2026-06-11T10:23:33.261,0.9568,23.56,2,0.000137,0,5,1600,,,
2026-06-11T10:23:33.760,0.9569,23.56,1,0.000137,0,5,1600,,,
2026-06-11T10:23:34.258,0.9569,23.56,1,0.000138,0,5,1600,,,
2026-06-11T10:23:34.757,0.9569,23.56,2,0.000137,0,5,1600,,,
2026-06-11T10:23:35.262,0.9568,23.56,1,0.000136,0,5,1600,,,
2026-06-11T10:23:35.761,0.9568,23.56,2,0.000137,0,5,1600,,,
2026-06-11T10:23:36.262,0.9569,23.56,1,0.000136,0,5,1600,,,
2026-06-11T10:23:36.762,0.9569,23.56,1,0.000138,0,5,1600,,,
2026-06-11T10:23:37.261,0.9568,23.56,2,0.000136,0,5,1600,,,
2026-06-11T10:23:37.764,0.9569,23.56,1,0.000137,0,5,1600,,,
2026-06-11T10:23:38.252,0.9569,23.56,1,0.000137,0,5,1600,,,
2026-06-11T10:23:38.750,0.9568,23.56,2,0.000136,0,5,1600,,,
2026-06-11T10:23:39.252,0.9569,23.56,1,0.000136,0,5,1600,,,
2026-06-11T10:23:39.752,0.9568,23.56,2,0.000137,0,5,1600,,,
2026-06-11T10:23:40.251,0.9569,23.56,1,0.000136,0,5,1600,,,
2026-06-11T10:23:40.766,0.9569,23.56,1,0.000137,0,5,1600,,,
2026-06-11T10:23:41.261,0.9569,23.56,2,0.000137,0,5,1600,,,
2026-06-11T10:23:41.766,0.9569,23.56,1,0.000136,0,5,1600,,,
2026-06-11T10:23:42.264,0.9568,23.56,2,0.000136,0,5,1600,,,
2026-06-11T10:23:42.752,0.9568,23.56,1,0.000137,0,5,1600,,,
2026-06-11T10:23:43.250,0.9569,23.56,1,0.000136,0,5,1600,,,
2026-06-11T10:23:43.754,0.9569,23.56,2,0.000136,0,5,1600,,,
2026-06-11T10:23:44.256,0.9569,23.56,1,0.000136,0,5,1600,,,
2026-06-11T10:23:44.762,0.9569,23.56,2,0.000137,0,5,1600,,,
2026-06-11T10:23:45.261,0.9569,23.56,1,0.000136,0,5,1600,,,
2026-06-11T10:23:45.764,0.9569,23.56,1,0.000136,0,5,1600,,,
2026-06-11T10:23:46.263,0.9569,23.56,2,0.000136,0,5,1600,,,
2026-06-11T10:23:46.761,0.9569,23.56,1,0.000135,0,5,1600,,,
2026-06-11T10:23:47.262,0.9568,23.56,2,0.000137,0,5,1600,,,
2026-06-11T10:23:47.752,0.9569,23.56,1,0.000137,0,5,1600,,,
2026-06-11T10:23:48.252,0.9569,23.56,1,0.000136,0,5,1600,,,
2026-06-11T10:23:48.756,0.9569,23.56,2,0.000136,0,5,1600,,,
2026-06-11T10:23:49.255,0.9569,23.56,1,0.000137,0,5,1600,,,
2026-06-11T10:23:49.758,0.9569,23.56,2,0.000137,0,5,1600,,,
2026-06-11T10:23:50.258,0.9569,23.56,1,0.000137,0,5,1600,,,
2026-06-11T10:23:50.757,0.9568,23.56,1,0.000137,0,5,1600,,,
2026-06-11T10:23:51.260,0.9569,23.56,2,0.000137,0,5,1600,,,
2026-06-11T10:23:51.763,0.9569,23.56,1,0.000136,0,5,1600,,,
2026-06-11T10:23:52.264,0.9569,23.56,2,0.000137,0,5,1600,,,
2026-06-11T10:23:52.762,0.9569,23.56,1,0.000136,0,5,1600,,,
2026-06-11T10:23:53.262,0.9569,23.56,1,0.000136,0,5,1600,,,
2026-06-11T10:23:53.750,0.9568,23.56,2,0.000136,0,5,1600,,,
2026-06-11T10:23:54.253,0.9569,23.56,1,0.000137,0,5,1600,,,
2026-06-11T10:23:54.754,0.9569,23.56,2,0.000137,0,5,1600,,,
2026-06-11T10:23:55.252,0.9569,23.56,1,0.000135,0,5,1600,,,
2026-06-11T10:23:55.750,0.9569,23.56,1,0.000137,0,5,1600,,,
2026-06-11T10:23:56.262,0.9569,23.56,2,0.000136,0,5,1600,,,
2026-06-11T10:23:56.763,0.9569,23.56,1,0.000136,0,5,1600,,,
2026-06-11T10:23:57.262,0.9569,23.56,2,0.000136,0,5,1600,,,
2026-06-11T10:23:57.762,0.9568,23.56,1,0.000137,0,5,1600,,,
2026-06-11T10:23:58.261,0.9569,23.56,2,0.000137,0,5,1600,,,
2026-06-11T10:23:58.761,0.9569,23.56,1,0.000137,0,5,1600,,,
2026-06-11T10:23:59.258,0.9569,23.56,1,0.000138,0,5,1600,,,
2026-06-11T10:23:59.764,0.9569,23.56,2,0.000136,0,5,1600,,,
2026-06-11T10:24:00.263,0.9568,23.56,1,0.000137,0,5,1600,,,
2026-06-11T10:24:00.763,0.9569,23.56,2,0.000137,0,5,1600,,,
2026-06-11T10:24:01.262,0.9569,23.56,1,0.000137,0,5,1600,,,
2026-06-11T10:24:01.763,0.957,23.56,1,0.000138,0,5,1600,,,
2026-06-11T10:24:02.266,0.9569,23.56,2,0.000137,0,5,1600,,,
2026-06-11T10:24:02.753,0.9569,23.56,1,0.000136,0,5,1600,,,
2026-06-11T10:24:03.266,0.9569,23.56,2,0.000136,0,5,1600,,,
2026-06-11T10:24:03.753,0.957,23.56,1,0.000136,0,5,1600,,,
2026-06-11T10:24:04.253,0.9569,23.56,1,0.000137,0,5,1600,,,
2026-06-11T10:24:04.756,0.9569,23.56,2,0.000137,0,5,1600,,,
2026-06-11T10:24:05.257,0.9569,23.56,1,0.000136,0,5,1600,,,
2026-06-11T10:24:05.758,0.9569,23.56,2,0.000137,0,5,1600,,,
2026-06-11T10:24:06.256,0.9569,23.56,1,0.000136,0,5,1600,,,
2026-06-11T10:24:06.756,0.9568,23.56,1,0.000138,0,5,1600,,,
2026-06-11T10:24:07.253,0.9568,23.56,2,0.000137,0,5,1600,,,
2026-06-11T10:24:07.756,0.9569,23.56,1,0.000137,0,5,1600,,,
2026-06-11T10:24:08.254,0.9569,23.56,1,0.000137,0,5,1600,,,
2026-06-11T10:24:08.752,0.9569,23.56,2,0.000136,0,5,1600,,,
2026-06-11T10:24:09.253,0.9569,23.56,1,0.000136,0,5,1600,,,
2026-06-11T10:24:09.751,0.9569,23.56,2,0.000137,0,5,1600,,,
2026-06-11T10:24:10.252,0.9569,23.56,1,0.000138,0,5,1600,,,
2026-06-11T10:24:10.758,0.9569,23.55,2,0.000137,0,5,1600,,,
2026-06-11T10:24:11.256,0.9569,23.56,1,0.000136,0,5,1600,,,
2026-06-11T10:24:11.756,0.9568,23.56,1,0.000136,0,5,1600,,,
2026-06-11T10:24:12.257,0.9568,23.56,2,0.000137,0,5,1600,,,
2026-06-11T10:24:12.757,0.957,23.56,1,0.000137,0,5,1600,,,
2026-06-11T10:24:13.257,0.9569,23.55,2,0.000137,0,5,1600,,,
2026-06-11T10:24:13.761,0.957,23.56,1,0.000137,0,5,1600,,,
2026-06-11T10:24:14.262,0.9569,23.55,1,0.000138,0,5,1600,,,
2026-06-11T10:24:14.761,0.9569,23.55,2,0.000136,0,5,1600,,,
2026-06-11T10:24:15.262,0.9569,23.56,1,0.000137,0,5,1600,,,
2026-06-11T10:24:15.764,0.9569,23.55,2,0.000138,0,5,1600,,,
2026-06-11T10:24:16.264,0.9569,23.56,1,0.000137,0,5,1600,,,
2026-06-11T10:24:16.754,0.9569,23.56,1,0.000136,0,5,1600,,,
2026-06-11T10:24:17.251,0.9569,23.56,2,0.000137,0,5,1600,,,
2026-06-11T10:24:17.756,0.9569,23.56,1,0.000137,0,5,1600,,,
2026-06-11T10:24:18.255,0.9569,23.55,2,0.000137,0,5,1600,,,
2026-06-11T10:24:18.758,0.9569,23.56,1,0.000137,0,5,1600,,,
2026-06-11T10:24:19.257,0.9569,23.55,1,0.000136,0,5,1600,,,
2026-06-11T10:24:19.758,0.9569,23.56,2,0.000137,0,5,1600,,,
2026-06-11T10:24:20.258,0.9569,23.55,1,0.000137,0,5,1600,,,
2026-06-11T10:24:20.759,0.9569,23.55,1,0.000137,0,5,1600,,,
2026-06-11T10:24:21.260,0.9568,23.56,2,0.000137,0,5,1600,,,
2026-06-11T10:24:21.757,0.957,23.55,1,0.000136,0,5,1600,,,
2026-06-11T10:24:22.255,0.9569,23.56,2,0.000137,0,5,1600,,,
2026-06-11T10:24:22.760,0.9569,23.55,1,0.000137,0,5,1600,,,
2026-06-11T10:24:23.250,0.9569,23.55,2,0.000136,0,5,1600,,,
2026-06-11T10:24:23.753,0.9569,23.56,1,0.000137,0,5,1600,,,
2026-06-11T10:24:24.255,0.9569,23.55,1,0.000136,0,5,1600,,,
2026-06-11T10:24:24.755,0.9569,23.56,2,0.000137,0,5,1600,,,
2026-06-11T10:24:25.254,0.9569,23.56,1,0.000137,0,5,1600,,,
2026-06-11T10:24:25.756,0.9569,23.55,1,0.000137,0,5,1600,,,
2026-06-11T10:24:26.257,0.9569,23.55,2,0.000137,0,5,1600,,,
2026-06-11T10:24:26.761,0.9569,23.56,1,0.000136,0,5,1600,,,
2026-06-11T10:24:27.261,0.9569,23.55,2,0.000137,0,5,1600,,,
2026-06-11T10:24:27.750,0.9569,23.56,1,0.000137,0,5,1600,,,
2026-06-11T10:24:28.266,0.9569,23.56,1,0.000137,0,5,1600,,,
2026-06-11T10:24:28.752,0.9569,23.56,2,0.000136,0,5,1600,,,
2026-06-11T10:24:29.253,0.9569,23.56,1,0.000136,0,5,1600,,,
2026-06-11T10:24:29.751,0.957,23.55,2,0.000137,0,5,1600,,,
2026-06-11T10:24:30.253,0.9569,23.55,1,0.000137,0,5,1600,,,
2026-06-11T10:24:30.753,0.9569,23.56,1,0.000137,0,5,1600,,,
2026-06-11T10:24:31.255,0.9569,23.55,2,0.000137,0,5,1600,,,
2026-06-11T10:24:31.759,0.9568,23.55,1,0.000137,0,5,1600,,,
2026-06-11T10:24:32.260,0.9569,23.56,2,0.000137,0,5,1600,,,
2026-06-11T10:24:32.762,0.957,23.55,1,0.000137,0,5,1600,,,
2026-06-11T10:24:33.261,0.957,23.55,1,0.000137,0,5,1600,,,
2026-06-11T10:24:33.763,0.9569,23.55,2,0.000137,0,5,1600,,,
2026-06-11T10:24:34.262,0.9568,23.55,1,0.000136,0,5,1600,,,
2026-06-11T10:24:34.764,0.9569,23.55,2,0.000136,0,5,1600,,,
2026-06-11T10:24:35.263,0.9569,23.56,1,0.000136,0,5,1600,,,
2026-06-11T10:24:35.761,0.9569,23.56,1,0.000137,0,5,1600,,,
2026-06-11T10:24:36.261,0.9569,23.56,2,0.000137,0,5,1600,,,
2026-06-11T10:24:36.750,0.957,23.55,1,0.000137,0,5,1600,,,
2026-06-11T10:24:37.250,0.957,23.56,1,0.000136,0,5,1600,,,
2026-06-11T10:24:37.765,0.9569,23.56,2,0.000137,0,5,1600,,,
2026-06-11T10:24:38.255,0.957,23.55,1,0.000137,0,5,1600,,,
2026-06-11T10:24:38.765,0.9569,23.55,2,0.000138,0,5,1600,,,
2026-06-11T10:24:39.251,0.9569,23.55,1,0.000137,0,5,1600,,,
2026-06-11T10:24:39.753,0.957,23.55,1,0.000138,0,5,1600,,,
2026-06-11T10:24:40.266,0.9569,23.55,2,0.000136,0,5,1600,,,
2026-06-11T10:24:40.752,0.957,23.55,1,0.000136,0,5,1600,,,
2026-06-11T10:24:41.251,0.9569,23.55,2,0.000137,0,5,1600,,,
2026-06-11T10:24:41.752,0.9569,23.55,1,0.000137,0,5,1600,,,
2026-06-11T10:24:42.252,0.9569,23.56,1,0.000138,0,5,1600,,,
2026-06-11T10:24:42.753,0.9569,23.55,2,0.000137,0,5,1600,,,
2026-06-11T10:24:43.254,0.957,23.56,1,0.000137,0,5,1600,,,
2026-06-11T10:24:43.758,0.9569,23.55,2,0.000137,0,5,1600,,,
2026-06-11T10:24:44.256,0.9569,23.55,1,0.000136,0,5,1600,,,
2026-06-11T10:24:44.757,0.957,23.55,1,0.000138,0,5,1600,,,
2026-06-11T10:24:45.259,0.9569,23.55,2,0.000137,0,5,1600,,,
2026-06-11T10:24:45.757,0.957,23.55,1,0.000137,0,5,1600,,,
2026-06-11T10:24:46.259,0.9569,23.55,2,0.000137,0,5,1600,,,
2026-06-11T10:24:46.759,0.957,23.55,1,0.000137,0,5,1600,,,
2026-06-11T10:24:47.264,0.9569,23.55,2,0.000137,0,5,1600,,,
2026-06-11T10:24:47.753,0.957,23.55,1,0.000137,0,5,1600,,,
2026-06-11T10:24:48.253,0.9569,23.56,1,0.000138,0,5,1600,,,
2026-06-11T10:24:48.754,0.9569,23.55,2,0.000136,0,5,1600,,,
2026-06-11T10:24:49.253,0.957,23.55,1,0.000137,0,5,1600,,,
2026-06-11T10:24:49.751,0.9569,23.55,1,0.000137,0,5,1600,,,
2026-06-11T10:24:50.254,0.9569,23.55,2,0.000137,0,5,1600,,,
2026-06-11T10:24:50.755,0.9569,23.56,1,0.000137,0,5,1600,,,
2026-06-11T10:24:51.255,0.9569,23.55,2,0.000137,0,5,1600,,,
2026-06-11T10:24:51.760,0.957,23.55,1,0.000136,0,5,1600,,,
2026-06-11T10:24:52.258,0.9569,23.55,2,0.000136,0,5,1600,,,
2026-06-11T10:24:52.764,0.957,23.56,1,0.000136,0,5,1600,,,
2026-06-11T10:24:53.264,0.9569,23.55,1,0.000137,0,5,1600,,,
2026-06-11T10:24:53.755,0.9569,23.55,2,0.000137,0,5,1600,,,
2026-06-11T10:24:54.254,0.9569,23.55,1,0.000137,0,5,1600,,,
2026-06-11T10:24:54.755,0.957,23.55,2,0.000138,0,5,1600,,,
2026-06-11T10:24:55.255,0.957,23.55,1,0.000137,0,5,1600,,,
2026-06-11T10:24:55.758,0.9569,23.55,1,0.000137,0,5,1600,,,
2026-06-11T10:24:56.261,0.9569,23.55,2,0.000137,0,5,1600,,,
2026-06-11T10:24:56.764,0.957,23.56,1,0.000137,0,5,1600,,,
2026-06-11T10:24:57.261,0.9569,23.55,2,0.000137,0,5,1600,,,
2026-06-11T10:24:57.762,0.957,23.55,1,0.000138,0,5,1600,,,
2026-06-11T10:24:58.259,0.9569,23.56,1,0.000137,0,5,1600,,,
2026-06-11T10:24:58.761,0.9569,23.55,2,0.000138,0,5,1600,,,
2026-06-11T10:24:59.259,0.9569,23.55,1,0.000137,0,5,1600,,,
2026-06-11T10:24:59.761,0.957,23.55,2,0.000136,0,5,1600,,,
2026-06-11T10:25:00.261,0.957,23.55,1,0.000137,0,5,1600,,,
2026-06-11T10:25:00.762,0.957,23.55,1,0.000137,0,5,1600,,,
2026-06-11T10:25:01.266,0.9569,23.55,2,0.000136,0,5,1600,,,
2026-06-11T10:25:01.752,0.957,23.56,1,0.000137,0,5,1600,,,
2026-06-11T10:25:02.254,0.9569,23.55,1,0.000137,0,5,1600,,,
2026-06-11T10:25:02.757,0.9569,23.55,2,0.000137,0,5,1600,,,
2026-06-11T10:25:03.255,0.9569,23.55,1,0.000137,0,5,1600,,,
2026-06-11T10:25:03.755,0.9569,23.56,2,0.000136,0,5,1600,,,
2026-06-11T10:25:04.256,0.957,23.55,1,0.000137,0,5,1600,,,
2026-06-11T10:25:04.756,0.957,23.56,1,0.000136,0,5,1600,,,
2026-06-11T10:25:05.254,0.9569,23.55,2,0.000138,0,5,1600,,,
2026-06-11T10:25:05.757,0.957,23.55,1,0.000137,0,5,1600,,,
2026-06-11T10:25:06.256,0.957,23.55,2,0.000137,0,5,1600,,,
2026-06-11T10:25:06.757,0.957,23.55,1,0.000137,0,5,1600,,,
2026-06-11T10:25:07.256,0.957,23.55,1,0.000137,0,5,1600,,,
2026-06-11T10:25:07.759,0.957,23.55,2,0.000137,0,5,1600,,,
2026-06-11T10:25:08.259,0.957,23.55,1,0.000136,0,5,1600,,,
2026-06-11T10:25:08.763,0.957,23.55,2,0.000136,0,5,1600,,,
2026-06-11T10:25:09.254,0.957,23.55,1,0.000136,0,5,1600,,,
2026-06-11T10:25:09.757,0.957,23.55,2,0.000137,0,5,1600,,,
2026-06-11T10:25:10.261,0.957,23.55,1,0.000138,0,5,1600,,,
2026-06-11T10:25:10.760,0.957,23.55,1,0.000136,0,5,1600,,,
2026-06-11T10:25:11.260,0.9569,23.55,2,0.000137,0,5,1600,,,
2026-06-11T10:25:11.761,0.957,23.55,1,0.000136,0,5,1600,,,
2026-06-11T10:25:12.258,0.9569,23.55,1,0.000137,0,5,1600,,,
2026-06-11T10:25:12.761,0.9569,23.55,2,0.000137,0,5,1600,,,
2026-06-11T10:25:13.260,0.957,23.55,1,0.000137,0,5,1600,,,
2026-06-11T10:25:13.759,0.9569,23.55,2,0.000138,0,5,1600,,,
2026-06-11T10:25:14.261,0.957,23.56,1,0.000137,0,5,1600,,,
2026-06-11T10:25:14.760,0.957,23.55,1,0.000139,0,5,1600,,,
2026-06-11T10:25:15.260,0.957,23.55,2,0.000137,0,5,1600,,,
2026-06-11T10:25:15.756,0.957,23.55,1,0.000138,0,5,1600,,,
2026-06-11T10:25:16.260,0.957,23.55,2,0.000136,0,5,1600,,,
2026-06-11T10:25:16.758,0.957,23.55,1,0.000138,0,5,1600,,,
2026-06-11T10:25:17.257,0.957,23.55,1,0.000137,0,5,1600,,,
2026-06-11T10:25:17.756,0.9569,23.55,2,0.000138,0,5,1600,,,
2026-06-11T10:25:18.255,0.9569,23.55,1,0.000138,0,5,1600,,,
2026-06-11T10:25:18.756,0.957,23.55,2,0.000137,0,5,1600,,,
2026-06-11T10:25:19.254,0.957,23.55,1,0.000138,0,5,1600,,,
2026-06-11T10:25:19.759,0.957,23.56,1,0.000137,0,5,1600,,,
2026-06-11T10:25:20.256,0.957,23.56,2,0.000138,0,5,1600,,,
2026-06-11T10:25:20.754,0.957,23.56,1,0.000138,0,5,1600,,,
2026-06-11T10:25:21.254,0.957,23.56,1,0.000138,0,5,1600,,,
2026-06-11T10:25:21.754,0.957,23.55,2,0.000138,0,5,1600,,,
2026-06-11T10:25:22.253,0.957,23.56,1,0.000137,0,5,1600,,,
2026-06-11T10:25:22.764,0.957,23.55,2,0.000136,0,5,1600,,,
2026-06-11T10:25:23.265,0.957,23.56,1,0.000138,0,5,1600,,,
2026-06-11T10:25:23.764,0.957,23.56,2,0.000136,0,5,1600,,,
2026-06-11T10:25:24.263,0.957,23.56,1,0.000137,0,5,1600,,,
2026-06-11T10:25:24.752,0.957,23.56,1,0.000137,0,5,1600,,,
2026-06-11T10:25:25.254,0.957,23.56,2,0.000137,0,5,1600,,,
2026-06-11T10:25:25.756,0.957,23.55,1,0.000137,0,5,1600,,,
2026-06-11T10:25:26.253,0.9571,23.56,1,0.000138,0,5,1600,,,
2026-06-11T10:25:26.755,0.957,23.55,2,0.000137,0,5,1600,,,
2026-06-11T10:25:27.255,0.957,23.55,1,0.000137,0,5,1600,,,
2026-06-11T10:25:27.754,0.957,23.55,2,0.000137,0,5,1600,,,
2026-06-11T10:25:28.254,0.957,23.56,1,0.000137,0,5,1600,,,
2026-06-11T10:25:28.754,0.957,23.56,1,0.000137,0,5,1600,,,
2026-06-11T10:25:29.257,0.957,23.55,2,0.000136,0,5,1600,,,
2026-06-11T10:25:29.759,0.957,23.55,1,0.000136,0,5,1600,,,
2026-06-11T10:25:30.259,0.957,23.55,2,0.000137,0,5,1600,,,
2026-06-11T10:25:30.761,0.957,23.56,1,0.000137,0,5,1600,,,
2026-06-11T10:25:31.262,0.957,23.55,1,0.000138,0,5,1600,,,
2026-06-11T10:25:31.761,0.957,23.55,2,0.000136,0,5,1600,,,
2026-06-11T10:25:32.263,0.957,23.55,1,0.000137,0,5,1600,,,
2026-06-11T10:25:32.755,0.957,23.55,2,0.000138,0,5,1600,,,
2026-06-11T10:25:33.251,0.957,23.55,1,0.000138,0,5,1600,,,
2026-06-11T10:25:33.765,0.957,23.56,2,0.000138,0,5,1600,,,
2026-06-11T10:25:34.252,0.9569,23.55,1,0.000137,0,5,1600,,,
2026-06-11T10:25:34.755,0.9569,23.55,1,0.000137,0,5,1600,,,
2026-06-11T10:25:35.256,0.9569,23.56,2,0.000138,0,5,1600,,,
2026-06-11T10:25:35.755,0.9569,23.55,1,0.000138,0,5,1600,,,
2026-06-11T10:25:36.253,0.9569,23.55,1,0.000138,0,5,1600,,,
2026-06-11T10:25:36.758,0.957,23.55,2,0.000137,0,5,1600,,,
2026-06-11T10:25:37.260,0.957,23.56,1,0.000137,0,5,1600,,,
2026-06-11T10:25:37.762,0.957,23.56,2,0.000137,0,5,1600,,,
2026-06-11T10:25:38.263,0.957,23.56,1,0.000139,0,5,1600,,,
2026-06-11T10:25:38.764,0.957,23.56,1,0.000137,0,5,1600,,,
2026-06-11T10:25:39.253,0.957,23.55,2,0.000137,0,5,1600,,,
2026-06-11T10:25:39.758,0.957,23.55,1,0.000139,0,5,1600,,,
2026-06-11T10:25:40.255,0.9569,23.56,2,0.000137,0,5,1600,,,
2026-06-11T10:25:40.758,0.957,23.56,1,0.000137,0,5,1600,,,
2026-06-11T10:25:41.259,0.957,23.55,1,0.000138,0,5,1600,,,
2026-06-11T10:25:41.761,0.957,23.55,2,0.000137,0,5,1600,,,
2026-06-11T10:25:42.258,0.957,23.55,1,0.000137,0,5,1600,,,
2026-06-11T10:25:42.759,0.957,23.55,2,0.000137,0,5,1600,,,
2026-06-11T10:25:43.259,0.957,23.56,1,0.000137,0,5,1600,,,
2026-06-11T10:25:43.759,0.957,23.55,1,0.000137,0,5,1600,,,
2026-06-11T10:25:44.257,0.957,23.55,2,0.000137,0,5,1600,,,
2026-06-11T10:25:44.759,0.9571,23.56,1,0.000139,0,5,1600,,,
2026-06-11T10:25:45.258,0.957,23.56,2,0.000136,0,5,1600,,,
2026-06-11T10:25:45.760,0.957,23.56,1,0.000137,0,5,1600,,,
2026-06-11T10:25:46.258,0.9571,23.56,1,0.000136,0,5,1600,,,
2026-06-11T10:25:46.758,0.957,23.55,2,0.000139,0,5,1600,,,
2026-06-11T10:25:47.255,0.957,23.55,1,0.000137,0,5,1600,,,
2026-06-11T10:25:47.762,0.957,23.56,2,0.000137,0,5,1600,,,
2026-06-11T10:25:48.260,0.9571,23.56,1,0.000138,0,5,1600,,,
2026-06-11T10:25:48.759,0.957,23.56,1,0.000137,0,5,1600,,,
2026-06-11T10:25:49.262,0.957,23.56,2,0.000136,0,5,1600,,,
2026-06-11T10:25:49.763,0.957,23.56,1,0.000138,0,5,1600,,,
2026-06-11T10:25:50.262,0.957,23.56,2,0.000137,0,5,1600,,,
2026-06-11T10:25:50.763,0.957,23.56,1,0.000138,0,5,1600,,,
2026-06-11T10:25:51.260,0.9571,23.55,1,0.000137,0,5,1600,,,
2026-06-11T10:25:51.761,0.9571,23.56,2,0.000137,0,5,1600,,,
2026-06-11T10:25:52.258,0.957,23.56,1,0.000137,0,5,1600,,,
2026-06-11T10:25:52.761,0.9571,23.56,1,0.000137,0,5,1600,,,
2026-06-11T10:25:53.261,0.957,23.56,2,0.000138,0,5,1600,,,
2026-06-11T10:25:53.762,0.9571,23.56,1,0.000138,0,5,1600,,,
2026-06-11T10:25:54.262,0.957,23.56,2,0.000138,0,5,1600,,,
2026-06-11T10:25:54.762,0.957,23.55,1,0.000137,0,5,1600,,,
2026-06-11T10:25:55.251,0.957,23.56,1,0.000137,0,5,1600,,,
2026-06-11T10:25:55.754,0.957,23.56,2,0.000138,0,5,1600,,,
2026-06-11T10:25:56.254,0.9571,23.56,1,0.000137,0,5,1600,,,
2026-06-11T10:25:56.752,0.957,23.56,2,0.000138,0,5,1600,,,
2026-06-11T10:25:57.251,0.9571,23.56,1,0.000138,0,5,1600,,,
2026-06-11T10:25:57.751,0.9571,23.55,2,0.000138,0,5,1600,,,
2026-06-11T10:25:58.254,0.9571,23.56,1,0.000137,0,5,1600,,,
2026-06-11T10:25:58.757,0.957,23.56,1,0.000137,0,5,1600,,,
2026-06-11T10:25:59.260,0.957,23.56,2,0.000137,0,5,1600,,,
2026-06-11T10:25:59.761,0.957,23.56,1,0.000137,0,5,1600,,,
2026-06-11T10:26:00.260,0.9571,23.56,2,0.000137,0,5,1600,,,
2026-06-11T10:26:00.761,0.9571,23.55,1,0.000137,0,5,1600,,,
2026-06-11T10:26:01.264,0.957,23.56,2,0.000137,0,5,1600,,,
2026-06-11T10:26:01.763,0.957,23.56,1,0.000138,0,5,1600,,,
2026-06-11T10:26:02.265,0.9571,23.56,1,0.000137,0,5,1600,,,
2026-06-11T10:26:02.751,0.957,23.56,2,0.000136,0,5,1600,,,
2026-06-11T10:26:03.264,0.957,23.56,1,0.000137,0,5,1600,,,
2026-06-11T10:26:03.752,0.957,23.56,1,0.000137,0,5,1600,,,
2026-06-11T10:26:04.256,0.9571,23.56,2,0.000137,0,5,1600,,,
2026-06-11T10:26:04.757,0.9571,23.55,1,0.000137,0,5,1600,,,
2026-06-11T10:26:05.260,0.957,23.56,2,0.000137,0,5,1600,,,
2026-06-11T10:26:05.758,0.957,23.56,1,0.000136,0,5,1600,,,
2026-06-11T10:26:06.262,0.957,23.56,2,0.000138,0,5,1600,,,
2026-06-11T10:26:06.763,0.957,23.56,1,0.000138,0,5,1600,,,
2026-06-11T10:26:07.261,0.9571,23.56,1,0.000138,0,5,1600,,,
2026-06-11T10:26:07.761,0.957,23.56,2,0.000137,0,5,1600,,,
2026-06-11T10:26:08.258,0.9571,23.56,1,0.000138,0,5,1600,,,
2026-06-11T10:26:08.764,0.9571,23.56,2,0.000138,0,5,1600,,,
2026-06-11T10:26:09.263,0.9571,23.56,1,0.000138,0,5,1600,,,
2026-06-11T10:26:09.761,0.957,23.56,1,0.000137,0,5,1600,,,
2026-06-11T10:26:10.261,0.9571,23.56,2,0.000138,0,5,1600,,,
2026-06-11T10:26:10.762,0.9571,23.56,1,0.000137,0,5,1600,,,
2026-06-11T10:26:11.261,0.9571,23.56,2,0.000138,0,5,1600,,,
2026-06-11T10:26:11.761,0.9571,23.56,1,0.000137,0,5,1600,,,
2026-06-11T10:26:12.264,0.9571,23.56,1,0.000138,0,5,1600,,,
2026-06-11T10:26:12.751,0.9571,23.56,2,0.000137,0,5,1600,,,
2026-06-11T10:26:13.262,0.9571,23.56,1,0.000138,0,5,1600,,,
2026-06-11T10:26:13.762,0.957,23.56,2,0.000137,0,5,1600,,,
2026-06-11T10:26:14.261,0.957,23.56,1,0.000137,0,5,1600,,,
2026-06-11T10:26:14.761,0.9571,23.56,1,0.000138,0,5,1600,,,
2026-06-11T10:26:15.261,0.957,23.56,2,0.000137,0,5,1600,,,
2026-06-11T10:26:15.758,0.9571,23.56,1,0.000138,0,5,1600,,,
2026-06-11T10:26:16.256,0.957,23.56,2,0.000138,0,5,1600,,,
2026-06-11T10:26:16.757,0.9571,23.56,1,0.000136,0,5,1600,,,
2026-06-11T10:26:17.255,0.9571,23.56,1,0.000136,0,5,1600,,,
2026-06-11T10:26:17.758,0.9571,23.56,2,0.000137,0,5,1600,,,
2026-06-11T10:26:18.254,0.9571,23.56,1,0.000137,0,5,1600,,,
2026-06-11T10:26:18.754,0.9571,23.56,1,0.000137,0,5,1600,,,
2026-06-11T10:26:19.252,0.9571,23.56,2,0.000137,0,5,1600,,,
2026-06-11T10:26:19.753,0.9571,23.56,1,0.000138,0,5,1600,,,
2026-06-11T10:26:20.252,0.9571,23.56,2,0.000137,0,5,1600,,,
2026-06-11T10:26:20.764,0.9571,23.56,1,0.000138,0,5,1600,,,
2026-06-11T10:26:21.261,0.957,23.56,1,0.000137,0,5,1600,,,
2026-06-11T10:26:21.762,0.9571,23.56,2,0.000138,0,5,1600,,,
2026-06-11T10:26:22.261,0.9571,23.56,1,0.000137,0,5,1600,,,
2026-06-11T10:26:22.761,0.9571,23.56,2,0.000138,0,5,1600,,,
2026-06-11T10:26:23.260,0.9571,23.56,1,0.000137,0,5,1600,,,
2026-06-11T10:26:23.761,0.9571,23.56,1,0.000137,0,5,1600,,,
2026-06-11T10:26:24.260,0.957,23.56,2,0.000137,0,5,1600,,,
2026-06-11T10:26:24.763,0.9571,23.56,1,0.000137,0,5,1600,,,
2026-06-11T10:26:25.252,0.9571,23.56,1,0.000137,0,5,1600,,,
2026-06-11T10:26:25.753,0.957,23.56,2,0.000138,0,5,1600,,,
2026-06-11T10:26:26.252,0.9571,23.56,1,0.000137,0,5,1600,,,
2026-06-11T10:26:26.752,0.9571,23.56,2,0.000137,0,5,1600,,,
2026-06-11T10:26:27.262,0.9571,23.56,1,0.000137,0,5,1600,,,
2026-06-11T10:26:27.764,0.9571,23.56,2,0.000138,0,5,1600,,,
2026-06-11T10:26:28.260,0.9571,23.56,1,0.000138,0,5,1600,,,
2026-06-11T10:26:28.767,0.9571,23.56,1,0.000137,0,5,1600,,,
2026-06-11T10:26:29.251,0.957,23.56,2,0.000137,0,5,1600,,,
2026-06-11T10:26:29.754,0.9571,23.56,1,0.000137,0,5,1600,,,
2026-06-11T10:26:30.252,0.9571,23.56,2,0.000138,0,5,1600,,,
2026-06-11T10:26:30.765,0.9571,23.56,1,0.000138,0,5,1600,,,
2026-06-11T10:26:31.265,0.9571,23.56,1,0.000138,0,5,1600,,,
2026-06-11T10:26:31.765,0.9571,23.56,2,0.000137,0,5,1600,,,
2026-06-11T10:26:32.251,0.9571,23.56,1,0.000136,0,5,1600,,,
2026-06-11T10:26:32.756,0.9571,23.56,1,0.000138,0,5,1600,,,
2026-06-11T10:26:33.257,0.9571,23.56,2,0.000138,0,5,1600,,,
2026-06-11T10:26:33.760,0.9571,23.56,1,0.000137,0,5,1600,,,
2026-06-11T10:26:34.258,0.9571,23.56,2,0.000137,0,5,1600,,,
2026-06-11T10:26:34.761,0.9571,23.56,1,0.000138,0,5,1600,,,
2026-06-11T10:26:35.262,0.9572,23.56,1,0.000138,0,5,1600,,,
2026-06-11T10:26:35.762,0.9571,23.56,2,0.000138,0,5,1600,,,
2026-06-11T10:26:36.260,0.9571,23.56,1,0.000137,0,5,1600,,,
2026-06-11T10:26:36.761,0.9572,23.56,2,0.000137,0,5,1600,,,
2026-06-11T10:26:37.262,0.9571,23.56,1,0.000137,0,5,1600,,,
2026-06-11T10:26:37.765,0.9571,23.56,2,0.000138,0,5,1600,,,
2026-06-11T10:26:38.252,0.9571,23.56,1,0.000138,0,5,1600,,,
2026-06-11T10:26:38.765,0.9571,23.56,1,0.000138,0,5,1600,,,
2026-06-11T10:26:39.253,0.9571,23.56,2,0.000137,0,5,1600,,,
2026-06-11T10:26:39.756,0.9571,23.56,1,0.000138,0,5,1600,,,
2026-06-11T10:26:40.253,0.9571,23.56,1,0.000137,0,5,1600,,,
2026-06-11T10:26:40.757,0.9572,23.56,2,0.000138,0,5,1600,,,
2026-06-11T10:26:41.257,0.9572,23.56,1,0.000138,0,5,1600,,,
2026-06-11T10:26:41.757,0.9571,23.56,2,0.000137,0,5,1600,,,
2026-06-11T10:26:42.255,0.9571,23.56,1,0.000137,0,5,1600,,,
2026-06-11T10:26:42.753,0.9572,23.56,1,0.000137,0,5,1600,,,
2026-06-11T10:26:43.258,0.9571,23.56,2,0.000138,0,5,1600,,,
2026-06-11T10:26:43.760,0.9572,23.56,1,0.000138,0,5,1600,,,
2026-06-11T10:26:44.260,0.9571,23.56,2,0.000137,0,5,1600,,,
2026-06-11T10:26:44.757,0.9572,23.56,1,0.000137,0,5,1600,,,
2026-06-11T10:26:45.255,0.9571,23.56,2,0.000137,0,5,1600,,,
2026-06-11T10:26:45.761,0.9571,23.56,1,0.000138,0,5,1600,,,
2026-06-11T10:26:46.261,0.9572,23.56,1,0.000138,0,5,1600,,,
2026-06-11T10:26:46.763,0.9571,23.56,2,0.000137,0,5,1600,,,
2026-06-11T10:26:47.264,0.9572,23.56,1,0.000137,0,5,1600,,,
2026-06-11T10:26:47.763,0.9571,23.56,2,0.000137,0,5,1600,,,
2026-06-11T10:26:48.263,0.9571,23.56,1,0.000137,0,5,1600,,,
2026-06-11T10:26:48.765,0.9571,23.56,1,0.000138,0,5,1600,,,
2026-06-11T10:26:49.260,0.9572,23.56,2,0.000138,0,5,1600,,,
2026-06-11T10:26:49.764,0.9572,23.56,1,0.000139,0,5,1600,,,
2026-06-11T10:26:50.262,0.9571,23.56,2,0.000137,0,5,1600,,,
2026-06-11T10:26:50.762,0.9571,23.56,1,0.000137,0,5,1600,,,
2026-06-11T10:26:51.262,0.9572,23.56,1,0.000137,0,5,1600,,,
2026-06-11T10:26:51.765,0.9571,23.56,2,0.000137,0,5,1600,,,
2026-06-11T10:26:52.266,0.9571,23.56,1,0.000138,0,5,1600,,,
2026-06-11T10:26:52.754,0.9571,23.56,2,0.000138,0,5,1600,,,
2026-06-11T10:26:53.252,0.9571,23.56,1,0.000138,0,5,1600,,,
2026-06-11T10:26:53.761,0.9571,23.56,1,0.000137,0,5,1600,,,
2026-06-11T10:26:54.262,0.9572,23.56,2,0.000138,0,5,1600,,,
2026-06-11T10:26:54.764,0.9571,23.56,1,0.000136,0,5,1600,,,
2026-06-11T10:26:55.266,0.9572,23.56,2,0.000137,0,5,1600,,,
2026-06-11T10:26:55.753,0.9571,23.56,1,0.000139,0,5,1600,,,
2026-06-11T10:26:56.253,0.9572,23.56,1,0.000138,0,5,1600,,,
2026-06-11T10:26:56.757,0.9571,23.56,2,0.000137,0,5,1600,,,
2026-06-11T10:26:57.259,0.9572,23.56,1,0.000137,0,5,1600,,,
2026-06-11T10:26:57.761,0.9572,23.56,2,0.000137,0,5,1600,,,
2026-06-11T10:26:58.259,0.9572,23.56,1,0.000137,0,5,1600,,,
2026-06-11T10:26:58.761,0.9572,23.57,1,0.000137,0,5,1600,,,
2026-06-11T10:26:59.259,0.9571,23.56,2,0.000137,0,5,1600,,,
2026-06-11T10:26:59.760,0.9571,23.56,1,0.000138,0,5,1600,,,
2026-06-11T10:27:00.259,0.9571,23.56,1,0.000137,0,5,1600,,,
2026-06-11T10:27:00.759,0.9572,23.56,2,0.000137,0,5,1600,,,
2026-06-11T10:27:01.260,0.9572,23.57,1,0.000136,0,5,1600,,,
2026-06-11T10:27:01.751,0.9571,23.56,2,0.000138,0,5,1600,,,
2026-06-11T10:27:02.255,0.9572,23.56,1,0.000137,0,5,1600,,,
2026-06-11T10:27:02.758,0.9572,23.56,1,0.000138,0,5,1600,,,
2026-06-11T10:27:03.262,0.9572,23.56,2,0.000138,0,5,1600,,,
2026-06-11T10:27:03.750,0.9571,23.57,1,0.000136,0,5,1600,,,
2026-06-11T10:27:04.251,0.9572,23.57,1,0.000137,0,5,1600,,,
2026-06-11T10:27:04.754,0.9572,23.56,2,0.000137,0,5,1600,,,
2026-06-11T10:27:05.257,0.9571,23.56,1,0.000138,0,5,1600,,,
2026-06-11T10:27:05.760,0.9572,23.56,2,0.000138,0,5,1600,,,
2026-06-11T10:27:06.255,0.9572,23.56,1,0.000136,0,5,1600,,,
2026-06-11T10:27:06.760,0.9573,23.56,2,0.000137,0,5,1600,,,
2026-06-11T10:27:07.262,0.9572,23.57,1,0.000137,0,5,1600,,,
2026-06-11T10:27:07.765,0.9572,23.57,1,0.000137,0,5,1600,,,
2026-06-11T10:27:08.262,0.9573,23.57,2,0.000137,0,5,1600,,,
2026-06-11T10:27:08.752,0.9572,23.57,1,0.000137,0,5,1600,,,
2026-06-11T10:27:09.251,0.9572,23.56,2,0.000137,0,5,1600,,,
2026-06-11T10:27:09.752,0.9573,23.56,1,0.000138,0,5,1600,,,
2026-06-11T10:27:10.252,0.9572,23.57,1,0.000139,0,5,1600,,,
2026-06-11T10:27:10.751,0.9573,23.57,2,0.000138,0,5,1600,,,
2026-06-11T10:27:11.253,0.9573,23.57,1,0.000138,0,5,1600,,,
2026-06-11T10:27:11.756,0.9573,23.56,2,0.000137,0,5,1600,,,
2026-06-11T10:27:12.259,0.9573,23.57,1,0.000138,0,5,1600,,,
2026-06-11T10:27:12.761,0.9573,23.57,1,0.000137,0,5,1600,,,
2026-06-11T10:27:13.263,0.9573,23.56,2,0.000136,0,5,1600,,,
2026-06-11T10:27:13.751,0.9573,23.57,1,0.000138,0,5,1600,,,
2026-06-11T10:27:14.265,0.9573,23.57,1,0.000137,0,5,1600,,,
2026-06-11T10:27:14.751,0.9572,23.56,2,0.000138,0,5,1600,,,
2026-06-11T10:27:15.264,0.9573,23.57,1,0.000137,0,5,1600,,,
2026-06-11T10:27:15.765,0.9573,23.57,2,0.000137,0,5,1600,,,
2026-06-11T10:27:16.253,0.9572,23.57,1,0.000138,0,5,1600,,,
2026-06-11T10:27:16.754,0.9572,23.56,1,0.000138,0,5,1600,,,
2026-06-11T10:27:17.256,0.9572,23.57,2,0.000138,0,5,1600,,,
2026-06-11T10:27:17.759,0.9573,23.57,1,0.000138,0,5,1600,,,
2026-06-11T10:27:18.257,0.9573,23.57,2,0.000137,0,5,1600,,,
2026-06-11T10:27:18.758,0.9573,23.57,1,0.000137,0,5,1600,,,
2026-06-11T10:27:19.254,0.9573,23.57,1,0.000137,0,5,1600,,,
2026-06-11T10:27:19.756,0.9573,23.57,2,0.000138,0,5,1600,,,
2026-06-11T10:27:20.256,0.9573,23.57,1,0.000137,0,5,1600,,,
2026-06-11T10:27:20.754,0.9573,23.57,2,0.000138,0,5,1600,,,
2026-06-11T10:27:21.253,0.9572,23.57,1,0.000137,0,5,1600,,,
2026-06-11T10:27:21.763,0.9573,23.57,2,0.000138,0,5,1600,,,
2026-06-11T10:27:22.252,0.9572,23.57,1,0.000138,0,5,1600,,,
2026-06-11T10:27:22.754,0.9573,23.57,1,0.000136,0,5,1600,,,
2026-06-11T10:27:23.255,0.9572,23.57,2,0.000138,0,5,1600,,,
2026-06-11T10:27:23.752,0.9572,23.57,1,0.000137,0,5,1600,,,
2026-06-11T10:27:24.251,0.9573,23.57,1,0.000138,0,5,1600,,,
2026-06-11T10:27:24.763,0.9573,23.57,2,0.000137,0,5,1600,,,
2026-06-11T10:27:25.262,0.9572,23.57,1,0.000138,0,5,1600,,,
2026-06-11T10:27:25.765,0.9573,23.57,2,0.000137,0,5,1600,,,
2026-06-11T10:27:26.264,0.9573,23.57,1,0.000138,0,5,1600,,,
2026-06-11T10:27:26.752,0.9573,23.57,2,0.000142,1,6,1600,2026-06-11T10:27:26.615427,1600,1
2026-06-11T10:27:27.254,0.9571,23.57,1,0.000139,0,6,1600,,,
2026-06-11T10:27:27.755,0.957,23.57,1,0.000138,0,6,1600,,,
2026-06-11T10:27:28.250,0.957,23.57,2,0.000137,0,6,1600,,,
2026-06-11T10:27:28.766,0.957,23.57,1,0.000138,0,6,1600,,,
2026-06-11T10:27:29.262,0.9571,23.57,1,0.000137,0,6,1600,,,
2026-06-11T10:27:29.750,0.957,23.57,2,0.000138,0,6,1600,,,
2026-06-11T10:27:30.261,0.957,23.57,1,0.000137,0,6,1600,,,
2026-06-11T10:27:30.764,0.957,23.57,2,0.000137,0,6,1600,,,
2026-06-11T10:27:31.262,0.9571,23.57,1,0.000137,0,6,1600,,,
2026-06-11T10:27:31.760,0.957,23.57,2,0.000137,0,6,1600,,,
2026-06-11T10:27:32.258,0.9571,23.57,1,0.000137,0,6,1600,,,
2026-06-11T10:27:32.756,0.957,23.57,1,0.000137,0,6,1600,,,
2026-06-11T10:27:33.246,0.957,23.57,2,0.000137,0,6,1600,,,
2026-06-11T10:27:33.765,0.957,23.57,1,0.000137,0,6,1600,,,
2026-06-11T10:27:34.263,0.9571,23.57,2,0.000136,0,6,1600,,,
2026-06-11T10:27:34.762,0.9571,23.57,1,0.000138,0,6,1600,,,
2026-06-11T10:27:35.263,0.9571,23.57,1,0.000138,0,6,1600,,,
2026-06-11T10:27:35.761,0.957,23.57,2,0.000138,0,6,1600,,,
2026-06-11T10:27:36.262,0.957,23.57,1,0.000137,0,6,1600,,,
2026-06-11T10:27:36.764,0.957,23.57,2,0.000137,0,6,1600,,,
2026-06-11T10:27:37.265,0.9572,23.57,1,0.000137,0,6,1600,,,
2026-06-11T10:27:37.762,0.957,23.57,1,0.000136,0,6,1600,,,
2026-06-11T10:27:38.262,0.9571,23.57,2,0.000137,0,6,1600,,,
2026-06-11T10:27:38.760,0.957,23.57,1,0.000137,0,6,1600,,,
2026-06-11T10:27:39.258,0.957,23.57,1,0.000138,0,6,1600,,,
2026-06-11T10:27:39.754,0.9571,23.57,2,0.000138,0,6,1600,,,
2026-06-11T10:27:40.251,0.957,23.57,1,0.000139,0,6,1600,,,
2026-06-11T10:27:40.757,0.9571,23.57,2,0.000137,0,6,1600,,,
2026-06-11T10:27:41.258,0.9571,23.57,1,0.000137,0,6,1600,,,
2026-06-11T10:27:41.763,0.9571,23.57,1,0.000138,0,6,1600,,,
2026-06-11T10:27:42.261,0.9571,23.57,2,0.000137,0,6,1600,,,
2026-06-11T10:27:42.758,0.9571,23.57,1,0.000138,0,6,1600,,,
2026-06-11T10:27:43.255,0.9571,23.57,2,0.000137,0,6,1600,,,
2026-06-11T10:27:43.757,0.9571,23.57,1,0.000138,0,6,1600,,,
2026-06-11T10:27:44.254,0.9572,23.57,1,0.000137,0,6,1600,,,
2026-06-11T10:27:44.754,0.9571,23.57,2,0.000138,0,6,1600,,,
2026-06-11T10:27:45.252,0.9571,23.57,1,0.000136,0,6,1600,,,
2026-06-11T10:27:45.757,0.957,23.57,2,0.000137,0,6,1600,,,
2026-06-11T10:27:46.258,0.957,23.57,1,0.000138,0,6,1600,,,
2026-06-11T10:27:46.756,0.9571,23.57,1,0.000137,0,6,1600,,,
2026-06-11T10:27:47.260,0.9571,23.57,2,0.000137,0,6,1600,,,
2026-06-11T10:27:47.762,0.9571,23.57,1,0.000137,0,6,1600,,,
2026-06-11T10:27:48.259,0.9571,23.57,2,0.000137,0,6,1600,,,
2026-06-11T10:27:48.759,0.9571,23.57,1,0.000137,0,6,1600,,,
2026-06-11T10:27:49.261,0.9571,23.57,1,0.000137,0,6,1600,,,
2026-06-11T10:27:49.761,0.9571,23.57,2,0.000138,0,6,1600,,,
2026-06-11T10:27:50.260,0.9571,23.57,1,0.000136,0,6,1600,,,
2026-06-11T10:27:50.758,0.957,23.57,2,0.000137,0,6,1600,,,
2026-06-11T10:27:51.258,0.9571,23.57,1,0.000137,0,6,1600,,,
2026-06-11T10:27:51.756,0.9571,23.57,1,0.000137,0,6,1600,,,
2026-06-11T10:27:52.253,0.9571,23.57,2,0.000138,0,6,1600,,,
2026-06-11T10:27:52.750,0.9571,23.57,1,0.000136,0,6,1600,,,
2026-06-11T10:27:53.253,0.9571,23.57,2,0.000138,0,6,1600,,,
2026-06-11T10:27:53.750,0.9572,23.57,1,0.000138,0,6,1600,,,
2026-06-11T10:27:54.266,0.9571,23.57,1,0.000138,0,6,1600,,,
2026-06-11T10:27:54.761,0.9571,23.57,2,0.000138,0,6,1600,,,
2026-06-11T10:27:55.260,0.957,23.57,1,0.000139,0,6,1600,,,
2026-06-11T10:27:55.759,0.9571,23.57,2,0.000137,0,6,1600,,,
2026-06-11T10:27:56.261,0.9571,23.57,1,0.000137,0,6,1600,,,
2026-06-11T10:27:56.760,0.9571,23.57,1,0.000136,0,6,1600,,,
2026-06-11T10:27:57.258,0.9571,23.57,2,0.000136,0,6,1600,,,
2026-06-11T10:27:57.759,0.9571,23.57,1,0.000137,0,6,1600,,,
2026-06-11T10:27:58.259,0.9571,23.57,2,0.000138,0,6,1600,,,
2026-06-11T10:27:58.762,0.9571,23.57,1,0.000138,0,6,1600,,,
2026-06-11T10:27:59.264,0.957,23.57,1,0.000137,0,6,1600,,,
2026-06-11T10:27:59.764,0.9571,23.57,2,0.000137,0,6,1600,,,
2026-06-11T10:28:00.260,0.957,23.57,1,0.000137,0,6,1600,,,
2026-06-11T10:28:00.764,0.9571,23.57,2,0.000137,0,6,1600,,,
2026-06-11T10:28:01.259,0.9571,23.57,1,0.000138,0,6,1600,,,
2026-06-11T10:28:01.761,0.9571,23.57,1,0.000138,0,6,1600,,,
2026-06-11T10:28:02.261,0.9571,23.57,2,0.000138,0,6,1600,,,
2026-06-11T10:28:02.750,0.957,23.57,1,0.000137,0,6,1600,,,
2026-06-11T10:28:03.263,0.9571,23.57,2,0.000138,0,6,1600,,,
2026-06-11T10:28:03.751,0.9571,23.58,1,0.000137,0,6,1600,,,
2026-06-11T10:28:04.252,0.957,23.57,1,0.000137,0,6,1600,,,
2026-06-11T10:28:04.754,0.9571,23.57,2,0.000137,0,6,1600,,,
2026-06-11T10:28:05.255,0.957,23.57,1,0.000138,0,6,1600,,,
2026-06-11T10:28:05.757,0.9571,23.57,1,0.000137,0,6,1600,,,
2026-06-11T10:28:06.261,0.9571,23.57,2,0.000138,0,6,1600,,,
2026-06-11T10:28:06.761,0.9571,23.57,1,0.000137,0,6,1600,,,
2026-06-11T10:28:07.262,0.9571,23.57,2,0.000137,0,6,1600,,,
2026-06-11T10:28:07.756,0.9571,23.57,1,0.000137,0,6,1600,,,
2026-06-11T10:28:08.255,0.9571,23.57,2,0.000137,0,6,1600,,,
2026-06-11T10:28:08.758,0.9571,23.57,1,0.000138,0,6,1600,,,
2026-06-11T10:28:09.262,0.9571,23.57,1,0.000137,0,6,1600,,,
2026-06-11T10:28:09.750,0.9571,23.57,2,0.000137,0,6,1600,,,
2026-06-11T10:28:10.264,0.9571,23.57,1,0.000137,0,6,1600,,,
2026-06-11T10:28:10.764,0.9571,23.57,2,0.000137,0,6,1600,,,
2026-06-11T10:28:11.252,0.957,23.58,1,0.000137,0,6,1600,,,
2026-06-11T10:28:11.765,0.9571,23.57,1,0.000139,0,6,1600,,,
2026-06-11T10:28:12.265,0.9571,23.57,2,0.000138,0,6,1600,,,
2026-06-11T10:28:12.752,0.957,23.57,1,0.000137,0,6,1600,,,
2026-06-11T10:28:13.252,0.957,23.57,2,0.000137,0,6,1600,,,
2026-06-11T10:28:13.751,0.9571,23.57,1,0.000137,0,6,1600,,,
2026-06-11T10:28:14.256,0.9571,23.57,1,0.000138,0,6,1600,,,
2026-06-11T10:28:14.762,0.9572,23.58,2,0.000137,0,6,1600,,,
2026-06-11T10:28:15.261,0.9572,23.57,1,0.000136,0,6,1600,,,
2026-06-11T10:28:15.762,0.9572,23.57,2,0.000138,0,6,1600,,,
2026-06-11T10:28:16.262,0.9572,23.57,1,0.000137,0,6,1600,,,
2026-06-11T10:28:16.765,0.9571,23.58,1,0.000137,0,6,1600,,,
2026-06-11T10:28:17.264,0.9571,23.57,2,0.000137,0,6,1600,,,
2026-06-11T10:28:17.761,0.9571,23.57,1,0.000137,0,6,1600,,,
