timestamp,keller_pressure_bar,keller_temperature_degC,n_keller_samples,vacuum_chamber_mbar,pulses_interval,pulses_total,open_time_us,pulse_timestamps_us,pulse_open_times_us,pulse_acks
2026-06-16T11:35:55.179,,,0,3e-06,0,0,1600,,,
2026-06-16T11:35:55.690,0.9611,26.17,1,3e-06,0,0,1600,,,
2026-06-16T11:35:56.183,0.9612,26.18,1,3e-06,0,0,1600,,,
2026-06-16T11:35:56.675,0.9611,26.17,2,3e-06,0,0,1600,,,
2026-06-16T11:35:57.182,0.9611,26.17,1,3e-06,0,0,1600,,,
2026-06-16T11:35:57.687,0.9611,26.18,2,3e-06,0,0,1600,,,
2026-06-16T11:35:58.180,0.9611,26.17,1,3e-06,0,0,1600,,,
2026-06-16T11:35:58.688,0.9612,26.18,1,3e-06,0,0,1600,,,
2026-06-16T11:35:59.193,0.9611,26.17,2,3e-06,0,0,1600,,,
2026-06-16T11:35:59.686,0.9611,26.18,1,3e-06,0,0,1600,,,
2026-06-16T11:36:00.177,0.9611,26.18,2,3e-06,0,0,1600,,,
2026-06-16T11:36:00.684,0.9611,26.18,1,3e-06,0,0,1600,,,
2026-06-16T11:36:01.190,0.9612,26.18,2,3e-06,0,0,1600,,,
2026-06-16T11:36:01.680,0.9611,26.17,1,3e-06,0,0,1600,,,
2026-06-16T11:36:02.171,0.9612,26.17,1,3e-06,0,0,1600,,,
2026-06-16T11:36:02.694,0.9611,26.18,2,3e-06,0,0,1600,,,
2026-06-16T11:36:03.185,0.9611,26.18,1,3e-06,0,0,1600,,,
2026-06-16T11:36:03.678,0.9611,26.18,1,3e-06,0,0,1600,,,
2026-06-16T11:36:04.187,0.9611,26.18,2,3e-06,0,0,1600,,,
2026-06-16T11:36:04.679,0.9611,26.18,1,3e-06,0,0,1600,,,
2026-06-16T11:36:05.187,0.9612,26.18,2,3e-06,0,0,1600,,,
2026-06-16T11:36:05.677,0.9612,26.18,1,3e-06,0,0,1600,,,
2026-06-16T11:36:06.184,0.9612,26.18,2,3e-06,0,0,1600,,,
2026-06-16T11:36:06.676,0.9611,26.18,1,3e-06,0,0,1600,,,
2026-06-16T11:36:07.183,0.9612,26.18,1,3e-06,0,0,1600,,,
2026-06-16T11:36:07.692,0.9613,26.18,2,3e-06,0,0,1600,,,
2026-06-16T11:36:08.184,0.9612,26.18,1,3e-06,0,0,1600,,,
2026-06-16T11:36:08.690,0.9613,26.18,2,3e-06,0,0,1600,,,
2026-06-16T11:36:09.182,0.9612,26.19,1,3e-06,0,0,1600,,,
2026-06-16T11:36:09.688,0.9613,26.18,1,3e-06,0,0,1600,,,
2026-06-16T11:36:10.179,0.9613,26.18,2,3e-06,0,0,1600,,,
2026-06-16T11:36:10.672,0.9612,26.19,1,3e-06,0,0,1600,,,
2026-06-16T11:36:11.180,0.9612,26.18,2,3e-06,0,0,1600,,,
2026-06-16T11:36:11.686,0.9612,26.19,1,3e-06,0,0,1600,,,
2026-06-16T11:36:12.194,0.9612,26.19,1,3e-06,0,0,1600,,,
2026-06-16T11:36:12.684,0.9613,26.19,2,3e-06,0,0,1600,,,
2026-06-16T11:36:13.190,0.9612,26.19,1,3e-06,0,0,1600,,,
2026-06-16T11:36:13.680,0.9613,26.19,2,3e-06,0,0,1600,,,
2026-06-16T11:36:14.173,0.9612,26.19,1,3e-06,0,0,1600,,,
2026-06-16T11:36:14.679,0.9612,26.19,1,3e-06,0,0,1600,,,
2026-06-16T11:36:15.188,0.9613,26.19,2,3e-06,0,0,1600,,,
2026-06-16T11:36:15.693,0.9613,26.19,1,3e-06,0,0,1600,,,
2026-06-16T11:36:16.184,0.9613,26.19,2,3e-06,0,0,1600,,,
2026-06-16T11:36:16.674,0.9613,26.19,1,3e-06,0,0,1600,,,
2026-06-16T11:36:17.182,0.9613,26.19,2,3e-06,0,0,1600,,,
2026-06-16T11:36:17.674,0.9612,26.19,1,3e-06,0,0,1600,,,
2026-06-16T11:36:18.181,0.9612,26.19,1,3e-06,0,0,1600,,,
2026-06-16T11:36:18.688,0.9613,26.19,2,3e-06,0,0,1600,,,
2026-06-16T11:36:19.180,0.9613,26.2,1,3e-06,0,0,1600,,,
2026-06-16T11:36:19.688,0.9613,26.19,2,3e-06,0,0,1600,,,
2026-06-16T11:36:20.180,0.9612,26.19,1,3e-06,0,0,1600,,,
2026-06-16T11:36:20.686,0.9613,26.2,1,3e-06,0,0,1600,,,
2026-06-16T11:36:21.179,0.9613,26.2,2,3e-06,0,0,1600,,,
2026-06-16T11:36:21.687,0.9613,26.2,1,3e-06,0,0,1600,,,
2026-06-16T11:36:22.179,0.9613,26.2,1,3e-06,0,0,1600,,,
2026-06-16T11:36:22.686,0.9614,26.2,2,3e-06,0,0,1600,,,
2026-06-16T11:36:23.194,0.9613,26.2,1,3e-06,0,0,1600,,,
2026-06-16T11:36:23.686,0.9613,26.2,2,3e-06,0,0,1600,,,
2026-06-16T11:36:24.193,0.9613,26.2,1,3e-06,0,0,1600,,,
2026-06-16T11:36:24.684,0.9613,26.2,2,3e-06,0,0,1600,,,
2026-06-16T11:36:25.175,0.9613,26.2,1,3e-06,0,0,1600,,,
2026-06-16T11:36:25.683,0.9613,26.2,1,3e-06,0,0,1600,,,
2026-06-16T11:36:26.175,0.9613,26.2,2,3e-06,0,0,1600,,,
2026-06-16T11:36:26.682,0.9613,26.2,1,3e-06,0,0,1600,,,
2026-06-16T11:36:27.190,0.9613,26.2,2,3e-06,0,0,1600,,,
2026-06-16T11:36:27.695,0.9613,26.2,1,3e-06,0,0,1600,,,
2026-06-16T11:36:28.186,0.9614,26.2,1,3e-06,0,0,1600,,,
2026-06-16T11:36:28.678,0.9613,26.2,2,3e-06,0,0,1600,,,
2026-06-16T11:36:29.185,0.9613,26.2,1,3e-06,0,0,1600,,,
2026-06-16T11:36:29.691,0.9613,26.2,2,3e-06,0,0,1600,,,
2026-06-16T11:36:30.182,0.9613,26.21,1,3e-06,0,0,1600,,,
2026-06-16T11:36:30.689,0.9613,26.21,1,3e-06,0,0,1600,,,
2026-06-16T11:36:31.179,0.9613,26.21,2,3e-06,0,0,1600,,,
2026-06-16T11:36:31.689,0.9613,26.21,1,3e-06,0,0,1600,,,
2026-06-16T11:36:32.195,0.9613,26.21,2,3e-06,0,0,1600,,,
2026-06-16T11:36:32.686,0.9613,26.21,1,3e-06,0,0,1600,,,
2026-06-16T11:36:33.192,0.9613,26.21,1,3e-06,0,0,1600,,,
2026-06-16T11:36:33.683,0.9613,26.21,2,3e-06,0,0,1600,,,
2026-06-16T11:36:34.190,0.9613,26.21,1,3e-06,0,0,1600,,,
2026-06-16T11:36:34.681,0.9614,26.21,2,3e-06,0,0,1600,,,
2026-06-16T11:36:35.172,0.9613,26.21,1,3e-06,0,0,1600,,,
2026-06-16T11:36:35.694,0.9614,26.21,2,3e-06,0,0,1600,,,
2026-06-16T11:36:36.186,0.9614,26.21,1,3e-06,0,0,1600,,,
2026-06-16T11:36:36.694,0.9614,26.21,1,3e-06,0,0,1600,,,
2026-06-16T11:36:37.183,0.9614,26.21,2,3e-06,0,0,1600,,,
2026-06-16T11:36:37.688,0.9614,26.21,1,3e-06,0,0,1600,,,
2026-06-16T11:36:38.193,0.9614,26.22,1,3e-06,0,0,1600,,,
2026-06-16T11:36:38.684,0.9614,26.21,2,3e-06,0,0,1600,,,
2026-06-16T11:36:39.175,0.9615,26.22,1,3e-06,0,0,1600,,,
2026-06-16T11:36:39.683,0.9614,26.21,2,3e-06,0,0,1600,,,
2026-06-16T11:36:40.191,0.9613,26.22,1,3e-06,0,0,1600,,,
2026-06-16T11:36:40.682,0.9614,26.21,2,3e-06,0,0,1600,,,
2026-06-16T11:36:41.191,0.9613,26.22,1,3e-06,0,0,1600,,,
2026-06-16T11:36:41.683,0.9614,26.21,1,3e-06,0,0,1600,,,
2026-06-16T11:36:42.175,0.9614,26.22,2,3e-06,0,0,1600,,,
2026-06-16T11:36:42.684,0.9614,26.22,1,3e-06,0,0,1600,,,
2026-06-16T11:36:43.193,0.9615,26.21,2,3e-06,0,0,1600,,,
2026-06-16T11:36:43.684,0.9614,26.22,1,3e-06,0,0,1600,,,
2026-06-16T11:36:44.193,0.9614,26.22,1,3e-06,0,0,1600,,,
2026-06-16T11:36:44.685,0.9614,26.21,2,3e-06,0,0,1600,,,
2026-06-16T11:36:45.178,0.9614,26.22,1,3e-06,0,0,1600,,,
2026-06-16T11:36:45.685,0.9615,26.22,2,3e-06,0,0,1600,,,
2026-06-16T11:36:46.177,0.9615,26.22,1,3e-06,0,0,1600,,,
2026-06-16T11:36:46.685,0.9614,26.22,1,3e-06,0,0,1600,,,
2026-06-16T11:36:47.179,0.9614,26.22,2,3e-06,0,0,1600,,,
2026-06-16T11:36:47.687,0.9614,26.22,1,3e-06,0,0,1600,,,
2026-06-16T11:36:48.178,0.9615,26.22,2,3e-06,0,0,1600,,,
2026-06-16T11:36:48.684,0.9614,26.22,1,3e-06,0,0,1600,,,
2026-06-16T11:36:49.176,0.9614,26.22,1,3e-06,0,0,1600,,,
2026-06-16T11:36:49.684,0.9615,26.22,2,3e-06,0,0,1600,,,
2026-06-16T11:36:50.192,0.9615,26.22,1,3e-06,0,0,1600,,,
2026-06-16T11:36:50.684,0.9615,26.22,2,3e-06,0,0,1600,,,
2026-06-16T11:36:51.193,0.9614,26.22,1,3e-06,0,0,1600,,,
2026-06-16T11:36:51.683,0.9614,26.23,1,3e-06,0,0,1600,,,
2026-06-16T11:36:52.192,0.9615,26.22,2,3e-06,0,0,1600,,,
2026-06-16T11:36:52.682,0.9614,26.23,1,3e-06,0,0,1600,,,
2026-06-16T11:36:53.173,0.9615,26.23,2,3e-06,0,0,1600,,,
2026-06-16T11:36:53.682,0.9614,26.23,1,3e-06,0,0,1600,,,
2026-06-16T11:36:54.171,0.9615,26.23,1,3e-06,0,0,1600,,,
2026-06-16T11:36:54.678,0.9614,26.23,2,3e-06,0,0,1600,,,
2026-06-16T11:36:55.184,0.9614,26.23,1,3e-06,0,0,1600,,,
2026-06-16T11:36:55.691,0.9615,26.23,2,3e-06,0,0,1600,,,
2026-06-16T11:36:56.183,0.9614,26.23,1,3e-06,0,0,1600,,,
2026-06-16T11:36:56.692,0.9614,26.23,1,3e-06,0,0,1600,,,
2026-06-16T11:36:57.184,0.9615,26.23,2,3e-06,0,0,1600,,,
2026-06-16T11:36:57.689,0.9615,26.23,1,3e-06,0,0,1600,,,
2026-06-16T11:36:58.181,0.9615,26.23,2,3e-06,0,0,1600,,,
2026-06-16T11:36:58.686,0.9615,26.23,1,3e-06,0,0,1600,,,
2026-06-16T11:36:59.181,0.9616,26.23,1,3e-06,0,0,1600,,,
2026-06-16T11:36:59.689,0.9615,26.23,2,3e-06,0,0,1600,,,
2026-06-16T11:37:00.181,0.9615,26.23,1,3e-06,0,0,1600,,,
2026-06-16T11:37:00.686,0.9615,26.23,2,3e-06,0,0,1600,,,
2026-06-16T11:37:01.179,0.9614,26.23,1,3e-06,0,0,1600,,,
2026-06-16T11:37:01.686,0.9615,26.24,1,3e-06,0,0,1600,,,
2026-06-16T11:37:02.179,0.9615,26.23,2,3e-06,0,0,1600,,,
2026-06-16T11:37:02.686,0.9614,26.24,1,3e-06,0,0,1600,,,
2026-06-16T11:37:03.179,0.9616,26.24,2,3e-06,0,0,1600,,,
2026-06-16T11:37:03.671,0.9615,26.24,1,3e-06,0,0,1600,,,
2026-06-16T11:37:04.179,0.9615,26.24,1,3e-06,0,0,1600,,,
2026-06-16T11:37:04.671,0.9615,26.24,2,3e-06,0,0,1600,,,
2026-06-16T11:37:05.179,0.9615,26.24,1,3e-06,0,0,1600,,,
2026-06-16T11:37:05.671,0.9616,26.24,2,3e-06,0,0,1600,,,
2026-06-16T11:37:06.179,0.9616,26.24,1,3e-06,0,0,1600,,,
2026-06-16T11:37:06.671,0.9615,26.24,2,3e-06,0,0,1600,,,
2026-06-16T11:37:07.180,0.9616,26.24,1,3e-06,0,0,1600,,,
2026-06-16T11:37:07.689,0.9616,26.24,1,3e-06,0,0,1600,,,
2026-06-16T11:37:08.180,0.9616,26.24,2,3e-06,0,0,1600,,,
2026-06-16T11:37:08.688,0.9615,26.25,1,3e-06,0,0,1600,,,
2026-06-16T11:37:09.179,0.9615,26.24,2,3e-06,0,0,1600,,,
2026-06-16T11:37:09.687,0.9615,26.24,1,3e-06,0,0,1600,,,
2026-06-16T11:37:10.179,0.9615,26.24,1,3e-06,0,0,1600,,,
2026-06-16T11:37:10.687,0.9615,26.24,2,3e-06,0,0,1600,,,
2026-06-16T11:37:11.195,0.9616,26.25,1,3e-06,0,0,1600,,,
2026-06-16T11:37:11.686,0.9615,26.25,2,3e-06,0,0,1600,,,
2026-06-16T11:37:12.177,0.9615,26.25,1,3e-06,0,0,1600,,,
2026-06-16T11:37:12.683,0.9616,26.25,1,3e-06,0,0,1600,,,
2026-06-16T11:37:13.191,0.9615,26.25,2,3e-06,0,0,1600,,,
2026-06-16T11:37:13.681,0.9615,26.25,1,3e-06,0,0,1600,,,
2026-06-16T11:37:14.191,0.9616,26.25,2,3e-06,0,0,1600,,,
2026-06-16T11:37:14.681,0.9616,26.25,1,3e-06,0,0,1600,,,
2026-06-16T11:37:15.188,0.9616,26.25,1,3e-06,0,0,1600,,,
2026-06-16T11:37:15.679,0.9616,26.25,2,3e-06,0,0,1600,,,
2026-06-16T11:37:16.174,0.9616,26.25,1,3e-06,0,0,1600,,,
2026-06-16T11:37:16.683,0.9617,26.25,2,3e-06,0,0,1600,,,
2026-06-16T11:37:17.191,0.9616,26.25,1,3e-06,0,0,1600,,,
2026-06-16T11:37:17.684,0.9616,26.25,1,3e-06,0,0,1600,,,
2026-06-16T11:37:18.192,0.9616,26.25,2,3e-06,0,0,1600,,,
2026-06-16T11:37:18.684,0.9615,26.25,1,3e-06,0,0,1600,,,
2026-06-16T11:37:19.174,0.9616,26.26,2,3e-06,0,0,1600,,,
2026-06-16T11:37:19.682,0.9616,26.26,1,3e-06,0,0,1600,,,
2026-06-16T11:37:20.173,0.9616,26.25,1,3e-06,0,0,1600,,,
2026-06-16T11:37:20.679,0.9615,26.26,2,3e-06,0,0,1600,,,
2026-06-16T11:37:21.185,0.9616,26.25,1,3e-06,0,0,1600,,,
2026-06-16T11:37:21.676,0.9616,26.26,2,3e-06,0,0,1600,,,
2026-06-16T11:37:22.186,0.9617,26.26,1,3e-06,0,0,1600,,,
2026-06-16T11:37:22.692,0.9616,26.26,2,3e-06,0,0,1600,,,
2026-06-16T11:37:23.184,0.9616,26.26,1,3e-06,0,0,1600,,,
2026-06-16T11:37:23.677,0.9616,26.26,1,3e-06,0,0,1600,,,
2026-06-16T11:37:24.185,0.9616,26.26,2,3e-06,0,0,1600,,,
2026-06-16T11:37:24.678,0.9616,26.26,1,3e-06,0,0,1600,,,
2026-06-16T11:37:25.186,0.9617,26.26,2,3e-06,0,0,1600,,,
2026-06-16T11:37:25.679,0.9617,26.26,1,3e-06,0,0,1600,,,
2026-06-16T11:37:26.172,0.9616,26.26,1,3e-06,0,0,1600,,,
2026-06-16T11:37:26.682,0.9616,26.26,2,3e-06,0,0,1600,,,
2026-06-16T11:37:27.173,0.9616,26.26,1,3e-06,0,0,1600,,,
2026-06-16T11:37:27.681,0.9616,26.26,2,3e-06,0,0,1600,,,
2026-06-16T11:37:28.189,0.9616,26.26,1,3e-06,0,0,1600,,,
2026-06-16T11:37:28.682,0.9616,26.26,1,3e-06,0,0,1600,,,
2026-06-16T11:37:29.188,0.9617,26.26,2,3e-06,0,0,1600,,,
2026-06-16T11:37:29.681,0.9616,26.26,1,3e-06,0,0,1600,,,
2026-06-16T11:37:30.175,0.9616,26.26,2,3e-06,0,0,1600,,,
2026-06-16T11:37:30.685,0.9617,26.26,1,3e-06,0,0,1600,,,
2026-06-16T11:37:31.177,0.9616,26.26,2,3e-06,0,0,1600,,,
2026-06-16T11:37:31.686,0.9617,26.26,1,3e-06,0,0,1600,,,
2026-06-16T11:37:32.181,0.9616,26.26,1,3e-06,0,0,1600,,,
2026-06-16T11:37:32.689,0.9617,26.26,2,3e-06,0,0,1600,,,
2026-06-16T11:37:33.182,0.9616,26.26,1,3e-06,0,0,1600,,,
2026-06-16T11:37:33.674,0.9617,26.27,2,3e-06,0,0,1600,,,
2026-06-16T11:37:34.182,0.9616,26.27,1,3e-06,0,0,1600,,,
2026-06-16T11:37:34.690,0.9616,26.27,1,3e-06,0,0,1600,,,
2026-06-16T11:37:35.180,0.9617,26.27,2,3e-06,0,0,1600,,,
2026-06-16T11:37:35.688,0.9616,26.27,1,3e-06,0,0,1600,,,
2026-06-16T11:37:36.194,0.9617,26.27,2,3e-06,0,0,1600,,,
2026-06-16T11:37:36.687,0.9616,26.27,1,3e-06,0,0,1600,,,
2026-06-16T11:37:37.179,0.9616,26.27,1,3e-06,0,0,1600,,,
2026-06-16T11:37:37.687,0.9617,26.27,2,3e-06,0,0,1600,,,
2026-06-16T11:37:38.180,0.9617,26.27,1,3e-06,0,0,1600,,,
2026-06-16T11:37:38.688,0.9616,26.27,2,3e-06,0,0,1600,,,
2026-06-16T11:37:39.179,0.9617,26.27,1,3e-06,0,0,1600,,,
2026-06-16T11:37:39.688,0.9617,26.28,1,3e-06,0,0,1600,,,
2026-06-16T11:37:40.182,0.9617,26.27,2,3e-06,0,0,1600,,,
2026-06-16T11:37:40.689,0.9617,26.27,1,3e-06,0,0,1600,,,
2026-06-16T11:37:41.180,0.9617,26.27,2,3e-06,0,0,1600,,,
2026-06-16T11:37:41.688,0.9616,26.28,1,3e-06,0,0,1600,,,
2026-06-16T11:37:42.179,0.9616,26.28,2,3e-06,0,0,1600,,,
2026-06-16T11:37:42.687,0.9617,26.28,1,3e-06,0,0,1600,,,
2026-06-16T11:37:43.179,0.9616,26.28,1,3e-06,0,0,1600,,,
2026-06-16T11:37:43.672,0.9617,26.27,2,3e-06,0,0,1600,,,
2026-06-16T11:37:44.180,0.9616,26.28,1,3e-06,0,0,1600,,,
2026-06-16T11:37:44.689,0.9616,26.27,2,3e-06,0,0,1600,,,
2026-06-16T11:37:45.180,0.9617,26.28,1,3e-06,0,0,1600,,,
2026-06-16T11:37:45.688,0.9617,26.28,1,3e-06,0,0,1600,,,
2026-06-16T11:37:46.181,0.9616,26.28,2,3e-06,0,0,1600,,,
2026-06-16T11:37:46.689,0.9616,26.28,1,3e-06,0,0,1600,,,
2026-06-16T11:37:47.179,0.9617,26.28,2,3e-06,0,0,1600,,,
2026-06-16T11:37:47.687,0.9616,26.28,1,3e-06,0,0,1600,,,
2026-06-16T11:37:48.179,0.9616,26.28,1,3e-06,0,0,1600,,,
2026-06-16T11:37:48.686,0.9616,26.28,2,3e-06,0,0,1600,,,
2026-06-16T11:37:49.177,0.9616,26.28,1,3e-06,0,0,1600,,,
2026-06-16T11:37:49.684,0.9616,26.28,2,3e-06,0,0,1600,,,
2026-06-16T11:37:50.176,0.9616,26.28,1,3e-06,0,0,1600,,,
2026-06-16T11:37:50.684,0.9616,26.28,2,3e-06,0,0,1600,,,
2026-06-16T11:37:51.191,0.9615,26.28,1,3e-06,0,0,1600,,,
2026-06-16T11:37:51.684,0.9616,26.28,1,3e-06,0,0,1600,,,
2026-06-16T11:37:52.191,0.9616,26.28,2,3e-06,0,0,1600,,,
2026-06-16T11:37:52.681,0.9616,26.29,1,3e-06,0,0,1600,,,
2026-06-16T11:37:53.188,0.9616,26.28,1,3e-06,0,0,1600,,,
2026-06-16T11:37:53.681,0.9616,26.29,2,3e-06,0,0,1600,,,
2026-06-16T11:37:54.188,0.9615,26.29,1,3e-06,0,0,1600,,,
2026-06-16T11:37:54.679,0.9616,26.29,2,3e-06,0,0,1600,,,
2026-06-16T11:37:55.188,0.9614,26.29,1,3e-06,0,0,1600,,,
2026-06-16T11:37:55.678,0.9616,26.29,2,3e-06,0,0,1600,,,
2026-06-16T11:37:56.186,0.9615,26.29,1,3e-06,0,0,1600,,,
2026-06-16T11:37:56.677,0.9615,26.29,1,3e-06,0,0,1600,,,
2026-06-16T11:37:57.186,0.9615,26.29,2,3e-06,0,0,1600,,,
2026-06-16T11:37:57.679,0.9615,26.29,1,3e-06,0,0,1600,,,
2026-06-16T11:37:58.186,0.9615,26.29,2,3e-06,0,0,1600,,,
2026-06-16T11:37:58.680,0.9615,26.29,1,3e-06,0,0,1600,,,
2026-06-16T11:37:59.187,0.9615,26.29,1,3e-06,0,0,1600,,,
2026-06-16T11:37:59.693,0.9615,26.29,2,3e-06,0,0,1600,,,
2026-06-16T11:38:00.187,0.9615,26.29,1,3e-06,0,0,1600,,,
2026-06-16T11:38:00.678,0.9615,26.29,2,3e-06,0,0,1600,,,
2026-06-16T11:38:01.183,0.9615,26.29,1,3e-06,0,0,1600,,,
2026-06-16T11:38:01.690,0.9615,26.29,1,3e-06,0,0,1600,,,
2026-06-16T11:38:02.195,0.9614,26.29,2,3e-06,0,0,1600,,,
2026-06-16T11:38:02.686,0.9614,26.29,1,3e-06,0,0,1600,,,
2026-06-16T11:38:03.190,0.9615,26.29,2,3e-06,0,0,1600,,,
2026-06-16T11:38:03.683,0.9614,26.29,1,3e-06,0,0,1600,,,
2026-06-16T11:38:04.190,0.9615,26.29,2,3e-06,0,0,1600,,,
2026-06-16T11:38:04.695,0.9614,26.29,1,3e-06,0,0,1600,,,
2026-06-16T11:38:05.189,0.9615,26.29,1,3e-06,0,0,1600,,,
2026-06-16T11:38:05.680,0.9615,26.29,2,3e-06,0,0,1600,,,
2026-06-16T11:38:06.186,0.9615,26.29,1,3e-06,0,0,1600,,,
2026-06-16T11:38:06.678,0.9615,26.29,2,3e-06,0,0,1600,,,
2026-06-16T11:38:07.185,0.9614,26.29,1,3e-06,0,0,1600,,,
2026-06-16T11:38:07.692,0.9615,26.29,1,3e-06,0,0,1600,,,
2026-06-16T11:38:08.186,0.9614,26.3,2,3e-06,0,0,1600,,,
2026-06-16T11:38:08.676,0.9614,26.29,1,3e-06,0,0,1600,,,
2026-06-16T11:38:09.182,0.9614,26.3,1,3e-06,0,0,1600,,,
2026-06-16T11:38:09.690,0.9614,26.29,2,3e-06,0,0,1600,,,
2026-06-16T11:38:10.182,0.9614,26.29,1,3e-06,0,0,1600,,,
2026-06-16T11:38:10.690,0.9615,26.3,2,3e-06,0,0,1600,,,
2026-06-16T11:38:11.182,0.9613,26.29,1,3e-06,0,0,1600,,,
2026-06-16T11:38:11.690,0.9615,26.3,2,3e-06,0,0,1600,,,
2026-06-16T11:38:12.182,0.9614,26.3,1,3e-06,0,0,1600,,,
2026-06-16T11:38:12.687,0.9614,26.3,1,3e-06,0,0,1600,,,
2026-06-16T11:38:13.194,0.9614,26.3,2,3e-06,0,0,1600,,,
2026-06-16T11:38:13.685,0.9613,26.3,1,3e-06,0,0,1600,,,
2026-06-16T11:38:14.194,0.9614,26.3,2,3e-06,0,0,1600,,,
2026-06-16T11:38:14.689,0.9614,26.3,1,3e-06,0,0,1600,,,
2026-06-16T11:38:15.182,0.9614,26.29,1,3e-06,0,0,1600,,,
2026-06-16T11:38:15.674,0.9614,26.3,2,3e-06,0,0,1600,,,
2026-06-16T11:38:16.182,0.9614,26.3,1,3e-06,0,0,1600,,,
2026-06-16T11:38:16.689,0.9614,26.3,2,3e-06,0,0,1600,,,
2026-06-16T11:38:17.182,0.9615,26.3,1,3e-06,0,0,1600,,,
2026-06-16T11:38:17.688,0.9614,26.29,2,3e-06,0,0,1600,,,
2026-06-16T11:38:18.180,0.9614,26.3,1,3e-06,0,0,1600,,,
2026-06-16T11:38:18.672,0.9615,26.29,1,3e-06,0,0,1600,,,
2026-06-16T11:38:19.180,0.9614,26.3,2,3e-06,0,0,1600,,,
2026-06-16T11:38:19.672,0.9614,26.3,1,3e-06,0,0,1600,,,
2026-06-16T11:38:20.181,0.9615,26.3,2,3e-06,0,0,1600,,,
2026-06-16T11:38:20.689,0.9614,26.3,1,3e-06,0,0,1600,,,
2026-06-16T11:38:21.180,0.9615,26.3,1,3e-06,0,0,1600,,,
2026-06-16T11:38:21.686,0.9614,26.3,2,3e-06,0,0,1600,,,
2026-06-16T11:38:22.178,0.9614,26.3,1,3e-06,0,0,1600,,,
2026-06-16T11:38:22.685,0.9615,26.3,2,3e-06,0,0,1600,,,
2026-06-16T11:38:23.193,0.9615,26.3,1,3e-06,0,0,1600,,,
2026-06-16T11:38:23.685,0.9615,26.3,1,3e-06,0,0,1600,,,
2026-06-16T11:38:24.191,0.9615,26.3,2,3e-06,0,0,1600,,,
2026-06-16T11:38:24.682,0.9615,26.3,1,3e-06,0,0,1600,,,
2026-06-16T11:38:25.189,0.9615,26.3,2,3e-06,0,0,1600,,,
2026-06-16T11:38:25.682,0.9616,26.3,1,3e-06,0,0,1600,,,
2026-06-16T11:38:26.174,0.9615,26.3,1,3e-06,0,0,1600,,,
2026-06-16T11:38:26.683,0.9615,26.3,2,3e-06,0,0,1600,,,
2026-06-16T11:38:27.189,0.9615,26.3,1,3e-06,0,0,1600,,,
2026-06-16T11:38:27.681,0.9614,26.3,2,3e-06,0,0,1600,,,
2026-06-16T11:38:28.189,0.9615,26.3,1,3e-06,0,0,1600,,,
2026-06-16T11:38:28.680,0.9615,26.3,1,3e-06,0,0,1600,,,
2026-06-16T11:38:29.189,0.9615,26.3,2,3e-06,0,0,1600,,,
2026-06-16T11:38:29.678,0.9615,26.3,1,3e-06,0,0,1600,,,
2026-06-16T11:38:30.182,0.9615,26.3,2,3e-06,0,0,1600,,,
2026-06-16T11:38:30.673,0.9615,26.3,1,3e-06,0,0,1600,,,
2026-06-16T11:38:31.181,0.9615,26.3,1,3e-06,0,0,1600,,,
2026-06-16T11:38:31.674,0.9616,26.3,2,3e-06,0,0,1600,,,
2026-06-16T11:38:32.182,0.9615,26.3,1,3e-06,0,0,1600,,,
2026-06-16T11:38:32.690,0.9615,26.3,2,3e-06,0,0,1600,,,
2026-06-16T11:38:33.182,0.9616,26.3,1,3e-06,0,0,1600,,,
2026-06-16T11:38:33.689,0.9615,26.3,2,3e-06,0,0,1600,,,
2026-06-16T11:38:34.194,0.9616,26.3,1,3e-06,0,0,1600,,,
2026-06-16T11:38:34.684,0.9615,26.31,1,3e-06,0,0,1600,,,
2026-06-16T11:38:35.176,0.9615,26.3,2,3e-06,0,0,1600,,,
2026-06-16T11:38:35.685,0.9615,26.3,1,3e-06,0,0,1600,,,
2026-06-16T11:38:36.192,0.9616,26.3,2,3e-06,0,0,1600,,,
2026-06-16T11:38:36.685,0.9615,26.3,1,3e-06,0,0,1600,,,
2026-06-16T11:38:37.176,0.9616,26.31,1,3e-06,0,0,1600,,,
2026-06-16T11:38:37.687,0.9616,26.3,2,3e-06,0,0,1600,,,
2026-06-16T11:38:38.176,0.9616,26.3,1,3e-06,0,0,1600,,,
2026-06-16T11:38:38.687,0.9616,26.3,2,3e-06,0,0,1600,,,
2026-06-16T11:38:39.178,0.9615,26.31,1,3e-06,0,0,1600,,,
2026-06-16T11:38:39.686,0.9615,26.31,1,3e-06,0,0,1600,,,
2026-06-16T11:38:40.179,0.9616,26.31,2,3e-06,0,0,1600,,,
2026-06-16T11:38:40.691,0.9615,26.31,1,3e-06,0,0,1600,,,
2026-06-16T11:38:41.184,0.9615,26.31,2,3e-06,0,0,1600,,,
2026-06-16T11:38:41.691,0.9616,26.31,1,3e-06,0,0,1600,,,
2026-06-16T11:38:42.185,0.9615,26.31,1,3e-06,0,0,1600,,,
2026-06-16T11:38:42.693,0.9616,26.31,2,3e-06,0,0,1600,,,
2026-06-16T11:38:43.184,0.9616,26.31,1,3e-06,0,0,1600,,,
2026-06-16T11:38:43.691,0.9615,26.31,2,3e-06,0,0,1600,,,
2026-06-16T11:38:44.181,0.9615,26.31,1,3e-06,0,0,1600,,,
2026-06-16T11:38:44.690,0.9616,26.31,2,3e-06,0,0,1600,,,
2026-06-16T11:38:45.179,0.9616,26.31,1,3e-06,0,0,1600,,,
2026-06-16T11:38:45.673,0.9616,26.31,1,3e-06,0,0,1600,,,
2026-06-16T11:38:46.181,0.9616,26.31,2,3e-06,0,0,1600,,,
2026-06-16T11:38:46.687,0.9616,26.31,1,3e-06,0,0,1600,,,
2026-06-16T11:38:47.178,0.9616,26.31,2,3e-06,0,0,1600,,,
2026-06-16T11:38:47.685,0.9617,26.31,1,3e-06,0,0,1600,,,
2026-06-16T11:38:48.190,0.9616,26.31,1,3e-06,0,0,1600,,,
2026-06-16T11:38:48.682,0.9616,26.31,2,3e-06,0,0,1600,,,
2026-06-16T11:38:49.173,0.9615,26.32,1,3e-06,0,0,1600,,,
2026-06-16T11:38:49.680,0.9616,26.31,2,3e-06,0,0,1600,,,
2026-06-16T11:38:50.172,0.9616,26.31,1,3e-06,0,0,1600,,,
2026-06-16T11:38:50.696,0.9616,26.31,1,3e-06,0,0,1600,,,
2026-06-16T11:38:51.187,0.9616,26.31,2,3e-06,0,0,1600,,,
2026-06-16T11:38:51.676,0.9616,26.31,1,3e-06,0,0,1600,,,
2026-06-16T11:38:52.184,0.9616,26.31,2,3e-06,0,0,1600,,,
2026-06-16T11:38:52.691,0.9616,26.32,1,3e-06,0,0,1600,,,
2026-06-16T11:38:53.180,0.9616,26.31,2,3e-06,0,0,1600,,,
2026-06-16T11:38:53.688,0.9616,26.32,1,3e-06,0,0,1600,,,
2026-06-16T11:38:54.179,0.9616,26.32,1,3e-06,0,0,1600,,,
2026-06-16T11:38:54.687,0.9616,26.32,2,3e-06,0,0,1600,,,
2026-06-16T11:38:55.179,0.9616,26.32,1,3e-06,0,0,1600,,,
2026-06-16T11:38:55.687,0.9617,26.32,2,3e-06,0,0,1600,,,
2026-06-16T11:38:56.180,0.9615,26.32,1,3e-06,0,0,1600,,,
2026-06-16T11:38:56.687,0.9616,26.32,1,3e-06,0,0,1600,,,
2026-06-16T11:38:57.180,0.9616,26.32,2,3e-06,0,0,1600,,,
2026-06-16T11:38:57.686,0.9616,26.32,1,3e-06,0,0,1600,,,
2026-06-16T11:38:58.178,0.9616,26.32,2,3e-06,0,0,1600,,,
2026-06-16T11:38:58.686,0.9616,26.32,1,3e-06,0,0,1600,,,
2026-06-16T11:38:59.192,0.9616,26.32,1,3e-06,0,0,1600,,,
2026-06-16T11:38:59.683,0.9617,26.32,2,3e-06,0,0,1600,,,
2026-06-16T11:39:00.174,0.9617,26.32,1,3e-06,0,0,1600,,,
2026-06-16T11:39:00.681,0.9617,26.32,2,3e-06,0,0,1600,,,
2026-06-16T11:39:01.187,0.9616,26.32,1,3e-06,0,0,1600,,,
2026-06-16T11:39:01.694,0.9616,26.32,1,3e-06,0,0,1600,,,
2026-06-16T11:39:02.185,0.9616,26.32,2,3e-06,0,0,1600,,,
2026-06-16T11:39:02.693,0.9617,26.32,1,3e-06,0,0,1600,,,
2026-06-16T11:39:03.185,0.9616,26.32,2,3e-06,0,0,1600,,,
2026-06-16T11:39:03.693,0.9616,26.32,1,3e-06,0,0,1600,,,
2026-06-16T11:39:04.182,0.9616,26.32,1,3e-06,0,0,1600,,,
2026-06-16T11:39:04.686,0.9617,26.32,2,3e-06,0,0,1600,,,
2026-06-16T11:39:05.189,0.9616,26.33,1,3e-06,0,0,1600,,,
2026-06-16T11:39:05.694,0.9616,26.32,2,3e-06,0,0,1600,,,
2026-06-16T11:39:06.183,0.9616,26.32,1,3e-06,0,0,1600,,,
2026-06-16T11:39:06.689,0.9616,26.32,2,3e-06,0,0,1600,,,
2026-06-16T11:39:07.180,0.9615,26.32,1,3e-06,0,0,1600,,,
2026-06-16T11:39:07.685,0.9616,26.33,1,3e-06,0,0,1600,,,
2026-06-16T11:39:08.190,0.9616,26.32,2,3e-06,0,0,1600,,,
2026-06-16T11:39:08.694,0.9616,26.33,1,3e-06,0,0,1600,,,
2026-06-16T11:39:09.183,0.9616,26.32,2,3e-06,0,0,1600,,,
2026-06-16T11:39:09.689,0.9616,26.32,1,3e-06,0,0,1600,,,
2026-06-16T11:39:10.179,0.9616,26.32,1,3e-06,0,0,1600,,,
2026-06-16T11:39:10.685,0.9616,26.32,2,3e-06,0,0,1600,,,
2026-06-16T11:39:11.191,0.9616,26.32,1,3e-06,0,0,1600,,,
2026-06-16T11:39:11.682,0.9616,26.33,2,3e-06,0,0,1600,,,
2026-06-16T11:39:12.174,0.9616,26.33,1,3e-06,0,0,1600,,,
2026-06-16T11:39:12.682,0.9616,26.33,1,3e-06,0,0,1600,,,
2026-06-16T11:39:13.174,0.9617,26.32,2,3e-06,0,0,1600,,,
2026-06-16T11:39:13.680,0.9616,26.33,1,3e-06,0,0,1600,,,
2026-06-16T11:39:14.188,0.9616,26.32,2,3e-06,0,0,1600,,,
2026-06-16T11:39:14.679,0.9616,26.32,1,3e-06,0,0,1600,,,
2026-06-16T11:39:15.185,0.9617,26.33,1,3e-06,0,0,1600,,,
2026-06-16T11:39:15.689,0.9616,26.33,2,3e-06,0,0,1600,,,
2026-06-16T11:39:16.177,0.9616,26.33,1,3e-06,0,0,1600,,,
2026-06-16T11:39:16.685,0.9616,26.32,2,3e-06,0,0,1600,,,
2026-06-16T11:39:17.191,0.9616,26.33,1,3e-06,0,0,1600,,,
2026-06-16T11:39:17.680,0.9616,26.33,1,3e-06,0,0,1600,,,
2026-06-16T11:39:18.182,0.9616,26.33,2,3e-06,0,0,1600,,,
2026-06-16T11:39:18.695,0.9616,26.33,1,3e-06,0,0,1600,,,
2026-06-16T11:39:19.193,0.9617,26.33,2,3e-06,0,0,1600,,,
2026-06-16T11:39:19.692,0.9616,26.33,1,3e-06,0,0,1600,,,
2026-06-16T11:39:20.194,0.9617,26.33,2,3e-06,0,0,1600,,,
2026-06-16T11:39:20.693,0.9616,26.33,1,3e-06,0,0,1600,,,
2026-06-16T11:39:21.193,0.9616,26.33,1,3e-06,0,0,1600,,,
2026-06-16T11:39:21.689,0.9616,26.33,2,3e-06,0,0,1600,,,
2026-06-16T11:39:22.187,0.9616,26.33,1,3e-06,0,0,1600,,,
2026-06-16T11:39:22.687,0.9616,26.33,2,3e-06,0,0,1600,,,
2026-06-16T11:39:23.187,0.9616,26.33,1,3e-06,0,0,1600,,,
2026-06-16T11:39:23.688,0.9616,26.33,1,3e-06,0,0,1600,,,
2026-06-16T11:39:24.184,0.9616,26.33,2,3e-06,0,0,1600,,,
2026-06-16T11:39:24.680,0.9615,26.33,1,3e-06,0,0,1600,,,
2026-06-16T11:39:25.181,0.9616,26.33,2,3e-06,0,0,1600,,,
2026-06-16T11:39:25.694,0.9616,26.33,1,3e-06,0,0,1600,,,
2026-06-16T11:39:26.183,0.9616,26.33,1,3e-06,0,0,1600,,,
2026-06-16T11:39:26.688,0.9617,26.33,2,3e-06,0,0,1600,,,
2026-06-16T11:39:27.192,0.9616,26.33,1,3e-06,0,0,1600,,,
2026-06-16T11:39:27.680,0.9617,26.34,2,3e-06,0,0,1600,,,
2026-06-16T11:39:28.180,0.9616,26.33,1,3e-06,0,0,1600,,,
2026-06-16T11:39:28.683,0.9616,26.33,1,3e-06,0,0,1600,,,
2026-06-16T11:39:29.184,0.9617,26.33,2,3e-06,0,0,1600,,,
2026-06-16T11:39:29.682,0.9616,26.33,1,3e-06,0,0,1600,,,
2026-06-16T11:39:30.184,0.9616,26.33,2,3e-06,0,0,1600,,,
2026-06-16T11:39:30.685,0.9615,26.33,1,3e-06,0,0,1600,,,
2026-06-16T11:39:31.190,0.9615,26.34,1,3e-06,0,0,1600,,,
2026-06-16T11:39:31.691,0.9615,26.33,2,3e-06,0,0,1600,,,
2026-06-16T11:39:32.193,0.9615,26.33,1,3e-06,0,0,1600,,,
2026-06-16T11:39:32.681,0.9616,26.34,2,3e-06,0,0,1600,,,
2026-06-16T11:39:33.182,0.9616,26.33,1,3e-06,0,0,1600,,,
2026-06-16T11:39:33.682,0.9616,26.33,1,3e-06,0,0,1600,,,
2026-06-16T11:39:34.183,0.9616,26.33,2,3e-06,0,0,1600,,,
2026-06-16T11:39:34.685,0.9615,26.33,1,3e-06,0,0,1600,,,
2026-06-16T11:39:35.181,0.9616,26.33,2,3e-06,0,0,1600,,,
2026-06-16T11:39:35.685,0.9615,26.33,1,3e-06,0,0,1600,,,
2026-06-16T11:39:36.186,0.9616,26.33,1,3e-06,0,0,1600,,,
2026-06-16T11:39:36.690,0.9616,26.33,2,3e-06,0,0,1600,,,
2026-06-16T11:39:37.194,0.9615,26.34,1,3e-06,0,0,1600,,,
2026-06-16T11:39:37.692,0.9615,26.34,2,3e-06,0,0,1600,,,
2026-06-16T11:39:38.188,0.9615,26.34,1,3e-06,0,0,1600,,,
2026-06-16T11:39:38.687,0.9615,26.34,2,3e-06,0,0,1600,,,
2026-06-16T11:39:39.187,0.9615,26.33,1,3e-06,0,0,1600,,,
2026-06-16T11:39:39.688,0.9616,26.34,1,3e-06,0,0,1600,,,
2026-06-16T11:39:40.185,0.9616,26.33,2,3e-06,0,0,1600,,,
2026-06-16T11:39:40.682,0.9616,26.33,1,3e-06,0,0,1600,,,
2026-06-16T11:39:41.185,0.9615,26.34,2,3e-06,0,0,1600,,,
2026-06-16T11:39:41.684,0.9615,26.34,1,3e-06,0,0,1600,,,
2026-06-16T11:39:42.187,0.9615,26.34,1,3e-06,0,0,1600,,,
2026-06-16T11:39:42.685,0.9616,26.34,2,3e-06,0,0,1600,,,
2026-06-16T11:39:43.183,0.9615,26.33,1,3e-06,0,0,1600,,,
2026-06-16T11:39:43.684,0.9615,26.34,2,3e-06,0,0,1600,,,
2026-06-16T11:39:44.188,0.9616,26.33,1,3e-06,0,0,1600,,,
2026-06-16T11:39:44.689,0.9615,26.33,1,3e-06,0,0,1600,,,
2026-06-16T11:39:45.192,0.9616,26.34,2,3e-06,0,0,1600,,,
2026-06-16T11:39:45.694,0.9616,26.34,1,3e-06,0,0,1600,,,
2026-06-16T11:39:46.180,0.9615,26.34,1,3e-06,0,0,1600,,,
2026-06-16T11:39:46.692,0.9616,26.34,2,3e-06,0,0,1600,,,
2026-06-16T11:39:47.190,0.9615,26.34,1,3e-06,0,0,1600,,,
2026-06-16T11:39:47.692,0.9615,26.34,2,3e-06,0,0,1600,,,
2026-06-16T11:39:48.188,0.9616,26.34,1,3e-06,0,0,1600,,,
2026-06-16T11:39:48.691,0.9616,26.34,2,3e-06,0,0,1600,,,
2026-06-16T11:39:49.190,0.9615,26.33,1,3e-06,0,0,1600,,,
2026-06-16T11:39:49.691,0.9615,26.33,1,3e-06,0,0,1600,,,
2026-06-16T11:39:50.190,0.9615,26.34,2,3e-06,0,0,1600,,,
2026-06-16T11:39:50.690,0.9615,26.34,1,3e-06,0,0,1600,,,
2026-06-16T11:39:51.190,0.9616,26.34,1,3e-06,0,0,1600,,,
2026-06-16T11:39:51.690,0.9615,26.34,2,3e-06,0,0,1600,,,
2026-06-16T11:39:52.188,0.9615,26.34,1,3e-06,0,0,1600,,,
2026-06-16T11:39:52.686,0.9615,26.34,2,3e-06,0,0,1600,,,
2026-06-16T11:39:53.184,0.9615,26.34,1,3e-06,0,0,1600,,,
2026-06-16T11:39:53.685,0.9615,26.34,2,3e-06,0,0,1600,,,
2026-06-16T11:39:54.185,0.9615,26.34,1,3e-06,0,0,1600,,,
2026-06-16T11:39:54.683,0.9615,26.34,1,3e-06,0,0,1600,,,
2026-06-16T11:39:55.184,0.9615,26.34,2,3e-06,0,0,1600,,,
2026-06-16T11:39:55.683,0.9615,26.34,1,3e-06,0,0,1600,,,
2026-06-16T11:39:56.182,0.9615,26.34,2,3e-06,0,0,1600,,,
2026-06-16T11:39:56.694,0.9614,26.34,1,3e-06,0,0,1600,,,
2026-06-16T11:39:57.190,0.9615,26.34,1,3e-06,0,0,1600,,,
2026-06-16T11:39:57.690,0.9615,26.34,2,3e-06,0,0,1600,,,
2026-06-16T11:39:58.188,0.9614,26.34,1,3e-06,0,0,1600,,,
2026-06-16T11:39:58.683,0.9615,26.34,2,3e-06,0,0,1600,,,
2026-06-16T11:39:59.182,0.9615,26.34,1,3e-06,0,0,1600,,,
2026-06-16T11:39:59.682,0.9615,26.34,1,3e-06,0,0,1600,,,
2026-06-16T11:40:00.182,0.9616,26.34,2,3e-06,0,0,1600,,,
2026-06-16T11:40:00.683,0.9614,26.34,1,3e-06,0,0,1600,,,
2026-06-16T11:40:01.180,0.9615,26.34,2,3e-06,0,0,1600,,,
2026-06-16T11:40:01.695,0.9615,26.34,1,3e-06,0,0,1600,,,
2026-06-16T11:40:02.195,0.9615,26.34,1,3e-06,0,0,1600,,,
2026-06-16T11:40:02.681,0.9614,26.34,2,3e-06,0,0,1600,,,
2026-06-16T11:40:03.185,0.9614,26.34,1,3e-06,0,0,1600,,,
2026-06-16T11:40:03.688,0.9615,26.34,2,3e-06,0,0,1600,,,
2026-06-16T11:40:04.187,0.9615,26.34,1,3e-06,0,0,1600,,,
2026-06-16T11:40:04.686,0.9615,26.34,2,3e-06,0,0,1600,,,
2026-06-16T11:40:05.183,0.9614,26.34,1,3e-06,0,0,1600,,,
2026-06-16T11:40:05.683,0.9615,26.34,1,3e-06,0,0,1600,,,
2026-06-16T11:40:06.182,0.9615,26.34,2,3e-06,0,0,1600,,,
2026-06-16T11:40:06.683,0.9614,26.34,1,3e-06,0,0,1600,,,
2026-06-16T11:40:07.183,0.9615,26.34,2,3e-06,0,0,1600,,,
2026-06-16T11:40:07.682,0.9614,26.34,1,3e-06,0,0,1600,,,
2026-06-16T11:40:08.185,0.9614,26.34,1,3e-06,0,0,1600,,,
2026-06-16T11:40:08.684,0.9614,26.34,2,3e-06,0,0,1600,,,
2026-06-16T11:40:09.187,0.9614,26.34,1,3e-06,0,0,1600,,,
2026-06-16T11:40:09.687,0.9615,26.34,2,3e-06,0,0,1600,,,
2026-06-16T11:40:10.186,0.9614,26.35,1,3e-06,0,0,1600,,,
2026-06-16T11:40:10.687,0.9615,26.34,2,3e-06,0,0,1600,,,
2026-06-16T11:40:11.189,0.9614,26.34,1,3e-06,0,0,1600,,,
2026-06-16T11:40:11.688,0.9615,26.34,1,3e-06,0,0,1600,,,
2026-06-16T11:40:12.192,0.9614,26.34,2,3e-06,0,0,1600,,,
2026-06-16T11:40:12.695,0.9614,26.35,1,3e-06,0,0,1600,,,
2026-06-16T11:40:13.181,0.9614,26.34,2,3e-06,0,0,1600,,,
2026-06-16T11:40:13.695,0.9614,26.35,1,3e-06,0,0,1600,,,
2026-06-16T11:40:14.195,0.9614,26.35,1,3e-06,0,0,1600,,,
2026-06-16T11:40:14.681,0.9614,26.34,2,3e-06,0,0,1600,,,
2026-06-16T11:40:15.184,0.9613,26.34,1,3e-06,0,0,1600,,,
2026-06-16T11:40:15.688,0.9614,26.35,2,3e-06,0,0,1600,,,
2026-06-16T11:40:16.192,0.9614,26.35,1,3e-06,0,0,1600,,,
2026-06-16T11:40:16.680,0.9614,26.35,1,3e-06,0,0,1600,,,
2026-06-16T11:40:17.183,0.9614,26.35,2,3e-06,0,0,1600,,,
2026-06-16T11:40:17.681,0.9614,26.35,1,3e-06,0,0,1600,,,
2026-06-16T11:40:18.182,0.9614,26.34,2,3e-06,0,0,1600,,,
2026-06-16T11:40:18.681,0.9614,26.34,1,3e-06,0,0,1600,,,
2026-06-16T11:40:19.181,0.9614,26.35,1,3e-06,0,0,1600,,,
2026-06-16T11:40:19.681,0.9614,26.34,2,3e-06,0,0,1600,,,
2026-06-16T11:40:20.194,0.9614,26.35,1,3e-06,0,0,1600,,,
2026-06-16T11:40:20.684,0.9614,26.35,2,3e-06,0,0,1600,,,
2026-06-16T11:40:21.186,0.9614,26.35,1,3e-06,0,0,1600,,,
2026-06-16T11:40:21.688,0.9614,26.35,2,3e-06,0,0,1600,,,
2026-06-16T11:40:22.186,0.9613,26.35,1,3e-06,0,0,1600,,,
2026-06-16T11:40:22.687,0.9613,26.35,1,3e-06,0,0,1600,,,
2026-06-16T11:40:23.187,0.9614,26.35,2,3e-06,0,0,1600,,,
2026-06-16T11:40:23.686,0.9613,26.35,1,3e-06,0,0,1600,,,
2026-06-16T11:40:24.186,0.9614,26.35,2,3e-06,0,0,1600,,,
2026-06-16T11:40:24.685,0.9614,26.35,1,3e-06,0,0,1600,,,
2026-06-16T11:40:25.184,0.9614,26.35,1,3e-06,0,0,1600,,,
2026-06-16T11:40:25.685,0.9613,26.35,2,3e-06,0,0,1600,,,
2026-06-16T11:40:26.184,0.9614,26.35,1,3e-06,0,0,1600,,,
2026-06-16T11:40:26.686,0.9614,26.35,2,3e-06,0,0,1600,,,
2026-06-16T11:40:27.186,0.9614,26.35,1,3e-06,0,0,1600,,,
2026-06-16T11:40:27.686,0.9614,26.35,2,3e-06,0,0,1600,,,
2026-06-16T11:40:28.188,0.9614,26.35,1,3e-06,0,0,1600,,,
2026-06-16T11:40:28.686,0.9614,26.35,1,3e-06,0,0,1600,,,
2026-06-16T11:40:29.190,0.9614,26.35,2,3e-06,0,0,1600,,,
2026-06-16T11:40:29.689,0.9614,26.35,1,3e-06,0,0,1600,,,
2026-06-16T11:40:30.187,0.9614,26.35,2,3e-06,0,0,1600,,,
2026-06-16T11:40:30.687,0.9613,26.35,1,3e-06,0,0,1600,,,
2026-06-16T11:40:31.185,0.9614,26.35,1,3e-06,0,0,1600,,,
2026-06-16T11:40:31.685,0.9614,26.35,2,3e-06,0,0,1600,,,
2026-06-16T11:40:32.185,0.9614,26.35,1,3e-06,0,0,1600,,,
2026-06-16T11:40:32.684,0.9614,26.35,2,3e-06,0,0,1600,,,
2026-06-16T11:40:33.185,0.9614,26.35,1,3e-06,0,0,1600,,,
2026-06-16T11:40:33.688,0.9613,26.35,1,3e-06,0,0,1600,,,
2026-06-16T11:40:34.188,0.9614,26.35,2,3e-06,0,0,1600,,,
2026-06-16T11:40:34.687,0.9614,26.35,1,3e-06,0,0,1600,,,
2026-06-16T11:40:35.189,0.9614,26.35,2,3e-06,0,0,1600,,,
2026-06-16T11:40:35.693,0.9614,26.35,1,3e-06,0,0,1600,,,
2026-06-16T11:40:36.194,0.9614,26.35,1,3e-06,0,0,1600,,,
2026-06-16T11:40:36.694,3.1743,26.38,2,3e-06,0,0,1600,,,
2026-06-16T11:40:37.192,3.6575,26.4,1,3e-06,0,0,1600,,,
2026-06-16T11:40:37.688,3.6575,26.42,2,3e-06,0,0,1600,,,
2026-06-16T11:40:38.187,3.6575,26.43,1,3e-06,0,0,1600,,,
2026-06-16T11:40:38.687,3.6574,26.43,2,3e-06,0,0,1600,,,
2026-06-16T11:40:39.186,3.6574,26.42,1,3e-06,0,0,1600,,,
2026-06-16T11:40:39.682,3.6573,26.42,1,3e-06,0,0,1600,,,
2026-06-16T11:40:40.182,3.6574,26.41,2,3e-06,0,0,1600,,,
2026-06-16T11:40:40.694,3.6573,26.4,1,3e-06,0,0,1600,,,
2026-06-16T11:40:41.192,3.6572,26.4,2,3e-06,0,0,1600,,,
2026-06-16T11:40:41.693,3.6572,26.4,1,3e-06,0,0,1600,,,
2026-06-16T11:40:42.190,3.6571,26.39,1,3e-06,0,0,1600,,,
2026-06-16T11:40:42.690,3.6574,26.38,2,3e-06,0,0,1600,,,
2026-06-16T11:40:43.191,3.6575,26.38,1,3e-06,0,0,1600,,,
2026-06-16T11:40:43.690,3.6574,26.38,2,3e-06,0,0,1600,,,
2026-06-16T11:40:44.190,3.6573,26.37,1,3e-06,0,0,1600,,,
2026-06-16T11:40:44.691,3.6573,26.37,1,3e-06,0,0,1600,,,
2026-06-16T11:40:45.194,3.6573,26.37,2,3e-06,0,0,1600,,,
2026-06-16T11:40:45.694,3.6572,26.37,1,3e-06,0,0,1600,,,
2026-06-16T11:40:46.193,3.6571,26.37,2,3e-06,0,0,1600,,,
2026-06-16T11:40:46.693,3.6571,26.37,1,3e-06,0,0,1600,,,
2026-06-16T11:40:47.195,3.6571,26.36,1,3e-06,0,0,1600,,,
2026-06-16T11:40:47.681,3.657,26.36,2,3e-06,0,0,1600,,,
2026-06-16T11:40:48.195,3.6569,26.36,1,3e-06,0,0,1600,,,
2026-06-16T11:40:48.695,3.6569,26.36,2,3e-06,0,0,1600,,,
2026-06-16T11:40:49.194,3.6568,26.36,1,3e-06,0,0,1600,,,
2026-06-16T11:40:49.692,3.6568,26.37,2,3e-06,0,0,1600,,,
2026-06-16T11:40:50.190,3.6568,26.36,1,3e-06,0,0,1600,,,
2026-06-16T11:40:50.689,3.6566,26.36,1,3e-06,0,0,1600,,,
2026-06-16T11:40:51.188,3.6567,26.36,2,3e-06,0,0,1600,,,
2026-06-16T11:40:51.689,3.6566,26.36,1,3e-06,0,0,1600,,,
2026-06-16T11:40:52.185,3.6566,26.36,2,3e-06,0,0,1600,,,
2026-06-16T11:40:52.688,3.6565,26.36,1,3e-06,0,0,1600,,,
2026-06-16T11:40:53.189,3.6566,26.36,1,3e-06,0,0,1600,,,
2026-06-16T11:40:53.690,3.6565,26.36,2,3e-06,0,0,1600,,,
2026-06-16T11:40:54.186,3.6565,26.36,1,3e-06,0,0,1600,,,
2026-06-16T11:40:54.684,3.6563,26.36,2,3e-06,0,0,1600,,,
2026-06-16T11:40:55.185,3.6564,26.36,1,3e-06,0,0,1600,,,
2026-06-16T11:40:55.686,3.6564,26.36,1,3e-06,0,0,1600,,,
2026-06-16T11:40:56.190,3.6564,26.36,2,3e-06,0,0,1600,,,
2026-06-16T11:40:56.690,3.6563,26.36,1,3e-06,0,0,1600,,,
2026-06-16T11:40:57.188,3.6562,26.36,2,3e-06,0,0,1600,,,
2026-06-16T11:40:57.691,3.6562,26.36,1,3e-06,0,0,1600,,,
2026-06-16T11:40:58.191,3.6562,26.36,1,3e-06,0,0,1600,,,
2026-06-16T11:40:58.692,3.6562,26.36,2,3e-06,0,0,1600,,,
2026-06-16T11:40:59.193,3.6561,26.36,1,3e-06,0,0,1600,,,
2026-06-16T11:40:59.690,3.6561,26.36,2,3e-06,0,0,1600,,,
2026-06-16T11:41:00.191,3.656,26.36,1,3e-06,0,0,1600,,,
2026-06-16T11:41:00.691,3.6561,26.36,1,3e-06,0,0,1600,,,
2026-06-16T11:41:01.192,3.6561,26.36,2,3e-06,0,0,1600,,,
2026-06-16T11:41:01.681,3.656,26.36,1,4.7e-05,1,1,1600,2026-06-16T11:41:01.239439,1600,1
2026-06-16T11:41:02.181,3.6549,26.36,2,5.1e-05,0,1,1600,,,
2026-06-16T11:41:02.683,3.6549,26.36,1,3.5e-05,0,1,1600,,,
2026-06-16T11:41:03.184,3.6549,26.36,1,2.7e-05,0,1,1600,,,
2026-06-16T11:41:03.686,3.6549,26.36,2,2e-05,0,1,1600,,,
2026-06-16T11:41:04.186,3.6549,26.36,1,1.6e-05,0,1,1600,,,
2026-06-16T11:41:04.687,3.6549,26.36,2,1.2e-05,0,1,1600,,,
2026-06-16T11:41:05.186,3.6548,26.36,1,1e-05,0,1,1600,,,
2026-06-16T11:41:05.687,3.6547,26.36,1,9e-06,0,1,1600,,,
2026-06-16T11:41:06.188,3.6548,26.36,2,8e-06,0,1,1600,,,
2026-06-16T11:41:06.685,3.6549,26.36,1,7e-06,0,1,1600,,,
2026-06-16T11:41:07.183,3.6547,26.36,2,6e-06,0,1,1600,,,
2026-06-16T11:41:07.687,3.6547,26.36,1,6e-06,0,1,1600,,,
2026-06-16T11:41:08.190,3.6547,26.36,2,5e-06,0,1,1600,,,
2026-06-16T11:41:08.691,3.6548,26.36,1,5e-06,0,1,1600,,,
2026-06-16T11:41:09.195,3.6548,26.36,1,5e-06,0,1,1600,,,
2026-06-16T11:41:09.694,3.6547,26.36,2,4e-06,0,1,1600,,,
2026-06-16T11:41:10.181,3.6548,26.36,1,4e-06,0,1,1600,,,
2026-06-16T11:41:10.683,3.6547,26.36,2,4e-06,0,1,1600,,,
2026-06-16T11:41:11.183,3.6547,26.36,1,4e-06,0,1,1600,,,
2026-06-16T11:41:11.683,3.6547,26.36,2,4e-06,0,1,1600,,,
2026-06-16T11:41:12.182,3.6547,26.36,1,4e-06,0,1,1600,,,
2026-06-16T11:41:12.679,3.6547,26.36,1,4e-06,0,1,1600,,,
2026-06-16T11:41:13.180,3.6547,26.36,2,3e-06,0,1,1600,,,
2026-06-16T11:41:13.682,3.6548,26.36,1,3e-06,0,1,1600,,,
2026-06-16T11:41:14.194,3.6547,26.36,2,3e-06,0,1,1600,,,
2026-06-16T11:41:14.681,3.6546,26.36,1,3e-06,0,1,1600,,,
2026-06-16T11:41:15.185,3.6546,26.36,1,3e-06,0,1,1600,,,
2026-06-16T11:41:15.688,3.6546,26.36,2,3e-06,0,1,1600,,,
2026-06-16T11:41:16.188,3.6546,26.36,1,3e-06,0,1,1600,,,
2026-06-16T11:41:16.689,3.6546,26.36,2,3e-06,0,1,1600,,,
2026-06-16T11:41:17.187,3.6545,26.36,1,3e-06,0,1,1600,,,
2026-06-16T11:41:17.685,3.6546,26.36,1,3e-06,0,1,1600,,,
2026-06-16T11:41:18.183,3.6546,26.36,2,3e-06,0,1,1600,,,
2026-06-16T11:41:18.682,3.6546,26.36,1,3e-06,0,1,1600,,,
2026-06-16T11:41:19.180,3.6545,26.36,2,3e-06,0,1,1600,,,
2026-06-16T11:41:19.681,3.6546,26.36,1,3e-06,0,1,1600,,,
2026-06-16T11:41:20.195,3.6545,26.36,2,3e-06,0,1,1600,,,
2026-06-16T11:41:20.695,3.6544,26.36,1,3e-06,0,1,1600,,,
2026-06-16T11:41:21.193,3.6545,26.36,1,3e-06,0,1,1600,,,
2026-06-16T11:41:21.692,3.6544,26.36,2,3e-06,0,1,1600,,,
2026-06-16T11:41:22.191,3.6546,26.36,1,3e-06,0,1,1600,,,
2026-06-16T11:41:22.691,3.6544,26.36,2,3e-06,0,1,1600,,,
2026-06-16T11:41:23.190,3.6544,26.36,1,3e-06,0,1,1600,,,
2026-06-16T11:41:23.690,3.6544,26.36,1,3e-06,0,1,1600,,,
2026-06-16T11:41:24.188,3.6545,26.36,2,3e-06,0,1,1600,,,
2026-06-16T11:41:24.690,3.6545,26.36,1,3e-06,0,1,1600,,,
2026-06-16T11:41:25.188,3.6544,26.36,2,3e-06,0,1,1600,,,
2026-06-16T11:41:25.685,3.6544,26.36,1,3e-06,0,1,1600,,,
2026-06-16T11:41:26.186,3.6545,26.36,1,3e-06,0,1,1600,,,
2026-06-16T11:41:26.684,3.6544,26.36,2,3e-06,0,1,1600,,,
2026-06-16T11:41:27.186,3.6545,26.36,1,3e-06,0,1,1600,,,
2026-06-16T11:41:27.685,3.6545,26.36,2,3e-06,0,1,1600,,,
2026-06-16T11:41:28.185,3.6544,26.36,1,3e-06,0,1,1600,,,
2026-06-16T11:41:28.683,3.6544,26.36,2,3e-06,0,1,1600,,,
2026-06-16T11:41:29.182,3.6544,26.36,1,3e-06,0,1,1600,,,
2026-06-16T11:41:29.695,3.6544,26.36,1,3e-06,0,1,1600,,,
2026-06-16T11:41:30.180,3.6544,26.36,2,3e-06,0,1,1600,,,
2026-06-16T11:41:30.681,3.6544,26.36,1,3e-06,0,1,1600,,,
2026-06-16T11:41:31.195,3.6544,26.36,2,3e-06,0,1,1600,,,
2026-06-16T11:41:31.694,3.6543,26.36,1,3e-06,0,1,1600,,,
2026-06-16T11:41:32.193,3.6544,26.36,1,3e-06,0,1,1600,,,
2026-06-16T11:41:32.692,3.6544,26.36,2,3e-06,0,1,1600,,,
2026-06-16T11:41:33.191,3.6544,26.36,1,3e-06,0,1,1600,,,
2026-06-16T11:41:33.690,3.6544,26.36,2,3e-06,0,1,1600,,,
2026-06-16T11:41:34.189,3.6544,26.36,1,3e-06,0,1,1600,,,
2026-06-16T11:41:34.687,3.6544,26.36,1,3e-06,0,1,1600,,,
2026-06-16T11:41:35.191,3.6543,26.36,2,3e-06,0,1,1600,,,
2026-06-16T11:41:35.691,3.6543,26.36,1,3e-06,0,1,1600,,,
2026-06-16T11:41:36.193,3.6543,26.36,2,3e-06,0,1,1600,,,
2026-06-16T11:41:36.692,3.6544,26.36,1,3e-06,0,1,1600,,,
2026-06-16T11:41:37.191,3.6544,26.36,1,3e-06,0,1,1600,,,
2026-06-16T11:41:37.691,3.6543,26.36,2,3e-06,0,1,1600,,,
2026-06-16T11:41:38.191,3.6544,26.36,1,3e-06,0,1,1600,,,
2026-06-16T11:41:38.691,3.6544,26.36,2,3e-06,0,1,1600,,,
2026-06-16T11:41:39.191,3.6544,26.36,1,3e-06,0,1,1600,,,
2026-06-16T11:41:39.687,3.6544,26.36,2,3e-06,0,1,1600,,,
2026-06-16T11:41:40.187,3.6544,26.36,1,3e-06,0,1,1600,,,
2026-06-16T11:41:40.686,3.6544,26.36,1,3e-06,0,1,1600,,,
2026-06-16T11:41:41.185,3.6544,26.36,2,3e-06,0,1,1600,,,
2026-06-16T11:41:41.687,3.6544,26.36,1,3e-06,0,1,1600,,,
2026-06-16T11:41:42.188,3.6544,26.36,2,3e-06,0,1,1600,,,
2026-06-16T11:41:42.688,3.6544,26.36,1,3e-06,0,1,1600,,,
2026-06-16T11:41:43.187,3.6544,26.37,1,3e-06,0,1,1600,,,
2026-06-16T11:41:43.686,3.6544,26.37,2,3e-06,0,1,1600,,,
2026-06-16T11:41:44.183,3.6545,26.37,1,3e-06,0,1,1600,,,
2026-06-16T11:41:44.689,3.6544,26.37,2,3e-06,0,1,1600,,,
2026-06-16T11:41:45.186,3.6544,26.36,1,3e-06,0,1,1600,,,
2026-06-16T11:41:45.687,3.6545,26.36,1,3e-06,0,1,1600,,,
2026-06-16T11:41:46.185,3.6544,26.36,2,3e-06,0,1,1600,,,
2026-06-16T11:41:46.681,3.6545,26.36,1,3e-06,0,1,1600,,,
2026-06-16T11:41:47.180,3.6544,26.37,2,3e-06,0,1,1600,,,
2026-06-16T11:41:47.693,3.6544,26.37,1,3e-06,0,1,1600,,,
2026-06-16T11:41:48.180,3.6544,26.37,1,3e-06,0,1,1600,,,
2026-06-16T11:41:48.694,3.6544,26.37,2,3e-06,0,1,1600,,,
2026-06-16T11:41:49.193,3.6544,26.37,1,3e-06,0,1,1600,,,
2026-06-16T11:41:49.693,3.6544,26.37,2,3e-06,0,1,1600,,,
2026-06-16T11:41:50.191,3.6544,26.37,1,3e-06,0,1,1600,,,
2026-06-16T11:41:50.692,3.6543,26.37,2,3e-06,0,1,1600,,,
2026-06-16T11:41:51.194,3.6544,26.37,1,3e-06,0,1,1600,,,
2026-06-16T11:41:51.691,3.6544,26.37,1,3e-06,0,1,1600,,,
2026-06-16T11:41:52.191,3.6543,26.37,2,3e-06,0,1,1600,,,
2026-06-16T11:41:52.689,3.6544,26.37,1,3e-06,0,1,1600,,,
2026-06-16T11:41:53.186,3.6545,26.37,2,3e-06,0,1,1600,,,
2026-06-16T11:41:53.684,3.6544,26.37,1,3e-06,0,1,1600,,,
2026-06-16T11:41:54.183,3.6544,26.37,1,3e-06,0,1,1600,,,
2026-06-16T11:41:54.683,3.6544,26.37,2,3e-06,0,1,1600,,,
2026-06-16T11:41:55.182,3.6544,26.37,1,3e-06,0,1,1600,,,
2026-06-16T11:41:55.681,3.6544,26.37,2,3e-06,0,1,1600,,,
2026-06-16T11:41:56.180,3.6543,26.37,1,3e-06,0,1,1600,,,
2026-06-16T11:41:56.691,3.6543,26.37,1,3e-06,0,1,1600,,,
2026-06-16T11:41:57.190,3.6543,26.37,2,3e-06,0,1,1600,,,
2026-06-16T11:41:57.688,3.6544,26.37,1,3e-06,0,1,1600,,,
2026-06-16T11:41:58.188,3.6543,26.37,2,3e-06,0,1,1600,,,
2026-06-16T11:41:58.683,3.6544,26.37,1,3e-06,0,1,1600,,,
2026-06-16T11:41:59.185,3.6543,26.37,1,3e-06,0,1,1600,,,
2026-06-16T11:41:59.683,3.6543,26.37,2,3e-06,0,1,1600,,,
2026-06-16T11:42:00.183,3.6543,26.37,1,3e-06,0,1,1600,,,
2026-06-16T11:42:00.680,3.6543,26.38,2,3e-06,0,1,1600,,,
2026-06-16T11:42:01.180,3.6543,26.37,1,3e-06,0,1,1600,,,
2026-06-16T11:42:01.694,3.6543,26.37,1,3e-06,0,1,200,,,
2026-06-16T11:42:02.192,3.6543,26.38,2,3e-06,0,1,200,,,
2026-06-16T11:42:02.691,3.6542,26.38,1,3e-06,0,1,200,,,
2026-06-16T11:42:03.188,3.6543,26.38,2,3e-06,0,1,200,,,
2026-06-16T11:42:03.688,3.6542,26.38,1,3e-06,0,1,200,,,
2026-06-16T11:42:04.191,3.6542,26.38,1,3e-06,0,1,200,,,
2026-06-16T11:42:04.689,3.6542,26.38,2,3e-06,0,1,200,,,
2026-06-16T11:42:05.189,3.6542,26.38,1,3e-06,1,2,200,2026-06-16T11:42:04.939565,200,1
2026-06-16T11:42:05.688,3.6541,26.38,2,9e-06,0,2,200,,,
2026-06-16T11:42:06.187,3.6541,26.38,1,1e-05,0,2,200,,,
2026-06-16T11:42:06.686,3.6539,26.38,1,9e-06,0,2,200,,,
2026-06-16T11:42:07.185,3.654,26.38,2,8e-06,0,2,200,,,
2026-06-16T11:42:07.685,3.654,26.38,1,7e-06,0,2,200,,,
2026-06-16T11:42:08.188,3.654,26.38,2,6e-06,0,2,200,,,
2026-06-16T11:42:08.689,3.6541,26.38,1,5e-06,0,2,200,,,
2026-06-16T11:42:09.187,3.6541,26.37,1,5e-06,0,2,200,,,
2026-06-16T11:42:09.690,3.654,26.38,2,5e-06,0,2,200,,,
2026-06-16T11:42:10.192,3.6541,26.38,1,5e-06,0,2,200,,,
2026-06-16T11:42:10.692,3.654,26.38,2,4e-06,0,2,200,,,
2026-06-16T11:42:11.193,3.6541,26.38,1,4e-06,0,2,200,,,
2026-06-16T11:42:11.691,3.654,26.38,2,4e-06,0,2,200,,,
2026-06-16T11:42:12.191,3.654,26.38,1,4e-06,0,2,200,,,
2026-06-16T11:42:12.681,3.654,26.38,1,4e-06,0,2,100,,,
2026-06-16T11:42:13.182,3.654,26.38,2,4e-06,0,2,100,,,
2026-06-16T11:42:13.684,3.6539,26.38,1,4e-06,0,2,100,,,
2026-06-16T11:42:14.184,3.654,26.38,2,3e-06,0,2,100,,,
2026-06-16T11:42:14.684,3.654,26.38,1,3e-06,0,2,100,,,
2026-06-16T11:42:15.194,3.654,26.38,1,3e-06,0,2,100,,,
2026-06-16T11:42:15.693,3.654,26.38,2,3e-06,0,2,100,,,
2026-06-16T11:42:16.191,3.6539,26.38,1,3e-06,1,3,100,2026-06-16T11:42:15.865547,100,1
2026-06-16T11:42:16.695,3.6539,26.38,2,7e-06,0,3,100,,,
2026-06-16T11:42:17.179,3.6538,26.38,1,7e-06,0,3,100,,,
2026-06-16T11:42:17.681,3.6538,26.38,1,7e-06,0,3,100,,,
2026-06-16T11:42:18.182,3.6537,26.38,2,6e-06,0,3,100,,,
2026-06-16T11:42:18.684,3.6538,26.38,1,5e-06,0,3,100,,,
2026-06-16T11:42:19.184,3.6538,26.38,2,5e-06,0,3,100,,,
2026-06-16T11:42:19.683,3.6538,26.38,1,5e-06,0,3,100,,,
2026-06-16T11:42:20.182,3.6538,26.39,1,4e-06,0,3,100,,,
2026-06-16T11:42:20.683,3.6537,26.38,2,4e-06,0,3,100,,,
2026-06-16T11:42:21.182,3.6538,26.39,1,4e-06,0,3,100,,,
2026-06-16T11:42:21.684,3.6537,26.38,2,4e-06,0,3,100,,,
2026-06-16T11:42:22.185,3.6538,26.39,1,4e-06,0,3,100,,,
2026-06-16T11:42:22.683,3.6537,26.39,1,4e-06,0,3,50,,,
2026-06-16T11:42:23.184,3.6537,26.39,2,4e-06,0,3,50,,,
2026-06-16T11:42:23.681,3.6536,26.39,1,3e-06,0,3,50,,,
2026-06-16T11:42:24.184,3.6537,26.39,2,3e-06,0,3,50,,,
2026-06-16T11:42:24.684,3.6537,26.39,1,3e-06,0,3,50,,,
2026-06-16T11:42:25.186,3.6537,26.38,1,3e-06,0,3,50,,,
2026-06-16T11:42:25.684,3.6536,26.39,2,3e-06,1,4,50,2026-06-16T11:42:25.575769,50,1
2026-06-16T11:42:26.181,3.6537,26.38,1,3e-06,0,4,50,,,
2026-06-16T11:42:26.686,3.6536,26.38,2,3e-06,0,4,50,,,
2026-06-16T11:42:27.187,3.6536,26.38,1,3e-06,0,4,50,,,
2026-06-16T11:42:27.686,3.6537,26.39,2,3e-06,0,4,50,,,
2026-06-16T11:42:28.186,3.6537,26.39,1,3e-06,0,4,50,,,
2026-06-16T11:42:28.685,3.6536,26.39,1,3e-06,0,4,50,,,
2026-06-16T11:42:29.183,3.6536,26.39,2,3e-06,0,4,50,,,
2026-06-16T11:42:29.687,3.6537,26.39,1,3e-06,0,4,50,,,
2026-06-16T11:42:30.188,3.6536,26.39,2,3e-06,0,4,50,,,
2026-06-16T11:42:30.686,3.6536,26.39,1,3e-06,0,4,50,,,
2026-06-16T11:42:31.182,3.6536,26.39,1,3e-06,0,4,50,,,
2026-06-16T11:42:31.682,3.6535,26.39,2,3e-06,0,4,50,,,
2026-06-16T11:42:32.182,3.6536,26.39,1,3e-06,0,4,50,,,
2026-06-16T11:42:32.679,3.6534,26.39,2,3e-06,1,5,50,2026-06-16T11:42:32.582425,50,1
2026-06-16T11:42:33.179,3.6533,26.39,1,3e-06,0,5,50,,,
2026-06-16T11:42:33.680,3.6534,26.39,1,3e-06,0,5,50,,,
2026-06-16T11:42:34.180,3.6534,26.39,2,3e-06,0,5,50,,,
2026-06-16T11:42:34.693,3.6534,26.39,1,3e-06,0,5,50,,,
2026-06-16T11:42:35.191,3.6533,26.39,2,3e-06,0,5,50,,,
2026-06-16T11:42:35.690,3.6533,26.39,1,3e-06,0,5,50,,,
2026-06-16T11:42:36.189,3.6533,26.39,1,3e-06,0,5,50,,,
2026-06-16T11:42:36.689,3.6533,26.39,2,3e-06,0,5,50,,,
2026-06-16T11:42:37.189,3.6533,26.39,1,3e-06,0,5,50,,,
2026-06-16T11:42:37.688,3.6532,26.39,2,3e-06,0,5,50,,,
2026-06-16T11:42:38.185,3.6532,26.39,1,3e-06,0,5,100,,,
2026-06-16T11:42:38.687,3.6532,26.39,2,3e-06,0,5,100,,,
2026-06-16T11:42:39.185,3.6533,26.39,1,3e-06,0,5,100,,,
2026-06-16T11:42:39.683,3.6531,26.39,1,3e-06,0,5,100,,,
2026-06-16T11:42:40.182,3.653,26.39,2,3e-06,0,5,100,,,
2026-06-16T11:42:40.682,3.653,26.39,1,3e-06,0,5,100,,,
2026-06-16T11:42:41.180,3.6531,26.39,2,3e-06,0,5,100,,,
2026-06-16T11:42:41.680,3.653,26.39,1,4e-06,1,6,100,2026-06-16T11:42:41.252817,100,1
2026-06-16T11:42:42.194,3.6529,26.39,1,7e-06,0,6,100,,,
2026-06-16T11:42:42.692,3.6528,26.39,2,7e-06,0,6,100,,,
2026-06-16T11:42:43.190,3.6528,26.39,1,6e-06,0,6,100,,,
2026-06-16T11:42:43.689,3.6528,26.39,2,6e-06,0,6,100,,,
2026-06-16T11:42:44.188,3.6528,26.39,1,5e-06,0,6,100,,,
2026-06-16T11:42:44.687,3.6527,26.39,1,5e-06,0,6,100,,,
2026-06-16T11:42:45.188,3.6526,26.39,2,5e-06,0,6,100,,,
2026-06-16T11:42:45.686,3.6526,26.39,1,4e-06,0,6,100,,,
2026-06-16T11:42:46.190,3.6526,26.39,2,4e-06,0,6,100,,,
2026-06-16T11:42:46.690,3.6525,26.39,1,4e-06,0,6,100,,,
2026-06-16T11:42:47.188,3.6526,26.39,2,4e-06,0,6,100,,,
2026-06-16T11:42:47.686,3.6527,26.39,1,4e-06,0,6,100,,,
2026-06-16T11:42:48.184,3.6526,26.39,1,4e-06,0,6,100,,,
2026-06-16T11:42:48.687,3.6526,26.39,2,4e-06,0,6,100,,,
2026-06-16T11:42:49.185,3.6526,26.39,1,3e-06,0,6,100,,,
2026-06-16T11:42:49.682,3.6526,26.39,2,3e-06,0,6,100,,,
2026-06-16T11:42:50.180,3.6526,26.39,1,3e-06,0,6,100,,,
2026-06-16T11:42:50.684,3.6526,26.39,1,3e-06,0,6,100,,,
2026-06-16T11:42:51.183,3.6526,26.39,2,3e-06,0,6,100,,,
2026-06-16T11:42:51.681,3.6526,26.39,1,3e-06,0,6,100,,,
2026-06-16T11:42:52.182,3.6526,26.39,2,3e-06,0,6,100,,,
2026-06-16T11:42:52.683,3.6526,26.39,1,3e-06,0,6,100,,,
2026-06-16T11:42:53.182,3.6526,26.39,1,3e-06,0,6,100,,,
2026-06-16T11:42:53.683,3.6525,26.39,2,3e-06,0,6,100,,,
2026-06-16T11:42:54.184,3.6526,26.39,1,3e-06,0,6,100,,,
2026-06-16T11:42:54.682,3.6525,26.39,2,3e-06,0,6,100,,,
2026-06-16T11:42:55.186,3.6525,26.39,1,3e-06,0,6,100,,,
2026-06-16T11:42:55.686,3.6526,26.39,2,3e-06,0,6,100,,,
2026-06-16T11:42:56.183,3.6524,26.39,1,3e-06,0,6,100,,,
2026-06-16T11:42:56.683,3.6525,26.39,1,3e-06,0,6,100,,,
2026-06-16T11:42:57.189,3.6524,26.39,2,3e-06,0,6,100,,,
2026-06-16T11:42:57.691,3.6525,26.39,1,3e-06,0,6,100,,,
2026-06-16T11:42:58.191,3.6525,26.39,2,3e-06,0,6,100,,,
2026-06-16T11:42:58.694,3.6525,26.39,1,3e-06,0,6,100,,,
2026-06-16T11:42:59.194,3.6524,26.39,1,3e-06,0,6,100,,,
2026-06-16T11:42:59.691,3.6524,26.39,2,3e-06,0,6,100,,,
2026-06-16T11:43:00.191,3.6524,26.39,1,3e-06,0,6,100,,,
2026-06-16T11:43:00.691,3.6524,26.39,2,3e-06,0,6,100,,,
2026-06-16T11:43:01.193,3.6524,26.39,1,3e-06,0,6,100,,,
2026-06-16T11:43:01.691,3.6524,26.39,1,3e-06,0,6,100,,,
2026-06-16T11:43:02.190,3.6523,26.39,2,3e-06,0,6,100,,,
2026-06-16T11:43:02.690,3.6523,26.39,1,3e-06,0,6,100,,,
2026-06-16T11:43:03.191,3.6523,26.39,2,3e-06,0,6,100,,,
2026-06-16T11:43:03.688,3.6523,26.39,1,3e-06,0,6,100,,,
2026-06-16T11:43:04.186,3.6523,26.39,1,3e-06,0,6,100,,,
2026-06-16T11:43:04.688,3.6523,26.39,2,3e-06,0,6,100,,,
2026-06-16T11:43:05.192,3.6524,26.39,1,3e-06,0,6,100,,,
2026-06-16T11:43:05.693,3.6524,26.39,2,3e-06,0,6,100,,,
2026-06-16T11:43:06.195,3.6524,26.39,1,3e-06,0,6,100,,,
2026-06-16T11:43:06.693,3.6523,26.39,1,3e-06,0,6,100,,,
2026-06-16T11:43:07.194,3.6524,26.39,2,3e-06,0,6,100,,,
2026-06-16T11:43:07.692,3.6523,26.4,1,3e-06,0,6,100,,,
2026-06-16T11:43:08.191,3.6524,26.39,2,3e-06,0,6,100,,,
2026-06-16T11:43:08.692,3.6523,26.39,1,3e-06,0,6,100,,,
2026-06-16T11:43:09.189,3.6523,26.39,1,3e-06,0,6,100,,,
2026-06-16T11:43:09.687,3.6524,26.39,2,3e-06,0,6,100,,,
2026-06-16T11:43:10.185,3.6524,26.39,1,3e-06,0,6,100,,,
2026-06-16T11:43:10.682,3.6523,26.39,2,3e-06,0,6,100,,,
2026-06-16T11:43:11.193,3.6523,26.39,1,3e-06,0,6,100,,,
2026-06-16T11:43:11.695,3.6522,26.39,2,3e-06,0,6,100,,,
2026-06-16T11:43:12.194,3.6523,26.39,1,3e-06,0,6,100,,,
2026-06-16T11:43:12.690,3.6525,26.39,1,3e-06,0,6,100,,,
2026-06-16T11:43:13.189,3.6523,26.39,2,3e-06,0,6,100,,,
2026-06-16T11:43:13.688,3.6524,26.39,1,3e-06,0,6,100,,,
2026-06-16T11:43:14.186,3.6523,26.39,2,3e-06,0,6,100,,,
2026-06-16T11:43:14.685,3.6522,26.39,1,3e-06,0,6,100,,,
2026-06-16T11:43:15.184,3.6523,26.39,1,3e-06,0,6,100,,,
2026-06-16T11:43:15.683,3.6524,26.39,2,3e-06,0,6,100,,,
2026-06-16T11:43:16.182,3.6523,26.39,1,3e-06,0,6,100,,,
2026-06-16T11:43:16.682,3.6524,26.39,2,3e-06,0,6,100,,,
2026-06-16T11:43:17.180,3.6524,26.4,1,3e-06,0,6,100,,,
2026-06-16T11:43:17.692,3.6523,26.39,1,3e-06,0,6,100,,,
2026-06-16T11:43:18.192,3.6523,26.4,2,3e-06,0,6,100,,,
2026-06-16T11:43:18.689,3.6524,26.39,1,3e-06,0,6,100,,,
2026-06-16T11:43:19.189,3.6523,26.39,2,3e-06,0,6,100,,,
2026-06-16T11:43:19.687,3.6523,26.4,1,3e-06,0,6,100,,,
2026-06-16T11:43:20.186,3.6524,26.4,1,3e-06,0,6,100,,,
2026-06-16T11:43:20.685,3.6524,26.39,2,3e-06,0,6,100,,,
2026-06-16T11:43:21.186,3.6522,26.4,1,3e-06,0,6,100,,,
2026-06-16T11:43:21.684,3.6523,26.4,2,3e-06,0,6,100,,,
2026-06-16T11:43:22.186,3.6524,26.4,1,3e-06,0,6,100,,,
2026-06-16T11:43:22.683,3.6523,26.4,1,3e-06,0,6,100,,,
2026-06-16T11:43:23.183,3.6523,26.4,2,3e-06,0,6,100,,,
2026-06-16T11:43:23.682,3.6523,26.4,1,3e-06,0,6,100,,,
2026-06-16T11:43:24.182,3.6522,26.39,2,3e-06,0,6,100,,,
2026-06-16T11:43:24.694,3.6523,26.4,1,3e-06,0,6,100,,,
2026-06-16T11:43:25.193,3.6522,26.4,2,3e-06,0,6,100,,,
2026-06-16T11:43:25.692,3.6522,26.4,1,3e-06,0,6,100,,,
2026-06-16T11:43:26.194,3.6522,26.4,1,3e-06,0,6,100,,,
2026-06-16T11:43:26.682,3.6523,26.4,2,3e-06,0,6,100,,,
2026-06-16T11:43:27.182,3.6522,26.4,1,3e-06,0,6,100,,,
2026-06-16T11:43:27.681,3.6522,26.4,2,3e-06,0,6,100,,,
2026-06-16T11:43:28.184,3.6522,26.4,1,3e-06,0,6,100,,,
2026-06-16T11:43:28.683,3.6522,26.4,1,3e-06,0,6,100,,,
2026-06-16T11:43:29.195,3.6522,26.4,2,3e-06,0,6,100,,,
2026-06-16T11:43:29.695,3.6522,26.4,1,3e-06,0,6,100,,,
2026-06-16T11:43:30.192,3.6522,26.39,2,3e-06,0,6,100,,,
2026-06-16T11:43:30.693,3.6522,26.4,1,3e-06,0,6,100,,,
2026-06-16T11:43:31.193,3.6522,26.4,1,3e-06,0,6,100,,,
2026-06-16T11:43:31.694,3.6522,26.4,2,3e-06,0,6,100,,,
2026-06-16T11:43:32.195,3.6523,26.4,1,3e-06,0,6,100,,,
2026-06-16T11:43:32.694,3.6522,26.4,2,3e-06,0,6,100,,,
2026-06-16T11:43:33.194,3.6523,26.4,1,3e-06,0,6,100,,,
2026-06-16T11:43:33.692,3.6522,26.4,2,3e-06,0,6,100,,,
2026-06-16T11:43:34.191,3.6521,26.4,1,3e-06,0,6,100,,,
2026-06-16T11:43:34.691,3.6521,26.4,1,3e-06,0,6,100,,,
2026-06-16T11:43:35.189,3.6521,26.4,2,3e-06,0,6,100,,,
2026-06-16T11:43:35.689,3.6521,26.4,1,3e-06,0,6,100,,,
2026-06-16T11:43:36.194,3.6521,26.4,2,3e-06,0,6,100,,,
2026-06-16T11:43:36.681,3.6521,26.4,1,3e-06,0,6,100,,,
2026-06-16T11:43:37.185,3.652,26.4,1,3e-06,0,6,100,,,
2026-06-16T11:43:37.686,3.6521,26.4,2,3e-06,0,6,100,,,
2026-06-16T11:43:38.187,3.6521,26.4,1,3e-06,1,7,100,2026-06-16T11:43:37.882345,100,1
2026-06-16T11:43:38.687,3.652,26.4,2,7e-06,0,7,100,,,
2026-06-16T11:43:39.187,3.652,26.4,1,7e-06,0,7,100,,,
2026-06-16T11:43:39.687,3.6519,26.4,1,7e-06,0,7,100,,,
2026-06-16T11:43:40.184,3.6519,26.4,2,6e-06,0,7,100,,,
2026-06-16T11:43:40.683,3.6518,26.4,1,5e-06,0,7,100,,,
2026-06-16T11:43:41.180,3.652,26.4,2,5e-06,0,7,100,,,
2026-06-16T11:43:41.680,3.6519,26.4,1,5e-06,0,7,100,,,
2026-06-16T11:43:42.193,3.652,26.4,2,4e-06,0,7,100,,,
2026-06-16T11:43:42.692,3.6519,26.4,1,4e-06,0,7,100,,,
2026-06-16T11:43:43.194,3.6519,26.4,1,4e-06,0,7,100,,,
2026-06-16T11:43:43.694,3.6519,26.4,2,4e-06,0,7,100,,,
2026-06-16T11:43:44.193,3.652,26.4,1,4e-06,0,7,100,,,
2026-06-16T11:43:44.695,3.6519,26.4,2,4e-06,0,7,100,,,
2026-06-16T11:43:45.194,3.6519,26.4,1,3e-06,0,7,100,,,
2026-06-16T11:43:45.694,3.652,26.4,1,3e-06,0,7,100,,,
2026-06-16T11:43:46.193,3.6519,26.4,2,3e-06,0,7,100,,,
2026-06-16T11:43:46.690,3.6518,26.4,1,3e-06,0,7,100,,,
2026-06-16T11:43:47.189,3.6519,26.4,2,3e-06,0,7,100,,,
2026-06-16T11:43:47.687,3.6518,26.4,1,3e-06,0,7,100,,,
2026-06-16T11:43:48.187,3.6518,26.4,2,3e-06,0,7,100,,,
2026-06-16T11:43:48.686,3.6518,26.4,1,3e-06,0,7,100,,,
2026-06-16T11:43:49.183,3.6518,26.4,1,3e-06,0,7,100,,,
2026-06-16T11:43:49.683,3.6519,26.4,2,3e-06,0,7,100,,,
2026-06-16T11:43:50.181,3.6518,26.4,1,3e-06,0,7,100,,,
2026-06-16T11:43:50.682,3.6518,26.4,2,3e-06,0,7,100,,,
2026-06-16T11:43:51.194,3.6516,26.4,1,3e-06,0,7,100,,,
2026-06-16T11:43:51.693,3.6517,26.4,1,3e-06,0,7,100,,,
2026-06-16T11:43:52.190,3.6517,26.4,2,3e-06,0,7,100,,,
2026-06-16T11:43:52.689,3.6518,26.4,1,3e-06,0,7,100,,,
2026-06-16T11:43:53.188,3.6517,26.4,2,3e-06,0,7,100,,,
2026-06-16T11:43:53.686,3.6517,26.4,1,3e-06,0,7,100,,,
2026-06-16T11:43:54.186,3.6517,26.4,1,3e-06,0,7,100,,,
2026-06-16T11:43:54.689,3.6517,26.4,2,3e-06,0,7,100,,,
2026-06-16T11:43:55.191,3.6518,26.4,1,3e-06,0,7,100,,,
2026-06-16T11:43:55.690,3.6517,26.4,2,3e-06,0,7,100,,,
2026-06-16T11:43:56.188,3.6517,26.4,1,3e-06,0,7,100,,,
2026-06-16T11:43:56.688,3.6518,26.4,1,3e-06,0,7,100,,,
2026-06-16T11:43:57.184,3.6517,26.4,2,3e-06,0,7,100,,,
2026-06-16T11:43:57.685,3.6517,26.4,1,3e-06,0,7,100,,,
2026-06-16T11:43:58.184,3.6517,26.4,2,3e-06,0,7,100,,,
2026-06-16T11:43:58.682,3.6518,26.4,1,3e-06,0,7,100,,,
2026-06-16T11:43:59.181,3.6517,26.4,1,3e-06,0,7,100,,,
2026-06-16T11:43:59.684,3.6517,26.4,2,3e-06,0,7,100,,,
2026-06-16T11:44:00.183,3.6517,26.4,1,3e-06,0,7,100,,,
2026-06-16T11:44:00.682,3.6517,26.4,2,3e-06,0,7,100,,,
2026-06-16T11:44:01.185,3.6515,26.4,1,3e-06,0,7,100,,,
2026-06-16T11:44:01.684,3.6516,26.4,1,3e-06,0,7,100,,,
2026-06-16T11:44:02.182,3.6517,26.4,2,3e-06,0,7,100,,,
2026-06-16T11:44:02.682,3.6516,26.4,1,3e-06,0,7,100,,,
2026-06-16T11:44:03.181,3.6516,26.4,2,3e-06,0,7,100,,,
2026-06-16T11:44:03.694,3.6516,26.4,1,3e-06,0,7,100,,,
2026-06-16T11:44:04.192,3.6515,26.4,1,3e-06,0,7,100,,,
2026-06-16T11:44:04.690,3.6516,26.4,2,3e-06,0,7,100,,,
2026-06-16T11:44:05.190,3.6516,26.4,1,3e-06,0,7,100,,,
2026-06-16T11:44:05.688,3.6517,26.4,2,3e-06,0,7,100,,,
2026-06-16T11:44:06.187,3.6516,26.4,1,3e-06,0,7,100,,,
2026-06-16T11:44:06.686,3.6515,26.4,1,3e-06,0,7,100,,,
2026-06-16T11:44:07.185,3.6516,26.4,2,3e-06,0,7,100,,,
2026-06-16T11:44:07.684,3.6516,26.4,1,3e-06,0,7,100,,,
2026-06-16T11:44:08.180,3.6516,26.4,2,3e-06,0,7,100,,,
2026-06-16T11:44:08.681,3.6516,26.4,1,3e-06,0,7,100,,,
2026-06-16T11:44:09.181,3.6515,26.4,2,3e-06,0,7,100,,,
2026-06-16T11:44:09.685,3.6515,26.4,1,3e-06,0,7,100,,,
2026-06-16T11:44:10.184,3.6515,26.4,1,3e-06,0,7,100,,,
2026-06-16T11:44:10.682,3.6516,26.4,2,3e-06,0,7,100,,,
2026-06-16T11:44:11.181,3.6516,26.4,1,3e-06,0,7,100,,,
2026-06-16T11:44:11.695,3.6515,26.4,2,3e-06,0,7,100,,,
2026-06-16T11:44:12.180,3.6516,26.4,1,3e-06,0,7,100,,,
2026-06-16T11:44:12.695,3.6516,26.4,1,3e-06,0,7,100,,,
2026-06-16T11:44:13.194,3.6515,26.4,2,3e-06,0,7,100,,,
2026-06-16T11:44:13.680,3.6515,26.4,1,3e-06,0,7,100,,,
2026-06-16T11:44:14.181,3.6515,26.4,2,3e-06,0,7,100,,,
2026-06-16T11:44:14.693,3.6515,26.4,1,3e-06,0,7,100,,,
2026-06-16T11:44:15.194,3.6513,26.4,1,3e-06,0,7,100,,,
2026-06-16T11:44:15.680,3.6516,26.4,2,3e-06,0,7,100,,,
2026-06-16T11:44:16.181,3.6514,26.4,1,3e-06,0,7,100,,,
2026-06-16T11:44:16.694,3.6515,26.4,2,3e-06,0,7,100,,,
2026-06-16T11:44:17.191,3.6516,26.4,1,3e-06,0,7,100,,,
2026-06-16T11:44:17.688,3.6515,26.4,1,3e-06,0,7,100,,,
2026-06-16T11:44:18.188,3.6514,26.4,2,3e-06,0,7,100,,,
2026-06-16T11:44:18.688,3.6514,26.4,1,3e-06,0,7,100,,,
2026-06-16T11:44:19.187,3.6514,26.4,2,3e-06,0,7,100,,,
2026-06-16T11:44:19.688,3.6514,26.4,1,3e-06,0,7,100,,,
2026-06-16T11:44:20.186,3.6513,26.4,1,3e-06,0,7,100,,,
2026-06-16T11:44:20.688,3.6513,26.4,2,3e-06,0,7,100,,,
2026-06-16T11:44:21.191,3.6513,26.4,1,3e-06,0,7,100,,,
2026-06-16T11:44:21.690,3.6513,26.4,2,3e-06,0,7,100,,,
2026-06-16T11:44:22.188,3.6513,26.4,1,3e-06,0,7,100,,,
2026-06-16T11:44:22.688,3.6513,26.4,2,3e-06,0,7,100,,,
2026-06-16T11:44:23.187,3.6513,26.4,1,3e-06,0,7,100,,,
2026-06-16T11:44:23.685,3.6513,26.4,1,3e-06,0,7,100,,,
2026-06-16T11:44:24.183,3.6513,26.4,2,3e-06,0,7,100,,,
2026-06-16T11:44:24.683,3.6513,26.4,1,3e-06,0,7,100,,,
2026-06-16T11:44:25.194,3.6513,26.4,2,3e-06,0,7,100,,,
2026-06-16T11:44:25.694,3.6512,26.4,1,3e-06,0,7,100,,,
2026-06-16T11:44:26.181,3.6514,26.4,1,3e-06,0,7,100,,,
2026-06-16T11:44:26.684,3.6512,26.4,2,3e-06,0,7,100,,,
2026-06-16T11:44:27.183,3.6513,26.4,1,3e-06,0,7,100,,,
2026-06-16T11:44:27.688,3.6512,26.4,2,3e-06,0,7,100,,,
2026-06-16T11:44:28.189,3.6511,26.4,1,3e-06,0,7,100,,,
2026-06-16T11:44:28.687,3.6512,26.4,1,3e-06,0,7,100,,,
2026-06-16T11:44:29.189,3.6511,26.4,2,3e-06,0,7,100,,,
2026-06-16T11:44:29.686,3.6512,26.4,1,3e-06,0,7,100,,,
2026-06-16T11:44:30.184,3.6512,26.4,2,3e-06,0,7,100,,,
2026-06-16T11:44:30.687,3.6511,26.4,1,3e-06,0,7,100,,,
2026-06-16T11:44:31.187,3.6513,26.4,1,3e-06,0,7,100,,,
2026-06-16T11:44:31.685,3.6512,26.4,2,3e-06,0,7,100,,,
2026-06-16T11:44:32.190,3.6512,26.4,1,3e-06,0,7,100,,,
2026-06-16T11:44:32.689,3.6511,26.4,2,3e-06,0,7,100,,,
2026-06-16T11:44:33.187,3.6511,26.4,1,3e-06,0,7,100,,,
2026-06-16T11:44:33.692,3.6512,26.4,1,3e-06,0,7,100,,,
2026-06-16T11:44:34.193,3.6511,26.4,2,3e-06,0,7,100,,,
2026-06-16T11:44:34.694,3.6512,26.4,1,3e-06,0,7,100,,,
2026-06-16T11:44:35.192,3.6511,26.4,2,3e-06,0,7,100,,,
2026-06-16T11:44:35.690,3.6511,26.4,1,3e-06,0,7,100,,,
2026-06-16T11:44:36.189,3.6511,26.4,1,3e-06,0,7,100,,,
2026-06-16T11:44:36.688,3.6511,26.4,2,3e-06,0,7,100,,,
2026-06-16T11:44:37.187,3.6512,26.4,1,3e-06,0,7,100,,,
2026-06-16T11:44:37.688,3.6511,26.4,2,3e-06,0,7,100,,,
2026-06-16T11:44:38.186,3.6511,26.4,1,3e-06,0,7,100,,,
2026-06-16T11:44:38.684,3.6511,26.4,1,2e-06,0,7,100,,,
2026-06-16T11:44:39.183,3.651,26.4,2,2e-06,0,7,100,,,
2026-06-16T11:44:39.682,3.6511,26.4,1,2e-06,0,7,100,,,
2026-06-16T11:44:40.180,3.651,26.4,2,2e-06,0,7,100,,,
2026-06-16T11:44:40.682,3.6511,26.4,1,2e-06,0,7,100,,,
2026-06-16T11:44:41.181,3.651,26.4,1,2e-06,0,7,100,,,
2026-06-16T11:44:41.680,3.651,26.4,2,2e-06,0,7,100,,,
2026-06-16T11:44:42.194,3.6509,26.4,1,2e-06,0,7,100,,,
2026-06-16T11:44:42.692,3.6509,26.4,2,2e-06,0,7,100,,,
2026-06-16T11:44:43.195,3.6509,26.4,1,2e-06,0,7,100,,,
2026-06-16T11:44:43.694,3.6509,26.4,1,2e-06,0,7,100,,,
2026-06-16T11:44:44.194,3.651,26.4,2,2e-06,0,7,100,,,
2026-06-16T11:44:44.693,3.651,26.4,1,2e-06,0,7,100,,,
2026-06-16T11:44:45.193,3.6509,26.41,2,2e-06,0,7,100,,,
2026-06-16T11:44:45.694,3.6509,26.4,1,2e-06,0,7,100,,,
2026-06-16T11:44:46.191,3.6509,26.4,2,2e-06,0,7,100,,,
2026-06-16T11:44:46.690,3.6509,26.4,1,2e-06,0,7,100,,,
2026-06-16T11:44:47.187,3.6509,26.4,1,3e-06,0,7,100,,,
2026-06-16T11:44:47.686,3.6509,26.4,2,4e-06,0,7,100,,,
2026-06-16T11:44:48.185,3.6508,26.41,1,4e-06,0,7,100,,,
2026-06-16T11:44:48.683,3.6509,26.4,2,4e-06,0,7,100,,,
2026-06-16T11:44:49.185,3.6508,26.4,1,4e-06,0,7,100,,,
2026-06-16T11:44:49.686,3.6508,26.41,1,4e-06,0,7,100,,,
2026-06-16T11:44:50.183,3.6509,26.4,2,4e-06,0,7,100,,,
2026-06-16T11:44:50.684,3.6508,26.4,1,4e-06,0,7,100,,,
2026-06-16T11:44:51.186,3.6508,26.4,2,4e-06,0,7,100,,,
2026-06-16T11:44:51.685,3.6509,26.4,1,3e-06,0,7,100,,,
2026-06-16T11:44:52.186,3.6509,26.4,1,3e-06,0,7,100,,,
2026-06-16T11:44:52.684,3.6508,26.4,2,3e-06,0,7,100,,,
2026-06-16T11:44:53.184,3.6509,26.4,1,3e-06,0,7,100,,,
2026-06-16T11:44:53.684,3.6507,26.4,2,3e-06,0,7,100,,,
2026-06-16T11:44:54.184,3.6508,26.4,1,3e-06,0,7,100,,,
2026-06-16T11:44:54.682,3.6507,26.4,1,3e-06,0,7,100,,,
2026-06-16T11:44:55.184,3.6507,26.4,2,3e-06,0,7,100,,,
2026-06-16T11:44:55.682,3.6508,26.4,1,3e-06,0,7,100,,,
2026-06-16T11:44:56.182,3.6507,26.4,2,3e-06,0,7,100,,,
2026-06-16T11:44:56.681,3.6508,26.4,1,3e-06,0,7,100,,,
2026-06-16T11:44:57.180,3.6509,26.4,2,3e-06,0,7,100,,,
2026-06-16T11:44:57.695,3.6509,26.4,1,3e-06,0,7,100,,,
2026-06-16T11:44:58.182,3.6508,26.4,1,3e-06,0,7,100,,,
2026-06-16T11:44:58.694,3.6509,26.4,2,3e-06,0,7,100,,,
2026-06-16T11:44:59.181,3.6508,26.4,1,3e-06,1,8,100,2026-06-16T11:44:59.178908,100,1
2026-06-16T11:44:59.681,3.6507,26.4,2,4e-06,0,8,100,,,
2026-06-16T11:45:00.194,3.6506,26.4,1,7e-06,0,8,100,,,
2026-06-16T11:45:00.695,3.6506,26.4,1,7e-06,0,8,100,,,
2026-06-16T11:45:01.194,3.6506,26.4,2,6e-06,0,8,100,,,
2026-06-16T11:45:01.681,3.6506,26.4,1,6e-06,0,8,100,,,
2026-06-16T11:45:02.182,3.6506,26.4,2,5e-06,0,8,100,,,
2026-06-16T11:45:02.694,3.6507,26.4,1,5e-06,0,8,100,,,
2026-06-16T11:45:03.193,3.6506,26.4,2,5e-06,0,8,100,,,
2026-06-16T11:45:03.692,3.6507,26.41,1,4e-06,0,8,100,,,
2026-06-16T11:45:04.183,3.6506,26.4,1,4e-06,0,8,100,,,
2026-06-16T11:45:04.685,3.6506,26.4,2,4e-06,0,8,100,,,
2026-06-16T11:45:05.188,3.6506,26.4,1,4e-06,0,8,100,,,
2026-06-16T11:45:05.692,3.6506,26.4,2,4e-06,0,8,100,,,
2026-06-16T11:45:06.190,3.6506,26.4,1,4e-06,0,8,100,,,
2026-06-16T11:45:06.692,3.6506,26.4,1,3e-06,0,8,100,,,
2026-06-16T11:45:07.188,3.6507,26.41,2,3e-06,0,8,100,,,
2026-06-16T11:45:07.690,3.6505,26.4,1,3e-06,0,8,100,,,
2026-06-16T11:45:08.187,3.6506,26.41,2,3e-06,0,8,100,,,
2026-06-16T11:45:08.687,3.6508,26.41,1,3e-06,0,8,100,,,
2026-06-16T11:45:09.187,3.6506,26.41,1,3e-06,0,8,100,,,
2026-06-16T11:45:09.689,3.6506,26.41,2,3e-06,0,8,100,,,
2026-06-16T11:45:10.186,3.6507,26.4,1,3e-06,0,8,100,,,
2026-06-16T11:45:10.689,3.6506,26.41,2,3e-06,0,8,100,,,
2026-06-16T11:45:11.186,3.6506,26.4,1,3e-06,0,8,100,,,
2026-06-16T11:45:11.685,3.6508,26.41,1,3e-06,0,8,100,,,
2026-06-16T11:45:12.185,3.6507,26.41,2,3e-06,0,8,100,,,
2026-06-16T11:45:12.685,3.6506,26.41,1,3e-06,0,8,100,,,
2026-06-16T11:45:13.188,3.6507,26.41,2,3e-06,0,8,100,,,
2026-06-16T11:45:13.688,3.6506,26.4,1,3e-06,0,8,100,,,
2026-06-16T11:45:14.189,3.6506,26.41,2,3e-06,0,8,100,,,
2026-06-16T11:45:14.686,3.6506,26.4,1,3e-06,0,8,100,,,
2026-06-16T11:45:15.187,3.6506,26.41,1,3e-06,0,8,100,,,
2026-06-16T11:45:15.687,3.6506,26.4,2,3e-06,0,8,100,,,
2026-06-16T11:45:16.189,3.6507,26.41,1,3e-06,0,8,100,,,
2026-06-16T11:45:16.689,3.6506,26.41,2,3e-06,0,8,100,,,
2026-06-16T11:45:17.190,3.6507,26.4,1,3e-06,0,8,100,,,
2026-06-16T11:45:17.690,3.6507,26.41,1,3e-06,0,8,100,,,
2026-06-16T11:45:18.189,3.6507,26.41,2,3e-06,0,8,100,,,
2026-06-16T11:45:18.690,3.6507,26.41,1,3e-06,0,8,100,,,
2026-06-16T11:45:19.187,3.6506,26.41,2,3e-06,0,8,100,,,
2026-06-16T11:45:19.687,3.6506,26.4,1,3e-06,0,8,100,,,
2026-06-16T11:45:20.190,3.6506,26.4,1,3e-06,0,8,100,,,
2026-06-16T11:45:20.694,3.6506,26.41,2,3e-06,0,8,100,,,
2026-06-16T11:45:21.191,3.6505,26.41,1,3e-06,0,8,100,,,
2026-06-16T11:45:21.688,3.6506,26.41,2,3e-06,0,8,100,,,
2026-06-16T11:45:22.188,3.6506,26.41,1,3e-06,0,8,100,,,
2026-06-16T11:45:22.687,3.6505,26.41,1,3e-06,0,8,100,,,
2026-06-16T11:45:23.186,3.6506,26.41,2,3e-06,0,8,100,,,
2026-06-16T11:45:23.685,3.6506,26.41,1,3e-06,0,8,100,,,
2026-06-16T11:45:24.183,3.6506,26.41,2,3e-06,0,8,100,,,
2026-06-16T11:45:24.682,3.6506,26.41,1,3e-06,0,8,100,,,
2026-06-16T11:45:25.180,3.6507,26.41,1,3e-06,0,8,100,,,
2026-06-16T11:45:25.693,3.6506,26.41,2,3e-06,0,8,100,,,
2026-06-16T11:45:26.191,3.6507,26.41,1,3e-06,0,8,100,,,
2026-06-16T11:45:26.689,3.6506,26.41,2,3e-06,0,8,100,,,
2026-06-16T11:45:27.190,3.6506,26.41,1,3e-06,0,8,100,,,
2026-06-16T11:45:27.690,3.6506,26.41,1,3e-06,0,8,100,,,
2026-06-16T11:45:28.184,3.6506,26.41,2,3e-06,0,8,100,,,
2026-06-16T11:45:28.685,3.6506,26.41,1,3e-06,0,8,100,,,
2026-06-16T11:45:29.183,3.6506,26.41,2,3e-06,0,8,100,,,
2026-06-16T11:45:29.682,3.6506,26.41,1,3e-06,0,8,100,,,
2026-06-16T11:45:30.180,3.6507,26.41,1,3e-06,0,8,100,,,
2026-06-16T11:45:30.695,3.6506,26.41,2,3e-06,0,8,100,,,
2026-06-16T11:45:31.195,3.6506,26.41,1,3e-06,0,8,100,,,
2026-06-16T11:45:31.692,3.6505,26.41,2,3e-06,0,8,100,,,
2026-06-16T11:45:32.190,3.6505,26.41,1,3e-06,0,8,100,,,
2026-06-16T11:45:32.689,3.6505,26.41,2,3e-06,0,8,100,,,
2026-06-16T11:45:33.185,3.6507,26.41,1,3e-06,0,8,100,,,
2026-06-16T11:45:33.686,3.6506,26.42,1,3e-06,0,8,100,,,
2026-06-16T11:45:34.189,3.6506,26.41,2,3e-06,0,8,100,,,
2026-06-16T11:45:34.689,3.6506,26.41,1,3e-06,0,8,100,,,
2026-06-16T11:45:35.192,3.6505,26.41,2,3e-06,0,8,100,,,
2026-06-16T11:45:35.694,3.6506,26.41,1,3e-06,0,8,100,,,
2026-06-16T11:45:36.183,3.6506,26.41,1,3e-06,0,8,100,,,
2026-06-16T11:45:36.684,3.6506,26.41,2,3e-06,0,8,100,,,
2026-06-16T11:45:37.189,3.6506,26.41,1,3e-06,0,8,100,,,
2026-06-16T11:45:37.686,3.6506,26.41,2,3e-06,0,8,100,,,
2026-06-16T11:45:38.181,3.6507,26.42,1,3e-06,0,8,100,,,
2026-06-16T11:45:38.683,3.6507,26.41,1,3e-06,0,8,100,,,
2026-06-16T11:45:39.181,3.6506,26.41,2,3e-06,0,8,100,,,
2026-06-16T11:45:39.692,3.6508,26.41,1,3e-06,0,8,100,,,
2026-06-16T11:45:40.189,3.6506,26.42,2,3e-06,0,8,100,,,
2026-06-16T11:45:40.688,3.6506,26.41,1,3e-06,0,8,100,,,
2026-06-16T11:45:41.191,3.6506,26.41,2,3e-06,0,8,100,,,
2026-06-16T11:45:41.692,3.6505,26.41,1,3e-06,0,8,100,,,
2026-06-16T11:45:42.190,3.6505,26.41,1,3e-06,0,8,100,,,
2026-06-16T11:45:42.686,3.6506,26.41,2,3e-06,0,8,100,,,
2026-06-16T11:45:43.187,3.6505,26.42,1,3e-06,0,8,100,,,
2026-06-16T11:45:43.685,3.6505,26.42,2,3e-06,0,8,100,,,
2026-06-16T11:45:44.182,3.6506,26.42,1,3e-06,0,8,100,,,
2026-06-16T11:45:44.680,3.6505,26.42,1,3e-06,0,8,100,,,
2026-06-16T11:45:45.180,3.6505,26.41,2,3e-06,0,8,100,,,
2026-06-16T11:45:45.683,3.6506,26.41,1,3e-06,0,8,100,,,
2026-06-16T11:45:46.187,3.6505,26.41,2,3e-06,0,8,100,,,
2026-06-16T11:45:46.684,3.6504,26.42,1,3e-06,0,8,100,,,
2026-06-16T11:45:47.181,3.6504,26.42,1,3e-06,0,8,100,,,
2026-06-16T11:45:47.680,3.6504,26.42,2,3e-06,0,8,100,,,
2026-06-16T11:45:48.181,3.6504,26.42,1,3e-06,0,8,100,,,
2026-06-16T11:45:48.693,3.6503,26.42,2,3e-06,0,8,100,,,
2026-06-16T11:45:49.194,3.6504,26.42,1,3e-06,0,8,100,,,
2026-06-16T11:45:49.692,3.6503,26.42,1,3e-06,0,8,100,,,
2026-06-16T11:45:50.192,3.6505,26.41,2,3e-06,0,8,100,,,
2026-06-16T11:45:50.690,3.6504,26.42,1,3e-06,0,8,100,,,
2026-06-16T11:45:51.190,3.6503,26.42,2,3e-06,0,8,100,,,
2026-06-16T11:45:51.690,3.6504,26.42,1,3e-06,0,8,100,,,
2026-06-16T11:45:52.193,3.6504,26.42,2,3e-06,0,8,100,,,
2026-06-16T11:45:52.689,3.6504,26.42,1,3e-06,0,8,100,,,
2026-06-16T11:45:53.187,3.6505,26.42,1,3e-06,0,8,100,,,
2026-06-16T11:45:53.686,3.6505,26.42,2,3e-06,0,8,100,,,
2026-06-16T11:45:54.181,3.6504,26.42,1,3e-06,0,8,100,,,
2026-06-16T11:45:54.694,3.6503,26.42,2,3e-06,0,8,100,,,
2026-06-16T11:45:55.194,3.6504,26.42,1,3e-06,0,8,100,,,
2026-06-16T11:45:55.693,3.6504,26.42,1,3e-06,0,8,100,,,
2026-06-16T11:45:56.193,3.6503,26.42,2,3e-06,0,8,100,,,
2026-06-16T11:45:56.693,3.6505,26.42,1,3e-06,0,8,100,,,
2026-06-16T11:45:57.192,3.6503,26.42,2,3e-06,0,8,100,,,
2026-06-16T11:45:57.690,3.6504,26.42,1,3e-06,0,8,100,,,
2026-06-16T11:45:58.189,3.6504,26.42,1,3e-06,0,8,100,,,
2026-06-16T11:45:58.690,3.6505,26.42,2,3e-06,0,8,100,,,
2026-06-16T11:45:59.188,3.6505,26.42,1,3e-06,0,8,100,,,
2026-06-16T11:45:59.687,3.6503,26.42,2,3e-06,0,8,100,,,
2026-06-16T11:46:00.190,3.6504,26.42,1,3e-06,0,8,100,,,
2026-06-16T11:46:00.689,3.6505,26.42,1,3e-06,0,8,100,,,
2026-06-16T11:46:01.188,3.6505,26.42,2,3e-06,0,8,100,,,
2026-06-16T11:46:01.687,3.6504,26.42,1,3e-06,0,8,100,,,
2026-06-16T11:46:02.184,3.6505,26.42,2,3e-06,0,8,100,,,
2026-06-16T11:46:02.685,3.6504,26.42,1,3e-06,0,8,100,,,
2026-06-16T11:46:03.183,3.6504,26.42,1,3e-06,0,8,100,,,
2026-06-16T11:46:03.683,3.6504,26.42,2,3e-06,0,8,100,,,
2026-06-16T11:46:04.184,3.6504,26.42,1,3e-06,0,8,100,,,
2026-06-16T11:46:04.682,3.6504,26.42,2,3e-06,0,8,100,,,
2026-06-16T11:46:05.194,3.6503,26.42,1,3e-06,0,8,100,,,
2026-06-16T11:46:05.693,3.6504,26.42,1,3e-06,0,8,100,,,
2026-06-16T11:46:06.193,3.6505,26.42,2,3e-06,0,8,100,,,
2026-06-16T11:46:06.690,3.6504,26.42,1,3e-06,0,8,100,,,
2026-06-16T11:46:07.192,3.6505,26.42,2,3e-06,0,8,100,,,
2026-06-16T11:46:07.692,3.6504,26.42,1,3e-06,0,8,100,,,
2026-06-16T11:46:08.193,3.6503,26.42,1,3e-06,0,8,100,,,
2026-06-16T11:46:08.690,3.6503,26.42,2,3e-06,0,8,100,,,
2026-06-16T11:46:09.186,3.6503,26.42,1,3e-06,0,8,100,,,
2026-06-16T11:46:09.690,3.6502,26.42,2,3e-06,0,8,100,,,
2026-06-16T11:46:10.188,3.6504,26.42,1,3e-06,0,8,100,,,
2026-06-16T11:46:10.688,3.6504,26.42,1,3e-06,0,8,100,,,
2026-06-16T11:46:11.186,3.6503,26.42,2,3e-06,0,8,100,,,
2026-06-16T11:46:11.686,3.6503,26.42,1,3e-06,0,8,100,,,
2026-06-16T11:46:12.188,3.6503,26.42,2,3e-06,0,8,100,,,
2026-06-16T11:46:12.687,3.6502,26.42,1,3e-06,0,8,100,,,
2026-06-16T11:46:13.184,3.6504,26.42,1,3e-06,0,8,100,,,
2026-06-16T11:46:13.683,3.6503,26.43,2,3e-06,0,8,100,,,
2026-06-16T11:46:14.183,3.6502,26.43,1,3e-06,0,8,100,,,
2026-06-16T11:46:14.695,3.6503,26.43,2,3e-06,0,8,100,,,
2026-06-16T11:46:15.193,3.6504,26.42,1,3e-06,0,8,100,,,
2026-06-16T11:46:15.690,3.6503,26.42,2,3e-06,0,8,100,,,
2026-06-16T11:46:16.193,3.6503,26.43,1,3e-06,0,8,100,,,
2026-06-16T11:46:16.692,3.6503,26.43,1,3e-06,0,8,100,,,
2026-06-16T11:46:17.190,3.6503,26.42,2,3e-06,0,8,100,,,
2026-06-16T11:46:17.691,3.6503,26.42,1,3e-06,0,8,100,,,
2026-06-16T11:46:18.191,3.6504,26.43,2,3e-06,0,8,100,,,
2026-06-16T11:46:18.693,3.6504,26.42,1,3e-06,0,8,100,,,
2026-06-16T11:46:19.192,3.6505,26.43,1,3e-06,0,8,100,,,
2026-06-16T11:46:19.690,3.6505,26.43,2,3e-06,0,8,100,,,
2026-06-16T11:46:20.195,3.6505,26.42,1,3e-06,0,8,100,,,
2026-06-16T11:46:20.693,3.6505,26.43,2,3e-06,0,8,100,,,
2026-06-16T11:46:21.193,3.6506,26.42,1,3e-06,0,8,100,,,
2026-06-16T11:46:21.692,3.6507,26.43,1,3e-06,0,8,100,,,
2026-06-16T11:46:22.193,3.6507,26.42,2,3e-06,0,8,100,,,
2026-06-16T11:46:22.691,3.6507,26.42,1,3e-06,0,8,100,,,
2026-06-16T11:46:23.194,3.6507,26.43,2,3e-06,0,8,100,,,
2026-06-16T11:46:23.680,3.6508,26.43,1,3e-06,0,8,100,,,
2026-06-16T11:46:24.182,3.6508,26.43,1,3e-06,0,8,100,,,
2026-06-16T11:46:24.681,3.6506,26.43,2,3e-06,0,8,100,,,
2026-06-16T11:46:25.182,3.6508,26.43,1,3e-06,0,8,100,,,
2026-06-16T11:46:25.682,3.6509,26.43,2,3e-06,0,8,100,,,
2026-06-16T11:46:26.180,3.6507,26.42,1,3e-06,0,8,100,,,
2026-06-16T11:46:26.682,3.6509,26.43,1,3e-06,0,8,100,,,
2026-06-16T11:46:27.184,3.6509,26.43,2,3e-06,0,8,100,,,
2026-06-16T11:46:27.683,3.6508,26.43,1,3e-06,0,8,100,,,
2026-06-16T11:46:28.185,3.6507,26.43,2,3e-06,0,8,100,,,
2026-06-16T11:46:28.685,3.6507,26.43,1,3e-06,0,8,100,,,
2026-06-16T11:46:29.185,3.6508,26.43,2,3e-06,0,8,100,,,
2026-06-16T11:46:29.684,3.6508,26.43,1,3e-06,0,8,100,,,
2026-06-16T11:46:30.183,3.6509,26.43,1,3e-06,0,8,100,,,
2026-06-16T11:46:30.681,3.6509,26.43,2,3e-06,0,8,100,,,
2026-06-16T11:46:31.181,3.6507,26.43,1,3e-06,0,8,100,,,
2026-06-16T11:46:31.681,3.6508,26.43,2,3e-06,0,8,100,,,
2026-06-16T11:46:32.183,3.6509,26.43,1,3e-06,0,8,100,,,
2026-06-16T11:46:32.685,3.6509,26.42,1,3e-06,0,8,100,,,
2026-06-16T11:46:33.182,3.6508,26.43,2,3e-06,0,8,100,,,
2026-06-16T11:46:33.685,3.6508,26.43,1,3e-06,0,8,100,,,
2026-06-16T11:46:34.181,3.6507,26.43,2,3e-06,0,8,100,,,
2026-06-16T11:46:34.694,3.6508,26.43,1,3e-06,0,8,100,,,
2026-06-16T11:46:35.180,3.6508,26.43,2,3e-06,0,8,100,,,
2026-06-16T11:46:35.680,3.6508,26.43,1,3e-06,0,8,100,,,
2026-06-16T11:46:36.194,3.6508,26.43,1,3e-06,0,8,100,,,
2026-06-16T11:46:36.693,3.6508,26.43,2,3e-06,0,8,100,,,
2026-06-16T11:46:37.191,3.6509,26.43,1,3e-06,1,9,100,2026-06-16T11:46:37.026664,100,1
2026-06-16T11:46:37.689,3.6508,26.43,2,6e-06,0,9,100,,,
2026-06-16T11:46:38.189,3.6507,26.43,1,7e-06,0,9,100,,,
2026-06-16T11:46:38.690,3.6507,26.43,1,7e-06,0,9,100,,,
2026-06-16T11:46:39.189,3.6506,26.43,2,6e-06,0,9,100,,,
2026-06-16T11:46:39.687,3.6506,26.43,1,6e-06,0,9,100,,,
2026-06-16T11:46:40.187,3.6506,26.43,2,5e-06,0,9,100,,,
2026-06-16T11:46:40.687,3.6507,26.43,1,5e-06,0,9,100,,,
2026-06-16T11:46:41.186,3.6506,26.43,1,4e-06,0,9,100,,,
2026-06-16T11:46:41.685,3.6506,26.43,2,4e-06,0,9,100,,,
2026-06-16T11:46:42.186,3.6506,26.43,1,4e-06,0,9,100,,,
2026-06-16T11:46:42.684,3.6507,26.43,2,4e-06,0,9,100,,,
2026-06-16T11:46:43.184,3.6507,26.43,1,4e-06,0,9,100,,,
2026-06-16T11:46:43.682,3.6507,26.43,1,4e-06,0,9,100,,,
2026-06-16T11:46:44.179,3.6506,26.44,2,4e-06,0,9,100,,,
2026-06-16T11:46:44.694,3.6506,26.43,1,3e-06,0,9,100,,,
2026-06-16T11:46:45.194,3.6506,26.43,2,3e-06,0,9,100,,,
2026-06-16T11:46:45.693,3.6506,26.44,1,3e-06,0,9,100,,,
2026-06-16T11:46:46.193,3.6507,26.43,1,3e-06,0,9,100,,,
2026-06-16T11:46:46.692,3.6506,26.44,2,3e-06,0,9,100,,,
2026-06-16T11:46:47.193,3.6506,26.43,1,3e-06,0,9,100,,,
2026-06-16T11:46:47.692,3.6506,26.43,2,3e-06,0,9,100,,,
2026-06-16T11:46:48.187,3.6506,26.43,1,3e-06,0,9,100,,,
2026-06-16T11:46:48.687,3.6507,26.43,1,3e-06,0,9,100,,,
2026-06-16T11:46:49.187,3.6506,26.44,2,3e-06,0,9,100,,,
2026-06-16T11:46:49.687,3.6506,26.43,1,3e-06,0,9,100,,,
2026-06-16T11:46:50.185,3.6506,26.43,2,3e-06,0,9,100,,,
2026-06-16T11:46:50.683,3.6506,26.43,1,3e-06,0,9,100,,,
2026-06-16T11:46:51.180,3.6505,26.43,1,3e-06,0,9,100,,,
2026-06-16T11:46:51.681,3.6506,26.43,2,3e-06,0,9,100,,,
2026-06-16T11:46:52.195,3.6506,26.43,1,3e-06,0,9,100,,,
2026-06-16T11:46:52.691,3.6505,26.43,2,3e-06,0,9,100,,,
2026-06-16T11:46:53.192,3.6505,26.43,1,3e-06,0,9,100,,,
2026-06-16T11:46:53.693,3.6506,26.44,2,3e-06,0,9,100,,,
2026-06-16T11:46:54.180,3.6506,26.43,1,3e-06,0,9,100,,,
2026-06-16T11:46:54.682,3.6506,26.44,1,3e-06,0,9,100,,,
2026-06-16T11:46:55.194,3.6506,26.44,2,3e-06,0,9,100,,,
2026-06-16T11:46:55.679,3.6505,26.44,1,3e-06,0,9,100,,,
2026-06-16T11:46:56.180,3.6505,26.44,2,3e-06,0,9,100,,,
2026-06-16T11:46:56.681,3.6506,26.43,1,3e-06,0,9,100,,,
2026-06-16T11:46:57.181,3.6506,26.43,1,3e-06,0,9,100,,,
2026-06-16T11:46:57.682,3.6505,26.44,2,3e-06,0,9,100,,,
2026-06-16T11:46:58.182,3.6506,26.44,1,3e-06,0,9,100,,,
2026-06-16T11:46:58.680,3.6505,26.44,2,3e-06,0,9,100,,,
2026-06-16T11:46:59.181,3.6506,26.44,1,3e-06,0,9,100,,,
2026-06-16T11:46:59.681,3.6506,26.44,1,3e-06,0,9,100,,,
2026-06-16T11:47:00.183,3.6505,26.44,2,3e-06,0,9,100,,,
2026-06-16T11:47:00.681,3.6504,26.44,1,3e-06,0,9,100,,,
2026-06-16T11:47:01.193,3.6505,26.44,2,3e-06,0,9,100,,,
2026-06-16T11:47:01.690,3.6505,26.44,1,3e-06,0,9,100,,,
2026-06-16T11:47:02.187,3.6505,26.43,1,3e-06,0,9,100,,,
2026-06-16T11:47:02.682,3.6505,26.44,2,3e-06,0,9,100,,,
2026-06-16T11:47:03.183,3.6506,26.43,1,3e-06,0,9,100,,,
2026-06-16T11:47:03.682,3.6505,26.44,2,3e-06,0,9,100,,,
2026-06-16T11:47:04.181,3.6504,26.44,1,3e-06,0,9,100,,,
2026-06-16T11:47:04.682,3.6505,26.44,1,3e-06,0,9,100,,,
2026-06-16T11:47:05.193,3.6505,26.44,2,3e-06,0,9,100,,,
2026-06-16T11:47:05.692,3.6505,26.43,1,3e-06,0,9,100,,,
2026-06-16T11:47:06.192,3.6505,26.44,2,3e-06,0,9,100,,,
2026-06-16T11:47:06.694,3.6504,26.44,1,3e-06,0,9,100,,,
2026-06-16T11:47:07.180,3.6506,26.44,1,3e-06,0,9,100,,,
2026-06-16T11:47:07.681,3.6505,26.44,2,3e-06,0,9,100,,,
2026-06-16T11:47:08.184,3.6504,26.44,1,3e-06,0,9,100,,,
2026-06-16T11:47:08.696,3.6505,26.44,2,3e-06,0,9,100,,,
2026-06-16T11:47:09.194,3.6504,26.44,1,3e-06,0,9,100,,,
2026-06-16T11:47:09.685,3.6503,26.44,2,3e-06,0,9,100,,,
2026-06-16T11:47:10.183,3.6504,26.44,1,3e-06,0,9,100,,,
2026-06-16T11:47:10.685,3.6505,26.44,1,3e-06,0,9,100,,,
2026-06-16T11:47:11.183,3.6504,26.44,2,3e-06,0,9,100,,,
2026-06-16T11:47:11.683,3.6503,26.44,1,3e-06,0,9,100,,,
2026-06-16T11:47:12.184,3.6503,26.44,2,3e-06,0,9,100,,,
2026-06-16T11:47:12.682,3.6505,26.44,1,3e-06,0,9,100,,,
2026-06-16T11:47:13.181,3.6504,26.44,1,3e-06,0,9,100,,,
2026-06-16T11:47:13.695,3.6504,26.44,2,3e-06,0,9,100,,,
2026-06-16T11:47:14.181,3.6504,26.44,1,3e-06,0,9,100,,,
2026-06-16T11:47:14.683,3.6504,26.44,2,3e-06,0,9,100,,,
2026-06-16T11:47:15.182,3.6504,26.44,1,3e-06,0,9,100,,,
2026-06-16T11:47:15.682,3.6504,26.44,1,3e-06,0,9,100,,,
2026-06-16T11:47:16.183,3.6503,26.44,2,3e-06,0,9,100,,,
2026-06-16T11:47:16.686,3.6504,26.44,1,3e-06,0,9,100,,,
2026-06-16T11:47:17.180,3.6503,26.44,2,3e-06,0,9,100,,,
2026-06-16T11:47:17.681,3.6504,26.43,1,3e-06,0,9,100,,,
2026-06-16T11:47:18.182,3.6504,26.44,2,3e-06,0,9,100,,,
2026-06-16T11:47:18.693,3.6504,26.44,1,3e-06,0,9,100,,,
2026-06-16T11:47:19.192,3.6503,26.44,1,3e-06,0,9,100,,,
2026-06-16T11:47:19.692,3.6503,26.44,2,3e-06,0,9,100,,,
2026-06-16T11:47:20.190,3.6504,26.44,1,3e-06,0,9,100,,,
2026-06-16T11:47:20.692,3.6505,26.44,2,3e-06,0,9,100,,,
2026-06-16T11:47:21.192,3.6503,26.44,1,3e-06,0,9,100,,,
2026-06-16T11:47:21.691,3.6505,26.44,1,3e-06,0,9,100,,,
2026-06-16T11:47:22.193,3.6504,26.44,2,3e-06,0,9,100,,,
2026-06-16T11:47:22.691,3.6504,26.44,1,3e-06,0,9,100,,,
2026-06-16T11:47:23.189,3.6505,26.44,2,3e-06,0,9,100,,,
2026-06-16T11:47:23.687,3.6504,26.44,1,3e-06,0,9,100,,,
2026-06-16T11:47:24.190,3.6505,26.44,1,3e-06,0,9,100,,,
2026-06-16T11:47:24.689,3.6505,26.44,2,3e-06,0,9,100,,,
2026-06-16T11:47:25.186,3.6504,26.44,1,3e-06,0,9,100,,,
2026-06-16T11:47:25.688,3.6503,26.44,2,3e-06,0,9,100,,,
2026-06-16T11:47:26.191,3.6505,26.44,1,3e-06,0,9,100,,,
2026-06-16T11:47:26.690,3.6505,26.44,1,3e-06,0,9,100,,,
2026-06-16T11:47:27.190,3.6504,26.44,2,3e-06,0,9,100,,,
2026-06-16T11:47:27.693,3.6505,26.44,1,3e-06,0,9,100,,,
2026-06-16T11:47:28.193,3.6504,26.44,2,3e-06,0,9,100,,,
2026-06-16T11:47:28.694,3.6503,26.44,1,3e-06,0,9,100,,,
2026-06-16T11:47:29.194,3.6504,26.44,1,3e-06,0,9,100,,,
2026-06-16T11:47:29.679,3.6505,26.44,2,3e-06,0,9,100,,,
2026-06-16T11:47:30.193,3.6504,26.44,1,3e-06,0,9,100,,,
2026-06-16T11:47:30.693,3.6503,26.44,2,3e-06,0,9,100,,,
2026-06-16T11:47:31.181,3.6504,26.44,1,3e-06,0,9,100,,,
2026-06-16T11:47:31.682,3.6504,26.44,1,3e-06,0,9,100,,,
2026-06-16T11:47:32.186,3.6504,26.44,2,3e-06,0,9,100,,,
2026-06-16T11:47:32.681,3.6505,26.44,1,3e-06,0,9,100,,,
2026-06-16T11:47:33.181,3.6504,26.44,2,3e-06,0,9,100,,,
2026-06-16T11:47:33.680,3.6503,26.44,1,3e-06,0,9,100,,,
2026-06-16T11:47:34.193,3.6503,26.44,2,3e-06,0,9,100,,,
2026-06-16T11:47:34.695,3.6504,26.44,1,3e-06,0,9,100,,,
2026-06-16T11:47:35.194,3.6504,26.44,1,3e-06,0,9,100,,,
2026-06-16T11:47:35.692,3.6503,26.44,2,3e-06,0,9,100,,,
2026-06-16T11:47:36.190,3.6504,26.44,1,3e-06,0,9,100,,,
2026-06-16T11:47:36.689,3.6503,26.44,2,3e-06,0,9,100,,,
2026-06-16T11:47:37.190,3.6503,26.44,1,3e-06,0,9,100,,,
2026-06-16T11:47:37.687,3.6503,26.44,1,3e-06,0,9,100,,,
2026-06-16T11:47:38.185,3.6504,26.44,2,3e-06,0,9,100,,,
2026-06-16T11:47:38.683,3.6504,26.44,1,3e-06,0,9,100,,,
2026-06-16T11:47:39.182,3.6503,26.44,2,3e-06,0,9,100,,,
2026-06-16T11:47:39.680,3.6504,26.44,1,3e-06,0,9,100,,,
2026-06-16T11:47:40.195,3.6504,26.44,1,3e-06,0,9,100,,,
2026-06-16T11:47:40.693,3.6504,26.44,2,3e-06,0,9,100,,,
2026-06-16T11:47:41.192,3.6504,26.44,1,3e-06,0,9,100,,,
2026-06-16T11:47:41.691,3.6503,26.44,2,3e-06,0,9,100,,,
2026-06-16T11:47:42.189,3.6504,26.44,1,3e-06,0,9,100,,,
2026-06-16T11:47:42.687,3.6504,26.44,1,3e-06,0,9,100,,,
2026-06-16T11:47:43.185,3.6503,26.44,2,3e-06,0,9,100,,,
2026-06-16T11:47:43.687,3.6503,26.44,1,3e-06,0,9,100,,,
2026-06-16T11:47:44.183,3.6505,26.44,2,3e-06,0,9,100,,,
2026-06-16T11:47:44.694,3.6504,26.44,1,3e-06,0,9,100,,,
2026-06-16T11:47:45.192,3.6502,26.44,2,3e-06,0,9,100,,,
2026-06-16T11:47:45.694,3.6504,26.44,1,3e-06,0,9,100,,,
2026-06-16T11:47:46.182,3.6502,26.44,1,3e-06,0,9,100,,,
2026-06-16T11:47:46.681,3.6503,26.44,2,3e-06,0,9,100,,,
2026-06-16T11:47:47.181,3.6504,26.44,1,3e-06,0,9,100,,,
2026-06-16T11:47:47.682,3.6503,26.44,1,3e-06,0,9,100,,,
2026-06-16T11:47:48.192,3.6503,26.44,2,3e-06,0,9,100,,,
2026-06-16T11:47:48.691,3.6503,26.44,1,3e-06,0,9,100,,,
2026-06-16T11:47:49.191,3.6503,26.44,2,3e-06,0,9,100,,,
2026-06-16T11:47:49.692,3.6503,26.44,1,3e-06,0,9,100,,,
2026-06-16T11:47:50.191,3.6503,26.44,1,3e-06,0,9,100,,,
2026-06-16T11:47:50.690,3.6503,26.44,2,3e-06,0,9,100,,,
2026-06-16T11:47:51.187,3.6503,26.44,1,3e-06,0,9,100,,,
2026-06-16T11:47:51.686,3.6502,26.44,2,3e-06,0,9,100,,,
2026-06-16T11:47:52.187,3.6503,26.44,1,3e-06,0,9,100,,,
2026-06-16T11:47:52.686,3.6502,26.45,1,3e-06,0,9,100,,,
2026-06-16T11:47:53.185,3.6503,26.44,2,3e-06,0,9,100,,,
2026-06-16T11:47:53.682,3.6502,26.44,1,3e-06,0,9,100,,,
2026-06-16T11:47:54.182,3.6502,26.44,2,3e-06,0,9,100,,,
2026-06-16T11:47:54.694,3.6503,26.44,1,3e-06,0,9,100,,,
2026-06-16T11:47:55.194,3.6503,26.44,1,3e-06,1,10,100,2026-06-16T11:47:54.783413,100,1
2026-06-16T11:47:55.681,3.6502,26.44,2,7e-06,0,10,100,,,
2026-06-16T11:47:56.194,3.6502,26.44,1,7e-06,0,10,100,,,
2026-06-16T11:47:56.693,3.6502,26.44,2,7e-06,0,10,100,,,
2026-06-16T11:47:57.191,3.6501,26.44,1,6e-06,0,10,100,,,
2026-06-16T11:47:57.688,3.6501,26.44,2,5e-06,0,10,100,,,
2026-06-16T11:47:58.190,3.6501,26.44,1,5e-06,0,10,100,,,
2026-06-16T11:47:58.690,3.6501,26.44,1,5e-06,0,10,100,,,
2026-06-16T11:47:59.188,3.6501,26.44,2,4e-06,0,10,100,,,
2026-06-16T11:47:59.689,3.6501,26.44,1,4e-06,0,10,100,,,
2026-06-16T11:48:00.191,3.6502,26.44,2,4e-06,0,10,100,,,
2026-06-16T11:48:00.691,3.6502,26.44,1,4e-06,0,10,100,,,
2026-06-16T11:48:01.192,3.6501,26.44,1,4e-06,0,10,100,,,
2026-06-16T11:48:01.689,3.6501,26.44,2,4e-06,0,10,100,,,
2026-06-16T11:48:02.188,3.6502,26.44,1,4e-06,0,10,100,,,
2026-06-16T11:48:02.689,3.6501,26.44,1,3e-06,0,10,100,,,
2026-06-16T11:48:03.190,3.6501,26.44,2,3e-06,0,10,100,,,
2026-06-16T11:48:03.691,3.6502,26.44,1,3e-06,0,10,100,,,
2026-06-16T11:48:04.192,3.6501,26.44,2,3e-06,0,10,100,,,
2026-06-16T11:48:04.695,3.65,26.44,1,3e-06,0,10,100,,,
2026-06-16T11:48:05.184,3.6501,26.44,1,3e-06,0,10,100,,,
2026-06-16T11:48:05.687,3.6502,26.45,2,3e-06,0,10,100,,,
2026-06-16T11:48:06.187,3.6502,26.44,1,3e-06,0,10,100,,,
2026-06-16T11:48:06.685,3.6501,26.45,2,3e-06,0,10,100,,,
2026-06-16T11:48:07.182,3.6501,26.45,1,3e-06,0,10,100,,,
2026-06-16T11:48:07.686,3.6501,26.45,2,3e-06,0,10,100,,,
2026-06-16T11:48:08.188,3.6502,26.45,1,3e-06,0,10,100,,,
2026-06-16T11:48:08.687,3.6502,26.45,1,3e-06,0,10,100,,,
2026-06-16T11:48:09.186,3.6501,26.45,2,3e-06,0,10,100,,,
2026-06-16T11:48:09.687,3.6499,26.45,1,3e-06,0,10,100,,,
2026-06-16T11:48:10.185,3.6501,26.44,2,3e-06,0,10,100,,,
2026-06-16T11:48:10.684,3.6501,26.45,1,3e-06,0,10,100,,,
2026-06-16T11:48:11.185,3.65,26.45,2,3e-06,0,10,100,,,
2026-06-16T11:48:11.688,3.6499,26.44,1,3e-06,0,10,100,,,
2026-06-16T11:48:12.188,3.6498,26.45,1,3e-06,0,10,100,,,
2026-06-16T11:48:12.686,3.65,26.45,2,3e-06,0,10,100,,,
2026-06-16T11:48:13.187,3.6497,26.45,1,3e-06,0,10,100,,,
2026-06-16T11:48:13.688,3.6498,26.45,2,3e-06,0,10,100,,,
2026-06-16T11:48:14.189,3.6498,26.45,1,3e-06,0,10,100,,,
2026-06-16T11:48:14.687,3.6498,26.45,1,3e-06,0,10,100,,,
2026-06-16T11:48:15.188,3.6498,26.45,2,3e-06,0,10,100,,,
2026-06-16T11:48:15.688,3.6497,26.45,1,3e-06,0,10,100,,,
2026-06-16T11:48:16.187,3.6497,26.45,2,3e-06,0,10,100,,,
2026-06-16T11:48:16.687,3.6497,26.44,1,3e-06,0,10,100,,,
2026-06-16T11:48:17.185,3.6496,26.45,1,3e-06,0,10,100,,,
2026-06-16T11:48:17.689,3.6497,26.45,2,3e-06,0,10,100,,,
2026-06-16T11:48:18.195,3.6497,26.45,1,3e-06,0,10,100,,,
2026-06-16T11:48:18.681,3.6497,26.45,2,3e-06,0,10,100,,,
2026-06-16T11:48:19.181,3.6497,26.45,1,3e-06,0,10,100,,,
2026-06-16T11:48:19.694,3.6496,26.45,1,3e-06,0,10,100,,,
2026-06-16T11:48:20.181,3.6496,26.45,2,3e-06,0,10,100,,,
2026-06-16T11:48:20.679,3.6496,26.45,1,3e-06,0,10,100,,,
2026-06-16T11:48:21.191,3.6495,26.45,2,3e-06,0,10,100,,,
2026-06-16T11:48:21.690,3.6495,26.44,1,3e-06,0,10,100,,,
2026-06-16T11:48:22.190,3.6495,26.45,1,3e-06,0,10,100,,,
2026-06-16T11:48:22.688,3.6494,26.45,2,3e-06,0,10,100,,,
2026-06-16T11:48:23.188,3.6495,26.45,1,3e-06,0,10,100,,,
2026-06-16T11:48:23.686,3.6495,26.45,2,3e-06,0,10,100,,,
2026-06-16T11:48:24.186,3.6495,26.44,1,3e-06,0,10,100,,,
2026-06-16T11:48:24.685,3.6496,26.45,1,3e-06,0,10,100,,,
2026-06-16T11:48:25.182,3.6494,26.45,2,3e-06,0,10,100,,,
2026-06-16T11:48:25.681,3.6496,26.44,1,3e-06,0,10,100,,,
2026-06-16T11:48:26.182,3.6494,26.45,2,3e-06,0,10,100,,,
2026-06-16T11:48:26.681,3.6494,26.45,1,3e-06,0,10,100,,,
2026-06-16T11:48:27.181,3.6494,26.44,1,3e-06,0,10,100,,,
2026-06-16T11:48:27.694,3.6494,26.45,2,3e-06,0,10,100,,,
2026-06-16T11:48:28.193,3.6495,26.44,1,3e-06,0,10,100,,,
2026-06-16T11:48:28.692,3.6494,26.45,2,3e-06,0,10,100,,,
2026-06-16T11:48:29.188,3.6495,26.44,1,3e-06,0,10,100,,,
2026-06-16T11:48:29.687,3.6494,26.44,1,3e-06,0,10,100,,,
2026-06-16T11:48:30.184,3.6495,26.44,2,3e-06,0,10,100,,,
2026-06-16T11:48:30.695,3.6495,26.44,1,3e-06,0,10,100,,,
2026-06-16T11:48:31.195,3.6494,26.45,2,3e-06,0,10,100,,,
2026-06-16T11:48:31.692,3.6495,26.45,1,3e-06,0,10,100,,,
2026-06-16T11:48:32.192,3.6494,26.44,1,3e-06,0,10,100,,,
2026-06-16T11:48:32.690,3.6494,26.45,2,3e-06,0,10,100,,,
2026-06-16T11:48:33.188,3.6495,26.44,1,3e-06,0,10,100,,,
2026-06-16T11:48:33.689,3.6494,26.44,2,3e-06,0,10,100,,,
2026-06-16T11:48:34.188,3.6494,26.44,1,3e-06,0,10,100,,,
2026-06-16T11:48:34.690,3.6494,26.45,2,3e-06,0,10,100,,,
2026-06-16T11:48:35.190,3.6494,26.45,1,3e-06,0,10,100,,,
2026-06-16T11:48:35.690,3.6494,26.44,1,3e-06,0,10,100,,,
2026-06-16T11:48:36.187,3.6495,26.44,2,3e-06,0,10,100,,,
2026-06-16T11:48:36.688,3.6494,26.45,1,3e-06,0,10,100,,,
2026-06-16T11:48:37.189,3.6495,26.44,2,3e-06,0,10,100,,,
2026-06-16T11:48:37.684,3.6494,26.44,1,3e-06,0,10,100,,,
2026-06-16T11:48:38.185,3.6494,26.45,1,3e-06,0,10,100,,,
2026-06-16T11:48:38.682,3.6494,26.44,2,3e-06,0,10,100,,,
2026-06-16T11:48:39.194,3.6496,26.45,1,3e-06,0,10,100,,,
2026-06-16T11:48:39.680,3.6494,26.45,2,3e-06,0,10,100,,,
2026-06-16T11:48:40.195,3.6495,26.45,1,3e-06,0,10,100,,,
2026-06-16T11:48:40.682,3.6494,26.45,1,3e-06,0,10,100,,,
2026-06-16T11:48:41.183,3.6495,26.45,2,3e-06,0,10,100,,,
2026-06-16T11:48:41.687,3.6495,26.45,1,3e-06,0,10,100,,,
2026-06-16T11:48:42.187,3.6496,26.45,2,3e-06,0,10,100,,,
2026-06-16T11:48:42.688,3.6495,26.44,1,3e-06,0,10,100,,,
2026-06-16T11:48:43.191,3.6494,26.44,1,3e-06,0,10,100,,,
2026-06-16T11:48:43.682,3.6495,26.45,2,3e-06,0,10,100,,,
2026-06-16T11:48:44.185,3.6495,26.44,1,3e-06,0,10,100,,,
2026-06-16T11:48:44.688,3.6496,26.44,2,3e-06,0,10,100,,,
2026-06-16T11:48:45.191,3.6495,26.45,1,3e-06,0,10,100,,,
2026-06-16T11:48:45.691,3.6495,26.45,2,3e-06,0,10,100,,,
2026-06-16T11:48:46.189,3.6495,26.44,1,3e-06,0,10,100,,,
2026-06-16T11:48:46.691,3.6495,26.45,1,3e-06,0,10,100,,,
2026-06-16T11:48:47.191,3.6496,26.45,2,3e-06,0,10,100,,,
2026-06-16T11:48:47.695,3.6496,26.45,1,3e-06,0,10,100,,,
2026-06-16T11:48:48.180,3.6496,26.44,2,3e-06,0,10,100,,,
2026-06-16T11:48:48.684,3.6495,26.45,1,3e-06,0,10,100,,,
2026-06-16T11:48:49.189,3.6495,26.45,1,3e-06,0,10,100,,,
2026-06-16T11:48:49.694,3.6495,26.45,2,3e-06,0,10,100,,,
2026-06-16T11:48:50.195,3.6495,26.45,1,3e-06,0,10,100,,,
2026-06-16T11:48:50.694,3.6494,26.45,2,3e-06,0,10,100,,,
2026-06-16T11:48:51.190,3.6494,26.45,1,3e-06,0,10,100,,,
2026-06-16T11:48:51.690,3.6494,26.45,1,3e-06,0,10,100,,,
2026-06-16T11:48:52.188,3.6494,26.45,2,3e-06,0,10,100,,,
2026-06-16T11:48:52.687,3.6495,26.45,1,3e-06,0,10,100,,,
2026-06-16T11:48:53.191,3.6495,26.45,2,3e-06,0,10,100,,,
2026-06-16T11:48:53.687,3.6494,26.45,1,3e-06,0,10,100,,,
2026-06-16T11:48:54.189,3.6494,26.45,2,3e-06,0,10,100,,,
2026-06-16T11:48:54.690,3.6494,26.45,1,3e-06,0,10,100,,,
2026-06-16T11:48:55.195,3.6495,26.45,1,3e-06,0,10,100,,,
2026-06-16T11:48:55.683,3.6494,26.45,2,3e-06,0,10,100,,,
2026-06-16T11:48:56.185,3.6494,26.45,1,3e-06,0,10,100,,,
2026-06-16T11:48:56.688,3.6495,26.45,2,3e-06,0,10,100,,,
2026-06-16T11:48:57.185,3.6494,26.45,1,3e-06,0,10,100,,,
2026-06-16T11:48:57.685,3.6495,26.44,1,3e-06,0,10,100,,,
2026-06-16T11:48:58.182,3.6494,26.45,2,3e-06,0,10,100,,,
2026-06-16T11:48:58.686,3.6494,26.45,1,3e-06,0,10,100,,,
2026-06-16T11:48:59.188,3.6495,26.45,2,3e-06,0,10,100,,,
2026-06-16T11:48:59.688,3.6495,26.45,1,3e-06,0,10,100,,,
2026-06-16T11:49:00.191,3.6494,26.45,1,3e-06,0,10,100,,,
2026-06-16T11:49:00.689,3.6494,26.45,2,3e-06,1,11,100,2026-06-16T11:49:00.527100,100,1
2026-06-16T11:49:01.190,3.6494,26.45,1,6e-06,0,11,100,,,
2026-06-16T11:49:01.688,3.6493,26.45,2,7e-06,0,11,100,,,
2026-06-16T11:49:02.191,3.6493,26.45,1,7e-06,0,11,100,,,
2026-06-16T11:49:02.688,3.6493,26.45,1,6e-06,0,11,100,,,
2026-06-16T11:49:03.184,3.6493,26.45,2,6e-06,0,11,100,,,
2026-06-16T11:49:03.686,3.6492,26.45,1,5e-06,0,11,100,,,
2026-06-16T11:49:04.187,3.6493,26.45,2,5e-06,0,11,100,,,
2026-06-16T11:49:04.685,3.6493,26.45,1,4e-06,0,11,100,,,
2026-06-16T11:49:05.185,3.6492,26.45,2,4e-06,0,11,100,,,
2026-06-16T11:49:05.683,3.6493,26.45,1,4e-06,0,11,100,,,
2026-06-16T11:49:06.181,3.6493,26.45,1,4e-06,0,11,100,,,
2026-06-16T11:49:06.681,3.6492,26.45,2,4e-06,0,11,100,,,
2026-06-16T11:49:07.179,3.6492,26.44,1,4e-06,0,11,100,,,
2026-06-16T11:49:07.691,3.6493,26.45,2,3e-06,0,11,100,,,
2026-06-16T11:49:08.189,3.6492,26.45,1,3e-06,0,11,100,,,
2026-06-16T11:49:08.692,3.6492,26.45,1,3e-06,0,11,100,,,
2026-06-16T11:49:09.194,3.6491,26.45,2,3e-06,0,11,100,,,
2026-06-16T11:49:09.693,3.6491,26.45,1,3e-06,0,11,100,,,
2026-06-16T11:49:10.191,3.6491,26.45,2,3e-06,0,11,100,,,
2026-06-16T11:49:10.691,3.6492,26.45,1,3e-06,0,11,100,,,
2026-06-16T11:49:11.191,3.6492,26.45,1,3e-06,0,11,100,,,
2026-06-16T11:49:11.691,3.6491,26.45,2,3e-06,0,11,100,,,
2026-06-16T11:49:12.192,3.6491,26.45,1,3e-06,0,11,100,,,
2026-06-16T11:49:12.695,3.6491,26.45,2,3e-06,0,11,100,,,
2026-06-16T11:49:13.193,3.6493,26.45,1,3e-06,0,11,100,,,
2026-06-16T11:49:13.694,3.6492,26.45,2,3e-06,0,11,100,,,
2026-06-16T11:49:14.195,3.6491,26.45,1,3e-06,0,11,100,,,
2026-06-16T11:49:14.681,3.6492,26.45,1,3e-06,0,11,100,,,
2026-06-16T11:49:15.182,3.6491,26.45,2,3e-06,0,11,100,,,
2026-06-16T11:49:15.685,3.6492,26.45,1,3e-06,0,11,100,,,
2026-06-16T11:49:16.186,3.6493,26.45,2,3e-06,0,11,100,,,
2026-06-16T11:49:16.683,3.6493,26.45,1,3e-06,0,11,100,,,
2026-06-16T11:49:17.183,3.6492,26.45,1,3e-06,0,11,100,,,
2026-06-16T11:49:17.682,3.6491,26.45,2,3e-06,0,11,100,,,
2026-06-16T11:49:18.183,3.6491,26.45,1,3e-06,0,11,100,,,
2026-06-16T11:49:18.686,3.6492,26.45,2,3e-06,0,11,100,,,
2026-06-16T11:49:19.187,3.649,26.45,1,3e-06,0,11,100,,,
2026-06-16T11:49:19.689,3.6492,26.45,1,3e-06,0,11,100,,,
2026-06-16T11:49:20.186,3.6491,26.45,2,3e-06,0,11,100,,,
2026-06-16T11:49:20.684,3.6491,26.45,1,3e-06,0,11,100,,,
2026-06-16T11:49:21.184,3.6491,26.45,2,3e-06,0,11,100,,,
2026-06-16T11:49:21.686,3.6491,26.45,1,3e-06,0,11,100,,,
2026-06-16T11:49:22.186,3.6491,26.45,2,3e-06,0,11,100,,,
2026-06-16T11:49:22.686,3.6491,26.45,1,3e-06,0,11,100,,,
2026-06-16T11:49:23.185,3.6492,26.44,1,3e-06,0,11,100,,,
2026-06-16T11:49:23.686,3.6492,26.45,2,3e-06,0,11,100,,,
2026-06-16T11:49:24.184,3.6491,26.45,1,3e-06,0,11,100,,,
2026-06-16T11:49:24.683,3.6491,26.45,2,3e-06,0,11,100,,,
2026-06-16T11:49:25.181,3.6491,26.45,1,3e-06,0,11,100,,,
2026-06-16T11:49:25.694,3.6492,26.45,1,3e-06,0,11,100,,,
2026-06-16T11:49:26.194,3.6491,26.45,2,3e-06,0,11,100,,,
2026-06-16T11:49:26.693,3.6491,26.45,1,3e-06,0,11,100,,,
2026-06-16T11:49:27.192,3.649,26.45,2,3e-06,0,11,100,,,
2026-06-16T11:49:27.691,3.6491,26.45,1,3e-06,0,11,100,,,
2026-06-16T11:49:28.193,3.6491,26.45,1,3e-06,0,11,100,,,
2026-06-16T11:49:28.682,3.649,26.45,2,3e-06,0,11,100,,,
2026-06-16T11:49:29.182,3.6491,26.45,1,3e-06,0,11,100,,,
2026-06-16T11:49:29.682,3.6491,26.45,2,3e-06,0,11,100,,,
2026-06-16T11:49:30.179,3.6491,26.45,1,3e-06,0,11,100,,,
2026-06-16T11:49:30.694,3.649,26.45,2,3e-06,0,11,100,,,
2026-06-16T11:49:31.182,3.6491,26.45,1,3e-06,0,11,100,,,
2026-06-16T11:49:31.690,3.649,26.45,1,3e-06,0,11,100,,,
2026-06-16T11:49:32.179,3.649,26.45,2,3e-06,0,11,100,,,
2026-06-16T11:49:32.669,3.649,26.45,1,3e-06,0,11,100,,,
2026-06-16T11:49:33.179,3.649,26.45,2,3e-06,0,11,100,,,
2026-06-16T11:49:33.687,3.649,26.45,1,3e-06,0,11,100,,,
2026-06-16T11:49:34.180,3.6489,26.45,1,3e-06,0,11,100,,,
2026-06-16T11:49:34.687,3.649,26.45,2,3e-06,0,11,100,,,
2026-06-16T11:49:35.179,3.649,26.45,1,3e-06,0,11,100,,,
2026-06-16T11:49:35.686,3.649,26.45,1,3e-06,0,11,100,,,
2026-06-16T11:49:36.177,3.6489,26.45,2,3e-06,0,11,100,,,
2026-06-16T11:49:36.669,3.6489,26.45,1,3e-06,0,11,100,,,
2026-06-16T11:49:37.175,3.6488,26.45,2,3e-06,0,11,100,,,
2026-06-16T11:49:37.666,3.6489,26.45,1,3e-06,0,11,100,,,
2026-06-16T11:49:38.190,3.6489,26.45,1,3e-06,0,11,100,,,
2026-06-16T11:49:38.681,3.6488,26.45,2,3e-06,0,11,100,,,
2026-06-16T11:49:39.189,3.6488,26.45,1,3e-06,0,11,100,,,
2026-06-16T11:49:39.679,3.6489,26.45,2,3e-06,0,11,100,,,
2026-06-16T11:49:40.186,3.6488,26.45,1,3e-06,0,11,100,,,
2026-06-16T11:49:40.678,3.6488,26.44,1,3e-06,0,11,100,,,
2026-06-16T11:49:41.184,3.6487,26.45,2,3e-06,0,11,100,,,
2026-06-16T11:49:41.677,3.6486,26.45,1,3e-06,0,11,100,,,
2026-06-16T11:49:42.183,3.6487,26.44,2,3e-06,0,11,100,,,
2026-06-16T11:49:42.691,3.6487,26.45,1,3e-06,0,11,100,,,
2026-06-16T11:49:43.180,3.6487,26.45,2,3e-06,0,11,100,,,
2026-06-16T11:49:43.686,3.6485,26.45,1,3e-06,0,11,100,,,
2026-06-16T11:49:44.177,3.6486,26.44,1,3e-06,0,11,100,,,
2026-06-16T11:49:44.685,3.6486,26.44,2,3e-06,0,11,100,,,
2026-06-16T11:49:45.176,3.6486,26.44,1,3e-06,0,11,100,,,
2026-06-16T11:49:45.684,3.6486,26.44,2,3e-06,0,11,100,,,
2026-06-16T11:49:46.191,3.6485,26.45,1,3e-06,0,11,100,,,
2026-06-16T11:49:46.683,3.6486,26.45,1,3e-06,0,11,100,,,
2026-06-16T11:49:47.188,3.6486,26.45,2,3e-06,0,11,100,,,
2026-06-16T11:49:47.679,3.6485,26.45,1,3e-06,0,11,100,,,
2026-06-16T11:49:48.185,3.6485,26.45,2,3e-06,0,11,100,,,
2026-06-16T11:49:48.694,3.6485,26.44,1,3e-06,0,11,100,,,
2026-06-16T11:49:49.186,3.6485,26.44,1,3e-06,0,11,100,,,
2026-06-16T11:49:49.678,3.6485,26.44,2,3e-06,0,11,100,,,
2026-06-16T11:49:50.169,3.6483,26.44,1,3e-06,0,11,100,,,
2026-06-16T11:49:50.677,3.6484,26.44,2,3e-06,0,11,100,,,
2026-06-16T11:49:51.184,3.6485,26.44,1,3e-06,0,11,100,,,
2026-06-16T11:49:51.692,3.6484,26.44,1,3e-06,0,11,100,,,
2026-06-16T11:49:52.184,3.6484,26.45,2,3e-06,0,11,100,,,
2026-06-16T11:49:52.678,3.6483,26.44,1,3e-06,0,11,100,,,
2026-06-16T11:49:53.170,3.6484,26.44,2,3e-06,0,11,100,,,
2026-06-16T11:49:53.678,3.6484,26.44,1,3e-06,0,11,100,,,
2026-06-16T11:49:54.170,3.6485,26.44,1,3e-06,0,11,100,,,
2026-06-16T11:49:54.678,3.6484,26.44,2,3e-06,0,11,100,,,
2026-06-16T11:49:55.183,3.6484,26.44,1,3e-06,0,11,100,,,
2026-06-16T11:49:55.690,3.6483,26.44,2,3e-06,0,11,100,,,
2026-06-16T11:49:56.183,3.6483,26.44,1,3e-06,0,11,100,,,
2026-06-16T11:49:56.676,3.6484,26.44,1,3e-06,0,11,100,,,
2026-06-16T11:49:57.185,3.6483,26.44,2,3e-06,0,11,100,,,
2026-06-16T11:49:57.693,3.6483,26.44,1,3e-06,0,11,100,,,
2026-06-16T11:49:58.185,3.6482,26.44,2,3e-06,0,11,100,,,
2026-06-16T11:49:58.691,3.6484,26.44,1,3e-06,0,11,100,,,
2026-06-16T11:49:59.181,3.6483,26.44,1,3e-06,0,11,100,,,
2026-06-16T11:49:59.688,3.6483,26.44,2,3e-06,0,11,100,,,
2026-06-16T11:50:00.181,3.6484,26.44,1,3e-06,0,11,100,,,
2026-06-16T11:50:00.689,3.6482,26.44,2,3e-06,0,11,100,,,
2026-06-16T11:50:01.180,3.6483,26.44,1,3e-06,0,11,100,,,
2026-06-16T11:50:01.686,3.6483,26.44,1,3e-06,0,11,100,,,
2026-06-16T11:50:02.192,3.6482,26.44,2,3e-06,0,11,100,,,
2026-06-16T11:50:02.685,3.6483,26.44,1,3e-06,0,11,100,,,
2026-06-16T11:50:03.191,3.6483,26.44,2,3e-06,0,11,100,,,
2026-06-16T11:50:03.684,3.6482,26.44,1,3e-06,0,11,100,,,
2026-06-16T11:50:04.192,3.6482,26.44,1,3e-06,0,11,100,,,
2026-06-16T11:50:04.685,3.6482,26.44,2,3e-06,0,11,100,,,
2026-06-16T11:50:05.179,3.6483,26.44,1,3e-06,0,11,100,,,
2026-06-16T11:50:05.671,3.6482,26.44,2,3e-06,0,11,100,,,
2026-06-16T11:50:06.181,3.6481,26.44,1,3e-06,0,11,100,,,
2026-06-16T11:50:06.688,3.6481,26.44,1,3e-06,0,11,100,,,
2026-06-16T11:50:07.181,3.6481,26.44,2,3e-06,0,11,100,,,
2026-06-16T11:50:07.675,3.648,26.44,1,3e-06,0,11,100,,,
2026-06-16T11:50:08.184,3.6479,26.44,2,3e-06,0,11,100,,,
2026-06-16T11:50:08.690,3.6479,26.44,1,3e-06,0,11,100,,,
2026-06-16T11:50:09.182,3.648,26.44,1,3e-06,0,11,100,,,
2026-06-16T11:50:09.675,3.6479,26.44,2,3e-06,0,11,100,,,
2026-06-16T11:50:10.182,3.6479,26.44,1,3e-06,0,11,100,,,
2026-06-16T11:50:10.676,3.6479,26.44,2,3e-06,0,11,100,,,
2026-06-16T11:50:11.184,3.6479,26.44,1,3e-06,0,11,100,,,
2026-06-16T11:50:11.692,3.6479,26.44,1,3e-06,0,11,100,,,
2026-06-16T11:50:12.181,3.6479,26.44,2,3e-06,0,11,100,,,
2026-06-16T11:50:12.673,3.6478,26.44,1,3e-06,0,11,100,,,
2026-06-16T11:50:13.166,3.6479,26.44,2,3e-06,0,11,100,,,
2026-06-16T11:50:13.689,3.6479,26.44,1,3e-06,0,11,100,,,
2026-06-16T11:50:14.195,3.6477,26.44,2,3e-06,0,11,100,,,
2026-06-16T11:50:14.686,3.6478,26.44,1,3e-06,0,11,100,,,
2026-06-16T11:50:15.178,3.6478,26.44,1,3e-06,0,11,100,,,
2026-06-16T11:50:15.670,3.6477,26.44,2,3e-06,0,11,100,,,
2026-06-16T11:50:16.177,3.6478,26.44,1,3e-06,0,11,100,,,
2026-06-16T11:50:16.685,3.6477,26.44,2,3e-06,0,11,100,,,
2026-06-16T11:50:17.195,3.6478,26.44,1,3e-06,0,11,100,,,
2026-06-16T11:50:17.686,3.6476,26.44,1,3e-06,0,11,100,,,
2026-06-16T11:50:18.192,3.6477,26.44,2,3e-06,0,11,100,,,
2026-06-16T11:50:18.684,3.6477,26.44,1,3e-06,0,11,100,,,
2026-06-16T11:50:19.178,3.6477,26.44,2,3e-06,0,11,100,,,
2026-06-16T11:50:19.669,3.6476,26.44,1,3e-06,0,11,100,,,
2026-06-16T11:50:20.192,3.6476,26.44,1,3e-06,0,11,100,,,
2026-06-16T11:50:20.682,3.6476,26.44,2,3e-06,0,11,100,,,
2026-06-16T11:50:21.173,3.6476,26.44,1,3e-06,0,11,100,,,
2026-06-16T11:50:21.666,3.6476,26.44,2,3e-06,0,11,100,,,
2026-06-16T11:50:22.188,3.6476,26.44,1,3e-06,0,11,100,,,
2026-06-16T11:50:22.681,3.6474,26.43,1,3e-06,0,11,100,,,
2026-06-16T11:50:23.190,3.6475,26.43,2,3e-06,0,11,100,,,
2026-06-16T11:50:23.680,3.6476,26.43,1,3e-06,0,11,100,,,
2026-06-16T11:50:24.188,3.6475,26.44,2,3e-06,0,11,100,,,
2026-06-16T11:50:24.695,3.6475,26.44,1,3e-06,0,11,100,,,
2026-06-16T11:50:25.185,3.6475,26.44,1,3e-06,0,11,100,,,
2026-06-16T11:50:25.678,3.6475,26.44,2,3e-06,0,11,100,,,
2026-06-16T11:50:26.184,3.6475,26.43,1,3e-06,0,11,100,,,
2026-06-16T11:50:26.692,3.6475,26.44,2,3e-06,0,11,100,,,
2026-06-16T11:50:27.185,3.6475,26.44,1,3e-06,0,11,100,,,
2026-06-16T11:50:27.678,3.6475,26.43,1,3e-06,0,11,100,,,
2026-06-16T11:50:28.187,3.6475,26.44,2,3e-06,0,11,100,,,
2026-06-16T11:50:28.680,3.6474,26.43,1,3e-06,0,11,100,,,
2026-06-16T11:50:29.185,3.6475,26.44,2,3e-06,0,11,100,,,
2026-06-16T11:50:29.691,3.6474,26.44,1,3e-06,0,11,100,,,
2026-06-16T11:50:30.185,3.6475,26.43,1,3e-06,0,11,100,,,
2026-06-16T11:50:30.691,3.6475,26.44,2,3e-06,0,11,100,,,
2026-06-16T11:50:31.182,3.6474,26.44,1,3e-06,0,11,100,,,
2026-06-16T11:50:31.690,3.6474,26.43,2,3e-06,0,11,100,,,
2026-06-16T11:50:32.181,3.6475,26.43,1,3e-06,0,11,100,,,
2026-06-16T11:50:32.689,3.6474,26.43,2,3e-06,0,11,100,,,
2026-06-16T11:50:33.180,3.6475,26.43,1,3e-06,0,11,100,,,
2026-06-16T11:50:33.687,3.6474,26.44,1,3e-06,0,11,100,,,
2026-06-16T11:50:34.194,3.6475,26.44,2,3e-06,0,11,100,,,
2026-06-16T11:50:34.685,3.6473,26.43,1,3e-06,0,11,100,,,
2026-06-16T11:50:35.193,3.6474,26.43,2,3e-06,0,11,100,,,
2026-06-16T11:50:35.684,3.6473,26.43,1,3e-06,0,11,100,,,
2026-06-16T11:50:36.179,3.6474,26.43,1,3e-06,0,11,100,,,
2026-06-16T11:50:36.686,3.6473,26.44,2,3e-06,0,11,100,,,
2026-06-16T11:50:37.178,3.6472,26.43,1,3e-06,0,11,100,,,
2026-06-16T11:50:37.686,3.6474,26.43,2,3e-06,0,11,100,,,
2026-06-16T11:50:38.177,3.6473,26.43,1,3e-06,0,11,100,,,
2026-06-16T11:50:38.668,3.6474,26.43,1,3e-06,0,11,100,,,
2026-06-16T11:50:39.191,3.6473,26.43,2,3e-06,0,11,100,,,
2026-06-16T11:50:39.692,3.6473,26.43,1,3e-06,0,11,100,,,
2026-06-16T11:50:40.183,3.6474,26.43,2,3e-06,0,11,100,,,
2026-06-16T11:50:40.690,3.6473,26.44,1,3e-06,0,11,100,,,
2026-06-16T11:50:41.194,3.6473,26.43,1,3e-06,0,11,100,,,
2026-06-16T11:50:41.689,3.6473,26.43,2,3e-06,0,11,100,,,
2026-06-16T11:50:42.181,3.6473,26.43,1,3e-06,0,11,100,,,
2026-06-16T11:50:42.686,3.6473,26.43,2,3e-06,0,11,100,,,
2026-06-16T11:50:43.177,3.6473,26.43,1,3e-06,0,11,100,,,
2026-06-16T11:50:43.669,3.6474,26.43,1,3e-06,0,11,100,,,
2026-06-16T11:50:44.176,3.6473,26.43,2,3e-06,0,11,100,,,
2026-06-16T11:50:44.666,3.6472,26.43,1,3e-06,0,11,100,,,
2026-06-16T11:50:45.191,3.6473,26.43,2,3e-06,0,11,100,,,
2026-06-16T11:50:45.686,3.6472,26.43,1,3e-06,0,11,100,,,
2026-06-16T11:50:46.179,3.6473,26.43,1,3e-06,0,11,100,,,
2026-06-16T11:50:46.672,3.6473,26.43,2,3e-06,0,11,100,,,
2026-06-16T11:50:47.178,3.6473,26.43,1,3e-06,0,11,100,,,
2026-06-16T11:50:47.669,3.6474,26.43,2,3e-06,0,11,100,,,
2026-06-16T11:50:48.194,3.6474,26.43,1,3e-06,0,11,100,,,
2026-06-16T11:50:48.688,3.6474,26.43,2,3e-06,0,11,100,,,
2026-06-16T11:50:49.180,3.6473,26.43,1,3e-06,0,11,100,,,
2026-06-16T11:50:49.688,3.6474,26.43,1,3e-06,0,11,100,,,
2026-06-16T11:50:50.180,3.6474,26.43,2,3e-06,0,11,100,,,
2026-06-16T11:50:50.670,3.6474,26.43,1,3e-06,0,11,100,,,
2026-06-16T11:50:51.177,3.6474,26.43,2,3e-06,0,11,100,,,
2026-06-16T11:50:51.687,3.6473,26.43,1,3e-06,0,11,100,,,
2026-06-16T11:50:52.180,3.6475,26.43,1,3e-06,0,11,100,,,
2026-06-16T11:50:52.688,3.6473,26.43,2,3e-06,0,11,100,,,
2026-06-16T11:50:53.181,3.6472,26.43,1,3e-06,0,11,100,,,
2026-06-16T11:50:53.689,3.6474,26.44,2,3e-06,0,11,100,,,
2026-06-16T11:50:54.180,3.6473,26.43,1,3e-06,0,11,100,,,
2026-06-16T11:50:54.687,3.6473,26.43,1,3e-06,0,11,100,,,
2026-06-16T11:50:55.179,3.6474,26.43,2,3e-06,0,11,100,,,
2026-06-16T11:50:55.688,3.6474,26.43,1,3e-06,0,11,100,,,
2026-06-16T11:50:56.181,3.6474,26.43,2,3e-06,0,11,100,,,
2026-06-16T11:50:56.689,3.6474,26.43,1,3e-06,0,11,100,,,
2026-06-16T11:50:57.180,3.6474,26.43,1,3e-06,0,11,100,,,
2026-06-16T11:50:57.689,3.6474,26.43,2,3e-06,0,11,100,,,
2026-06-16T11:50:58.181,3.6475,26.43,1,3e-06,0,11,100,,,
2026-06-16T11:50:58.689,3.6474,26.43,2,3e-06,0,11,100,,,
2026-06-16T11:50:59.196,3.6473,26.43,1,3e-06,0,11,100,,,
2026-06-16T11:50:59.688,3.6474,26.43,1,3e-06,0,11,100,,,
2026-06-16T11:51:00.181,3.6473,26.43,2,3e-06,0,11,100,,,
2026-06-16T11:51:00.673,3.6473,26.43,1,3e-06,0,11,100,,,
2026-06-16T11:51:01.181,3.6473,26.43,2,3e-06,0,11,100,,,
2026-06-16T11:51:01.674,3.6473,26.43,1,3e-06,0,11,100,,,
2026-06-16T11:51:02.167,3.6473,26.43,1,3e-06,0,11,100,,,
2026-06-16T11:51:02.690,3.6473,26.43,2,3e-06,0,11,100,,,
2026-06-16T11:51:03.184,3.6473,26.43,1,3e-06,0,11,100,,,
2026-06-16T11:51:03.678,3.6473,26.43,2,3e-06,0,11,100,,,
2026-06-16T11:51:04.171,3.6472,26.43,1,3e-06,0,11,100,,,
2026-06-16T11:51:04.679,3.6473,26.43,1,3e-06,0,11,100,,,
2026-06-16T11:51:05.187,3.6473,26.43,2,3e-06,0,11,100,,,
2026-06-16T11:51:05.678,3.6473,26.43,1,3e-06,0,11,100,,,
2026-06-16T11:51:06.169,3.6473,26.43,2,3e-06,0,11,100,,,
2026-06-16T11:51:06.694,3.6473,26.43,1,3e-06,0,11,100,,,
2026-06-16T11:51:07.185,3.6474,26.43,2,3e-06,0,11,100,,,
2026-06-16T11:51:07.675,3.6473,26.43,1,3e-06,0,11,100,,,
2026-06-16T11:51:08.181,3.6474,26.43,1,3e-06,0,11,100,,,
2026-06-16T11:51:08.688,3.6474,26.43,2,3e-06,0,11,100,,,
2026-06-16T11:51:09.195,3.6473,26.43,1,3e-06,0,11,100,,,
2026-06-16T11:51:09.687,3.6473,26.43,2,3e-06,0,11,100,,,
2026-06-16T11:51:10.181,3.6473,26.43,1,3e-06,0,11,100,,,
2026-06-16T11:51:10.673,3.6472,26.43,1,3e-06,0,11,100,,,
2026-06-16T11:51:11.181,3.6473,26.43,2,3e-06,0,11,100,,,
2026-06-16T11:51:11.687,3.6474,26.43,1,3e-06,0,11,100,,,
2026-06-16T11:51:12.180,3.6473,26.43,2,3e-06,0,11,100,,,
2026-06-16T11:51:12.689,3.6473,26.43,1,3e-06,0,11,100,,,
2026-06-16T11:51:13.182,3.6474,26.43,1,3e-06,0,11,100,,,
2026-06-16T11:51:13.690,3.6472,26.43,2,3e-06,0,11,100,,,
2026-06-16T11:51:14.181,3.6472,26.43,1,3e-06,0,11,100,,,
2026-06-16T11:51:14.688,3.6473,26.43,2,3e-06,0,11,100,,,
2026-06-16T11:51:15.179,3.6473,26.43,1,3e-06,0,11,100,,,
2026-06-16T11:51:15.687,3.6473,26.43,2,3e-06,0,11,100,,,
2026-06-16T11:51:16.180,3.6473,26.43,1,3e-06,0,11,100,,,
2026-06-16T11:51:16.688,3.6473,26.43,1,3e-06,0,11,100,,,
2026-06-16T11:51:17.178,3.6473,26.43,2,3e-06,0,11,100,,,
2026-06-16T11:51:17.685,3.6473,26.43,1,3e-06,0,11,100,,,
2026-06-16T11:51:18.173,3.6473,26.43,2,3e-06,0,11,100,,,
2026-06-16T11:51:18.683,3.6473,26.43,1,3e-06,0,11,100,,,
2026-06-16T11:51:19.176,3.6473,26.43,1,3e-06,0,11,100,,,
2026-06-16T11:51:19.689,3.6473,26.43,2,3e-06,0,11,100,,,
2026-06-16T11:51:20.178,3.6472,26.43,1,3e-06,0,11,100,,,
2026-06-16T11:51:20.684,3.6471,26.43,2,3e-06,0,11,100,,,
2026-06-16T11:51:21.190,3.6472,26.43,1,3e-06,0,11,100,,,
2026-06-16T11:51:21.679,3.6472,26.43,1,3e-06,0,11,100,,,
2026-06-16T11:51:22.187,3.6473,26.43,2,3e-06,0,11,100,,,
2026-06-16T11:51:22.693,3.6472,26.43,1,3e-06,0,11,100,,,
2026-06-16T11:51:23.184,3.6471,26.43,2,3e-06,0,11,100,,,
2026-06-16T11:51:23.691,3.6472,26.43,1,3e-06,0,11,100,,,
2026-06-16T11:51:24.182,3.6471,26.43,1,3e-06,0,11,100,,,
2026-06-16T11:51:24.687,3.6473,26.43,2,3e-06,0,11,100,,,
2026-06-16T11:51:25.179,3.6472,26.43,1,3e-06,0,11,100,,,
2026-06-16T11:51:25.687,3.6472,26.43,2,3e-06,0,11,100,,,
2026-06-16T11:51:26.178,3.6473,26.43,1,3e-06,0,11,100,,,
2026-06-16T11:51:26.685,3.6473,26.43,2,3e-06,0,11,100,,,
2026-06-16T11:51:27.192,3.6472,26.43,1,3e-06,0,11,100,,,
2026-06-16T11:51:27.682,3.6471,26.43,1,3e-06,0,11,100,,,
2026-06-16T11:51:28.187,3.6473,26.43,2,3e-06,0,11,100,,,
2026-06-16T11:51:28.678,3.6472,26.43,1,3e-06,0,11,100,,,
2026-06-16T11:51:29.169,3.6473,26.43,2,3e-06,0,11,100,,,
2026-06-16T11:51:29.676,3.6473,26.43,1,3e-06,0,11,100,,,
2026-06-16T11:51:30.166,3.6472,26.43,1,3e-06,0,11,100,,,
2026-06-16T11:51:30.676,3.6472,26.43,2,3e-06,0,11,100,,,
2026-06-16T11:51:31.166,3.6473,26.43,1,3e-06,0,11,100,,,
2026-06-16T11:51:31.691,3.6473,26.43,2,3e-06,0,11,100,,,
2026-06-16T11:51:32.182,3.6473,26.43,1,3e-06,0,11,100,,,
2026-06-16T11:51:32.675,3.6473,26.43,1,3e-06,0,11,100,,,
2026-06-16T11:51:33.183,3.6473,26.43,2,3e-06,0,11,100,,,
2026-06-16T11:51:33.691,3.6472,26.43,1,3e-06,0,11,100,,,
2026-06-16T11:51:34.184,3.6473,26.43,2,3e-06,0,11,100,,,
2026-06-16T11:51:34.694,3.6472,26.43,1,3e-06,0,11,100,,,
2026-06-16T11:51:35.187,3.6473,26.43,1,3e-06,0,11,100,,,
2026-06-16T11:51:35.695,3.6472,26.43,2,3e-06,0,11,100,,,
2026-06-16T11:51:36.185,3.6473,26.43,1,3e-06,0,11,100,,,
2026-06-16T11:51:36.678,3.6473,26.43,2,3e-06,0,11,100,,,
2026-06-16T11:51:37.187,3.6472,26.43,1,3e-06,0,11,100,,,
2026-06-16T11:51:37.665,3.6473,26.44,1,3e-06,0,11,100,,,
2026-06-16T11:51:38.189,3.6472,26.43,2,3e-06,0,11,100,,,
2026-06-16T11:51:38.679,3.6474,26.43,1,3e-06,0,11,100,,,
2026-06-16T11:51:39.174,3.6473,26.43,2,3e-06,0,11,100,,,
2026-06-16T11:51:39.682,3.6472,26.44,1,3e-06,0,11,100,,,
2026-06-16T11:51:40.172,3.6474,26.43,1,3e-06,0,11,100,,,
2026-06-16T11:51:40.680,3.6473,26.43,2,3e-06,0,11,100,,,
2026-06-16T11:51:41.189,3.6472,26.43,1,3e-06,0,11,100,,,
2026-06-16T11:51:41.682,3.6473,26.43,2,3e-06,0,11,100,,,
2026-06-16T11:51:42.176,3.6472,26.43,1,3e-06,0,11,100,,,
2026-06-16T11:51:42.668,3.6473,26.43,1,3e-06,0,11,100,,,
2026-06-16T11:51:43.192,3.6472,26.43,2,3e-06,0,11,100,,,
2026-06-16T11:51:43.684,3.6472,26.43,1,3e-06,0,11,100,,,
2026-06-16T11:51:44.191,3.6473,26.43,2,3e-06,0,11,100,,,
2026-06-16T11:51:44.684,3.6473,26.43,1,3e-06,0,11,100,,,
2026-06-16T11:51:45.177,3.6473,26.43,2,3e-06,0,11,100,,,
2026-06-16T11:51:45.671,3.6473,26.43,1,3e-06,0,11,100,,,
2026-06-16T11:51:46.180,3.6472,26.43,1,3e-06,0,11,100,,,
2026-06-16T11:51:46.686,3.6473,26.43,2,3e-06,0,11,100,,,
2026-06-16T11:51:47.195,3.6472,26.43,1,3e-06,0,11,100,,,
2026-06-16T11:51:47.687,3.6473,26.43,1,3e-06,0,11,100,,,
2026-06-16T11:51:48.181,3.6471,26.43,2,3e-06,0,11,100,,,
2026-06-16T11:51:48.673,3.6472,26.43,1,3e-06,0,11,100,,,
2026-06-16T11:51:49.180,3.6473,26.43,2,3e-06,0,11,100,,,
2026-06-16T11:51:49.688,3.6473,26.43,1,3e-06,0,11,100,,,
2026-06-16T11:51:50.183,3.6473,26.43,1,3e-06,0,11,100,,,
2026-06-16T11:51:50.674,3.6473,26.43,2,3e-06,0,11,100,,,
2026-06-16T11:51:51.183,3.6471,26.43,1,3e-06,0,11,100,,,
2026-06-16T11:51:51.691,3.6471,26.43,2,3e-06,0,11,100,,,
2026-06-16T11:51:52.183,3.6473,26.43,1,3e-06,0,11,100,,,
2026-06-16T11:51:52.691,3.6472,26.43,1,3e-06,0,11,100,,,
2026-06-16T11:51:53.180,3.6471,26.43,2,3e-06,0,11,100,,,
2026-06-16T11:51:53.690,3.6472,26.43,1,3e-06,0,11,100,,,
2026-06-16T11:51:54.181,3.6472,26.43,2,3e-06,0,11,100,,,
2026-06-16T11:51:54.673,3.6472,26.43,1,3e-06,0,11,100,,,
2026-06-16T11:51:55.181,3.6471,26.43,1,3e-06,0,11,100,,,
2026-06-16T11:51:55.691,3.6471,26.43,2,3e-06,0,11,100,,,
2026-06-16T11:51:56.184,3.6471,26.43,1,3e-06,0,11,100,,,
2026-06-16T11:51:56.678,3.6472,26.43,2,3e-06,0,11,100,,,
2026-06-16T11:51:57.185,3.6472,26.43,1,3e-06,0,11,100,,,
2026-06-16T11:51:57.678,3.6472,26.43,1,3e-06,0,11,100,,,
2026-06-16T11:51:58.189,3.6471,26.43,2,3e-06,0,11,100,,,
2026-06-16T11:51:58.683,3.6471,26.43,1,3e-06,0,11,100,,,
2026-06-16T11:51:59.176,3.6471,26.43,2,3e-06,0,11,100,,,
2026-06-16T11:51:59.684,3.6471,26.43,1,3e-06,0,11,100,,,
2026-06-16T11:52:00.177,3.6471,26.43,2,3e-06,0,11,100,,,
2026-06-16T11:52:00.670,3.647,26.43,1,3e-06,0,11,100,,,
2026-06-16T11:52:01.180,3.6472,26.43,1,3e-06,0,11,100,,,
2026-06-16T11:52:01.671,3.6471,26.43,2,3e-06,0,11,100,,,
2026-06-16T11:52:02.180,3.6471,26.43,1,3e-06,0,11,100,,,
2026-06-16T11:52:02.688,3.6471,26.43,2,3e-06,0,11,100,,,
2026-06-16T11:52:03.181,3.6472,26.43,1,3e-06,0,11,100,,,
2026-06-16T11:52:03.693,3.6471,26.43,1,3e-06,0,11,100,,,
2026-06-16T11:52:04.185,3.6471,26.43,2,3e-06,0,11,100,,,
2026-06-16T11:52:04.678,3.6471,26.43,1,3e-06,0,11,100,,,
2026-06-16T11:52:05.171,3.6471,26.43,2,3e-06,0,11,100,,,
2026-06-16T11:52:05.679,3.6471,26.43,1,3e-06,0,11,100,,,
2026-06-16T11:52:06.188,3.6471,26.43,2,3e-06,0,11,100,,,
2026-06-16T11:52:06.678,3.6471,26.43,1,3e-06,0,11,100,,,
2026-06-16T11:52:07.185,3.6471,26.43,1,3e-06,0,11,100,,,
2026-06-16T11:52:07.677,3.6471,26.43,2,3e-06,0,11,100,,,
2026-06-16T11:52:08.182,3.647,26.43,1,3e-06,0,11,100,,,
2026-06-16T11:52:08.674,3.6471,26.43,2,3e-06,0,11,100,,,
2026-06-16T11:52:09.183,3.6471,26.43,1,3e-06,0,11,100,,,
2026-06-16T11:52:09.691,3.6472,26.43,1,3e-06,0,11,100,,,
2026-06-16T11:52:10.183,3.6471,26.43,2,3e-06,0,11,100,,,
2026-06-16T11:52:10.693,3.6471,26.43,1,3e-06,0,11,100,,,
2026-06-16T11:52:11.186,3.6471,26.43,2,3e-06,0,11,100,,,
2026-06-16T11:52:11.693,3.6471,26.43,1,3e-06,0,11,100,,,
2026-06-16T11:52:12.185,3.6471,26.43,1,3e-06,0,11,100,,,
2026-06-16T11:52:12.678,3.6471,26.43,2,3e-06,0,11,100,,,
2026-06-16T11:52:13.188,3.647,26.43,1,3e-06,0,11,100,,,
2026-06-16T11:52:13.680,3.6471,26.43,2,3e-06,0,11,100,,,
2026-06-16T11:52:14.189,3.6472,26.43,1,3e-06,0,11,100,,,
2026-06-16T11:52:14.683,3.6471,26.43,1,3e-06,0,11,100,,,
2026-06-16T11:52:15.190,3.647,26.43,2,3e-06,0,11,100,,,
2026-06-16T11:52:15.682,3.647,26.43,1,3e-06,0,11,100,,,
2026-06-16T11:52:16.190,3.6471,26.43,2,3e-06,0,11,100,,,
2026-06-16T11:52:16.683,3.6471,26.43,1,3e-06,0,11,100,,,
2026-06-16T11:52:17.191,3.6472,26.43,1,3e-06,0,11,100,,,
2026-06-16T11:52:17.681,3.6471,26.43,2,3e-06,0,11,100,,,
2026-06-16T11:52:18.188,3.6471,26.43,1,3e-06,0,11,100,,,
2026-06-16T11:52:18.680,3.6471,26.43,2,3e-06,0,11,100,,,
2026-06-16T11:52:19.188,3.6471,26.43,1,3e-06,0,11,100,,,
2026-06-16T11:52:19.681,3.6471,26.43,1,3e-06,0,11,100,,,
2026-06-16T11:52:20.188,3.647,26.43,2,3e-06,0,11,100,,,
2026-06-16T11:52:20.679,3.6472,26.43,1,3e-06,0,11,100,,,
2026-06-16T11:52:21.189,3.6471,26.43,2,3e-06,0,11,100,,,
2026-06-16T11:52:21.682,3.6471,26.43,1,3e-06,0,11,100,,,
2026-06-16T11:52:22.190,3.6471,26.43,2,3e-06,0,11,100,,,
2026-06-16T11:52:22.681,3.6471,26.43,1,3e-06,0,11,100,,,
2026-06-16T11:52:23.175,3.647,26.43,1,3e-06,0,11,100,,,
2026-06-16T11:52:23.667,3.6471,26.43,2,3e-06,0,11,100,,,
2026-06-16T11:52:24.192,3.647,26.43,1,3e-06,0,11,100,,,
2026-06-16T11:52:24.686,3.6471,26.43,2,3e-06,0,11,100,,,
2026-06-16T11:52:25.193,3.6471,26.43,1,3e-06,0,11,100,,,
2026-06-16T11:52:25.686,3.6471,26.43,1,3e-06,0,11,100,,,
2026-06-16T11:52:26.178,3.6471,26.43,2,3e-06,0,11,100,,,
2026-06-16T11:52:26.687,3.6471,26.43,1,3e-06,0,11,100,,,
2026-06-16T11:52:27.193,3.6471,26.43,2,3e-06,0,11,100,,,
2026-06-16T11:52:27.684,3.6472,26.43,1,3e-06,0,11,100,,,
2026-06-16T11:52:28.176,3.6471,26.43,1,3e-06,0,11,100,,,
2026-06-16T11:52:28.669,3.6471,26.43,2,3e-06,0,11,100,,,
2026-06-16T11:52:29.179,3.647,26.43,1,3e-06,0,11,100,,,
2026-06-16T11:52:29.673,3.6471,26.43,2,3e-06,0,11,100,,,
2026-06-16T11:52:30.183,3.6471,26.43,1,3e-06,0,11,100,,,
2026-06-16T11:52:30.692,3.6471,26.43,2,3e-06,0,11,100,,,
2026-06-16T11:52:31.184,3.647,26.43,1,3e-06,0,11,100,,,
2026-06-16T11:52:31.676,3.6471,26.43,1,3e-06,0,11,100,,,
2026-06-16T11:52:32.185,3.6471,26.43,2,3e-06,0,11,100,,,
2026-06-16T11:52:32.677,3.647,26.43,1,3e-06,0,11,100,,,
2026-06-16T11:52:33.184,3.6471,26.43,2,3e-06,0,11,100,,,
2026-06-16T11:52:33.692,3.647,26.43,1,3e-06,0,11,100,,,
2026-06-16T11:52:34.183,3.6471,26.43,1,3e-06,0,11,100,,,
2026-06-16T11:52:34.692,3.6471,26.43,2,3e-06,0,11,100,,,
2026-06-16T11:52:35.185,3.647,26.43,1,3e-06,0,11,100,,,
2026-06-16T11:52:35.680,3.6471,26.43,2,3e-06,0,11,100,,,
2026-06-16T11:52:36.188,3.6471,26.43,1,3e-06,0,11,100,,,
2026-06-16T11:52:36.682,3.6471,26.43,1,3e-06,0,11,100,,,
2026-06-16T11:52:37.175,3.6471,26.43,2,3e-06,0,11,100,,,
2026-06-16T11:52:37.682,3.6472,26.43,1,3e-06,0,11,100,,,
2026-06-16T11:52:38.174,3.6471,26.43,2,3e-06,0,11,100,,,
2026-06-16T11:52:38.681,3.6471,26.43,1,3e-06,0,11,100,,,
2026-06-16T11:52:39.191,3.6471,26.43,2,3e-06,0,11,100,,,
2026-06-16T11:52:39.683,3.6471,26.43,1,3e-06,0,11,100,,,
2026-06-16T11:52:40.190,3.6471,26.43,1,3e-06,0,11,100,,,
2026-06-16T11:52:40.682,3.6471,26.43,2,3e-06,0,11,100,,,
2026-06-16T11:52:41.191,3.6471,26.43,1,3e-06,0,11,100,,,
2026-06-16T11:52:41.682,3.6471,26.43,2,3e-06,0,11,100,,,
2026-06-16T11:52:42.191,3.6471,26.43,1,3e-06,0,11,100,,,
2026-06-16T11:52:42.681,3.6471,26.43,1,3e-06,0,11,100,,,
2026-06-16T11:52:43.175,3.647,26.44,2,3e-06,0,11,100,,,
2026-06-16T11:52:43.668,3.6471,26.43,1,3e-06,0,11,100,,,
2026-06-16T11:52:44.177,3.6471,26.43,2,3e-06,0,11,100,,,
2026-06-16T11:52:44.687,3.647,26.43,1,3e-06,0,11,100,,,
2026-06-16T11:52:45.195,3.647,26.43,1,3e-06,0,11,100,,,
2026-06-16T11:52:45.689,3.647,26.43,2,3e-06,0,11,100,,,
2026-06-16T11:52:46.181,3.6471,26.43,1,3e-06,0,11,100,,,
2026-06-16T11:52:46.689,3.647,26.43,2,3e-06,0,11,100,,,
2026-06-16T11:52:47.184,3.647,26.43,1,3e-06,0,11,100,,,
2026-06-16T11:52:47.694,3.6471,26.43,2,3e-06,0,11,100,,,
2026-06-16T11:52:48.187,3.6471,26.43,1,3e-06,0,11,100,,,
2026-06-16T11:52:48.696,3.6471,26.43,1,3e-06,0,11,100,,,
2026-06-16T11:52:49.187,3.6471,26.43,2,3e-06,0,11,100,,,
2026-06-16T11:52:49.679,3.6471,26.43,1,3e-06,0,11,100,,,
2026-06-16T11:52:50.169,3.6471,26.43,1,3e-06,0,11,100,,,
2026-06-16T11:52:50.695,3.6471,26.43,2,3e-06,0,11,100,,,
2026-06-16T11:52:51.189,3.647,26.43,1,3e-06,0,11,100,,,
2026-06-16T11:52:51.681,3.6471,26.43,2,3e-06,0,11,100,,,
2026-06-16T11:52:52.191,3.647,26.43,1,3e-06,0,11,100,,,
2026-06-16T11:52:52.695,3.6471,26.43,2,3e-06,0,11,100,,,
2026-06-16T11:52:53.187,3.6471,26.43,1,3e-06,0,11,100,,,
2026-06-16T11:52:53.679,3.6471,26.43,1,3e-06,0,11,100,,,
2026-06-16T11:52:54.169,3.6471,26.43,2,3e-06,0,11,100,,,
2026-06-16T11:52:54.694,3.647,26.43,1,3e-06,0,11,100,,,
2026-06-16T11:52:55.187,3.6471,26.43,2,3e-06,0,11,100,,,
2026-06-16T11:52:55.680,3.647,26.43,1,3e-06,0,11,100,,,
2026-06-16T11:52:56.171,3.6471,26.43,2,3e-06,0,11,100,,,
2026-06-16T11:52:56.677,3.6469,26.43,1,3e-06,0,11,100,,,
2026-06-16T11:52:57.168,3.6471,26.43,1,3e-06,0,11,100,,,
2026-06-16T11:52:57.692,3.6471,26.44,2,3e-06,0,11,100,,,
2026-06-16T11:52:58.182,3.6471,26.43,1,3e-06,0,11,100,,,
2026-06-16T11:52:58.691,3.6471,26.43,2,3e-06,0,11,100,,,
2026-06-16T11:52:59.185,3.647,26.43,1,3e-06,0,11,100,,,
2026-06-16T11:52:59.692,3.6471,26.43,1,3e-06,0,11,100,,,
2026-06-16T11:53:00.186,3.6471,26.43,2,3e-06,0,11,100,,,
2026-06-16T11:53:00.679,3.6471,26.43,1,3e-06,0,11,100,,,
2026-06-16T11:53:01.187,3.6471,26.43,2,3e-06,0,11,100,,,
2026-06-16T11:53:01.678,3.6472,26.43,1,3e-06,0,11,100,,,
2026-06-16T11:53:02.187,3.6471,26.43,1,3e-06,0,11,100,,,
2026-06-16T11:53:02.678,3.6471,26.43,2,3e-06,0,11,100,,,
2026-06-16T11:53:03.171,3.6471,26.43,1,3e-06,0,11,100,,,
2026-06-16T11:53:03.680,3.6471,26.44,2,3e-06,0,11,100,,,
2026-06-16T11:53:04.172,3.6472,26.43,1,3e-06,0,11,100,,,
2026-06-16T11:53:04.695,3.6471,26.43,2,3e-06,0,11,100,,,
2026-06-16T11:53:05.185,3.6471,26.43,1,3e-06,0,11,100,,,
2026-06-16T11:53:05.679,3.647,26.43,1,3e-06,0,11,100,,,
2026-06-16T11:53:06.171,3.6471,26.44,2,3e-06,0,11,100,,,
2026-06-16T11:53:06.678,3.647,26.44,1,3e-06,0,11,100,,,
2026-06-16T11:53:07.169,3.6471,26.43,2,3e-06,0,11,100,,,
2026-06-16T11:53:07.692,3.6471,26.43,1,3e-06,0,11,100,,,
2026-06-16T11:53:08.184,3.6471,26.43,1,3e-06,0,11,100,,,
2026-06-16T11:53:08.679,3.6471,26.43,2,3e-06,0,11,100,,,
2026-06-16T11:53:09.185,3.6471,26.43,1,3e-06,0,11,100,,,
2026-06-16T11:53:09.693,3.6471,26.43,2,3e-06,0,11,100,,,
2026-06-16T11:53:10.185,3.6471,26.43,1,3e-06,0,11,100,,,
2026-06-16T11:53:10.677,3.647,26.43,1,3e-06,0,11,100,,,
2026-06-16T11:53:11.187,3.6471,26.43,2,3e-06,0,11,100,,,
2026-06-16T11:53:11.680,3.6471,26.44,1,3e-06,0,11,100,,,
2026-06-16T11:53:12.187,3.6471,26.43,2,3e-06,0,11,100,,,
2026-06-16T11:53:12.680,3.647,26.43,1,3e-06,0,11,100,,,
2026-06-16T11:53:13.189,3.6471,26.43,2,3e-06,0,11,100,,,
2026-06-16T11:53:13.681,3.6471,26.43,1,3e-06,0,11,100,,,
2026-06-16T11:53:14.191,3.647,26.44,1,3e-06,0,11,100,,,
2026-06-16T11:53:14.685,3.6471,26.43,2,3e-06,0,11,100,,,
2026-06-16T11:53:15.193,3.6471,26.43,1,3e-06,0,11,100,,,
2026-06-16T11:53:15.686,3.6471,26.44,2,3e-06,0,11,100,,,
2026-06-16T11:53:16.190,3.6471,26.43,1,3e-06,0,11,100,,,
2026-06-16T11:53:16.684,3.6471,26.43,1,3e-06,0,11,100,,,
2026-06-16T11:53:17.189,3.6471,26.43,2,3e-06,0,11,100,,,
2026-06-16T11:53:17.682,3.6471,26.43,1,3e-06,0,11,100,,,
2026-06-16T11:53:18.191,3.6471,26.43,2,3e-06,0,11,100,,,
2026-06-16T11:53:18.683,3.6471,26.43,1,3e-06,0,11,100,,,
2026-06-16T11:53:19.191,3.6471,26.43,1,3e-06,0,11,100,,,
2026-06-16T11:53:19.684,3.6471,26.43,2,3e-06,0,11,100,,,
2026-06-16T11:53:20.176,3.6471,26.44,1,3e-06,0,11,100,,,
2026-06-16T11:53:20.684,3.6471,26.43,2,3e-06,0,11,100,,,
2026-06-16T11:53:21.178,3.6471,26.43,1,3e-06,0,11,100,,,
2026-06-16T11:53:21.669,3.6471,26.43,1,3e-06,0,11,100,,,
2026-06-16T11:53:22.192,3.6471,26.44,2,3e-06,0,11,100,,,
2026-06-16T11:53:22.685,3.6471,26.44,1,3e-06,0,11,100,,,
2026-06-16T11:53:23.191,3.6471,26.44,2,3e-06,0,11,100,,,
2026-06-16T11:53:23.683,3.6471,26.43,1,3e-06,0,11,100,,,
2026-06-16T11:53:24.190,3.6471,26.44,2,3e-06,0,11,100,,,
2026-06-16T11:53:24.682,3.6471,26.43,1,3e-06,0,11,100,,,
2026-06-16T11:53:25.190,3.647,26.43,1,3e-06,0,11,100,,,
2026-06-16T11:53:25.681,3.6471,26.44,2,3e-06,0,11,100,,,
2026-06-16T11:53:26.191,3.6472,26.43,1,3e-06,0,11,100,,,
2026-06-16T11:53:26.685,3.6471,26.43,2,3e-06,0,11,100,,,
2026-06-16T11:53:27.194,3.6472,26.43,1,3e-06,0,11,100,,,
2026-06-16T11:53:27.685,3.6471,26.44,2,3e-06,0,11,100,,,
2026-06-16T11:53:28.177,3.6472,26.44,1,3e-06,0,11,100,,,
2026-06-16T11:53:28.669,3.6471,26.44,1,3e-06,0,11,100,,,
2026-06-16T11:53:29.178,3.6471,26.43,2,3e-06,0,11,100,,,
2026-06-16T11:53:29.687,3.6471,26.43,1,3e-06,0,11,100,,,
2026-06-16T11:53:30.180,3.6471,26.43,1,3e-06,0,11,100,,,
2026-06-16T11:53:30.672,3.6471,26.44,2,3e-06,0,11,100,,,
2026-06-16T11:53:31.181,3.6472,26.44,1,3e-06,0,11,100,,,
2026-06-16T11:53:31.673,3.6471,26.44,2,3e-06,0,11,100,,,
2026-06-16T11:53:32.167,3.6471,26.44,1,3e-06,0,11,100,,,
2026-06-16T11:53:32.676,3.6471,26.44,2,3e-06,0,11,100,,,
2026-06-16T11:53:33.182,3.6471,26.43,1,3e-06,0,11,100,,,
2026-06-16T11:53:33.690,3.6471,26.43,1,3e-06,0,11,100,,,
2026-06-16T11:53:34.184,3.6471,26.43,2,3e-06,0,11,100,,,
2026-06-16T11:53:34.690,3.6471,26.44,1,3e-06,0,11,100,,,
2026-06-16T11:53:35.183,3.6471,26.44,2,3e-06,0,11,100,,,
2026-06-16T11:53:35.676,3.6471,26.44,1,3e-06,0,11,100,,,
2026-06-16T11:53:36.183,3.6471,26.43,1,3e-06,0,11,100,,,
2026-06-16T11:53:36.674,3.6471,26.44,2,3e-06,0,11,100,,,
2026-06-16T11:53:37.181,3.6471,26.44,1,3e-06,0,11,100,,,
2026-06-16T11:53:37.688,3.6471,26.44,2,3e-06,0,11,100,,,
2026-06-16T11:53:38.179,3.6471,26.43,1,3e-06,0,11,100,,,
2026-06-16T11:53:38.687,3.6471,26.44,1,3e-06,0,11,100,,,
2026-06-16T11:53:39.195,3.6471,26.44,2,3e-06,0,11,100,,,
2026-06-16T11:53:39.687,3.647,26.44,1,3e-06,0,11,100,,,
2026-06-16T11:53:40.180,3.647,26.43,2,3e-06,0,11,100,,,
2026-06-16T11:53:40.672,3.647,26.44,1,3e-06,0,11,100,,,
2026-06-16T11:53:41.181,3.6471,26.44,2,3e-06,0,11,100,,,
2026-06-16T11:53:41.671,3.647,26.44,1,3e-06,0,11,100,,,
2026-06-16T11:53:42.177,3.6471,26.44,1,3e-06,0,11,100,,,
2026-06-16T11:53:42.686,3.6471,26.44,2,3e-06,0,11,100,,,
2026-06-16T11:53:43.177,3.647,26.44,1,3e-06,0,11,100,,,
2026-06-16T11:53:43.685,3.647,26.44,2,3e-06,0,11,100,,,
2026-06-16T11:53:44.175,3.647,26.43,1,3e-06,0,11,100,,,
2026-06-16T11:53:44.684,3.647,26.44,1,3e-06,0,11,100,,,
2026-06-16T11:53:45.189,3.647,26.44,2,3e-06,0,11,100,,,
2026-06-16T11:53:45.683,3.6471,26.43,1,3e-06,0,11,100,,,
2026-06-16T11:53:46.190,3.647,26.44,1,3e-06,0,11,100,,,
2026-06-16T11:53:46.683,3.6469,26.44,2,3e-06,0,11,100,,,
2026-06-16T11:53:47.176,3.647,26.43,1,3e-06,0,11,100,,,
2026-06-16T11:53:47.684,3.6469,26.44,2,3e-06,0,11,100,,,
2026-06-16T11:53:48.177,3.6471,26.44,1,3e-06,0,11,100,,,
2026-06-16T11:53:48.684,3.6471,26.44,2,3e-06,0,11,100,,,
2026-06-16T11:53:49.174,3.647,26.44,1,3e-06,0,11,100,,,
2026-06-16T11:53:49.666,3.647,26.44,1,3e-06,0,11,100,,,
2026-06-16T11:53:50.193,3.6469,26.44,2,3e-06,0,11,100,,,
2026-06-16T11:53:50.683,3.647,26.43,1,3e-06,0,11,100,,,
2026-06-16T11:53:51.176,3.647,26.44,2,3e-06,0,11,100,,,
2026-06-16T11:53:51.682,3.6469,26.44,1,3e-06,0,11,100,,,
2026-06-16T11:53:52.192,3.6469,26.44,1,3e-06,0,11,100,,,
2026-06-16T11:53:52.683,3.6469,26.44,2,3e-06,0,11,100,,,
2026-06-16T11:53:53.176,3.6469,26.44,1,3e-06,0,11,100,,,
2026-06-16T11:53:53.667,3.647,26.44,2,3e-06,0,11,100,,,
2026-06-16T11:53:54.190,3.6468,26.44,1,3e-06,0,11,100,,,
2026-06-16T11:53:54.685,3.647,26.44,1,3e-06,0,11,100,,,
2026-06-16T11:53:55.177,3.6469,26.44,2,3e-06,0,11,100,,,
2026-06-16T11:53:55.685,3.6468,26.44,1,3e-06,0,11,100,,,
2026-06-16T11:53:56.193,3.6469,26.44,2,3e-06,0,11,100,,,
2026-06-16T11:53:56.684,3.6471,26.43,1,3e-06,0,11,100,,,
2026-06-16T11:53:57.176,3.6469,26.44,1,3e-06,0,11,100,,,
2026-06-16T11:53:57.684,3.6469,26.44,2,3e-06,0,11,100,,,
2026-06-16T11:53:58.176,3.6468,26.44,1,3e-06,0,11,100,,,
2026-06-16T11:53:58.685,3.6469,26.44,2,3e-06,0,11,100,,,
2026-06-16T11:53:59.178,3.6469,26.44,1,3e-06,0,11,100,,,
2026-06-16T11:53:59.686,3.6469,26.44,1,3e-06,0,11,100,,,
2026-06-16T11:54:00.178,3.6469,26.44,2,3e-06,0,11,100,,,
2026-06-16T11:54:00.688,3.6469,26.44,1,3e-06,0,11,100,,,
2026-06-16T11:54:01.179,3.6469,26.44,2,3e-06,0,11,100,,,
2026-06-16T11:54:01.687,3.6469,26.44,1,3e-06,0,11,100,,,
2026-06-16T11:54:02.195,3.6468,26.43,2,3e-06,0,11,100,,,
2026-06-16T11:54:02.687,3.6469,26.44,1,3e-06,0,11,100,,,
2026-06-16T11:54:03.178,3.6469,26.44,1,3e-06,0,11,100,,,
2026-06-16T11:54:03.686,3.6468,26.43,2,3e-06,0,11,100,,,
2026-06-16T11:54:04.195,3.6469,26.43,1,3e-06,0,11,100,,,
2026-06-16T11:54:04.687,3.6469,26.44,2,3e-06,0,11,100,,,
2026-06-16T11:54:05.193,3.6468,26.44,1,3e-06,0,11,100,,,
2026-06-16T11:54:05.684,3.6469,26.44,1,3e-06,0,11,100,,,
2026-06-16T11:54:06.192,3.6468,26.44,2,3e-06,0,11,100,,,
2026-06-16T11:54:06.683,3.6467,26.44,1,3e-06,0,11,100,,,
2026-06-16T11:54:07.179,3.6468,26.44,2,3e-06,0,11,100,,,
2026-06-16T11:54:07.687,3.6469,26.43,1,3e-06,0,11,100,,,
2026-06-16T11:54:08.179,3.6469,26.44,1,3e-06,0,11,100,,,
2026-06-16T11:54:08.687,3.6468,26.44,2,3e-06,0,11,100,,,
2026-06-16T11:54:09.179,3.6468,26.44,1,3e-06,0,11,100,,,
2026-06-16T11:54:09.671,3.6468,26.44,2,3e-06,0,11,100,,,
2026-06-16T11:54:10.180,3.6469,26.44,1,3e-06,0,11,100,,,
2026-06-16T11:54:10.674,3.6468,26.44,1,3e-06,0,11,100,,,
2026-06-16T11:54:11.182,3.6468,26.44,2,3e-06,0,11,100,,,
2026-06-16T11:54:11.677,3.6468,26.44,1,3e-06,0,11,100,,,
2026-06-16T11:54:12.186,3.6468,26.44,2,3e-06,0,11,100,,,
2026-06-16T11:54:12.694,3.6467,26.44,1,3e-06,0,11,100,,,
2026-06-16T11:54:13.187,3.6468,26.44,1,3e-06,0,11,100,,,
2026-06-16T11:54:13.680,3.6468,26.44,2,3e-06,0,11,100,,,
2026-06-16T11:54:14.189,3.6467,26.44,1,3e-06,0,11,100,,,
2026-06-16T11:54:14.678,3.6468,26.44,2,3e-06,0,11,100,,,
2026-06-16T11:54:15.186,3.6468,26.44,1,3e-06,0,11,100,,,
2026-06-16T11:54:15.692,3.6468,26.43,2,3e-06,0,11,100,,,
2026-06-16T11:54:16.181,3.6468,26.44,1,3e-06,0,11,100,,,
2026-06-16T11:54:16.688,3.6468,26.44,1,3e-06,0,11,100,,,
2026-06-16T11:54:17.182,3.6466,26.44,2,3e-06,0,11,100,,,
2026-06-16T11:54:17.690,3.6468,26.43,1,3e-06,0,11,100,,,
2026-06-16T11:54:18.183,3.6468,26.44,2,3e-06,0,11,100,,,
2026-06-16T11:54:18.675,3.6467,26.44,1,3e-06,0,11,100,,,
2026-06-16T11:54:19.166,3.6468,26.44,1,3e-06,0,11,100,,,
2026-06-16T11:54:19.675,3.6467,26.44,2,3e-06,0,11,100,,,
2026-06-16T11:54:20.183,3.6467,26.44,1,3e-06,0,11,100,,,
2026-06-16T11:54:20.673,3.6467,26.44,2,3e-06,0,11,100,,,
2026-06-16T11:54:21.166,3.6466,26.44,1,3e-06,0,11,100,,,
2026-06-16T11:54:21.690,3.6467,26.44,1,3e-06,0,11,100,,,
2026-06-16T11:54:22.183,3.6467,26.44,2,3e-06,0,11,100,,,
2026-06-16T11:54:22.692,3.6467,26.44,1,3e-06,0,11,100,,,
2026-06-16T11:54:23.183,3.6466,26.44,2,3e-06,0,11,100,,,
2026-06-16T11:54:23.677,3.6468,26.44,1,3e-06,0,11,100,,,
2026-06-16T11:54:24.168,3.6467,26.44,1,3e-06,0,11,100,,,
2026-06-16T11:54:24.677,3.6467,26.44,2,3e-06,0,11,100,,,
2026-06-16T11:54:25.167,3.6468,26.44,1,3e-06,0,11,100,,,
2026-06-16T11:54:25.691,3.6467,26.43,2,3e-06,0,11,100,,,
2026-06-16T11:54:26.185,3.6467,26.44,1,3e-06,0,11,100,,,
2026-06-16T11:54:26.678,3.6467,26.44,1,3e-06,0,11,100,,,
2026-06-16T11:54:27.171,3.6467,26.44,2,3e-06,0,11,100,,,
2026-06-16T11:54:27.695,3.6467,26.44,1,3e-06,0,11,100,,,
2026-06-16T11:54:28.185,3.6467,26.44,2,3e-06,0,11,100,,,
2026-06-16T11:54:28.679,3.6466,26.44,1,3e-06,0,11,100,,,
2026-06-16T11:54:29.185,3.6467,26.44,1,3e-06,0,11,100,,,
2026-06-16T11:54:29.678,3.6467,26.44,2,3e-06,0,11,100,,,
2026-06-16T11:54:30.187,3.6467,26.44,1,3e-06,0,11,100,,,
2026-06-16T11:54:30.679,3.6467,26.44,2,3e-06,0,11,100,,,
2026-06-16T11:54:31.188,3.6467,26.44,1,3e-06,0,11,100,,,
2026-06-16T11:54:31.681,3.6467,26.44,1,3e-06,0,11,100,,,
2026-06-16T11:54:32.188,3.6467,26.44,2,3e-06,0,11,100,,,
2026-06-16T11:54:32.682,3.6467,26.44,1,3e-06,0,11,100,,,
2026-06-16T11:54:33.188,3.6467,26.44,2,3e-06,0,11,100,,,
2026-06-16T11:54:33.680,3.6466,26.44,1,3e-06,0,11,100,,,
2026-06-16T11:54:34.189,3.6467,26.44,2,3e-06,0,11,100,,,
2026-06-16T11:54:34.683,3.6466,26.44,1,3e-06,0,11,100,,,
2026-06-16T11:54:35.176,3.6467,26.44,1,3e-06,0,11,100,,,
2026-06-16T11:54:35.668,3.6467,26.44,2,3e-06,0,11,100,,,
2026-06-16T11:54:36.190,3.6466,26.43,1,3e-06,0,11,100,,,
2026-06-16T11:54:36.680,3.6466,26.43,2,3e-06,0,11,100,,,
2026-06-16T11:54:37.188,3.6467,26.44,1,3e-06,0,11,100,,,
2026-06-16T11:54:37.681,3.6466,26.44,1,3e-06,0,11,100,,,
2026-06-16T11:54:38.191,3.6467,26.44,2,3e-06,0,11,100,,,
2026-06-16T11:54:38.683,3.6466,26.44,1,3e-06,0,11,100,,,
2026-06-16T11:54:39.175,3.6467,26.44,2,3e-06,0,11,100,,,
2026-06-16T11:54:39.682,3.6466,26.44,1,3e-06,0,11,100,,,
2026-06-16T11:54:40.189,3.6467,26.43,1,3e-06,0,11,100,,,
2026-06-16T11:54:40.679,3.6467,26.44,2,3e-06,0,11,100,,,
2026-06-16T11:54:41.185,3.6467,26.44,1,3e-06,0,11,100,,,
2026-06-16T11:54:41.691,3.6466,26.44,2,3e-06,0,11,100,,,
2026-06-16T11:54:42.185,3.6467,26.44,1,3e-06,0,11,100,,,
2026-06-16T11:54:42.691,3.6467,26.44,1,3e-06,0,11,100,,,
2026-06-16T11:54:43.183,3.6467,26.44,2,3e-06,0,11,100,,,
2026-06-16T11:54:43.673,3.6466,26.44,1,3e-06,0,11,100,,,
2026-06-16T11:54:44.181,3.6466,26.44,2,3e-06,0,11,100,,,
2026-06-16T11:54:44.689,3.6466,26.44,1,3e-06,0,11,100,,,
2026-06-16T11:54:45.179,3.6466,26.44,1,3e-06,0,11,100,,,
2026-06-16T11:54:45.685,3.6466,26.44,2,3e-06,0,11,100,,,
2026-06-16T11:54:46.179,3.6467,26.43,1,3e-06,0,11,100,,,
2026-06-16T11:54:46.671,3.6467,26.44,2,3e-06,0,11,100,,,
2026-06-16T11:54:47.180,3.6467,26.44,1,3e-06,0,11,100,,,
2026-06-16T11:54:47.671,3.6466,26.44,2,3e-06,0,11,100,,,
2026-06-16T11:54:48.180,3.6466,26.43,1,3e-06,0,11,100,,,
2026-06-16T11:54:48.673,3.6466,26.44,1,3e-06,0,11,100,,,
2026-06-16T11:54:49.166,3.6466,26.44,2,3e-06,0,11,100,,,
2026-06-16T11:54:49.690,3.6467,26.44,1,3e-06,0,11,100,,,
2026-06-16T11:54:50.181,3.6467,26.44,2,3e-06,0,11,100,,,
2026-06-16T11:54:50.690,3.6467,26.44,1,3e-06,0,11,100,,,
2026-06-16T11:54:51.180,3.6466,26.44,1,3e-06,0,11,100,,,
2026-06-16T11:54:51.688,3.6465,26.44,2,3e-06,0,11,100,,,
2026-06-16T11:54:52.177,3.6468,26.43,1,3e-06,0,11,100,,,
2026-06-16T11:54:52.684,3.6467,26.44,2,3e-06,0,11,100,,,
2026-06-16T11:54:53.175,3.6466,26.44,1,3e-06,0,11,100,,,
2026-06-16T11:54:53.682,3.6467,26.44,1,3e-06,0,11,100,,,
2026-06-16T11:54:54.175,3.6466,26.44,2,3e-06,0,11,100,,,
2026-06-16T11:54:54.680,3.6466,26.44,1,3e-06,0,11,100,,,
2026-06-16T11:54:55.186,3.6467,26.44,2,3e-06,0,11,100,,,
2026-06-16T11:54:55.695,3.6468,26.44,1,3e-06,0,11,100,,,
2026-06-16T11:54:56.185,3.6465,26.44,1,3e-06,0,11,100,,,
2026-06-16T11:54:56.677,3.6467,26.44,2,3e-06,0,11,100,,,
2026-06-16T11:54:57.183,3.6465,26.44,1,3e-06,0,11,100,,,
2026-06-16T11:54:57.674,3.6466,26.44,2,3e-06,0,11,100,,,
2026-06-16T11:54:58.180,3.6467,26.44,1,3e-06,0,11,100,,,
2026-06-16T11:54:58.688,3.6466,26.44,1,3e-06,0,11,100,,,
2026-06-16T11:54:59.179,3.6466,26.44,2,3e-06,0,11,100,,,
2026-06-16T11:54:59.687,3.6465,26.44,1,3e-06,0,11,100,,,
2026-06-16T11:55:00.178,3.6467,26.44,2,3e-06,0,11,100,,,
2026-06-16T11:55:00.687,3.6466,26.44,1,3e-06,0,11,100,,,
2026-06-16T11:55:01.179,3.6466,26.44,1,3e-06,0,11,100,,,
2026-06-16T11:55:01.686,3.6465,26.44,2,3e-06,0,11,100,,,
2026-06-16T11:55:02.193,3.6466,26.43,1,3e-06,0,11,100,,,
2026-06-16T11:55:02.683,3.6466,26.44,2,3e-06,0,11,100,,,
2026-06-16T11:55:03.191,3.6466,26.44,1,3e-06,0,11,100,,,
2026-06-16T11:55:03.682,3.6467,26.44,2,3e-06,0,11,100,,,
2026-06-16T11:55:04.190,3.6466,26.44,1,3e-06,0,11,100,,,
2026-06-16T11:55:04.681,3.6466,26.44,1,3e-06,0,11,100,,,
2026-06-16T11:55:05.174,3.6465,26.44,2,3e-06,0,11,100,,,
2026-06-16T11:55:05.680,3.6465,26.44,1,3e-06,0,11,100,,,
2026-06-16T11:55:06.174,3.6466,26.44,1,3e-06,0,11,100,,,
2026-06-16T11:55:06.680,3.6465,26.44,2,3e-06,0,11,100,,,
2026-06-16T11:55:07.187,3.6466,26.44,1,3e-06,0,11,100,,,
2026-06-16T11:55:07.679,3.6466,26.44,2,3e-06,0,11,100,,,
2026-06-16T11:55:08.185,3.6466,26.43,1,3e-06,0,11,100,,,
2026-06-16T11:55:08.676,3.6465,26.44,2,3e-06,0,11,100,,,
2026-06-16T11:55:09.182,3.6466,26.44,1,3e-06,0,11,100,,,
2026-06-16T11:55:09.690,3.6465,26.44,1,3e-06,0,11,100,,,
2026-06-16T11:55:10.180,3.6466,26.44,2,3e-06,0,11,100,,,
2026-06-16T11:55:10.689,3.6466,26.43,1,3e-06,0,11,100,,,
2026-06-16T11:55:11.181,3.6465,26.44,2,3e-06,0,11,100,,,
2026-06-16T11:55:11.689,3.6465,26.44,1,3e-06,0,11,100,,,
2026-06-16T11:55:12.194,3.6465,26.44,1,3e-06,0,11,100,,,
2026-06-16T11:55:12.688,3.6465,26.44,2,3e-06,0,11,100,,,
2026-06-16T11:55:13.194,3.6465,26.44,1,3e-06,0,11,100,,,
2026-06-16T11:55:13.684,3.6467,26.44,2,3e-06,0,11,100,,,
2026-06-16T11:55:14.191,3.6465,26.44,1,3e-06,0,11,100,,,
2026-06-16T11:55:14.684,3.6465,26.44,1,3e-06,0,11,100,,,
2026-06-16T11:55:15.193,3.6465,26.44,2,3e-06,0,11,100,,,
2026-06-16T11:55:15.686,3.6465,26.43,1,3e-06,0,11,100,,,
2026-06-16T11:55:16.177,3.6465,26.44,2,3e-06,0,11,100,,,
2026-06-16T11:55:16.685,3.6465,26.44,1,3e-06,0,11,100,,,
2026-06-16T11:55:17.192,3.6465,26.44,1,3e-06,0,11,100,,,
2026-06-16T11:55:17.681,3.6465,26.44,2,3e-06,0,11,100,,,
2026-06-16T11:55:18.187,3.6465,26.44,1,3e-06,0,11,100,,,
2026-06-16T11:55:18.679,3.6465,26.44,2,3e-06,0,11,100,,,
2026-06-16T11:55:19.187,3.6466,26.44,1,3e-06,0,11,100,,,
2026-06-16T11:55:19.680,3.6465,26.44,2,3e-06,0,11,100,,,
2026-06-16T11:55:20.188,3.6465,26.44,1,3e-06,0,11,100,,,
2026-06-16T11:55:20.696,3.6465,26.44,1,3e-06,0,11,100,,,
2026-06-16T11:55:21.188,3.6465,26.44,2,3e-06,0,11,100,,,
2026-06-16T11:55:21.678,3.6465,26.44,1,3e-06,0,11,100,,,
2026-06-16T11:55:22.184,3.6465,26.44,2,3e-06,0,11,100,,,
2026-06-16T11:55:22.692,3.6466,26.44,1,3e-06,0,11,100,,,
2026-06-16T11:55:23.183,3.6466,26.44,1,3e-06,0,11,100,,,
2026-06-16T11:55:23.689,3.6465,26.44,2,3e-06,0,11,100,,,
2026-06-16T11:55:24.181,3.6464,26.44,1,3e-06,0,11,100,,,
2026-06-16T11:55:24.688,3.6465,26.44,2,3e-06,0,11,100,,,
2026-06-16T11:55:25.195,3.6465,26.44,1,3e-06,0,11,100,,,
2026-06-16T11:55:25.687,3.6465,26.44,1,3e-06,0,11,100,,,
2026-06-16T11:55:26.194,3.6464,26.44,2,3e-06,0,11,100,,,
2026-06-16T11:55:26.687,3.6465,26.44,1,3e-06,0,11,100,,,
2026-06-16T11:55:27.195,3.6464,26.44,2,3e-06,0,11,100,,,
2026-06-16T11:55:27.688,3.6464,26.44,1,3e-06,0,11,100,,,
2026-06-16T11:55:28.179,3.6465,26.44,1,3e-06,0,11,100,,,
2026-06-16T11:55:28.689,3.6464,26.44,2,3e-06,0,11,100,,,
2026-06-16T11:55:29.181,3.6465,26.44,1,3e-06,0,11,100,,,
2026-06-16T11:55:29.689,3.6465,26.44,2,3e-06,0,11,100,,,
2026-06-16T11:55:30.181,3.6465,26.44,1,3e-06,0,11,100,,,
2026-06-16T11:55:30.690,3.6465,26.44,1,3e-06,0,11,100,,,
2026-06-16T11:55:31.181,3.6465,26.44,2,3e-06,0,11,100,,,
2026-06-16T11:55:31.688,3.6464,26.44,1,3e-06,0,11,100,,,
2026-06-16T11:55:32.181,3.6465,26.44,2,3e-06,0,11,100,,,
2026-06-16T11:55:32.689,3.6465,26.44,1,3e-06,0,11,100,,,
2026-06-16T11:55:33.183,3.6465,26.44,2,3e-06,0,11,100,,,
2026-06-16T11:55:33.675,3.6466,26.44,1,3e-06,0,11,100,,,
2026-06-16T11:55:34.183,3.6465,26.44,1,3e-06,0,11,100,,,
2026-06-16T11:55:34.676,3.6464,26.44,2,3e-06,0,11,100,,,
2026-06-16T11:55:35.184,3.6465,26.44,1,3e-06,0,11,100,,,
2026-06-16T11:55:35.675,3.6464,26.44,2,3e-06,0,11,100,,,
2026-06-16T11:55:36.186,3.6464,26.44,1,3e-06,0,11,100,,,
2026-06-16T11:55:36.678,3.6464,26.44,1,3e-06,0,11,100,,,
2026-06-16T11:55:37.185,3.6464,26.44,2,3e-06,0,11,100,,,
2026-06-16T11:55:37.694,3.6464,26.43,1,3e-06,0,11,100,,,
2026-06-16T11:55:38.187,3.6464,26.44,2,3e-06,0,11,100,,,
2026-06-16T11:55:38.696,3.6463,26.44,1,3e-06,0,11,100,,,
2026-06-16T11:55:39.189,3.6462,26.44,1,3e-06,0,11,100,,,
2026-06-16T11:55:39.681,3.6463,26.44,2,3e-06,0,11,100,,,
2026-06-16T11:55:40.175,3.6462,26.44,1,3e-06,0,11,100,,,
2026-06-16T11:55:40.682,3.6463,26.44,2,3e-06,0,11,100,,,
2026-06-16T11:55:41.191,3.6462,26.44,1,3e-06,0,11,100,,,
2026-06-16T11:55:41.687,3.6461,26.44,1,3e-06,0,11,100,,,
2026-06-16T11:55:42.178,3.6462,26.44,2,3e-06,0,11,100,,,
2026-06-16T11:55:42.688,3.6461,26.44,1,3e-06,0,11,100,,,
2026-06-16T11:55:43.183,3.646,26.44,2,3e-06,0,11,100,,,
2026-06-16T11:55:43.689,3.6459,26.44,1,3e-06,0,11,100,,,
2026-06-16T11:55:44.196,3.646,26.44,1,3e-06,0,11,100,,,
2026-06-16T11:55:44.687,3.6459,26.44,2,3e-06,0,11,100,,,
2026-06-16T11:55:45.180,3.646,26.44,1,3e-06,0,11,100,,,
2026-06-16T11:55:45.687,3.646,26.44,2,3e-06,0,11,100,,,
2026-06-16T11:55:46.179,3.6459,26.44,1,3e-06,0,11,100,,,
2026-06-16T11:55:46.688,3.6459,26.44,1,3e-06,0,11,100,,,
2026-06-16T11:55:47.180,3.6458,26.44,2,3e-06,0,11,100,,,
2026-06-16T11:55:47.687,3.6457,26.44,1,3e-06,0,11,100,,,
2026-06-16T11:55:48.180,3.6457,26.44,2,3e-06,0,11,100,,,
2026-06-16T11:55:48.690,3.6457,26.44,1,3e-06,0,11,100,,,
2026-06-16T11:55:49.182,3.6457,26.44,1,3e-06,0,11,100,,,
2026-06-16T11:55:49.689,3.6456,26.44,2,3e-06,0,11,100,,,
2026-06-16T11:55:50.182,3.6456,26.44,1,3e-06,0,11,100,,,
2026-06-16T11:55:50.688,3.6455,26.44,2,3e-06,0,11,100,,,
2026-06-16T11:55:51.178,3.6455,26.44,1,3e-06,0,11,100,,,
2026-06-16T11:55:51.671,3.6454,26.44,1,3e-06,0,11,100,,,
2026-06-16T11:55:52.178,3.6455,26.44,2,3e-06,0,11,100,,,
2026-06-16T11:55:52.685,3.6455,26.44,1,3e-06,0,11,100,,,
2026-06-16T11:55:53.177,3.6455,26.44,2,3e-06,0,11,100,,,
2026-06-16T11:55:53.682,3.6454,26.44,1,3e-06,0,11,100,,,
2026-06-16T11:55:54.189,3.6455,26.44,2,3e-06,0,11,100,,,
2026-06-16T11:55:54.678,3.6454,26.44,1,3e-06,0,11,100,,,
2026-06-16T11:55:55.184,3.6453,26.44,1,3e-06,0,11,100,,,
2026-06-16T11:55:55.678,3.6454,26.44,2,3e-06,0,11,100,,,
2026-06-16T11:55:56.170,3.6454,26.43,1,3e-06,0,11,100,,,
2026-06-16T11:55:56.691,3.6454,26.44,2,3e-06,0,11,100,,,
2026-06-16T11:55:57.182,3.6454,26.44,1,3e-06,0,11,100,,,
2026-06-16T11:55:57.690,3.6453,26.44,1,3e-06,0,11,100,,,
2026-06-16T11:55:58.180,3.6452,26.44,2,3e-06,0,11,100,,,
2026-06-16T11:55:58.687,3.6452,26.44,1,3e-06,0,11,100,,,
2026-06-16T11:55:59.180,3.6452,26.44,2,3e-06,0,11,100,,,
2026-06-16T11:55:59.685,3.6452,26.43,1,3e-06,0,11,100,,,
2026-06-16T11:56:00.177,3.6452,26.44,1,3e-06,0,11,100,,,
2026-06-16T11:56:00.670,3.6452,26.44,2,3e-06,0,11,100,,,
2026-06-16T11:56:01.180,3.6452,26.43,1,3e-06,0,11,100,,,
2026-06-16T11:56:01.672,3.6452,26.44,2,3e-06,0,11,100,,,
2026-06-16T11:56:02.178,3.6451,26.43,1,3e-06,0,11,100,,,
2026-06-16T11:56:02.684,3.6451,26.44,1,3e-06,0,11,100,,,
2026-06-16T11:56:03.177,3.6452,26.43,2,3e-06,0,11,100,,,
2026-06-16T11:56:03.685,3.645,26.43,1,3e-06,0,11,100,,,
2026-06-16T11:56:04.195,3.6452,26.43,2,3e-06,0,11,100,,,
2026-06-16T11:56:04.688,3.6452,26.43,1,3e-06,0,11,100,,,
2026-06-16T11:56:05.181,3.645,26.43,2,3e-06,0,11,100,,,
2026-06-16T11:56:05.675,3.6451,26.44,1,3e-06,0,11,100,,,
2026-06-16T11:56:06.166,3.6451,26.44,1,3e-06,0,11,100,,,
2026-06-16T11:56:06.689,3.6452,26.43,2,3e-06,0,11,100,,,
2026-06-16T11:56:07.180,3.6451,26.43,1,3e-06,0,11,100,,,
2026-06-16T11:56:07.684,3.645,26.43,2,3e-06,0,11,100,,,
2026-06-16T11:56:08.190,3.6451,26.43,1,3e-06,0,11,100,,,
2026-06-16T11:56:08.682,3.6452,26.43,1,3e-06,0,11,100,,,
2026-06-16T11:56:09.176,3.6451,26.43,2,3e-06,0,11,100,,,
2026-06-16T11:56:09.684,3.6451,26.43,1,3e-06,0,11,100,,,
2026-06-16T11:56:10.178,3.6451,26.44,2,3e-06,0,11,100,,,
2026-06-16T11:56:10.688,3.6451,26.43,1,3e-06,0,11,100,,,
2026-06-16T11:56:11.165,3.645,26.43,1,3e-06,0,11,100,,,
2026-06-16T11:56:11.688,3.645,26.43,2,3e-06,0,11,100,,,
2026-06-16T11:56:12.196,3.6451,26.43,1,3e-06,0,11,100,,,
2026-06-16T11:56:12.685,3.645,26.43,2,3e-06,0,11,100,,,
2026-06-16T11:56:13.192,3.645,26.43,1,3e-06,0,11,100,,,
2026-06-16T11:56:13.684,3.645,26.43,2,3e-06,0,11,100,,,
2026-06-16T11:56:14.194,3.645,26.43,1,3e-06,0,11,100,,,
2026-06-16T11:56:14.689,3.6451,26.43,1,3e-06,0,11,100,,,
2026-06-16T11:56:15.196,3.645,26.43,2,3e-06,0,11,100,,,
2026-06-16T11:56:15.689,3.645,26.43,1,3e-06,0,11,100,,,
2026-06-16T11:56:16.181,3.645,26.43,2,3e-06,0,11,100,,,
2026-06-16T11:56:16.674,3.645,26.43,1,3e-06,0,11,100,,,
2026-06-16T11:56:17.180,3.6451,26.43,1,3e-06,0,11,100,,,
2026-06-16T11:56:17.687,3.6449,26.43,2,3e-06,0,11,100,,,
2026-06-16T11:56:18.194,3.645,26.43,1,3e-06,0,11,100,,,
2026-06-16T11:56:18.687,3.645,26.43,2,3e-06,0,11,100,,,
2026-06-16T11:56:19.180,3.645,26.43,1,3e-06,0,11,100,,,
2026-06-16T11:56:19.688,3.645,26.43,1,3e-06,0,11,100,,,
2026-06-16T11:56:20.194,3.645,26.43,2,3e-06,0,11,100,,,
2026-06-16T11:56:20.671,3.645,26.43,1,3e-06,0,11,100,,,
2026-06-16T11:56:21.181,3.645,26.43,2,3e-06,0,11,100,,,
2026-06-16T11:56:21.689,3.645,26.43,1,3e-06,0,11,100,,,
2026-06-16T11:56:22.182,3.645,26.43,1,3e-06,0,11,100,,,
2026-06-16T11:56:22.688,3.6449,26.43,2,3e-06,0,11,100,,,
2026-06-16T11:56:23.181,3.645,26.43,1,3e-06,0,11,100,,,
2026-06-16T11:56:23.688,3.645,26.43,2,3e-06,0,11,100,,,
2026-06-16T11:56:24.182,3.6449,26.43,1,3e-06,0,11,100,,,
2026-06-16T11:56:24.691,3.6449,26.43,2,3e-06,0,11,100,,,
2026-06-16T11:56:25.183,3.645,26.43,1,3e-06,0,11,100,,,
2026-06-16T11:56:25.691,3.645,26.43,1,3e-06,0,11,100,,,
2026-06-16T11:56:26.182,3.645,26.43,2,3e-06,0,11,100,,,
2026-06-16T11:56:26.673,3.6449,26.43,1,3e-06,0,11,100,,,
2026-06-16T11:56:27.180,3.6449,26.43,2,3e-06,0,11,100,,,
2026-06-16T11:56:27.688,3.645,26.43,1,3e-06,0,11,100,,,
2026-06-16T11:56:28.181,3.6449,26.42,1,3e-06,0,11,100,,,
2026-06-16T11:56:28.674,3.645,26.43,2,3e-06,0,11,100,,,
2026-06-16T11:56:29.167,3.6449,26.42,1,3e-06,0,11,100,,,
2026-06-16T11:56:29.676,3.6449,26.43,2,3e-06,0,11,100,,,
2026-06-16T11:56:30.186,3.6449,26.42,1,3e-06,0,11,100,,,
2026-06-16T11:56:30.678,3.645,26.43,2,3e-06,0,11,100,,,
2026-06-16T11:56:31.187,3.645,26.43,1,3e-06,0,11,100,,,
2026-06-16T11:56:31.681,3.6449,26.43,1,3e-06,0,11,100,,,
2026-06-16T11:56:32.173,3.645,26.43,2,3e-06,0,11,100,,,
2026-06-16T11:56:32.679,3.645,26.43,1,3e-06,0,11,100,,,
2026-06-16T11:56:33.187,3.6449,26.43,2,3e-06,0,11,100,,,
2026-06-16T11:56:33.696,3.645,26.43,1,3e-06,0,11,100,,,
2026-06-16T11:56:34.190,3.6449,26.43,1,3e-06,0,11,100,,,
2026-06-16T11:56:34.683,3.6449,26.43,2,3e-06,0,11,100,,,
2026-06-16T11:56:35.194,3.6448,26.43,1,3e-06,0,11,100,,,
2026-06-16T11:56:35.686,3.6448,26.43,2,3e-06,0,11,100,,,
2026-06-16T11:56:36.177,3.6448,26.43,1,3e-06,0,11,100,,,
2026-06-16T11:56:36.685,3.6449,26.43,1,3e-06,0,11,100,,,
2026-06-16T11:56:37.194,3.6449,26.43,2,3e-06,0,11,100,,,
2026-06-16T11:56:37.686,3.6449,26.43,1,3e-06,0,11,100,,,
2026-06-16T11:56:38.191,3.6449,26.43,2,3e-06,0,11,100,,,
2026-06-16T11:56:38.686,3.645,26.42,1,3e-06,0,11,100,,,
2026-06-16T11:56:39.179,3.6449,26.43,1,3e-06,0,11,100,,,
2026-06-16T11:56:39.687,3.6449,26.43,2,3e-06,0,11,100,,,
2026-06-16T11:56:40.180,3.6448,26.43,1,3e-06,0,11,100,,,
2026-06-16T11:56:40.689,3.6448,26.43,2,3e-06,0,11,100,,,
2026-06-16T11:56:41.183,3.6449,26.43,1,3e-06,0,11,100,,,
2026-06-16T11:56:41.693,3.6449,26.43,1,3e-06,0,11,100,,,
2026-06-16T11:56:42.185,3.6448,26.42,2,3e-06,0,11,100,,,
2026-06-16T11:56:42.678,3.6448,26.42,1,3e-06,0,11,100,,,
2026-06-16T11:56:43.171,3.6448,26.43,2,3e-06,0,11,100,,,
2026-06-16T11:56:43.681,3.6449,26.43,1,3e-06,0,11,100,,,
2026-06-16T11:56:44.190,3.6447,26.43,1,3e-06,0,11,100,,,
2026-06-16T11:56:44.682,3.6448,26.43,2,3e-06,0,11,100,,,
2026-06-16T11:56:45.175,3.6448,26.42,1,3e-06,0,11,100,,,
2026-06-16T11:56:45.683,3.6448,26.43,2,3e-06,0,11,100,,,
2026-06-16T11:56:46.191,3.6448,26.42,1,3e-06,0,11,100,,,
2026-06-16T11:56:46.684,3.6448,26.42,1,3e-06,0,11,100,,,
2026-06-16T11:56:47.191,3.6448,26.43,2,3e-06,0,11,100,,,
2026-06-16T11:56:47.684,3.6448,26.42,1,3e-06,0,11,100,,,
2026-06-16T11:56:48.176,3.6448,26.42,2,3e-06,0,11,100,,,
2026-06-16T11:56:48.667,3.6448,26.42,1,3e-06,0,11,100,,,
2026-06-16T11:56:49.176,3.6447,26.42,1,3e-06,0,11,100,,,
2026-06-16T11:56:49.684,3.6447,26.42,2,3e-06,0,11,100,,,
2026-06-16T11:56:50.191,3.6448,26.42,1,3e-06,0,11,100,,,
2026-06-16T11:56:50.680,3.6447,26.42,2,3e-06,0,11,100,,,
2026-06-16T11:56:51.172,3.6448,26.42,1,3e-06,0,11,100,,,
2026-06-16T11:56:51.694,3.6448,26.43,2,3e-06,0,11,100,,,
2026-06-16T11:56:52.186,3.6447,26.42,1,3e-06,0,11,100,,,
2026-06-16T11:56:52.679,3.6447,26.43,1,3e-06,0,11,100,,,
2026-06-16T11:56:53.169,3.6446,26.42,2,3e-06,0,11,100,,,
2026-06-16T11:56:53.677,3.6447,26.42,1,3e-06,0,11,100,,,
2026-06-16T11:56:54.184,3.6447,26.42,2,3e-06,0,11,100,,,
2026-06-16T11:56:54.675,3.6447,26.42,1,3e-06,0,11,100,,,
2026-06-16T11:56:55.167,3.6446,26.42,1,3e-06,0,11,100,,,
2026-06-16T11:56:55.689,3.6446,26.42,2,3e-06,0,11,100,,,
2026-06-16T11:56:56.181,3.6446,26.42,1,3e-06,0,11,100,,,
2026-06-16T11:56:56.688,3.6446,26.42,2,3e-06,0,11,100,,,
2026-06-16T11:56:57.180,3.6446,26.42,1,3e-06,0,11,100,,,
2026-06-16T11:56:57.675,3.6446,26.42,1,3e-06,0,11,100,,,
2026-06-16T11:56:58.194,3.6445,26.42,2,3e-06,0,11,100,,,
2026-06-16T11:56:58.684,3.6446,26.42,1,3e-06,0,11,100,,,
2026-06-16T11:56:59.192,3.6445,26.42,2,3e-06,0,11,100,,,
2026-06-16T11:56:59.685,3.6445,26.42,1,3e-06,0,11,100,,,
2026-06-16T11:57:00.191,3.6445,26.42,1,3e-06,0,11,100,,,
2026-06-16T11:57:00.683,3.6445,26.42,2,3e-06,0,11,100,,,
2026-06-16T11:57:01.176,3.6445,26.42,1,3e-06,0,11,100,,,
2026-06-16T11:57:01.670,3.6444,26.42,2,3e-06,0,11,100,,,
2026-06-16T11:57:02.177,3.6445,26.42,1,3e-06,0,11,100,,,
2026-06-16T11:57:02.668,3.6444,26.42,1,3e-06,0,11,100,,,
2026-06-16T11:57:03.188,3.6443,26.42,2,3e-06,0,11,100,,,
2026-06-16T11:57:03.678,3.6443,26.42,1,3e-06,0,11,100,,,
2026-06-16T11:57:04.184,3.6443,26.42,2,3e-06,0,11,100,,,
2026-06-16T11:57:04.675,3.6443,26.42,1,3e-06,0,11,100,,,
2026-06-16T11:57:05.181,3.6442,26.42,2,3e-06,0,11,100,,,
2026-06-16T11:57:05.690,3.6443,26.42,1,3e-06,0,11,100,,,
2026-06-16T11:57:06.183,3.6441,26.42,1,3e-06,0,11,100,,,
2026-06-16T11:57:06.692,3.6441,26.42,2,3e-06,0,11,100,,,
2026-06-16T11:57:07.186,3.6442,26.42,1,3e-06,0,11,100,,,
2026-06-16T11:57:07.694,3.6441,26.42,2,3e-06,0,11,100,,,
2026-06-16T11:57:08.186,3.6442,26.42,1,3e-06,0,11,100,,,
2026-06-16T11:57:08.677,3.6441,26.41,1,3e-06,0,11,100,,,
2026-06-16T11:57:09.171,3.6441,26.42,2,3e-06,0,11,100,,,
2026-06-16T11:57:09.679,3.6441,26.41,1,3e-06,0,11,100,,,
2026-06-16T11:57:10.171,3.6441,26.41,2,3e-06,0,11,100,,,
2026-06-16T11:57:10.679,3.644,26.41,1,3e-06,0,11,100,,,
2026-06-16T11:57:11.187,3.644,26.42,1,3e-06,0,11,100,,,
2026-06-16T11:57:11.665,3.6441,26.41,2,3e-06,0,11,100,,,
2026-06-16T11:57:12.188,3.644,26.41,1,3e-06,0,11,100,,,
2026-06-16T11:57:12.693,3.6441,26.41,2,3e-06,0,11,100,,,
2026-06-16T11:57:13.186,3.6441,26.41,1,3e-06,0,11,100,,,
2026-06-16T11:57:13.678,3.644,26.41,1,3e-06,0,11,100,,,
2026-06-16T11:57:14.168,3.6441,26.41,2,3e-06,0,11,100,,,
2026-06-16T11:57:14.691,3.644,26.41,1,3e-06,0,11,100,,,
2026-06-16T11:57:15.181,3.644,26.41,2,3e-06,0,11,100,,,
2026-06-16T11:57:15.673,3.644,26.41,1,3e-06,0,11,100,,,
2026-06-16T11:57:16.181,3.644,26.41,1,3e-06,0,11,100,,,
2026-06-16T11:57:16.675,3.6439,26.41,2,3e-06,0,11,100,,,
2026-06-16T11:57:17.186,3.6439,26.41,1,3e-06,0,11,100,,,
2026-06-16T11:57:17.694,3.6439,26.41,2,3e-06,0,11,100,,,
2026-06-16T11:57:18.187,3.6439,26.41,1,3e-06,0,11,100,,,
2026-06-16T11:57:18.680,3.6439,26.41,1,3e-06,0,11,100,,,
2026-06-16T11:57:19.189,3.6439,26.41,2,3e-06,0,11,100,,,
2026-06-16T11:57:19.682,3.644,26.41,1,3e-06,0,11,100,,,
2026-06-16T11:57:20.191,3.6439,26.41,2,3e-06,0,11,100,,,
2026-06-16T11:57:20.683,3.6438,26.41,1,3e-06,0,11,100,,,
2026-06-16T11:57:21.177,3.6439,26.4,1,3e-06,0,11,100,,,
2026-06-16T11:57:21.685,3.6439,26.41,2,3e-06,0,11,100,,,
2026-06-16T11:57:22.194,3.6439,26.41,1,3e-06,0,11,100,,,
2026-06-16T11:57:22.686,3.6438,26.41,2,3e-06,0,11,100,,,
2026-06-16T11:57:23.193,3.6438,26.4,1,3e-06,0,11,100,,,
2026-06-16T11:57:23.685,3.6438,26.41,2,3e-06,0,11,100,,,
2026-06-16T11:57:24.179,3.6439,26.4,1,3e-06,0,11,100,,,
2026-06-16T11:57:24.685,3.6439,26.4,1,3e-06,0,11,100,,,
2026-06-16T11:57:25.178,3.6439,26.4,2,3e-06,0,11,100,,,
2026-06-16T11:57:25.672,3.6438,26.4,1,3e-06,0,11,100,,,
2026-06-16T11:57:26.180,3.6438,26.4,2,3e-06,0,11,100,,,
2026-06-16T11:57:26.688,3.6438,26.4,1,3e-06,0,11,100,,,
2026-06-16T11:57:27.179,3.6439,26.4,1,3e-06,0,11,100,,,
2026-06-16T11:57:27.687,3.6438,26.4,2,3e-06,0,11,100,,,
2026-06-16T11:57:28.179,3.6438,26.4,1,3e-06,0,11,100,,,
2026-06-16T11:57:28.669,3.6439,26.4,1,3e-06,0,11,100,,,
2026-06-16T11:57:29.193,3.6437,26.41,2,3e-06,0,11,100,,,
2026-06-16T11:57:29.686,3.6438,26.4,1,3e-06,0,11,100,,,
2026-06-16T11:57:30.178,3.6437,26.4,2,3e-06,0,11,100,,,
2026-06-16T11:57:30.685,3.6439,26.4,1,3e-06,0,11,100,,,
2026-06-16T11:57:31.178,3.6438,26.41,2,3e-06,0,11,100,,,
2026-06-16T11:57:31.686,3.6437,26.4,1,3e-06,0,11,100,,,
2026-06-16T11:57:32.179,3.6437,26.4,1,3e-06,0,11,100,,,
2026-06-16T11:57:32.671,3.6437,26.4,2,3e-06,0,11,100,,,
2026-06-16T11:57:33.179,3.6437,26.4,1,3e-06,0,11,100,,,
2026-06-16T11:57:33.688,3.6437,26.4,2,3e-06,0,11,100,,,
2026-06-16T11:57:34.178,3.6437,26.4,1,3e-06,0,11,100,,,
2026-06-16T11:57:34.687,3.6436,26.4,1,3e-06,0,11,100,,,
2026-06-16T11:57:35.195,3.6436,26.4,2,3e-06,0,11,100,,,
2026-06-16T11:57:35.686,3.6435,26.4,1,3e-06,0,11,100,,,
2026-06-16T11:57:36.179,3.6436,26.4,2,3e-06,0,11,100,,,
2026-06-16T11:57:36.687,3.6435,26.4,1,3e-06,0,11,100,,,
2026-06-16T11:57:37.181,3.6436,26.4,1,3e-06,0,11,100,,,
2026-06-16T11:57:37.690,3.6436,26.4,2,3e-06,0,11,100,,,
2026-06-16T11:57:38.183,3.6435,26.4,1,3e-06,0,11,100,,,
2026-06-16T11:57:38.690,3.6436,26.4,2,3e-06,0,11,100,,,
2026-06-16T11:57:39.183,3.6435,26.4,1,3e-06,0,11,100,,,
2026-06-16T11:57:39.689,3.6435,26.4,2,3e-06,0,11,100,,,
2026-06-16T11:57:40.181,3.6435,26.39,1,3e-06,0,11,100,,,
2026-06-16T11:57:40.689,3.6434,26.4,1,3e-06,0,11,100,,,
2026-06-16T11:57:41.195,3.6434,26.4,2,3e-06,0,11,100,,,
2026-06-16T11:57:41.687,3.6433,26.4,1,3e-06,0,11,100,,,
2026-06-16T11:57:42.194,3.6433,26.4,2,3e-06,0,11,100,,,
2026-06-16T11:57:42.686,3.6433,26.39,1,3e-06,0,11,100,,,
2026-06-16T11:57:43.179,3.6434,26.4,1,3e-06,0,11,100,,,
2026-06-16T11:57:43.687,3.6433,26.39,2,3e-06,0,11,100,,,
2026-06-16T11:57:44.179,3.6433,26.4,1,3e-06,0,11,100,,,
2026-06-16T11:57:44.687,3.6433,26.39,2,3e-06,0,11,100,,,
2026-06-16T11:57:45.179,3.6434,26.39,1,3e-06,0,11,100,,,
2026-06-16T11:57:45.671,3.6432,26.39,1,3e-06,0,11,100,,,
2026-06-16T11:57:46.193,3.6433,26.39,2,3e-06,0,11,100,,,
2026-06-16T11:57:46.684,3.6433,26.39,1,3e-06,0,11,100,,,
2026-06-16T11:57:47.194,3.6432,26.39,2,3e-06,0,11,100,,,
2026-06-16T11:57:47.685,3.6433,26.39,1,3e-06,0,11,100,,,
2026-06-16T11:57:48.179,3.6432,26.39,1,3e-06,0,11,100,,,
2026-06-16T11:57:48.673,3.6431,26.39,2,3e-06,0,11,100,,,
2026-06-16T11:57:49.181,3.6432,26.39,1,3e-06,0,11,100,,,
2026-06-16T11:57:49.688,3.6432,26.39,2,3e-06,0,11,100,,,
2026-06-16T11:57:50.181,3.6432,26.39,1,3e-06,0,11,100,,,
2026-06-16T11:57:50.689,3.6431,26.39,2,3e-06,0,11,100,,,
2026-06-16T11:57:51.166,3.6431,26.39,1,3e-06,0,11,100,,,
2026-06-16T11:57:51.689,3.6431,26.39,1,3e-06,0,11,100,,,
2026-06-16T11:57:52.181,3.6431,26.39,2,3e-06,0,11,100,,,
2026-06-16T11:57:52.690,3.6431,26.39,1,3e-06,0,11,100,,,
2026-06-16T11:57:53.166,3.643,26.39,1,3e-06,0,11,100,,,
2026-06-16T11:57:53.690,3.643,26.39,2,3e-06,0,11,100,,,
2026-06-16T11:57:54.183,3.6431,26.39,1,3e-06,0,11,100,,,
2026-06-16T11:57:54.674,3.643,26.39,2,3e-06,0,11,100,,,
2026-06-16T11:57:55.180,3.643,26.39,1,3e-06,0,11,100,,,
2026-06-16T11:57:55.686,3.643,26.39,2,3e-06,0,11,100,,,
2026-06-16T11:57:56.180,3.6429,26.39,1,3e-06,0,11,100,,,
2026-06-16T11:57:56.687,3.643,26.39,1,3e-06,0,11,100,,,
2026-06-16T11:57:57.181,3.6429,26.39,2,3e-06,0,11,100,,,
2026-06-16T11:57:57.688,3.6429,26.39,1,3e-06,0,11,100,,,
2026-06-16T11:57:58.181,3.643,26.39,2,3e-06,0,11,100,,,
2026-06-16T11:57:58.673,3.643,26.39,1,3e-06,0,11,100,,,
2026-06-16T11:57:59.182,3.6429,26.39,1,3e-06,0,11,100,,,
2026-06-16T11:57:59.674,3.643,26.38,2,3e-06,0,11,100,,,
2026-06-16T11:58:00.181,3.6429,26.39,1,3e-06,0,11,100,,,
2026-06-16T11:58:00.675,3.643,26.38,2,3e-06,0,11,100,,,
2026-06-16T11:58:01.182,3.643,26.39,1,3e-06,0,11,100,,,
2026-06-16T11:58:01.688,3.6429,26.38,1,3e-06,0,11,100,,,
2026-06-16T11:58:02.183,3.6429,26.38,2,3e-06,0,11,100,,,
2026-06-16T11:58:02.676,3.6428,26.38,1,3e-06,0,11,100,,,
2026-06-16T11:58:03.184,3.6428,26.38,2,3e-06,0,11,100,,,
2026-06-16T11:58:03.677,3.6428,26.38,1,3e-06,0,11,100,,,
2026-06-16T11:58:04.169,3.6428,26.38,1,3e-06,0,11,100,,,
2026-06-16T11:58:04.693,3.6429,26.38,2,3e-06,0,11,100,,,
2026-06-16T11:58:05.186,3.6429,26.38,1,3e-06,0,11,100,,,
2026-06-16T11:58:05.679,3.6429,26.38,2,3e-06,0,11,100,,,
2026-06-16T11:58:06.187,3.6428,26.38,1,3e-06,0,11,100,,,
2026-06-16T11:58:06.679,3.6429,26.38,2,3e-06,0,11,100,,,
2026-06-16T11:58:07.173,3.6428,26.38,1,3e-06,0,11,100,,,
2026-06-16T11:58:07.682,3.6428,26.38,1,3e-06,0,11,100,,,
2026-06-16T11:58:08.191,3.6428,26.38,2,3e-06,0,11,100,,,
2026-06-16T11:58:08.667,3.6428,26.38,1,3e-06,0,11,100,,,
2026-06-16T11:58:09.178,3.6428,26.38,2,3e-06,0,11,100,,,
2026-06-16T11:58:09.669,3.6428,26.37,1,3e-06,0,11,100,,,
2026-06-16T11:58:10.193,3.6428,26.38,1,3e-06,0,11,100,,,
2026-06-16T11:58:10.671,3.6428,26.38,2,3e-06,0,11,100,,,
2026-06-16T11:58:11.181,3.6428,26.38,1,3e-06,0,11,100,,,
2026-06-16T11:58:11.691,3.6427,26.38,2,3e-06,0,11,100,,,
2026-06-16T11:58:12.184,3.6427,26.37,1,3e-06,0,11,100,,,
2026-06-16T11:58:12.677,3.6428,26.38,1,3e-06,0,11,100,,,
2026-06-16T11:58:13.169,3.6427,26.37,2,3e-06,0,11,100,,,
2026-06-16T11:58:13.677,3.6427,26.37,1,3e-06,0,11,100,,,
2026-06-16T11:58:14.167,3.6427,26.38,2,3e-06,0,11,100,,,
2026-06-16T11:58:14.690,3.6428,26.37,1,3e-06,0,11,100,,,
2026-06-16T11:58:15.183,3.6427,26.37,2,3e-06,0,11,100,,,
2026-06-16T11:58:15.692,3.6427,26.37,1,3e-06,0,11,100,,,
2026-06-16T11:58:16.169,3.6427,26.37,1,3e-06,0,11,100,,,
2026-06-16T11:58:16.693,3.6426,26.38,2,3e-06,0,11,100,,,
2026-06-16T11:58:17.170,3.6426,26.37,1,3e-06,0,11,100,,,
2026-06-16T11:58:17.694,3.6426,26.37,2,3e-06,0,11,100,,,
2026-06-16T11:58:18.185,3.6427,26.37,1,3e-06,0,11,100,,,
2026-06-16T11:58:18.694,3.6427,26.37,1,3e-06,0,11,100,,,
2026-06-16T11:58:19.172,3.6426,26.37,2,3e-06,0,11,100,,,
2026-06-16T11:58:19.680,3.6428,26.37,1,3e-06,0,11,100,,,
2026-06-16T11:58:20.172,3.6427,26.37,1,3e-06,0,11,100,,,
2026-06-16T11:58:20.680,3.6427,26.37,2,3e-06,0,11,100,,,
2026-06-16T11:58:21.188,3.6426,26.37,1,3e-06,0,11,100,,,
2026-06-16T11:58:21.680,3.6426,26.37,2,3e-06,0,11,100,,,
2026-06-16T11:58:22.188,3.6426,26.37,1,3e-06,0,11,100,,,
2026-06-16T11:58:22.681,3.6426,26.37,1,3e-06,0,11,100,,,
2026-06-16T11:58:23.189,3.6426,26.37,2,3e-06,0,11,100,,,
2026-06-16T11:58:23.684,3.6426,26.37,1,3e-06,0,11,100,,,
2026-06-16T11:58:24.193,3.6426,26.37,2,3e-06,0,11,100,,,
2026-06-16T11:58:24.686,3.6427,26.37,1,3e-06,0,11,100,,,
2026-06-16T11:58:25.179,3.6426,26.37,2,3e-06,0,11,100,,,
2026-06-16T11:58:25.686,3.6426,26.37,1,3e-06,0,11,100,,,
2026-06-16T11:58:26.177,3.6426,26.37,1,3e-06,0,11,100,,,
2026-06-16T11:58:26.683,3.6426,26.37,2,3e-06,0,11,100,,,
2026-06-16T11:58:27.172,3.6426,26.36,1,3e-06,0,11,100,,,
2026-06-16T11:58:27.680,3.6426,26.37,2,3e-06,0,11,100,,,
2026-06-16T11:58:28.188,3.6427,26.36,1,3e-06,0,11,100,,,
2026-06-16T11:58:28.680,3.6427,26.36,1,3e-06,0,11,100,,,
2026-06-16T11:58:29.189,3.6426,26.37,2,3e-06,0,11,100,,,
2026-06-16T11:58:29.682,3.6426,26.36,1,3e-06,0,11,100,,,
2026-06-16T11:58:30.174,3.6426,26.36,2,3e-06,0,11,100,,,
2026-06-16T11:58:30.683,3.6426,26.36,1,3e-06,0,11,100,,,
2026-06-16T11:58:31.189,3.6426,26.36,1,3e-06,0,11,100,,,
2026-06-16T11:58:31.680,3.6426,26.37,2,3e-06,0,11,100,,,
2026-06-16T11:58:32.187,3.6426,26.36,1,3e-06,0,11,100,,,
2026-06-16T11:58:32.680,3.6425,26.36,2,3e-06,0,11,100,,,
2026-06-16T11:58:33.188,3.6425,26.36,1,3e-06,0,11,100,,,
2026-06-16T11:58:33.679,3.6425,26.36,2,3e-06,0,11,100,,,
2026-06-16T11:58:34.173,3.6424,26.36,1,3e-06,0,11,100,,,
2026-06-16T11:58:34.680,3.6425,26.36,1,3e-06,0,11,100,,,
2026-06-16T11:58:35.188,3.6426,26.36,2,3e-06,0,11,100,,,
2026-06-16T11:58:35.679,3.6426,26.36,1,3e-06,0,11,100,,,
2026-06-16T11:58:36.172,3.6425,26.36,2,3e-06,0,11,100,,,
2026-06-16T11:58:36.694,3.6425,26.36,1,3e-06,0,11,100,,,
2026-06-16T11:58:37.188,3.6426,26.36,1,3e-06,0,11,100,,,
2026-06-16T11:58:37.679,3.6425,26.36,2,3e-06,0,11,100,,,
2026-06-16T11:58:38.185,3.6425,26.36,1,3e-06,0,11,100,,,
2026-06-16T11:58:38.680,3.6425,26.36,2,3e-06,0,11,100,,,
2026-06-16T11:58:39.175,3.6426,26.36,1,3e-06,0,11,100,,,
2026-06-16T11:58:39.685,3.6425,26.36,1,3e-06,0,11,100,,,
2026-06-16T11:58:40.178,3.6425,26.36,2,3e-06,0,11,100,,,
2026-06-16T11:58:40.685,3.6425,26.36,1,3e-06,0,11,100,,,
2026-06-16T11:58:41.178,3.6425,26.36,2,3e-06,0,11,100,,,
2026-06-16T11:58:41.673,3.6424,26.36,1,3e-06,0,11,100,,,
2026-06-16T11:58:42.181,3.6425,26.36,1,3e-06,0,11,100,,,
2026-06-16T11:58:42.688,3.6425,26.36,2,3e-06,0,11,100,,,
2026-06-16T11:58:43.181,3.6425,26.36,1,3e-06,0,11,100,,,
2026-06-16T11:58:43.688,3.6426,26.36,2,3e-06,0,11,100,,,
2026-06-16T11:58:44.179,3.6425,26.35,1,3e-06,0,11,100,,,
2026-06-16T11:58:44.686,3.6425,26.36,1,3e-06,0,11,100,,,
2026-06-16T11:58:45.180,3.6425,26.36,2,3e-06,0,11,100,,,
2026-06-16T11:58:45.687,3.6426,26.36,1,3e-06,0,11,100,,,
2026-06-16T11:58:46.179,3.6425,26.36,2,3e-06,0,11,100,,,
2026-06-16T11:58:46.689,3.6425,26.35,1,3e-06,0,11,100,,,
2026-06-16T11:58:47.179,3.6425,26.36,2,3e-06,0,11,100,,,
2026-06-16T11:58:47.689,3.6425,26.36,1,3e-06,0,11,100,,,
2026-06-16T11:58:48.181,3.6425,26.35,1,3e-06,0,11,100,,,
2026-06-16T11:58:48.691,3.6425,26.36,2,3e-06,0,11,100,,,
2026-06-16T11:58:49.182,3.6425,26.36,1,3e-06,0,11,100,,,
2026-06-16T11:58:49.691,3.6425,26.36,2,3e-06,0,11,100,,,
2026-06-16T11:58:50.183,3.6424,26.35,1,3e-06,0,11,100,,,
2026-06-16T11:58:50.693,3.6425,26.36,1,3e-06,0,11,100,,,
2026-06-16T11:58:51.188,3.6425,26.36,2,3e-06,0,11,100,,,
2026-06-16T11:58:51.679,3.6425,26.36,1,3e-06,0,11,100,,,
2026-06-16T11:58:52.189,3.6425,26.36,2,3e-06,0,11,100,,,
2026-06-16T11:58:52.682,3.6425,26.35,1,3e-06,0,11,100,,,
2026-06-16T11:58:53.191,3.6425,26.35,1,3e-06,0,11,100,,,
2026-06-16T11:58:53.683,3.6424,26.36,2,3e-06,0,11,100,,,
2026-06-16T11:58:54.193,3.6424,26.36,1,3e-06,0,11,100,,,
2026-06-16T11:58:54.687,3.6425,26.35,2,3e-06,0,11,100,,,
2026-06-16T11:58:55.194,3.6424,26.36,1,3e-06,0,11,100,,,
2026-06-16T11:58:55.686,3.6425,26.35,1,3e-06,0,11,100,,,
2026-06-16T11:58:56.180,3.6425,26.36,2,3e-06,0,11,100,,,
2026-06-16T11:58:56.688,3.6425,26.35,1,3e-06,0,11,100,,,
2026-06-16T11:58:57.182,3.6424,26.36,2,3e-06,0,11,100,,,
2026-06-16T11:58:57.689,3.6424,26.35,1,3e-06,0,11,100,,,
2026-06-16T11:58:58.182,3.6425,26.35,1,3e-06,0,11,100,,,
2026-06-16T11:58:58.691,3.6424,26.35,2,3e-06,0,11,100,,,
2026-06-16T11:58:59.183,3.6424,26.35,1,3e-06,0,11,100,,,
2026-06-16T11:58:59.693,3.6425,26.35,2,3e-06,0,11,100,,,
2026-06-16T11:59:00.184,3.6425,26.35,1,3e-06,0,11,100,,,
2026-06-16T11:59:00.695,3.6425,26.35,2,3e-06,0,11,100,,,
2026-06-16T11:59:01.186,3.6425,26.35,1,3e-06,0,11,100,,,
2026-06-16T11:59:01.693,3.6424,26.35,1,3e-06,0,11,100,,,
2026-06-16T11:59:02.170,3.6424,26.35,2,3e-06,0,11,100,,,
2026-06-16T11:59:02.678,3.6424,26.35,1,3e-06,0,11,100,,,
2026-06-16T11:59:03.186,3.6423,26.35,2,3e-06,0,11,100,,,
2026-06-16T11:59:03.678,3.6424,26.35,1,3e-06,0,11,100,,,
2026-06-16T11:59:04.186,3.6425,26.35,1,3e-06,0,11,100,,,
2026-06-16T11:59:04.677,3.6425,26.35,2,3e-06,0,11,100,,,
2026-06-16T11:59:05.188,3.6425,26.35,1,3e-06,0,11,100,,,
2026-06-16T11:59:05.681,3.6425,26.35,2,3e-06,0,11,100,,,
2026-06-16T11:59:06.171,3.6424,26.35,1,3e-06,0,11,100,,,
2026-06-16T11:59:06.679,3.6425,26.35,1,3e-06,0,11,100,,,
2026-06-16T11:59:07.187,3.6425,26.35,2,3e-06,0,11,100,,,
2026-06-16T11:59:07.678,3.6425,26.35,1,3e-06,0,11,100,,,
2026-06-16T11:59:08.187,3.6424,26.35,2,3e-06,0,11,100,,,
2026-06-16T11:59:08.679,3.6424,26.35,1,3e-06,0,11,100,,,
2026-06-16T11:59:09.188,3.6424,26.35,2,3e-06,0,11,100,,,
2026-06-16T11:59:09.680,3.6424,26.35,1,3e-06,0,11,100,,,
2026-06-16T11:59:10.186,3.6424,26.35,1,3e-06,0,11,100,,,
2026-06-16T11:59:10.694,3.6425,26.35,2,3e-06,0,11,100,,,
2026-06-16T11:59:11.171,3.6424,26.35,1,3e-06,0,11,100,,,
2026-06-16T11:59:11.680,3.6424,26.35,2,3e-06,0,11,100,,,
2026-06-16T11:59:12.188,3.6424,26.35,1,3e-06,0,11,100,,,
2026-06-16T11:59:12.679,3.6425,26.35,1,3e-06,0,11,100,,,
2026-06-16T11:59:13.186,3.6424,26.35,2,3e-06,0,11,100,,,
2026-06-16T11:59:13.681,3.6424,26.35,1,3e-06,0,11,100,,,
2026-06-16T11:59:14.190,3.6425,26.35,2,3e-06,0,11,100,,,
2026-06-16T11:59:14.681,3.6424,26.35,1,3e-06,0,11,100,,,
2026-06-16T11:59:15.189,3.6424,26.35,1,3e-06,0,11,100,,,
2026-06-16T11:59:15.682,3.6425,26.35,2,3e-06,0,11,100,,,
2026-06-16T11:59:16.191,3.6424,26.35,1,3e-06,0,11,100,,,
2026-06-16T11:59:16.681,3.6424,26.35,2,3e-06,0,11,100,,,
2026-06-16T11:59:17.190,3.6424,26.35,1,3e-06,0,11,100,,,
2026-06-16T11:59:17.667,3.6424,26.35,1,3e-06,0,11,100,,,
2026-06-16T11:59:18.176,3.6424,26.35,2,3e-06,0,11,100,,,
2026-06-16T11:59:18.685,3.6423,26.35,1,3e-06,0,11,100,,,
2026-06-16T11:59:19.193,3.6424,26.35,2,3e-06,0,11,100,,,
2026-06-16T11:59:19.671,3.6424,26.35,1,3e-06,0,11,100,,,
2026-06-16T11:59:20.182,3.6425,26.35,1,3e-06,0,11,100,,,
2026-06-16T11:59:20.691,3.6424,26.35,2,3e-06,0,11,100,,,
2026-06-16T11:59:21.166,3.6424,26.35,1,3e-06,0,11,100,,,
2026-06-16T11:59:21.677,3.6423,26.35,1,3e-06,0,11,100,,,
2026-06-16T11:59:22.184,3.6425,26.35,2,3e-06,0,11,100,,,
2026-06-16T11:59:22.678,3.6424,26.35,1,3e-06,0,11,100,,,
2026-06-16T11:59:23.185,3.6424,26.35,2,3e-06,0,11,100,,,
2026-06-16T11:59:23.691,3.6424,26.35,1,3e-06,0,11,100,,,
2026-06-16T11:59:24.184,3.6424,26.35,2,3e-06,0,11,100,,,
2026-06-16T11:59:24.691,3.6424,26.35,1,3e-06,0,11,100,,,
2026-06-16T11:59:25.183,3.6425,26.35,1,3e-06,0,11,100,,,
2026-06-16T11:59:25.692,3.6425,26.35,2,3e-06,0,11,100,,,
2026-06-16T11:59:26.185,3.6424,26.35,1,3e-06,0,11,100,,,
2026-06-16T11:59:26.677,3.6424,26.35,2,3e-06,0,11,100,,,
2026-06-16T11:59:27.186,3.6424,26.35,1,3e-06,0,11,100,,,
2026-06-16T11:59:27.678,3.6424,26.35,1,3e-06,0,11,100,,,
2026-06-16T11:59:28.184,3.6424,26.35,2,3e-06,0,11,100,,,
2026-06-16T11:59:28.692,3.6424,26.35,1,3e-06,0,11,100,,,
2026-06-16T11:59:29.184,3.6424,26.35,2,3e-06,0,11,100,,,
2026-06-16T11:59:29.692,3.6423,26.35,1,3e-06,0,11,100,,,
2026-06-16T11:59:30.184,3.6423,26.35,1,3e-06,0,11,100,,,
2026-06-16T11:59:30.690,3.6425,26.35,2,3e-06,0,11,100,,,
2026-06-16T11:59:31.167,3.6424,26.35,1,3e-06,0,11,100,,,
2026-06-16T11:59:31.691,3.6423,26.35,2,3e-06,0,11,100,,,
2026-06-16T11:59:32.167,3.6424,26.35,1,3e-06,0,11,100,,,
2026-06-16T11:59:32.676,3.6424,26.35,1,3e-06,0,11,100,,,
2026-06-16T11:59:33.183,3.6423,26.35,2,3e-06,0,11,100,,,
2026-06-16T11:59:33.689,3.6424,26.35,1,3e-06,0,11,100,,,
2026-06-16T11:59:34.183,3.6424,26.35,2,3e-06,0,11,100,,,
2026-06-16T11:59:34.691,3.6425,26.35,1,3e-06,0,11,100,,,
2026-06-16T11:59:35.183,3.6424,26.35,1,3e-06,0,11,100,,,
2026-06-16T11:59:35.691,3.6425,26.35,2,3e-06,0,11,100,,,
2026-06-16T11:59:36.182,3.6425,26.34,1,3e-06,0,11,100,,,
2026-06-16T11:59:36.691,3.6423,26.35,2,3e-06,0,11,100,,,
2026-06-16T11:59:37.183,3.6425,26.35,1,3e-06,0,11,100,,,
2026-06-16T11:59:37.691,3.6423,26.35,2,3e-06,0,11,100,,,
2026-06-16T11:59:38.183,3.6424,26.35,1,3e-06,0,11,100,,,
2026-06-16T11:59:38.689,3.6424,26.35,1,3e-06,0,11,100,,,
2026-06-16T11:59:39.181,3.6424,26.34,2,3e-06,0,11,100,,,
2026-06-16T11:59:39.691,3.6424,26.35,1,3e-06,0,11,100,,,
2026-06-16T11:59:40.184,3.6425,26.34,2,3e-06,0,11,100,,,
2026-06-16T11:59:40.678,3.6424,26.35,1,3e-06,0,11,100,,,
2026-06-16T11:59:41.185,3.6424,26.35,1,3e-06,0,11,100,,,
2026-06-16T11:59:41.693,3.6424,26.34,2,3e-06,0,11,100,,,
2026-06-16T11:59:42.185,3.6423,26.35,1,3e-06,0,11,100,,,
2026-06-16T11:59:42.694,3.6424,26.34,2,3e-06,0,11,100,,,
2026-06-16T11:59:43.187,3.6425,26.35,1,3e-06,0,11,100,,,
2026-06-16T11:59:43.681,3.6424,26.34,1,3e-06,0,11,100,,,
2026-06-16T11:59:44.189,3.6423,26.34,2,3e-06,0,11,100,,,
2026-06-16T11:59:44.682,3.6424,26.34,1,3e-06,0,11,100,,,
2026-06-16T11:59:45.187,3.6423,26.34,2,3e-06,0,11,100,,,
2026-06-16T11:59:45.680,3.6425,26.34,1,3e-06,0,11,100,,,
2026-06-16T11:59:46.188,3.6424,26.34,1,3e-06,0,11,100,,,
2026-06-16T11:59:46.681,3.6423,26.34,2,3e-06,0,11,100,,,
2026-06-16T11:59:47.189,3.6424,26.34,1,3e-06,0,11,100,,,
2026-06-16T11:59:47.682,3.6424,26.34,2,3e-06,0,11,100,,,
2026-06-16T11:59:48.191,3.6423,26.34,1,3e-06,0,11,100,,,
2026-06-16T11:59:48.681,3.6424,26.35,2,3e-06,0,11,100,,,
2026-06-16T11:59:49.188,3.6423,26.35,1,3e-06,0,11,100,,,
2026-06-16T11:59:49.679,3.6422,26.34,1,3e-06,0,11,100,,,
2026-06-16T11:59:50.187,3.6424,26.34,2,3e-06,0,11,100,,,
2026-06-16T11:59:50.680,3.6424,26.34,1,3e-06,0,11,100,,,
2026-06-16T11:59:51.187,3.6423,26.34,2,3e-06,0,11,100,,,
2026-06-16T11:59:51.681,3.6424,26.34,1,3e-06,0,11,100,,,
2026-06-16T11:59:52.190,3.6424,26.34,1,3e-06,0,11,100,,,
2026-06-16T11:59:52.682,3.6423,26.34,2,3e-06,0,11,100,,,
2026-06-16T11:59:53.188,3.6424,26.34,1,3e-06,0,11,100,,,
2026-06-16T11:59:53.680,3.6423,26.34,2,3e-06,0,11,100,,,
2026-06-16T11:59:54.190,3.6422,26.34,1,3e-06,0,11,100,,,
2026-06-16T11:59:54.684,3.6424,26.34,1,3e-06,0,11,100,,,
2026-06-16T11:59:55.192,3.6423,26.34,2,3e-06,0,11,100,,,
2026-06-16T11:59:55.683,3.6423,26.34,1,3e-06,0,11,100,,,
2026-06-16T11:59:56.191,3.6422,26.34,2,3e-06,0,11,100,,,
2026-06-16T11:59:56.681,3.6423,26.34,1,3e-06,0,11,100,,,
2026-06-16T11:59:57.189,3.6422,26.35,1,3e-06,0,11,100,,,
2026-06-16T11:59:57.680,3.6423,26.34,2,3e-06,0,11,100,,,
2026-06-16T11:59:58.186,3.6423,26.34,1,3e-06,0,11,100,,,
2026-06-16T11:59:58.693,3.6422,26.34,2,3e-06,0,11,100,,,
2026-06-16T11:59:59.167,3.6423,26.34,1,3e-06,0,11,100,,,
2026-06-16T11:59:59.689,3.6423,26.34,1,3e-06,0,11,100,,,
2026-06-16T12:00:00.181,3.6422,26.34,2,3e-06,0,11,100,,,
2026-06-16T12:00:00.689,3.6423,26.34,1,3e-06,0,11,100,,,
2026-06-16T12:00:01.181,3.6422,26.34,2,3e-06,0,11,100,,,
2026-06-16T12:00:01.673,3.6423,26.34,1,3e-06,0,11,100,,,
2026-06-16T12:00:02.182,3.6422,26.34,1,3e-06,0,11,100,,,
2026-06-16T12:00:02.673,3.6422,26.34,2,3e-06,0,11,100,,,
2026-06-16T12:00:03.179,3.6422,26.34,1,3e-06,0,11,100,,,
2026-06-16T12:00:03.687,3.6423,26.34,2,3e-06,0,11,100,,,
2026-06-16T12:00:04.181,3.6421,26.34,1,3e-06,0,11,100,,,
2026-06-16T12:00:04.674,3.6421,26.34,1,3e-06,0,11,100,,,
2026-06-16T12:00:05.183,3.6423,26.34,2,3e-06,0,11,100,,,
2026-06-16T12:00:05.677,3.6422,26.34,1,3e-06,0,11,100,,,
2026-06-16T12:00:06.188,3.6421,26.34,2,3e-06,0,11,100,,,
2026-06-16T12:00:06.680,3.6422,26.34,1,3e-06,0,11,100,,,
2026-06-16T12:00:07.189,3.6422,26.34,2,3e-06,0,11,100,,,
2026-06-16T12:00:07.682,3.6421,26.34,1,3e-06,0,11,100,,,
2026-06-16T12:00:08.175,3.6422,26.34,1,3e-06,0,11,100,,,
2026-06-16T12:00:08.683,3.6422,26.34,2,3e-06,0,11,100,,,
2026-06-16T12:00:09.189,3.6423,26.34,1,3e-06,0,11,100,,,
2026-06-16T12:00:09.681,3.6423,26.34,1,3e-06,0,11,100,,,
2026-06-16T12:00:10.190,3.6422,26.34,2,3e-06,0,11,100,,,
2026-06-16T12:00:10.684,3.6422,26.34,1,3e-06,0,11,100,,,
2026-06-16T12:00:11.192,3.6422,26.34,2,3e-06,0,11,100,,,
2026-06-16T12:00:11.686,3.6423,26.34,1,3e-06,0,11,100,,,
2026-06-16T12:00:12.194,3.6423,26.34,2,3e-06,0,11,100,,,
2026-06-16T12:00:12.684,3.6423,26.34,1,3e-06,0,11,100,,,
2026-06-16T12:00:13.193,3.6422,26.34,1,3e-06,0,11,100,,,
2026-06-16T12:00:13.669,3.6422,26.34,2,3e-06,0,11,100,,,
2026-06-16T12:00:14.193,3.6423,26.34,1,3e-06,0,11,100,,,
2026-06-16T12:00:14.686,3.6422,26.34,2,3e-06,0,11,100,,,
2026-06-16T12:00:15.194,3.6423,26.34,1,3e-06,0,11,100,,,
2026-06-16T12:00:15.670,3.6423,26.34,1,3e-06,0,11,100,,,
2026-06-16T12:00:16.181,3.6422,26.34,2,3e-06,0,11,100,,,
2026-06-16T12:00:16.690,3.6422,26.34,1,3e-06,0,11,100,,,
2026-06-16T12:00:17.167,3.6422,26.34,1,3e-06,0,11,100,,,
2026-06-16T12:00:17.690,3.6422,26.34,2,3e-06,0,11,100,,,
2026-06-16T12:00:18.181,3.6422,26.34,1,3e-06,0,11,100,,,
2026-06-16T12:00:18.689,3.6422,26.34,2,3e-06,0,11,100,,,
2026-06-16T12:00:19.182,3.6421,26.34,1,3e-06,0,11,100,,,
2026-06-16T12:00:19.692,3.6422,26.34,2,3e-06,0,11,100,,,
2026-06-16T12:00:20.166,3.6422,26.34,1,3e-06,0,11,100,,,
2026-06-16T12:00:20.688,3.6422,26.34,1,3e-06,0,11,100,,,
2026-06-16T12:00:21.181,3.6422,26.34,2,3e-06,0,11,100,,,
2026-06-16T12:00:21.690,3.6423,26.34,1,3e-06,0,11,100,,,
2026-06-16T12:00:22.167,3.6422,26.34,2,3e-06,0,11,100,,,
2026-06-16T12:00:22.689,3.6422,26.34,1,3e-06,0,11,100,,,
2026-06-16T12:00:23.167,3.6423,26.34,1,3e-06,0,11,100,,,
2026-06-16T12:00:23.677,3.6422,26.34,2,3e-06,0,11,100,,,
2026-06-16T12:00:24.183,3.6422,26.34,1,3e-06,0,11,100,,,
2026-06-16T12:00:24.691,3.6422,26.34,2,3e-06,0,11,100,,,
2026-06-16T12:00:25.181,3.6422,26.34,1,3e-06,0,11,100,,,
2026-06-16T12:00:25.690,3.6422,26.34,1,3e-06,0,11,100,,,
2026-06-16T12:00:26.183,3.6422,26.34,2,3e-06,0,11,100,,,
2026-06-16T12:00:26.676,3.6422,26.34,1,3e-06,0,11,100,,,
2026-06-16T12:00:27.185,3.6422,26.34,2,3e-06,0,11,100,,,
2026-06-16T12:00:27.691,3.6421,26.34,1,3e-06,0,11,100,,,
2026-06-16T12:00:28.184,3.6421,26.33,2,3e-06,0,11,100,,,
2026-06-16T12:00:28.692,3.6422,26.33,1,3e-06,0,11,100,,,
2026-06-16T12:00:29.185,3.6422,26.34,1,3e-06,0,11,100,,,
2026-06-16T12:00:29.694,3.6421,26.33,2,3e-06,0,11,100,,,
2026-06-16T12:00:30.184,3.6421,26.33,1,3e-06,0,11,100,,,
2026-06-16T12:00:30.677,3.6422,26.33,2,3e-06,0,11,100,,,
2026-06-16T12:00:31.188,3.6422,26.33,1,3e-06,0,11,100,,,
2026-06-16T12:00:31.679,3.6422,26.33,1,3e-06,0,11,100,,,
2026-06-16T12:00:32.188,3.6421,26.33,2,3e-06,0,11,100,,,
2026-06-16T12:00:32.681,3.6421,26.34,1,3e-06,0,11,100,,,
2026-06-16T12:00:33.191,3.6421,26.33,2,3e-06,0,11,100,,,
2026-06-16T12:00:33.668,3.6422,26.33,1,3e-06,0,11,100,,,
2026-06-16T12:00:34.176,3.6422,26.33,1,3e-06,0,11,100,,,
2026-06-16T12:00:34.685,3.6422,26.33,2,3e-06,0,11,100,,,
2026-06-16T12:00:35.178,3.6424,26.33,1,3e-06,0,11,100,,,
2026-06-16T12:00:35.686,3.6422,26.34,2,3e-06,0,11,100,,,
2026-06-16T12:00:36.175,3.6422,26.34,1,3e-06,0,11,100,,,
2026-06-16T12:00:36.684,3.6422,26.33,1,3e-06,0,11,100,,,
2026-06-16T12:00:37.189,3.6422,26.33,2,3e-06,0,11,100,,,
2026-06-16T12:00:37.679,3.6422,26.33,1,3e-06,0,11,100,,,
2026-06-16T12:00:38.188,3.6422,26.34,2,3e-06,0,11,100,,,
2026-06-16T12:00:38.684,3.6421,26.33,1,3e-06,0,11,100,,,
2026-06-16T12:00:39.178,3.6423,26.33,1,3e-06,0,11,100,,,
2026-06-16T12:00:39.686,3.6422,26.34,2,3e-06,0,11,100,,,
2026-06-16T12:00:40.180,3.6422,26.33,1,3e-06,0,11,100,,,
2026-06-16T12:00:40.691,3.6422,26.33,2,3e-06,0,11,100,,,
2026-06-16T12:00:41.185,3.6422,26.33,1,3e-06,0,11,100,,,
2026-06-16T12:00:41.692,3.6422,26.33,1,3e-06,0,11,100,,,
2026-06-16T12:00:42.183,3.6422,26.33,2,3e-06,0,11,100,,,
2026-06-16T12:00:42.687,3.6422,26.33,1,3e-06,0,11,100,,,
2026-06-16T12:00:43.192,3.6422,26.33,2,3e-06,0,11,100,,,
2026-06-16T12:00:43.682,3.6422,26.33,1,3e-06,0,11,100,,,
2026-06-16T12:00:44.190,3.6422,26.33,2,3e-06,0,11,100,,,
2026-06-16T12:00:44.682,3.6422,26.33,1,3e-06,0,11,100,,,
2026-06-16T12:00:45.191,3.6423,26.33,1,3e-06,0,11,100,,,
2026-06-16T12:00:45.684,3.6423,26.33,2,3e-06,0,11,100,,,
2026-06-16T12:00:46.192,3.6423,26.33,1,3e-06,0,11,100,,,
2026-06-16T12:00:46.669,3.6423,26.33,2,3e-06,0,11,100,,,
2026-06-16T12:00:47.177,3.6421,26.33,1,3e-06,0,11,100,,,
2026-06-16T12:00:47.686,3.6423,26.33,1,3e-06,0,11,100,,,
2026-06-16T12:00:48.178,3.6422,26.33,2,3e-06,0,11,100,,,
2026-06-16T12:00:48.670,3.6423,26.33,1,3e-06,0,11,100,,,
2026-06-16T12:00:49.177,3.6422,26.33,2,3e-06,0,11,100,,,
2026-06-16T12:00:49.685,3.6422,26.33,1,3e-06,0,11,100,,,
2026-06-16T12:00:50.193,3.6422,26.33,1,3e-06,0,11,100,,,
2026-06-16T12:00:50.687,3.6421,26.33,2,3e-06,0,11,100,,,
2026-06-16T12:00:51.178,3.6423,26.33,1,3e-06,0,11,100,,,
2026-06-16T12:00:51.684,3.6421,26.33,2,3e-06,0,11,100,,,
2026-06-16T12:00:52.191,3.6421,26.33,1,3e-06,0,11,100,,,
2026-06-16T12:00:52.680,3.6422,26.33,1,3e-06,0,11,100,,,
2026-06-16T12:00:53.188,3.6422,26.33,2,3e-06,0,11,100,,,
2026-06-16T12:00:53.695,3.6421,26.33,1,3e-06,0,11,100,,,
2026-06-16T12:00:54.173,3.6422,26.33,2,3e-06,0,11,100,,,
2026-06-16T12:00:54.680,3.6422,26.33,1,3e-06,0,11,100,,,
2026-06-16T12:00:55.187,3.6422,26.33,2,3e-06,0,11,100,,,
2026-06-16T12:00:55.695,3.6422,26.33,1,3e-06,0,11,100,,,
2026-06-16T12:00:56.187,3.6421,26.33,1,3e-06,0,11,100,,,
2026-06-16T12:00:56.696,3.6421,26.33,2,3e-06,0,11,100,,,
2026-06-16T12:00:57.188,3.6423,26.33,1,3e-06,0,11,100,,,
2026-06-16T12:00:57.679,3.6422,26.33,2,3e-06,0,11,100,,,
2026-06-16T12:00:58.186,3.6421,26.33,1,3e-06,0,11,100,,,
2026-06-16T12:00:58.692,3.6422,26.33,1,3e-06,0,11,100,,,
2026-06-16T12:00:59.183,3.6421,26.33,2,3e-06,0,11,100,,,
2026-06-16T12:00:59.689,3.6422,26.33,1,3e-06,0,11,100,,,
2026-06-16T12:01:00.181,3.6422,26.33,2,3e-06,0,11,100,,,
2026-06-16T12:01:00.688,3.6421,26.33,1,3e-06,0,11,100,,,
2026-06-16T12:01:01.179,3.6422,26.33,1,3e-06,0,11,100,,,
2026-06-16T12:01:01.687,3.6421,26.33,2,3e-06,0,11,100,,,
2026-06-16T12:01:02.178,3.6422,26.33,1,3e-06,0,11,100,,,
2026-06-16T12:01:02.686,3.6421,26.33,2,3e-06,0,11,100,,,
2026-06-16T12:01:03.192,3.6422,26.33,1,3e-06,0,11,100,,,
2026-06-16T12:01:03.666,3.6421,26.33,1,3e-06,0,11,100,,,
2026-06-16T12:01:04.189,3.6421,26.33,2,3e-06,0,11,100,,,
2026-06-16T12:01:04.682,3.6421,26.33,1,3e-06,0,11,100,,,
2026-06-16T12:01:05.186,3.6422,26.33,2,3e-06,0,11,100,,,
2026-06-16T12:01:05.694,3.6422,26.33,1,3e-06,0,11,100,,,
2026-06-16T12:01:06.184,3.6421,26.33,1,3e-06,0,11,100,,,
2026-06-16T12:01:06.676,3.6421,26.33,2,3e-06,0,11,100,,,
2026-06-16T12:01:07.184,3.6422,26.33,1,3e-06,0,11,100,,,
2026-06-16T12:01:07.690,3.6421,26.33,2,3e-06,0,11,100,,,
2026-06-16T12:01:08.181,3.6421,26.33,1,3e-06,0,11,100,,,
2026-06-16T12:01:08.685,3.6421,26.33,2,3e-06,0,11,100,,,
2026-06-16T12:01:09.194,3.6421,26.33,1,3e-06,0,11,100,,,
2026-06-16T12:01:09.685,3.6421,26.33,1,3e-06,0,11,100,,,
2026-06-16T12:01:10.191,3.6421,26.33,2,3e-06,0,11,100,,,
2026-06-16T12:01:10.684,3.6421,26.33,1,3e-06,0,11,100,,,
2026-06-16T12:01:11.177,3.6421,26.33,2,3e-06,0,11,100,,,
2026-06-16T12:01:11.684,3.642,26.33,1,3e-06,0,11,100,,,
2026-06-16T12:01:12.192,3.6421,26.33,2,3e-06,0,11,100,,,
2026-06-16T12:01:12.684,3.642,26.33,1,3e-06,0,11,100,,,
2026-06-16T12:01:13.190,3.642,26.33,1,3e-06,0,11,100,,,
2026-06-16T12:01:13.696,3.6421,26.34,2,3e-06,0,11,100,,,
2026-06-16T12:01:14.187,3.6422,26.33,1,3e-06,0,11,100,,,
2026-06-16T12:01:14.679,3.6421,26.33,1,3e-06,0,11,100,,,
2026-06-16T12:01:15.184,3.6421,26.33,2,3e-06,0,11,100,,,
2026-06-16T12:01:15.690,3.642,26.33,1,3e-06,0,11,100,,,
2026-06-16T12:01:16.181,3.6422,26.33,2,3e-06,0,11,100,,,
2026-06-16T12:01:16.688,3.6421,26.33,1,3e-06,0,11,100,,,
2026-06-16T12:01:17.179,3.6421,26.33,2,3e-06,0,11,100,,,
2026-06-16T12:01:17.686,3.642,26.33,1,3e-06,0,11,100,,,
2026-06-16T12:01:18.179,3.6422,26.33,1,3e-06,0,11,100,,,
2026-06-16T12:01:18.688,3.6421,26.32,2,3e-06,0,11,100,,,
2026-06-16T12:01:19.179,3.6421,26.33,1,3e-06,0,11,100,,,
2026-06-16T12:01:19.687,3.6421,26.33,2,3e-06,0,11,100,,,
2026-06-16T12:01:20.177,3.6421,26.33,1,3e-06,0,11,100,,,
2026-06-16T12:01:20.685,3.6421,26.33,1,3e-06,0,11,100,,,
2026-06-16T12:01:21.193,3.6421,26.33,2,3e-06,0,11,100,,,
2026-06-16T12:01:21.668,3.6421,26.32,1,3e-06,0,11,100,,,
2026-06-16T12:01:22.193,3.6421,26.32,2,3e-06,0,11,100,,,
2026-06-16T12:01:22.684,3.6421,26.33,1,3e-06,0,11,100,,,
2026-06-16T12:01:23.189,3.6421,26.33,1,3e-06,0,11,100,,,
2026-06-16T12:01:23.679,3.6421,26.33,2,3e-06,0,11,100,,,
2026-06-16T12:01:24.188,3.642,26.33,1,3e-06,0,11,100,,,
2026-06-16T12:01:24.681,3.6421,26.33,2,3e-06,0,11,100,,,
2026-06-16T12:01:25.188,3.6422,26.33,1,3e-06,0,11,100,,,
2026-06-16T12:01:25.680,3.6421,26.33,1,3e-06,0,11,100,,,
2026-06-16T12:01:26.187,3.6421,26.32,2,3e-06,0,11,100,,,
2026-06-16T12:01:26.681,3.642,26.33,1,3e-06,0,11,100,,,
2026-06-16T12:01:27.188,3.6421,26.32,2,3e-06,0,11,100,,,
2026-06-16T12:01:27.678,3.6421,26.32,1,3e-06,0,11,100,,,
2026-06-16T12:01:28.186,3.6421,26.33,2,3e-06,0,11,100,,,
2026-06-16T12:01:28.694,3.6421,26.33,1,3e-06,0,11,100,,,
2026-06-16T12:01:29.185,3.6421,26.33,1,3e-06,0,11,100,,,
2026-06-16T12:01:29.692,3.6421,26.32,2,3e-06,0,11,100,,,
2026-06-16T12:01:30.182,3.642,26.33,1,3e-06,0,11,100,,,
2026-06-16T12:01:30.690,3.6421,26.33,2,3e-06,0,11,100,,,
2026-06-16T12:01:31.181,3.6421,26.33,1,3e-06,0,11,100,,,
2026-06-16T12:01:31.686,3.642,26.33,1,3e-06,0,11,100,,,
2026-06-16T12:01:32.178,3.642,26.32,2,3e-06,0,11,100,,,
2026-06-16T12:01:32.686,3.642,26.32,1,3e-06,0,11,100,,,
2026-06-16T12:01:33.192,3.6421,26.33,2,3e-06,0,11,100,,,
2026-06-16T12:01:33.684,3.6421,26.33,1,3e-06,0,11,100,,,
2026-06-16T12:01:34.177,3.6421,26.32,1,3e-06,0,11,100,,,
2026-06-16T12:01:34.685,3.6421,26.32,2,3e-06,0,11,100,,,
2026-06-16T12:01:35.191,3.6421,26.32,1,3e-06,0,11,100,,,
2026-06-16T12:01:35.683,3.642,26.32,2,3e-06,0,11,100,,,
2026-06-16T12:01:36.192,3.6421,26.33,1,3e-06,0,11,100,,,
2026-06-16T12:01:36.683,3.642,26.33,2,3e-06,0,11,100,,,
2026-06-16T12:01:37.178,3.6421,26.32,1,3e-06,0,11,100,,,
2026-06-16T12:01:37.687,3.6421,26.33,1,3e-06,0,11,100,,,
2026-06-16T12:01:38.178,3.6421,26.32,2,3e-06,0,11,100,,,
2026-06-16T12:01:38.686,3.6421,26.33,1,3e-06,0,11,100,,,
2026-06-16T12:01:39.194,3.642,26.33,2,3e-06,0,11,100,,,
2026-06-16T12:01:39.687,3.6419,26.32,1,3e-06,0,11,100,,,
2026-06-16T12:01:40.179,3.6421,26.32,1,3e-06,0,11,100,,,
2026-06-16T12:01:40.688,3.642,26.33,2,3e-06,0,11,100,,,
2026-06-16T12:01:41.194,3.6421,26.33,1,3e-06,0,11,100,,,
2026-06-16T12:01:41.685,3.6421,26.33,2,3e-06,0,11,100,,,
2026-06-16T12:01:42.195,3.6421,26.32,1,3e-06,0,11,100,,,
2026-06-16T12:01:42.686,3.6421,26.32,2,3e-06,0,11,100,,,
2026-06-16T12:01:43.193,3.6421,26.33,1,3e-06,0,11,100,,,
2026-06-16T12:01:43.687,3.642,26.32,1,3e-06,0,11,100,,,
2026-06-16T12:01:44.192,3.6421,26.32,2,3e-06,0,11,100,,,
2026-06-16T12:01:44.683,3.6421,26.32,1,3e-06,0,11,100,,,
2026-06-16T12:01:45.191,3.6421,26.32,2,3e-06,0,11,100,,,
2026-06-16T12:01:45.684,3.6421,26.32,1,3e-06,0,11,100,,,
2026-06-16T12:01:46.191,3.6421,26.32,1,3e-06,0,11,100,,,
2026-06-16T12:01:46.684,3.6421,26.32,2,3e-06,0,11,100,,,
2026-06-16T12:01:47.192,3.642,26.32,1,3e-06,0,11,100,,,
2026-06-16T12:01:47.685,3.6421,26.32,2,3e-06,0,11,100,,,
2026-06-16T12:01:48.178,3.6421,26.32,1,3e-06,0,11,100,,,
2026-06-16T12:01:48.686,3.6421,26.32,1,3e-06,0,11,100,,,
2026-06-16T12:01:49.194,3.6421,26.32,2,3e-06,0,11,100,,,
2026-06-16T12:01:49.686,3.6421,26.32,1,3e-06,0,11,100,,,
2026-06-16T12:01:50.180,3.6421,26.32,2,3e-06,0,11,100,,,
2026-06-16T12:01:50.688,3.6422,26.32,1,3e-06,0,11,100,,,
2026-06-16T12:01:51.196,3.642,26.32,1,3e-06,0,11,100,,,
2026-06-16T12:01:51.689,3.6421,26.32,2,3e-06,0,11,100,,,
2026-06-16T12:01:52.180,3.6422,26.32,1,3e-06,0,11,100,,,
2026-06-16T12:01:52.689,3.6422,26.32,2,3e-06,0,11,100,,,
2026-06-16T12:01:53.180,3.6421,26.32,1,3e-06,0,11,100,,,
2026-06-16T12:01:53.691,3.6422,26.32,1,3e-06,0,11,100,,,
2026-06-16T12:01:54.184,3.6421,26.32,2,3e-06,0,11,100,,,
2026-06-16T12:01:54.691,3.6422,26.32,1,3e-06,0,11,100,,,
2026-06-16T12:01:55.195,3.6421,26.32,2,3e-06,0,11,100,,,
2026-06-16T12:01:55.688,3.6421,26.33,1,3e-06,0,11,100,,,
2026-06-16T12:01:56.179,3.6422,26.32,1,3e-06,0,11,100,,,
2026-06-16T12:01:56.689,3.6421,26.32,2,3e-06,0,11,100,,,
2026-06-16T12:01:57.181,3.6421,26.32,1,3e-06,0,11,100,,,
2026-06-16T12:01:57.688,3.6421,26.32,2,3e-06,0,11,100,,,
2026-06-16T12:01:58.179,3.6422,26.32,1,3e-06,0,11,100,,,
2026-06-16T12:01:58.671,3.6421,26.32,1,3e-06,0,11,100,,,
2026-06-16T12:01:59.178,3.6421,26.32,2,3e-06,0,11,100,,,
2026-06-16T12:01:59.685,3.6421,26.32,1,3e-06,0,11,100,,,
2026-06-16T12:02:00.177,3.6421,26.32,2,3e-06,0,11,100,,,
2026-06-16T12:02:00.670,3.6422,26.32,1,3e-06,0,11,100,,,
2026-06-16T12:02:01.179,3.6421,26.32,1,3e-06,0,11,100,,,
2026-06-16T12:02:01.672,3.6421,26.32,2,3e-06,0,11,100,,,
2026-06-16T12:02:02.180,3.6422,26.32,1,3e-06,0,11,100,,,
2026-06-16T12:02:02.689,3.6421,26.32,2,3e-06,0,11,100,,,
2026-06-16T12:02:03.181,3.6422,26.32,1,3e-06,0,11,100,,,
2026-06-16T12:02:03.687,3.6421,26.32,2,3e-06,0,11,100,,,
2026-06-16T12:02:04.181,3.6421,26.32,1,3e-06,0,11,100,,,
2026-06-16T12:02:04.673,3.6421,26.32,1,3e-06,0,11,100,,,
2026-06-16T12:02:05.180,3.6422,26.32,2,3e-06,0,11,100,,,
2026-06-16T12:02:05.687,3.6422,26.32,1,3e-06,0,11,100,,,
2026-06-16T12:02:06.180,3.6422,26.32,2,3e-06,0,11,100,,,
2026-06-16T12:02:06.674,3.6422,26.32,1,3e-06,0,11,100,,,
2026-06-16T12:02:07.183,3.6423,26.32,1,3e-06,0,11,100,,,
2026-06-16T12:02:07.692,3.6423,26.32,2,3e-06,0,11,100,,,
2026-06-16T12:02:08.183,3.6421,26.32,1,3e-06,0,11,100,,,
2026-06-16T12:02:08.676,3.6421,26.32,2,3e-06,0,11,100,,,
2026-06-16T12:02:09.185,3.6422,26.32,1,3e-06,0,11,100,,,
2026-06-16T12:02:09.677,3.6422,26.32,1,3e-06,0,11,100,,,
2026-06-16T12:02:10.171,3.6421,26.32,2,3e-06,0,11,100,,,
2026-06-16T12:02:10.693,3.6422,26.32,1,3e-06,0,11,100,,,
2026-06-16T12:02:11.186,3.6421,26.32,2,3e-06,0,11,100,,,
2026-06-16T12:02:11.680,3.6422,26.32,1,3e-06,0,11,100,,,
2026-06-16T12:02:12.189,3.6422,26.32,1,3e-06,0,11,100,,,
2026-06-16T12:02:12.696,3.6421,26.32,2,3e-06,0,11,100,,,
2026-06-16T12:02:13.188,3.6423,26.32,1,3e-06,0,11,100,,,
2026-06-16T12:02:13.683,3.6421,26.32,2,3e-06,0,11,100,,,
2026-06-16T12:02:14.191,3.6422,26.32,1,3e-06,0,11,100,,,
2026-06-16T12:02:14.681,3.6422,26.32,1,3e-06,0,11,100,,,
2026-06-16T12:02:15.190,3.6421,26.32,2,3e-06,0,11,100,,,
2026-06-16T12:02:15.681,3.6421,26.32,1,3e-06,0,11,100,,,
2026-06-16T12:02:16.187,3.6421,26.32,2,3e-06,0,11,100,,,
2026-06-16T12:02:16.678,3.6421,26.32,1,3e-06,0,11,100,,,
2026-06-16T12:02:17.187,3.6421,26.32,2,3e-06,0,11,100,,,
2026-06-16T12:02:17.679,3.6422,26.32,1,3e-06,0,11,100,,,
2026-06-16T12:02:18.187,3.6421,26.32,1,3e-06,0,11,100,,,
2026-06-16T12:02:18.680,3.6421,26.32,2,3e-06,0,11,100,,,
2026-06-16T12:02:19.187,3.6422,26.32,1,3e-06,0,11,100,,,
2026-06-16T12:02:19.695,3.6422,26.32,2,3e-06,0,11,100,,,
2026-06-16T12:02:20.187,3.6422,26.32,1,3e-06,0,11,100,,,
2026-06-16T12:02:20.681,3.6421,26.32,1,3e-06,0,11,100,,,
2026-06-16T12:02:21.189,3.6421,26.32,2,3e-06,0,11,100,,,
2026-06-16T12:02:21.680,3.6422,26.32,1,3e-06,0,11,100,,,
2026-06-16T12:02:22.187,3.6422,26.32,2,3e-06,0,11,100,,,
2026-06-16T12:02:22.693,3.6421,26.32,1,3e-06,0,11,100,,,
2026-06-16T12:02:23.187,3.6422,26.32,1,3e-06,0,11,100,,,
2026-06-16T12:02:23.678,3.6421,26.32,2,3e-06,0,11,100,,,
2026-06-16T12:02:24.187,3.6421,26.32,1,3e-06,0,11,100,,,
2026-06-16T12:02:24.680,3.6421,26.32,2,3e-06,0,11,100,,,
2026-06-16T12:02:25.188,3.6421,26.32,1,3e-06,0,11,100,,,
2026-06-16T12:02:25.681,3.6421,26.32,2,3e-06,0,11,100,,,
2026-06-16T12:02:26.189,3.6421,26.32,1,3e-06,0,11,100,,,
2026-06-16T12:02:26.682,3.6421,26.32,1,3e-06,0,11,100,,,
2026-06-16T12:02:27.191,3.6421,26.32,2,3e-06,0,11,100,,,
2026-06-16T12:02:27.682,3.642,26.32,1,3e-06,0,11,100,,,
2026-06-16T12:02:28.191,3.6421,26.32,2,3e-06,0,11,100,,,
2026-06-16T12:02:28.683,3.6421,26.32,1,3e-06,0,11,100,,,
2026-06-16T12:02:29.190,3.6421,26.32,1,3e-06,0,11,100,,,
2026-06-16T12:02:29.684,3.6421,26.32,2,3e-06,0,11,100,,,
2026-06-16T12:02:30.192,3.6422,26.32,1,3e-06,0,11,100,,,
2026-06-16T12:02:30.685,3.6421,26.32,2,3e-06,0,11,100,,,
2026-06-16T12:02:31.192,3.6422,26.32,1,3e-06,0,11,100,,,
2026-06-16T12:02:31.682,3.6422,26.32,1,3e-06,0,11,100,,,
2026-06-16T12:02:32.190,3.6421,26.32,2,3e-06,0,11,100,,,
2026-06-16T12:02:32.683,3.6421,26.32,1,3e-06,0,11,100,,,
2026-06-16T12:02:33.191,3.6421,26.32,2,3e-06,0,11,100,,,
2026-06-16T12:02:33.683,3.6421,26.32,1,3e-06,0,11,100,,,
2026-06-16T12:02:34.191,3.6421,26.32,1,3e-06,0,11,100,,,
2026-06-16T12:02:34.681,3.6421,26.32,2,3e-06,0,11,100,,,
2026-06-16T12:02:35.189,3.6422,26.32,1,3e-06,0,11,100,,,
2026-06-16T12:02:35.682,3.6421,26.32,2,3e-06,0,11,100,,,
2026-06-16T12:02:36.191,3.6422,26.32,1,3e-06,0,11,100,,,
2026-06-16T12:02:36.682,3.6421,26.32,1,3e-06,0,11,100,,,
2026-06-16T12:02:37.189,3.6421,26.32,2,3e-06,0,11,100,,,
2026-06-16T12:02:37.681,3.6422,26.32,1,3e-06,0,11,100,,,
2026-06-16T12:02:38.191,3.6421,26.32,2,3e-06,0,11,100,,,
2026-06-16T12:02:38.683,3.6421,26.32,1,3e-06,0,11,100,,,
2026-06-16T12:02:39.191,3.6421,26.32,1,3e-06,0,11,100,,,
2026-06-16T12:02:39.682,3.6421,26.32,2,3e-06,0,11,100,,,
2026-06-16T12:02:40.189,3.6421,26.32,1,3e-06,0,11,100,,,
2026-06-16T12:02:40.684,3.6421,26.32,2,3e-06,0,11,100,,,
2026-06-16T12:02:41.193,3.6421,26.32,1,3e-06,0,11,100,,,
2026-06-16T12:02:41.685,3.642,26.32,1,3e-06,0,11,100,,,
2026-06-16T12:02:42.178,3.6421,26.32,2,3e-06,0,11,100,,,
2026-06-16T12:02:42.688,3.6421,26.32,1,3e-06,0,11,100,,,
2026-06-16T12:02:43.179,3.6421,26.32,2,3e-06,0,11,100,,,
2026-06-16T12:02:43.671,3.6421,26.32,1,3e-06,0,11,100,,,
2026-06-16T12:02:44.178,3.6421,26.32,1,3e-06,0,11,100,,,
2026-06-16T12:02:44.686,3.6421,26.32,2,3e-06,0,11,100,,,
2026-06-16T12:02:45.193,3.6421,26.32,1,3e-06,0,11,100,,,
2026-06-16T12:02:45.684,3.6421,26.32,2,3e-06,0,11,100,,,
2026-06-16T12:02:46.176,3.6421,26.32,1,3e-06,0,11,100,,,
2026-06-16T12:02:46.685,3.642,26.32,2,3e-06,0,11,100,,,
2026-06-16T12:02:47.193,3.642,26.32,1,3e-06,0,11,100,,,
2026-06-16T12:02:47.688,3.6421,26.32,1,3e-06,0,11,100,,,
2026-06-16T12:02:48.195,3.642,26.32,2,3e-06,0,11,100,,,
2026-06-16T12:02:48.687,3.642,26.32,1,3e-06,0,11,100,,,
2026-06-16T12:02:49.181,3.642,26.32,1,3e-06,0,11,100,,,
2026-06-16T12:02:49.690,3.6421,26.32,2,3e-06,0,11,100,,,
2026-06-16T12:02:50.181,3.642,26.32,1,3e-06,0,11,100,,,
2026-06-16T12:02:50.691,3.642,26.31,2,3e-06,0,11,100,,,
2026-06-16T12:02:51.185,3.642,26.32,1,3e-06,0,11,100,,,
2026-06-16T12:02:51.678,3.6422,26.32,1,3e-06,0,11,100,,,
2026-06-16T12:02:52.183,3.642,26.32,2,3e-06,0,11,100,,,
2026-06-16T12:02:52.694,3.642,26.32,1,3e-06,0,11,100,,,
2026-06-16T12:02:53.183,3.6421,26.32,2,3e-06,0,11,100,,,
2026-06-16T12:02:53.691,3.6421,26.32,1,3e-06,0,11,100,,,
2026-06-16T12:02:54.183,3.642,26.32,1,3e-06,0,11,100,,,
2026-06-16T12:02:54.690,3.642,26.32,2,3e-06,0,11,100,,,
2026-06-16T12:02:55.183,3.642,26.32,1,3e-06,0,11,100,,,
2026-06-16T12:02:55.690,3.642,26.32,2,3e-06,0,11,100,,,
2026-06-16T12:02:56.183,3.642,26.32,1,3e-06,0,11,100,,,
2026-06-16T12:02:56.691,3.642,26.32,2,3e-06,0,11,100,,,
2026-06-16T12:02:57.183,3.6421,26.32,1,3e-06,0,11,100,,,
2026-06-16T12:02:57.691,3.6421,26.32,1,3e-06,0,11,100,,,
2026-06-16T12:02:58.184,3.642,26.32,2,3e-06,0,11,100,,,
2026-06-16T12:02:58.676,3.6419,26.31,1,3e-06,0,11,100,,,
2026-06-16T12:02:59.186,3.6421,26.32,2,3e-06,0,11,100,,,
2026-06-16T12:02:59.679,3.6421,26.32,1,3e-06,0,11,100,,,
2026-06-16T12:03:00.187,3.6419,26.32,1,3e-06,0,11,100,,,
2026-06-16T12:03:00.678,3.642,26.32,2,3e-06,0,11,100,,,
2026-06-16T12:03:01.185,3.642,26.32,1,3e-06,0,11,100,,,
2026-06-16T12:03:01.692,3.642,26.32,2,3e-06,0,11,100,,,
2026-06-16T12:03:02.185,3.642,26.32,1,3e-06,0,11,100,,,
2026-06-16T12:03:02.691,3.642,26.32,1,3e-06,0,11,100,,,
2026-06-16T12:03:03.184,3.642,26.32,2,3e-06,0,11,100,,,
2026-06-16T12:03:03.679,3.6419,26.32,1,3e-06,0,11,100,,,
2026-06-16T12:03:04.187,3.6419,26.32,2,3e-06,0,11,100,,,
2026-06-16T12:03:04.680,3.6419,26.31,1,3e-06,0,11,100,,,
2026-06-16T12:03:05.174,3.642,26.31,2,3e-06,0,11,100,,,
2026-06-16T12:03:05.681,3.6419,26.31,1,3e-06,0,11,100,,,
2026-06-16T12:03:06.190,3.6419,26.32,1,3e-06,0,11,100,,,
2026-06-16T12:03:06.680,3.6418,26.31,2,3e-06,0,11,100,,,
2026-06-16T12:03:07.190,3.6419,26.31,1,3e-06,0,11,100,,,
2026-06-16T12:03:07.681,3.6419,26.31,2,3e-06,0,11,100,,,
2026-06-16T12:03:08.188,3.6419,26.32,1,3e-06,0,11,100,,,
2026-06-16T12:03:08.682,3.6419,26.31,1,3e-06,0,11,100,,,
2026-06-16T12:03:09.189,3.6419,26.31,2,3e-06,0,11,100,,,
2026-06-16T12:03:09.685,3.6419,26.32,1,3e-06,0,11,100,,,
2026-06-16T12:03:10.190,3.642,26.31,1,3e-06,0,11,100,,,
2026-06-16T12:03:10.682,3.6419,26.32,2,3e-06,0,11,100,,,
2026-06-16T12:03:11.191,3.642,26.31,1,3e-06,0,11,100,,,
2026-06-16T12:03:11.684,3.642,26.31,2,3e-06,0,11,100,,,
2026-06-16T12:03:12.177,3.6419,26.31,1,3e-06,0,11,100,,,
2026-06-16T12:03:12.686,3.6419,26.31,2,3e-06,0,11,100,,,
2026-06-16T12:03:13.178,3.6419,26.31,1,3e-06,0,11,100,,,
2026-06-16T12:03:13.683,3.6419,26.32,1,3e-06,0,11,100,,,
2026-06-16T12:03:14.192,3.6419,26.31,2,3e-06,0,11,100,,,
2026-06-16T12:03:14.686,3.6419,26.32,1,3e-06,0,11,100,,,
2026-06-16T12:03:15.195,3.6418,26.31,2,3e-06,0,11,100,,,
2026-06-16T12:03:15.685,3.6419,26.31,1,3e-06,0,11,100,,,
2026-06-16T12:03:16.178,3.6419,26.31,1,3e-06,0,11,100,,,
2026-06-16T12:03:16.687,3.6419,26.31,2,3e-06,0,11,100,,,
2026-06-16T12:03:17.179,3.6418,26.32,1,3e-06,0,11,100,,,
2026-06-16T12:03:17.672,3.6418,26.31,2,3e-06,0,11,100,,,
2026-06-16T12:03:18.179,3.6419,26.31,1,3e-06,0,11,100,,,
2026-06-16T12:03:18.670,3.6419,26.32,1,3e-06,0,11,100,,,
2026-06-16T12:03:19.177,3.6419,26.31,2,3e-06,0,11,100,,,
2026-06-16T12:03:19.672,3.6418,26.31,1,3e-06,0,11,100,,,
2026-06-16T12:03:20.179,3.6418,26.31,2,3e-06,0,11,100,,,
2026-06-16T12:03:20.672,3.6419,26.31,1,3e-06,0,11,100,,,
2026-06-16T12:03:21.179,3.6418,26.31,2,3e-06,0,11,100,,,
2026-06-16T12:03:21.686,3.642,26.31,1,3e-06,0,11,100,,,
2026-06-16T12:03:22.195,3.6419,26.31,1,3e-06,0,11,100,,,
2026-06-16T12:03:22.685,3.6418,26.31,2,3e-06,0,11,100,,,
2026-06-16T12:03:23.176,3.6418,26.31,1,3e-06,0,11,100,,,
2026-06-16T12:03:23.684,3.6419,26.31,2,3e-06,0,11,100,,,
2026-06-16T12:03:24.192,3.6419,26.31,1,3e-06,0,11,100,,,
2026-06-16T12:03:24.683,3.6419,26.31,1,3e-06,0,11,100,,,
2026-06-16T12:03:25.190,3.6418,26.31,2,3e-06,0,11,100,,,
2026-06-16T12:03:25.680,3.6419,26.31,1,3e-06,0,11,100,,,
2026-06-16T12:03:26.189,3.6418,26.31,2,3e-06,0,11,100,,,
2026-06-16T12:03:26.681,3.6418,26.31,1,3e-06,0,11,100,,,
2026-06-16T12:03:27.189,3.6418,26.31,1,3e-06,0,11,100,,,
2026-06-16T12:03:27.680,3.6418,26.31,2,3e-06,0,11,100,,,
2026-06-16T12:03:28.189,3.6417,26.31,1,3e-06,0,11,100,,,
2026-06-16T12:03:28.682,3.6418,26.31,2,3e-06,0,11,100,,,
2026-06-16T12:03:29.189,3.6418,26.31,1,3e-06,0,11,100,,,
2026-06-16T12:03:29.683,3.6418,26.31,1,3e-06,0,11,100,,,
2026-06-16T12:03:30.176,3.6418,26.31,2,3e-06,0,11,100,,,
2026-06-16T12:03:30.685,3.6418,26.31,1,3e-06,0,11,100,,,
2026-06-16T12:03:31.192,3.6418,26.31,2,3e-06,0,11,100,,,
2026-06-16T12:03:31.684,3.6418,26.31,1,3e-06,0,11,100,,,
2026-06-16T12:03:32.175,3.6418,26.32,1,3e-06,0,11,100,,,
2026-06-16T12:03:32.684,3.6418,26.31,2,3e-06,0,11,100,,,
2026-06-16T12:03:33.176,3.6418,26.31,1,3e-06,0,11,100,,,
2026-06-16T12:03:33.685,3.6418,26.31,2,3e-06,0,11,100,,,
2026-06-16T12:03:34.193,3.6417,26.31,1,3e-06,0,11,100,,,
2026-06-16T12:03:34.684,3.6418,26.31,1,3e-06,0,11,100,,,
2026-06-16T12:03:35.189,3.6418,26.31,2,3e-06,0,11,100,,,
2026-06-16T12:03:35.682,3.6418,26.31,1,3e-06,0,11,100,,,
2026-06-16T12:03:36.175,3.6418,26.31,2,3e-06,0,11,100,,,
2026-06-16T12:03:36.684,3.6418,26.31,1,3e-06,0,11,100,,,
2026-06-16T12:03:37.190,3.6418,26.31,2,3e-06,0,11,100,,,
2026-06-16T12:03:37.684,3.6418,26.31,1,3e-06,0,11,100,,,
2026-06-16T12:03:38.175,3.6418,26.31,1,3e-06,0,11,100,,,
2026-06-16T12:03:38.686,3.6418,26.31,2,3e-06,0,11,100,,,
2026-06-16T12:03:39.179,3.6418,26.31,1,3e-06,0,11,100,,,
2026-06-16T12:03:39.686,3.6417,26.31,1,3e-06,0,11,100,,,
2026-06-16T12:03:40.193,3.6417,26.31,2,3e-06,0,11,100,,,
2026-06-16T12:03:40.685,3.6417,26.31,1,3e-06,0,11,100,,,
2026-06-16T12:03:41.191,3.6418,26.31,2,3e-06,0,11,100,,,
2026-06-16T12:03:41.682,3.6418,26.31,1,3e-06,0,11,100,,,
2026-06-16T12:03:42.191,3.6418,26.31,1,3e-06,0,11,100,,,
2026-06-16T12:03:42.682,3.6417,26.31,2,3e-06,0,11,100,,,
2026-06-16T12:03:43.189,3.6417,26.31,1,3e-06,0,11,100,,,
2026-06-16T12:03:43.681,3.6418,26.31,2,3e-06,0,11,100,,,
2026-06-16T12:03:44.189,3.6417,26.31,1,3e-06,0,11,100,,,
2026-06-16T12:03:44.681,3.6417,26.31,2,3e-06,0,11,100,,,
2026-06-16T12:03:45.187,3.6417,26.31,1,3e-06,0,11,100,,,
2026-06-16T12:03:45.680,3.6418,26.31,1,3e-06,0,11,100,,,
2026-06-16T12:03:46.188,3.6418,26.31,2,3e-06,0,11,100,,,
2026-06-16T12:03:46.695,3.6416,26.31,1,3e-06,0,11,100,,,
2026-06-16T12:03:47.187,3.6418,26.31,2,3e-06,0,11,100,,,
2026-06-16T12:03:47.680,3.6418,26.31,1,3e-06,0,11,100,,,
2026-06-16T12:03:48.188,3.6417,26.31,1,3e-06,0,11,100,,,
2026-06-16T12:03:48.679,3.6417,26.31,2,3e-06,0,11,100,,,
2026-06-16T12:03:49.187,3.6419,26.31,1,3e-06,0,11,100,,,
2026-06-16T12:03:49.681,3.6418,26.31,2,3e-06,0,11,100,,,
2026-06-16T12:03:50.188,3.6417,26.31,1,3e-06,0,11,100,,,
2026-06-16T12:03:50.680,3.6417,26.31,1,3e-06,0,11,100,,,
2026-06-16T12:03:51.189,3.6417,26.31,2,3e-06,0,11,100,,,
2026-06-16T12:03:51.683,3.6417,26.31,1,3e-06,0,11,100,,,
2026-06-16T12:03:52.191,3.6417,26.31,2,3e-06,0,11,100,,,
2026-06-16T12:03:52.684,3.6415,26.31,1,3e-06,0,11,100,,,
2026-06-16T12:03:53.190,3.6417,26.31,1,3e-06,0,11,100,,,
2026-06-16T12:03:53.684,3.6416,26.31,2,3e-06,0,11,100,,,
2026-06-16T12:03:54.190,3.6415,26.31,1,3e-06,0,11,100,,,
2026-06-16T12:03:54.681,3.6417,26.31,2,3e-06,0,11,100,,,
2026-06-16T12:03:55.190,3.6416,26.31,1,3e-06,0,11,100,,,
2026-06-16T12:03:55.681,3.6416,26.31,1,3e-06,0,11,100,,,
2026-06-16T12:03:56.189,3.6417,26.31,2,3e-06,0,11,100,,,
2026-06-16T12:03:56.679,3.6416,26.31,1,3e-06,0,11,100,,,
2026-06-16T12:03:57.187,3.6417,26.31,2,3e-06,0,11,100,,,
2026-06-16T12:03:57.679,3.6417,26.31,1,3e-06,0,11,100,,,
2026-06-16T12:03:58.188,3.6416,26.31,2,3e-06,0,11,100,,,
2026-06-16T12:03:58.680,3.6416,26.31,1,3e-06,0,11,100,,,
2026-06-16T12:03:59.187,3.6417,26.31,1,3e-06,0,11,100,,,
2026-06-16T12:03:59.679,3.6417,26.31,2,3e-06,0,11,100,,,
2026-06-16T12:04:00.190,3.6416,26.31,1,3e-06,0,11,100,,,
2026-06-16T12:04:00.683,3.6416,26.31,2,3e-06,0,11,100,,,
2026-06-16T12:04:01.176,3.6417,26.31,1,3e-06,0,11,100,,,
2026-06-16T12:04:01.681,3.6416,26.31,1,3e-06,0,11,100,,,
2026-06-16T12:04:02.190,3.6417,26.31,2,3e-06,0,11,100,,,
2026-06-16T12:04:02.680,3.6416,26.31,1,3e-06,0,11,100,,,
2026-06-16T12:04:03.186,3.6416,26.31,2,3e-06,0,11,100,,,
2026-06-16T12:04:03.678,3.6416,26.31,1,3e-06,0,11,100,,,
2026-06-16T12:04:04.168,3.6416,26.31,1,3e-06,0,11,100,,,
2026-06-16T12:04:04.693,3.6416,26.31,2,3e-06,0,11,100,,,
2026-06-16T12:04:05.187,3.6416,26.31,1,3e-06,0,11,100,,,
2026-06-16T12:04:05.679,3.6417,26.31,2,3e-06,0,11,100,,,
2026-06-16T12:04:06.187,3.6415,26.31,1,3e-06,0,11,100,,,
2026-06-16T12:04:06.692,3.6416,26.31,1,3e-06,0,11,100,,,
2026-06-16T12:04:07.183,3.6416,26.31,2,3e-06,0,11,100,,,
2026-06-16T12:04:07.691,3.6416,26.31,1,3e-06,0,11,100,,,
2026-06-16T12:04:08.182,3.6416,26.31,2,3e-06,0,11,100,,,
2026-06-16T12:04:08.690,3.6415,26.31,1,3e-06,0,11,100,,,
2026-06-16T12:04:09.183,3.6416,26.31,1,3e-06,0,11,100,,,
2026-06-16T12:04:09.690,3.6416,26.31,2,3e-06,0,11,100,,,
2026-06-16T12:04:10.183,3.6415,26.31,1,3e-06,0,11,100,,,
2026-06-16T12:04:10.676,3.6416,26.31,2,3e-06,0,11,100,,,
2026-06-16T12:04:11.184,3.6416,26.31,1,3e-06,0,11,100,,,
2026-06-16T12:04:11.691,3.6416,26.31,1,3e-06,0,11,100,,,
2026-06-16T12:04:12.184,3.6416,26.31,2,3e-06,0,11,100,,,
2026-06-16T12:04:12.693,3.6415,26.31,1,3e-06,0,11,100,,,
2026-06-16T12:04:13.187,3.6416,26.31,2,3e-06,0,11,100,,,
2026-06-16T12:04:13.680,3.6414,26.31,1,3e-06,0,11,100,,,
2026-06-16T12:04:14.188,3.6415,26.31,1,3e-06,0,11,100,,,
2026-06-16T12:04:14.680,3.6414,26.31,2,3e-06,0,11,100,,,
2026-06-16T12:04:15.172,3.6415,26.31,1,3e-06,0,11,100,,,
2026-06-16T12:04:15.680,3.6416,26.31,2,3e-06,0,11,100,,,
2026-06-16T12:04:16.172,3.6416,26.31,1,3e-06,0,11,100,,,
2026-06-16T12:04:16.693,3.6416,26.31,2,3e-06,0,11,100,,,
2026-06-16T12:04:17.185,3.6416,26.31,1,3e-06,0,11,100,,,
2026-06-16T12:04:17.678,3.6416,26.31,1,3e-06,0,11,100,,,
2026-06-16T12:04:18.170,3.6416,26.31,2,3e-06,0,11,100,,,
2026-06-16T12:04:18.678,3.6415,26.31,1,3e-06,0,11,100,,,
2026-06-16T12:04:19.186,3.6416,26.31,2,3e-06,0,11,100,,,
2026-06-16T12:04:19.694,3.6416,26.31,1,3e-06,0,11,100,,,
2026-06-16T12:04:20.185,3.6416,26.31,1,3e-06,0,11,100,,,
2026-06-16T12:04:20.694,3.6415,26.31,2,3e-06,0,11,100,,,
2026-06-16T12:04:21.188,3.6417,26.31,1,3e-06,0,11,100,,,
2026-06-16T12:04:21.694,3.6416,26.31,2,3e-06,0,11,100,,,
2026-06-16T12:04:22.188,3.6414,26.31,1,3e-06,0,11,100,,,
2026-06-16T12:04:22.681,3.6415,26.31,1,3e-06,0,11,100,,,
2026-06-16T12:04:23.189,3.6415,26.31,2,3e-06,0,11,100,,,
2026-06-16T12:04:23.695,3.6414,26.31,1,3e-06,0,11,100,,,
2026-06-16T12:04:24.186,3.6415,26.31,2,3e-06,0,11,100,,,
2026-06-16T12:04:24.693,3.6415,26.31,1,3e-06,0,11,100,,,
2026-06-16T12:04:25.185,3.6415,26.31,1,3e-06,0,11,100,,,
2026-06-16T12:04:25.679,3.6414,26.31,2,3e-06,0,11,100,,,
2026-06-16T12:04:26.173,3.6413,26.31,1,3e-06,0,11,100,,,
2026-06-16T12:04:26.680,3.6414,26.31,2,3e-06,0,11,100,,,
2026-06-16T12:04:27.189,3.6413,26.31,1,3e-06,0,11,100,,,
2026-06-16T12:04:27.683,3.6413,26.31,1,3e-06,0,11,100,,,
2026-06-16T12:04:28.190,3.6411,26.31,2,3e-06,0,11,100,,,
2026-06-16T12:04:28.681,3.6412,26.31,1,3e-06,0,11,100,,,
2026-06-16T12:04:29.189,3.6412,26.31,2,3e-06,0,11,100,,,
2026-06-16T12:04:29.682,3.6411,26.31,1,3e-06,0,11,100,,,
2026-06-16T12:04:30.189,3.6412,26.31,1,3e-06,0,11,100,,,
2026-06-16T12:04:30.683,3.6411,26.31,2,3e-06,0,11,100,,,
2026-06-16T12:04:31.191,3.6412,26.31,1,3e-06,0,11,100,,,
2026-06-16T12:04:31.684,3.6412,26.31,2,3e-06,0,11,100,,,
2026-06-16T12:04:32.177,3.6411,26.31,1,3e-06,0,11,100,,,
2026-06-16T12:04:32.684,3.6411,26.31,1,3e-06,0,11,100,,,
2026-06-16T12:04:33.178,3.641,26.31,2,3e-06,0,11,100,,,
2026-06-16T12:04:33.684,3.6411,26.31,1,3e-06,0,11,100,,,
2026-06-16T12:04:34.191,3.641,26.31,2,3e-06,0,11,100,,,
2026-06-16T12:04:34.684,3.641,26.31,1,3e-06,0,11,100,,,
2026-06-16T12:04:35.194,3.6409,26.31,2,3e-06,0,11,100,,,
2026-06-16T12:04:35.684,3.641,26.31,1,3e-06,0,11,100,,,
2026-06-16T12:04:36.193,3.6409,26.31,1,3e-06,0,11,100,,,
2026-06-16T12:04:36.687,3.641,26.31,2,3e-06,0,11,100,,,
2026-06-16T12:04:37.194,3.6409,26.31,1,3e-06,0,11,100,,,
2026-06-16T12:04:37.687,3.6409,26.31,2,3e-06,0,11,100,,,
2026-06-16T12:04:38.193,3.6408,26.31,1,3e-06,0,11,100,,,
2026-06-16T12:04:38.687,3.6408,26.31,1,3e-06,0,11,100,,,
2026-06-16T12:04:39.179,3.6408,26.31,2,3e-06,0,11,100,,,
2026-06-16T12:04:39.671,3.6409,26.31,1,3e-06,0,11,100,,,
2026-06-16T12:04:40.181,3.6408,26.31,2,3e-06,0,11,100,,,
2026-06-16T12:04:40.688,3.6407,26.31,1,3e-06,0,11,100,,,
2026-06-16T12:04:41.180,3.6407,26.31,1,3e-06,0,11,100,,,
2026-06-16T12:04:41.672,3.6406,26.31,2,3e-06,0,11,100,,,
2026-06-16T12:04:42.180,3.6407,26.31,1,3e-06,0,11,100,,,
2026-06-16T12:04:42.688,3.6406,26.31,2,3e-06,0,11,100,,,
2026-06-16T12:04:43.183,3.6405,26.3,1,3e-06,0,11,100,,,
2026-06-16T12:04:43.693,3.6405,26.3,1,3e-06,0,11,100,,,
2026-06-16T12:04:44.185,3.6406,26.3,2,3e-06,0,11,100,,,
2026-06-16T12:04:44.693,3.6405,26.31,1,3e-06,0,11,100,,,
2026-06-16T12:04:45.187,3.6405,26.3,2,3e-06,0,11,100,,,
2026-06-16T12:04:45.678,3.6404,26.3,1,3e-06,0,11,100,,,
2026-06-16T12:04:46.187,3.6405,26.3,1,3e-06,0,11,100,,,
2026-06-16T12:04:46.694,3.6404,26.3,2,3e-06,0,11,100,,,
2026-06-16T12:04:47.187,3.6403,26.3,1,3e-06,0,11,100,,,
2026-06-16T12:04:47.679,3.6404,26.3,2,3e-06,0,11,100,,,
2026-06-16T12:04:48.172,3.6405,26.3,1,3e-06,0,11,100,,,
2026-06-16T12:04:48.679,3.6404,26.3,1,3e-06,0,11,100,,,
2026-06-16T12:04:49.171,3.6404,26.3,2,3e-06,0,11,100,,,
2026-06-16T12:04:49.677,3.6403,26.3,1,3e-06,0,11,100,,,
2026-06-16T12:04:50.185,3.6404,26.3,2,3e-06,0,11,100,,,
2026-06-16T12:04:50.679,3.6403,26.3,1,3e-06,0,11,100,,,
2026-06-16T12:04:51.188,3.6402,26.3,1,3e-06,0,11,100,,,
2026-06-16T12:04:51.680,3.6402,26.3,2,3e-06,0,11,100,,,
2026-06-16T12:04:52.189,3.6404,26.3,1,3e-06,0,11,100,,,
2026-06-16T12:04:52.680,3.6403,26.3,2,3e-06,0,11,100,,,
2026-06-16T12:04:53.188,3.6404,26.3,1,3e-06,0,11,100,,,
2026-06-16T12:04:53.695,3.6403,26.3,2,3e-06,0,11,100,,,
2026-06-16T12:04:54.187,3.6403,26.3,1,3e-06,0,11,100,,,
2026-06-16T12:04:54.693,3.6402,26.3,1,3e-06,0,11,100,,,
2026-06-16T12:04:55.186,3.6403,26.3,2,3e-06,0,11,100,,,
2026-06-16T12:04:55.692,3.6403,26.3,1,3e-06,0,11,100,,,
2026-06-16T12:04:56.184,3.6403,26.3,1,3e-06,0,11,100,,,
2026-06-16T12:04:56.678,3.6402,26.3,2,3e-06,0,11,100,,,
2026-06-16T12:04:57.185,3.6403,26.3,1,3e-06,0,11,100,,,
2026-06-16T12:04:57.677,3.6402,26.3,2,3e-06,0,11,100,,,
2026-06-16T12:04:58.185,3.6402,26.29,1,3e-06,0,11,100,,,
2026-06-16T12:04:58.678,3.6402,26.3,2,3e-06,0,11,100,,,
2026-06-16T12:04:59.184,3.6403,26.3,1,3e-06,0,11,100,,,
2026-06-16T12:04:59.690,3.6402,26.29,1,3e-06,0,11,100,,,
2026-06-16T12:05:00.183,3.6402,26.29,2,3e-06,0,11,100,,,
2026-06-16T12:05:00.692,3.6403,26.29,1,3e-06,0,11,100,,,
2026-06-16T12:05:01.186,3.6402,26.29,2,3e-06,0,11,100,,,
2026-06-16T12:05:01.678,3.6402,26.29,1,3e-06,0,11,100,,,
2026-06-16T12:05:02.186,3.6403,26.29,1,3e-06,0,11,100,,,
2026-06-16T12:05:02.692,3.6402,26.29,2,3e-06,0,11,100,,,
2026-06-16T12:05:03.183,3.6403,26.29,1,3e-06,0,11,100,,,
2026-06-16T12:05:03.691,3.6402,26.29,2,3e-06,0,11,100,,,
2026-06-16T12:05:04.184,3.6402,26.29,1,3e-06,0,11,100,,,
2026-06-16T12:05:04.678,3.6403,26.29,2,3e-06,0,11,100,,,
2026-06-16T12:05:05.187,3.6403,26.29,1,3e-06,0,11,100,,,
2026-06-16T12:05:05.680,3.6402,26.29,1,3e-06,0,11,100,,,
2026-06-16T12:05:06.171,3.6402,26.29,2,3e-06,0,11,100,,,
2026-06-16T12:05:06.679,3.6403,26.29,1,3e-06,0,11,100,,,
2026-06-16T12:05:07.172,3.6402,26.29,2,3e-06,0,11,100,,,
2026-06-16T12:05:07.680,3.6403,26.29,1,3e-06,0,11,100,,,
2026-06-16T12:05:08.173,3.6402,26.29,2,3e-06,0,11,100,,,
2026-06-16T12:05:08.682,3.6402,26.29,1,3e-06,0,11,100,,,
2026-06-16T12:05:09.187,3.6402,26.29,1,3e-06,0,11,100,,,
2026-06-16T12:05:09.679,3.6403,26.29,2,3e-06,0,11,100,,,
2026-06-16T12:05:10.188,3.6403,26.29,1,3e-06,0,11,100,,,
2026-06-16T12:05:10.681,3.6402,26.29,2,3e-06,0,11,100,,,
2026-06-16T12:05:11.189,3.6402,26.29,1,3e-06,0,11,100,,,
2026-06-16T12:05:11.682,3.6403,26.29,1,3e-06,0,11,100,,,
2026-06-16T12:05:12.190,3.6402,26.29,2,3e-06,0,11,100,,,
2026-06-16T12:05:12.681,3.6401,26.29,1,3e-06,0,11,100,,,
2026-06-16T12:05:13.191,3.6402,26.29,2,3e-06,0,11,100,,,
2026-06-16T12:05:13.683,3.6401,26.29,1,3e-06,0,11,100,,,
2026-06-16T12:05:14.191,3.6402,26.29,1,3e-06,0,11,100,,,
2026-06-16T12:05:14.681,3.6402,26.29,2,3e-06,0,11,100,,,
2026-06-16T12:05:15.190,3.6402,26.29,1,3e-06,0,11,100,,,
2026-06-16T12:05:15.681,3.6401,26.29,2,3e-06,0,11,100,,,
2026-06-16T12:05:16.189,3.6401,26.28,1,3e-06,0,11,100,,,
2026-06-16T12:05:16.681,3.6402,26.28,1,3e-06,0,11,100,,,
2026-06-16T12:05:17.186,3.6402,26.28,2,3e-06,0,11,100,,,
2026-06-16T12:05:17.678,3.6403,26.28,1,3e-06,0,11,100,,,
2026-06-16T12:05:18.185,3.6402,26.28,2,3e-06,0,11,100,,,
2026-06-16T12:05:18.694,3.6401,26.28,1,3e-06,0,11,100,,,
2026-06-16T12:05:19.187,3.6402,26.28,2,3e-06,0,11,100,,,
2026-06-16T12:05:19.679,3.6401,26.29,1,3e-06,0,11,100,,,
2026-06-16T12:05:20.184,3.6402,26.28,1,3e-06,0,11,100,,,
2026-06-16T12:05:20.691,3.6402,26.29,2,3e-06,0,11,100,,,
2026-06-16T12:05:21.181,3.6402,26.28,1,3e-06,0,11,100,,,
2026-06-16T12:05:21.688,3.6401,26.29,2,3e-06,0,11,100,,,
2026-06-16T12:05:22.181,3.6401,26.28,1,3e-06,0,11,100,,,
2026-06-16T12:05:22.690,3.6401,26.28,1,3e-06,0,11,100,,,
2026-06-16T12:05:23.195,3.6401,26.28,2,3e-06,0,11,100,,,
2026-06-16T12:05:23.687,3.6402,26.28,1,3e-06,0,11,100,,,
2026-06-16T12:05:24.178,3.6401,26.28,2,3e-06,0,11,100,,,
2026-06-16T12:05:24.685,3.6401,26.28,1,3e-06,0,11,100,,,
2026-06-16T12:05:25.194,3.6401,26.28,1,3e-06,0,11,100,,,
2026-06-16T12:05:25.688,3.6401,26.28,2,3e-06,0,11,100,,,
2026-06-16T12:05:26.181,3.64,26.28,1,3e-06,0,11,100,,,
2026-06-16T12:05:26.689,3.6401,26.28,2,3e-06,0,11,100,,,
2026-06-16T12:05:27.181,3.64,26.28,1,3e-06,0,11,100,,,
2026-06-16T12:05:27.688,3.6401,26.28,1,3e-06,0,11,100,,,
2026-06-16T12:05:28.178,3.6401,26.28,2,3e-06,0,11,100,,,
2026-06-16T12:05:28.671,3.6401,26.28,1,3e-06,0,11,100,,,
2026-06-16T12:05:29.179,3.6401,26.28,2,3e-06,0,11,100,,,
2026-06-16T12:05:29.674,3.6401,26.28,1,3e-06,0,11,100,,,
2026-06-16T12:05:30.183,3.6402,26.28,2,3e-06,0,11,100,,,
2026-06-16T12:05:30.692,3.6401,26.28,1,3e-06,0,11,100,,,
2026-06-16T12:05:31.186,3.64,26.28,1,3e-06,0,11,100,,,
2026-06-16T12:05:31.693,3.6401,26.28,2,3e-06,0,11,100,,,
2026-06-16T12:05:32.185,3.64,26.28,1,3e-06,0,11,100,,,
2026-06-16T12:05:32.678,3.6401,26.28,2,3e-06,0,11,100,,,
2026-06-16T12:05:33.186,3.64,26.28,1,3e-06,0,11,100,,,
2026-06-16T12:05:33.678,3.64,26.28,1,3e-06,0,11,100,,,
2026-06-16T12:05:34.185,3.6399,26.28,2,3e-06,0,11,100,,,
2026-06-16T12:05:34.678,3.64,26.28,1,3e-06,0,11,100,,,
2026-06-16T12:05:35.170,3.64,26.27,2,3e-06,0,11,100,,,
2026-06-16T12:05:35.693,3.6399,26.28,1,3e-06,0,11,100,,,
2026-06-16T12:05:36.186,3.6401,26.27,1,3e-06,0,11,100,,,
2026-06-16T12:05:36.693,3.6399,26.27,2,3e-06,0,11,100,,,
2026-06-16T12:05:37.183,3.64,26.28,1,3e-06,0,11,100,,,
2026-06-16T12:05:37.693,3.6399,26.28,2,3e-06,0,11,100,,,
2026-06-16T12:05:38.185,3.64,26.28,1,3e-06,0,11,100,,,
2026-06-16T12:05:38.693,3.64,26.27,1,3e-06,0,11,100,,,
2026-06-16T12:05:39.185,3.6399,26.28,2,3e-06,0,11,100,,,
2026-06-16T12:05:39.691,3.64,26.27,1,3e-06,0,11,100,,,
2026-06-16T12:05:40.183,3.6399,26.27,2,3e-06,0,11,100,,,
2026-06-16T12:05:40.694,3.6401,26.27,1,3e-06,0,11,100,,,
2026-06-16T12:05:41.188,3.6399,26.28,2,3e-06,0,11,100,,,
2026-06-16T12:05:41.681,3.6398,26.27,1,3e-06,0,11,100,,,
2026-06-16T12:05:42.190,3.6399,26.27,1,3e-06,0,11,100,,,
2026-06-16T12:05:42.683,3.6399,26.27,2,3e-06,0,11,100,,,
2026-06-16T12:05:43.177,3.6398,26.27,1,3e-06,0,11,100,,,
2026-06-16T12:05:43.686,3.6399,26.27,2,3e-06,0,11,100,,,
2026-06-16T12:05:44.179,3.64,26.27,1,3e-06,0,11,100,,,
2026-06-16T12:05:44.688,3.6398,26.27,1,3e-06,0,11,100,,,
2026-06-16T12:05:45.180,3.6399,26.27,2,3e-06,0,11,100,,,
2026-06-16T12:05:45.672,3.6397,26.27,1,3e-06,0,11,100,,,
2026-06-16T12:05:46.181,3.6398,26.27,2,3e-06,0,11,100,,,
2026-06-16T12:05:46.691,3.6399,26.27,1,3e-06,0,11,100,,,
2026-06-16T12:05:47.183,3.6398,26.27,1,3e-06,0,11,100,,,
2026-06-16T12:05:47.690,3.6398,26.27,2,3e-06,0,11,100,,,
2026-06-16T12:05:48.166,3.6398,26.27,1,3e-06,0,11,100,,,
2026-06-16T12:05:48.691,3.6398,26.27,2,3e-06,0,11,100,,,
2026-06-16T12:05:49.181,3.6398,26.27,1,3e-06,0,11,100,,,
2026-06-16T12:05:49.691,3.6397,26.27,1,3e-06,0,11,100,,,
2026-06-16T12:05:50.183,3.6398,26.27,2,3e-06,0,11,100,,,
2026-06-16T12:05:50.691,3.6397,26.27,1,3e-06,0,11,100,,,
2026-06-16T12:05:51.183,3.6397,26.27,1,3e-06,0,11,100,,,
2026-06-16T12:05:51.692,3.6397,26.27,2,3e-06,0,11,100,,,
2026-06-16T12:05:52.186,3.6397,26.27,1,3e-06,0,11,100,,,
2026-06-16T12:05:52.677,3.6397,26.27,2,3e-06,0,11,100,,,
2026-06-16T12:05:53.187,3.6397,26.27,1,3e-06,0,11,100,,,
2026-06-16T12:05:53.680,3.6396,26.27,1,3e-06,0,11,100,,,
2026-06-16T12:05:54.189,3.6397,26.27,2,3e-06,0,11,100,,,
2026-06-16T12:05:54.680,3.6397,26.27,1,3e-06,0,11,100,,,
2026-06-16T12:05:55.188,3.6395,26.27,2,3e-06,0,11,100,,,
2026-06-16T12:05:55.681,3.6396,26.27,1,3e-06,0,11,100,,,
2026-06-16T12:05:56.187,3.6395,26.27,2,3e-06,0,11,100,,,
2026-06-16T12:05:56.680,3.6397,26.27,1,3e-06,0,11,100,,,
2026-06-16T12:05:57.173,3.6396,26.27,1,3e-06,0,11,100,,,
2026-06-16T12:05:57.681,3.6395,26.27,2,3e-06,0,11,100,,,
2026-06-16T12:05:58.188,3.6395,26.27,1,3e-06,0,11,100,,,
2026-06-16T12:05:58.681,3.6395,26.27,2,3e-06,0,11,100,,,
2026-06-16T12:05:59.191,3.6396,26.27,1,3e-06,0,11,100,,,
2026-06-16T12:05:59.684,3.6395,26.27,1,3e-06,0,11,100,,,
2026-06-16T12:06:00.192,3.6395,26.27,2,3e-06,0,11,100,,,
2026-06-16T12:06:00.685,3.6394,26.27,1,3e-06,0,11,100,,,
2026-06-16T12:06:01.189,3.6394,26.27,2,3e-06,0,11,100,,,
2026-06-16T12:06:01.682,3.6393,26.27,1,3e-06,0,11,100,,,
2026-06-16T12:06:02.175,3.6394,26.27,1,3e-06,0,11,100,,,
2026-06-16T12:06:02.683,3.6394,26.27,2,3e-06,0,11,100,,,
2026-06-16T12:06:03.193,3.6393,26.27,1,3e-06,0,11,100,,,
2026-06-16T12:06:03.687,3.6393,26.27,2,3e-06,0,11,100,,,
2026-06-16T12:06:04.179,3.6393,26.27,1,3e-06,0,11,100,,,
2026-06-16T12:06:04.688,3.6394,26.27,2,3e-06,0,11,100,,,
2026-06-16T12:06:05.181,3.6393,26.27,1,3e-06,0,11,100,,,
2026-06-16T12:06:05.690,3.6394,26.27,1,3e-06,0,11,100,,,
2026-06-16T12:06:06.182,3.6394,26.27,2,3e-06,0,11,100,,,
2026-06-16T12:06:06.693,3.6393,26.27,1,3e-06,0,11,100,,,
2026-06-16T12:06:07.184,3.6393,26.27,2,3e-06,0,11,100,,,
2026-06-16T12:06:07.693,3.6393,26.27,1,3e-06,0,11,100,,,
2026-06-16T12:08:11.358,3.6394,26.27,2,3e-06,0,11,100,,,
2026-06-16T12:08:11.696,,,0,3e-06,0,11,100,,,
2026-06-16T12:08:12.185,3.6384,26.22,2,3e-06,0,11,100,,,
2026-06-16T12:08:12.677,3.6384,26.21,1,3e-06,0,11,100,,,
2026-06-16T12:08:13.188,3.6383,26.22,2,3e-06,0,11,100,,,
2026-06-16T12:08:13.681,3.6383,26.22,1,3e-06,0,11,100,,,
2026-06-16T12:08:14.186,3.6384,26.22,1,3e-06,0,11,100,,,
2026-06-16T12:08:14.677,3.6384,26.22,2,3e-06,0,11,100,,,
2026-06-16T12:08:15.181,3.6383,26.22,1,3e-06,0,11,100,,,
2026-06-16T12:08:15.687,3.6383,26.21,2,3e-06,0,11,100,,,
2026-06-16T12:08:16.191,3.6384,26.22,1,3e-06,0,11,100,,,
