timestamp,keller_pressure_bar,keller_temperature_degC,n_keller_samples,vacuum_chamber_mbar,pulses_interval,pulses_total,open_time_us,pulse_timestamps_us,pulse_open_times_us,pulse_acks
2026-06-16T11:05:39.842,,,0,6e-06,0,0,1600,,,
2026-06-16T11:05:40.341,0.9571,24.72,1,6e-06,0,0,1600,,,
2026-06-16T11:05:40.846,0.9571,24.72,1,6e-06,0,0,1600,,,
2026-06-16T11:05:41.353,0.9571,24.72,1,6e-06,0,0,1600,,,
2026-06-16T11:05:41.844,0.9571,24.72,2,6e-06,0,0,1600,,,
2026-06-16T11:05:42.348,0.9572,24.72,1,6e-06,0,0,1600,,,
2026-06-16T11:05:42.856,0.9571,24.73,1,6e-06,0,0,1600,,,
2026-06-16T11:05:43.347,0.9571,24.72,2,6e-06,0,0,1600,,,
2026-06-16T11:05:43.854,0.9571,24.73,1,6e-06,0,0,1600,,,
2026-06-16T11:05:44.344,0.9571,24.73,1,6e-06,0,0,1600,,,
2026-06-16T11:05:44.849,0.957,24.72,2,6e-06,0,0,1600,,,
2026-06-16T11:05:45.341,0.9571,24.73,1,6e-06,0,0,1600,,,
2026-06-16T11:05:45.848,0.9571,24.73,1,6e-06,0,0,1600,,,
2026-06-16T11:05:46.354,0.9571,24.72,1,6e-06,0,0,1600,,,
2026-06-16T11:05:46.843,0.9571,24.72,2,6e-06,0,0,1600,,,
2026-06-16T11:05:47.347,0.9571,24.73,1,6e-06,0,0,1600,,,
2026-06-16T11:05:47.853,0.9571,24.73,1,6e-06,0,0,1600,,,
2026-06-16T11:05:48.343,0.9571,24.72,2,6e-06,0,0,1600,,,
2026-06-16T11:05:48.849,0.9571,24.72,1,6e-06,0,0,1600,,,
2026-06-16T11:05:49.356,0.9571,24.72,1,6e-06,0,0,1600,,,
2026-06-16T11:05:49.849,0.9571,24.73,1,6e-06,0,0,1600,,,
2026-06-16T11:05:50.340,0.9571,24.73,2,6e-06,0,0,1600,,,
2026-06-16T11:05:50.848,0.9571,24.73,1,6e-06,0,0,1600,,,
2026-06-16T11:05:51.340,0.9572,24.73,1,6e-06,0,0,1600,,,
2026-06-16T11:05:51.846,0.9571,24.73,2,6e-06,0,0,1600,,,
2026-06-16T11:05:52.347,0.9572,24.73,1,6e-06,0,0,1600,,,
2026-06-16T11:05:52.846,0.9572,24.73,1,6e-06,0,0,1600,,,
2026-06-16T11:05:53.349,0.9572,24.72,1,6e-06,0,0,1600,,,
2026-06-16T11:05:53.851,0.9571,24.73,2,6e-06,0,0,1600,,,
2026-06-16T11:05:54.349,0.9571,24.73,1,6e-06,0,0,1600,,,
2026-06-16T11:05:54.848,0.9572,24.73,1,6e-06,0,0,1600,,,
2026-06-16T11:05:55.345,0.9571,24.73,2,6e-06,0,0,1600,,,
2026-06-16T11:05:55.844,0.9571,24.73,1,6e-06,0,0,1600,,,
2026-06-16T11:05:56.343,0.9571,24.73,1,6e-06,0,0,1600,,,
2026-06-16T11:05:56.842,0.9571,24.73,1,6e-06,0,0,1600,,,
2026-06-16T11:05:57.356,0.9571,24.73,2,6e-06,0,0,1600,,,
2026-06-16T11:05:57.851,0.9571,24.73,1,6e-06,0,0,1600,,,
2026-06-16T11:05:58.346,0.9571,24.72,1,6e-06,0,0,1600,,,
2026-06-16T11:05:58.842,0.9571,24.73,2,6e-06,0,0,1600,,,
2026-06-16T11:05:59.356,0.9571,24.73,1,6e-06,0,0,1600,,,
2026-06-16T11:05:59.842,0.9571,24.73,1,6e-06,0,0,1600,,,
2026-06-16T11:06:00.343,0.9571,24.73,1,6e-06,0,0,1600,,,
2026-06-16T11:06:00.857,0.9571,24.73,2,6e-06,0,0,1600,,,
2026-06-16T11:06:01.354,0.9571,24.73,1,6e-06,0,0,1600,,,
2026-06-16T11:06:01.852,0.9571,24.73,1,6e-06,0,0,1600,,,
2026-06-16T11:06:02.349,0.9571,24.73,2,6e-06,0,0,1600,,,
2026-06-16T11:06:02.848,0.9572,24.73,1,6e-06,0,0,1600,,,
2026-06-16T11:06:03.345,0.9571,24.73,1,6e-06,0,0,1600,,,
2026-06-16T11:06:03.844,0.9572,24.73,2,6e-06,0,0,1600,,,
2026-06-16T11:06:04.343,0.9571,24.73,1,6e-06,0,0,1600,,,
2026-06-16T11:06:04.842,0.9571,24.73,1,6e-06,0,0,1600,,,
2026-06-16T11:06:05.355,0.9571,24.73,2,6e-06,0,0,1600,,,
2026-06-16T11:06:05.854,0.9571,24.73,1,6e-06,0,0,1600,,,
2026-06-16T11:06:06.343,0.9572,24.73,1,6e-06,0,0,1600,,,
2026-06-16T11:06:06.843,0.9571,24.73,1,6e-06,0,0,1600,,,
2026-06-16T11:06:07.347,0.957,24.73,2,6e-06,0,0,1600,,,
2026-06-16T11:06:07.847,0.9571,24.73,1,6e-06,0,0,1600,,,
2026-06-16T11:06:08.344,0.9571,24.73,1,6e-06,0,0,1600,,,
2026-06-16T11:06:08.847,0.957,24.73,1,6e-06,0,0,1600,,,
2026-06-16T11:06:09.346,0.957,24.73,2,6e-06,0,0,1600,,,
2026-06-16T11:06:09.845,0.957,24.73,1,6e-06,0,0,1600,,,
2026-06-16T11:06:10.344,0.957,24.73,1,6e-06,0,0,1600,,,
2026-06-16T11:06:10.844,0.9571,24.73,2,6e-06,0,0,1600,,,
2026-06-16T11:06:11.342,0.957,24.73,1,6e-06,0,0,1600,,,
2026-06-16T11:06:11.842,0.9571,24.73,1,6e-06,0,0,1600,,,
2026-06-16T11:06:12.356,0.957,24.73,1,6e-06,0,0,1600,,,
2026-06-16T11:06:12.843,0.957,24.73,2,6e-06,0,0,1600,,,
2026-06-16T11:06:13.344,0.957,24.72,1,6e-06,0,0,1600,,,
2026-06-16T11:06:13.857,0.957,24.73,1,6e-06,0,0,1600,,,
2026-06-16T11:06:14.342,0.9569,24.73,2,6e-06,0,0,1600,,,
2026-06-16T11:06:14.857,0.9569,24.73,1,6e-06,0,0,1600,,,
2026-06-16T11:06:15.342,0.957,24.73,1,6e-06,0,0,1600,,,
2026-06-16T11:06:15.846,0.9569,24.73,2,6e-06,0,0,1600,,,
2026-06-16T11:06:16.347,0.957,24.72,1,6e-06,0,0,1600,,,
2026-06-16T11:06:16.847,0.957,24.73,1,6e-06,0,0,1600,,,
2026-06-16T11:06:17.345,0.957,24.72,1,6e-06,0,0,1600,,,
2026-06-16T11:06:17.844,0.9569,24.73,2,6e-06,0,0,1600,,,
2026-06-16T11:06:18.344,0.9569,24.73,1,6e-06,0,0,1600,,,
2026-06-16T11:06:18.847,0.9569,24.73,1,6e-06,0,0,1600,,,
2026-06-16T11:06:19.352,0.9569,24.73,2,6e-06,0,0,1600,,,
2026-06-16T11:06:19.853,0.9569,24.73,1,6e-06,0,0,1600,,,
2026-06-16T11:06:20.350,0.957,24.73,1,6e-06,0,0,1600,,,
2026-06-16T11:06:20.852,0.957,24.73,1,6e-06,0,0,1600,,,
2026-06-16T11:06:21.350,0.9569,24.73,2,6e-06,0,0,1600,,,
2026-06-16T11:06:21.849,0.9569,24.73,1,6e-06,0,0,1600,,,
2026-06-16T11:06:22.347,0.9568,24.73,1,6e-06,0,0,1600,,,
2026-06-16T11:06:22.847,0.9569,24.73,2,6e-06,0,0,1600,,,
2026-06-16T11:06:23.346,0.9569,24.73,1,6e-06,0,0,1600,,,
2026-06-16T11:06:23.849,0.9569,24.73,1,6e-06,0,0,1600,,,
2026-06-16T11:06:24.350,0.9569,24.73,2,6e-06,0,0,1600,,,
2026-06-16T11:06:24.851,0.9568,24.72,1,6e-06,0,0,1600,,,
2026-06-16T11:06:25.346,0.9569,24.73,1,6e-06,0,0,1600,,,
2026-06-16T11:06:25.847,0.9569,24.73,1,6e-06,0,0,1600,,,
2026-06-16T11:06:26.346,0.9568,24.73,2,6e-06,0,0,1600,,,
2026-06-16T11:06:26.847,0.9569,24.73,1,6e-06,0,0,1600,,,
2026-06-16T11:06:27.347,0.9568,24.73,1,6e-06,0,0,1600,,,
2026-06-16T11:06:27.845,0.9569,24.73,2,6e-06,0,0,1600,,,
2026-06-16T11:06:28.344,0.9569,24.73,1,6e-06,0,0,1600,,,
2026-06-16T11:06:28.846,0.9569,24.73,1,6e-06,0,0,1600,,,
2026-06-16T11:06:29.342,0.9569,24.73,1,6e-06,0,0,1600,,,
2026-06-16T11:06:29.857,0.9568,24.73,2,6e-06,0,0,1600,,,
2026-06-16T11:06:30.353,0.9568,24.73,1,6e-06,0,0,1600,,,
2026-06-16T11:06:30.851,0.9568,24.73,1,6e-06,0,0,1600,,,
2026-06-16T11:06:31.351,0.9568,24.73,2,6e-06,0,0,1600,,,
2026-06-16T11:06:31.850,0.9568,24.73,1,6e-06,0,0,1600,,,
2026-06-16T11:06:32.350,0.9568,24.72,1,6e-06,0,0,1600,,,
2026-06-16T11:06:32.850,0.9567,24.73,1,6e-06,0,0,1600,,,
2026-06-16T11:06:33.347,0.9568,24.73,2,6e-06,0,0,1600,,,
2026-06-16T11:06:33.847,0.9568,24.73,1,6e-06,0,0,1600,,,
2026-06-16T11:06:34.347,0.9568,24.73,1,6e-06,0,0,1600,,,
2026-06-16T11:06:34.846,0.9568,24.73,2,6e-06,0,0,1600,,,
2026-06-16T11:06:35.345,0.9568,24.72,1,6e-06,0,0,1600,,,
2026-06-16T11:06:35.843,0.9567,24.72,1,6e-06,0,0,1600,,,
2026-06-16T11:06:36.342,0.9568,24.72,1,6e-06,0,0,1600,,,
2026-06-16T11:06:36.843,0.9568,24.73,2,6e-06,0,0,1600,,,
2026-06-16T11:06:37.343,0.9567,24.72,1,6e-06,0,0,1600,,,
2026-06-16T11:06:37.855,0.9568,24.73,1,6e-06,0,0,1600,,,
2026-06-16T11:06:38.353,0.9567,24.72,2,6e-06,0,0,1600,,,
2026-06-16T11:06:38.852,0.9568,24.73,1,6e-06,0,0,1600,,,
2026-06-16T11:06:39.350,0.9568,24.72,2,6e-06,0,0,1600,,,
2026-06-16T11:06:39.848,0.9567,24.72,1,6e-06,0,0,1600,,,
2026-06-16T11:06:40.348,0.9567,24.73,1,6e-06,0,0,1600,,,
2026-06-16T11:06:40.847,0.9567,24.72,2,6e-06,0,0,1600,,,
2026-06-16T11:06:41.344,0.9567,24.73,1,6e-06,0,0,1600,,,
2026-06-16T11:06:41.842,0.9567,24.73,2,6e-06,0,0,1600,,,
2026-06-16T11:06:42.357,0.9567,24.72,1,6e-06,0,0,1600,,,
2026-06-16T11:06:42.856,0.9567,24.72,1,6e-06,0,0,1600,,,
2026-06-16T11:06:43.354,0.9567,24.73,2,5e-06,0,0,1600,,,
2026-06-16T11:06:43.857,0.9567,24.72,1,6e-06,0,0,1600,,,
2026-06-16T11:06:44.345,0.9567,24.72,2,6e-06,0,0,1600,,,
2026-06-16T11:06:44.844,0.9568,24.72,1,6e-06,0,0,1600,,,
2026-06-16T11:06:45.343,0.9567,24.72,1,5e-06,0,0,1600,,,
2026-06-16T11:06:45.843,0.9567,24.73,2,5e-06,0,0,1600,,,
2026-06-16T11:06:46.346,0.9567,24.72,1,6e-06,0,0,1600,,,
2026-06-16T11:06:46.849,0.9567,24.72,2,6e-06,0,0,1600,,,
2026-06-16T11:06:47.354,0.9567,24.72,1,6e-06,0,0,1600,,,
2026-06-16T11:06:47.843,0.9567,24.72,1,5e-06,0,0,1600,,,
2026-06-16T11:06:48.343,0.9567,24.72,2,6e-06,0,0,1600,,,
2026-06-16T11:06:48.846,0.9568,24.72,1,6e-06,0,0,1600,,,
2026-06-16T11:06:49.346,0.9567,24.72,2,5e-06,0,0,1600,,,
2026-06-16T11:06:49.846,0.9568,24.72,1,5e-06,0,0,1600,,,
2026-06-16T11:06:50.350,0.9568,24.72,1,5e-06,0,0,1600,,,
2026-06-16T11:06:50.849,0.9567,24.72,2,5e-06,0,0,1600,,,
2026-06-16T11:06:51.351,0.9568,24.72,1,6e-06,0,0,1600,,,
2026-06-16T11:06:51.847,0.9568,24.72,2,5e-06,0,0,1600,,,
2026-06-16T11:06:52.345,0.9568,24.72,1,5e-06,0,0,1600,,,
2026-06-16T11:06:52.847,0.9567,24.72,1,5e-06,0,0,1600,,,
2026-06-16T11:06:53.347,0.9567,24.72,2,5e-06,0,0,1600,,,
2026-06-16T11:06:53.850,0.9567,24.72,1,5e-06,0,0,1600,,,
2026-06-16T11:06:54.355,0.9567,24.73,2,5e-06,0,0,1600,,,
2026-06-16T11:06:54.842,0.9568,24.72,1,5e-06,0,0,1600,,,
2026-06-16T11:06:55.357,0.9567,24.73,2,5e-06,0,0,1600,,,
2026-06-16T11:06:55.844,0.9567,24.72,1,5e-06,0,0,1600,,,
2026-06-16T11:06:56.357,0.9567,24.72,1,5e-06,0,0,1600,,,
2026-06-16T11:06:56.846,0.9567,24.72,2,5e-06,0,0,1600,,,
2026-06-16T11:06:57.343,0.9567,24.72,1,5e-06,0,0,1600,,,
2026-06-16T11:06:57.842,0.9567,24.72,2,5e-06,0,0,1600,,,
2026-06-16T11:06:58.356,0.9567,24.72,1,5e-06,0,0,1600,,,
2026-06-16T11:06:58.856,0.9567,24.72,1,5e-06,0,0,1600,,,
2026-06-16T11:06:59.341,0.9567,24.73,2,5e-06,0,0,1600,,,
2026-06-16T11:06:59.844,0.9567,24.72,1,5e-06,0,0,1600,,,
2026-06-16T11:07:00.349,0.9567,24.72,2,5e-06,0,0,1600,,,
2026-06-16T11:07:00.852,0.9567,24.72,1,5e-06,0,0,1600,,,
2026-06-16T11:07:01.353,0.9568,24.72,1,5e-06,0,0,1600,,,
2026-06-16T11:07:01.841,0.9567,24.73,2,5e-06,0,0,1600,,,
2026-06-16T11:07:02.345,0.9567,24.72,1,5e-06,0,0,1600,,,
2026-06-16T11:07:02.857,0.9567,24.73,2,5e-06,0,0,1600,,,
2026-06-16T11:07:03.355,0.9567,24.72,1,5e-06,0,0,1600,,,
2026-06-16T11:07:03.856,0.9567,24.72,1,5e-06,0,0,1600,,,
2026-06-16T11:07:04.354,0.9567,24.72,2,5e-06,0,0,1600,,,
2026-06-16T11:07:04.855,0.9568,24.73,1,5e-06,0,0,1600,,,
2026-06-16T11:07:05.352,0.9567,24.73,2,5e-06,0,0,1600,,,
2026-06-16T11:07:05.856,0.9568,24.73,1,5e-06,0,0,1600,,,
2026-06-16T11:07:06.355,0.9568,24.72,1,5e-06,0,0,1600,,,
2026-06-16T11:07:06.852,0.9567,24.72,2,5e-06,0,0,1600,,,
2026-06-16T11:07:07.353,0.9567,24.72,1,5e-06,0,0,1600,,,
2026-06-16T11:07:07.850,0.9567,24.72,2,5e-06,0,0,1600,,,
2026-06-16T11:07:08.352,0.9567,24.72,1,5e-06,0,0,1600,,,
2026-06-16T11:07:08.853,0.9567,24.73,2,5e-06,0,0,1600,,,
2026-06-16T11:07:09.355,0.9567,24.72,1,5e-06,0,0,1600,,,
2026-06-16T11:07:09.855,0.9567,24.72,1,5e-06,0,0,1600,,,
2026-06-16T11:07:10.355,0.9567,24.73,2,5e-06,0,0,1600,,,
2026-06-16T11:07:10.852,0.9567,24.72,1,5e-06,0,0,1600,,,
2026-06-16T11:07:11.354,0.9567,24.72,2,5e-06,0,0,1600,,,
2026-06-16T11:07:11.855,0.9567,24.72,1,5e-06,0,0,1600,,,
2026-06-16T11:07:12.354,0.9567,24.72,1,5e-06,0,0,1600,,,
2026-06-16T11:07:12.855,0.9567,24.73,2,5e-06,0,0,1600,,,
2026-06-16T11:07:13.355,0.9567,24.72,1,5e-06,0,0,1600,,,
2026-06-16T11:07:13.855,0.9567,24.73,2,5e-06,0,0,1600,,,
2026-06-16T11:07:14.353,0.9566,24.72,1,5e-06,0,0,1600,,,
2026-06-16T11:07:14.855,0.9566,24.73,1,5e-06,0,0,1600,,,
2026-06-16T11:07:15.341,0.9567,24.73,2,5e-06,0,0,1600,,,
2026-06-16T11:07:15.844,0.9567,24.72,1,5e-06,0,0,1600,,,
2026-06-16T11:07:16.346,0.9567,24.72,2,5e-06,0,0,1600,,,
2026-06-16T11:07:16.848,0.9567,24.72,1,5e-06,0,0,1600,,,
2026-06-16T11:07:17.346,0.9568,24.72,1,5e-06,0,0,1600,,,
2026-06-16T11:07:17.846,0.9567,24.73,2,5e-06,0,0,1600,,,
2026-06-16T11:07:18.344,0.9566,24.73,1,5e-06,0,0,1600,,,
2026-06-16T11:07:18.846,0.9567,24.72,2,5e-06,0,0,1600,,,
2026-06-16T11:07:19.346,0.9567,24.72,1,5e-06,0,0,1600,,,
2026-06-16T11:07:19.848,0.9567,24.72,1,5e-06,0,0,1600,,,
2026-06-16T11:07:20.345,0.9567,24.73,2,5e-06,0,0,1600,,,
2026-06-16T11:07:20.843,0.9567,24.72,1,5e-06,0,0,1600,,,
2026-06-16T11:07:21.356,0.9567,24.73,2,5e-06,0,0,1600,,,
2026-06-16T11:07:21.855,0.9567,24.73,1,5e-06,0,0,1600,,,
2026-06-16T11:07:22.355,0.9566,24.72,1,5e-06,0,0,1600,,,
2026-06-16T11:07:22.856,0.9567,24.72,2,5e-06,0,0,1600,,,
2026-06-16T11:07:23.357,0.9566,24.72,1,5e-06,0,0,1600,,,
2026-06-16T11:07:23.846,0.9567,24.72,2,5e-06,0,0,1600,,,
2026-06-16T11:07:24.348,0.9567,24.73,1,5e-06,0,0,1600,,,
2026-06-16T11:07:24.850,0.9567,24.72,1,5e-06,0,0,1600,,,
2026-06-16T11:07:25.353,0.9566,24.72,2,5e-06,0,0,1600,,,
2026-06-16T11:07:25.857,0.9566,24.73,1,5e-06,0,0,1600,,,
2026-06-16T11:07:26.343,0.9567,24.73,2,5e-06,0,0,1600,,,
2026-06-16T11:07:26.846,0.9567,24.73,1,5e-06,0,0,1600,,,
2026-06-16T11:07:27.345,0.9566,24.72,1,5e-06,0,0,1600,,,
2026-06-16T11:07:27.847,0.9567,24.72,2,5e-06,0,0,1600,,,
2026-06-16T11:07:28.345,0.9566,24.73,1,5e-06,0,0,1600,,,
2026-06-16T11:07:28.849,0.9566,24.72,2,5e-06,0,0,1600,,,
2026-06-16T11:07:29.351,0.9566,24.72,1,5e-06,0,0,1600,,,
2026-06-16T11:07:29.855,0.9567,24.72,2,5e-06,0,0,1600,,,
2026-06-16T11:07:30.344,0.9566,24.72,1,5e-06,0,0,1600,,,
2026-06-16T11:07:30.846,0.9566,24.73,1,5e-06,0,0,1600,,,
2026-06-16T11:07:31.346,0.9567,24.73,2,5e-06,0,0,1600,,,
2026-06-16T11:07:31.849,0.9566,24.73,1,5e-06,0,0,1600,,,
2026-06-16T11:07:32.349,0.9567,24.73,2,5e-06,0,0,1600,,,
2026-06-16T11:07:32.851,0.9567,24.73,1,5e-06,0,0,1600,,,
2026-06-16T11:07:33.352,0.9567,24.73,1,5e-06,0,0,1600,,,
2026-06-16T11:07:33.855,0.9567,24.73,2,5e-06,0,0,1600,,,
2026-06-16T11:07:34.342,0.9567,24.73,1,5e-06,0,0,1600,,,
2026-06-16T11:07:34.856,0.9566,24.73,2,5e-06,0,0,1600,,,
2026-06-16T11:07:35.357,0.9567,24.72,1,5e-06,0,0,1600,,,
2026-06-16T11:07:35.856,0.9566,24.73,1,5e-06,0,0,1600,,,
2026-06-16T11:07:36.352,0.9567,24.73,2,5e-06,0,0,1600,,,
2026-06-16T11:07:36.851,0.9566,24.72,1,5e-06,0,0,1600,,,
2026-06-16T11:07:37.351,0.9567,24.73,2,5e-06,0,0,1600,,,
2026-06-16T11:07:37.853,0.9566,24.72,1,5e-06,0,0,1600,,,
2026-06-16T11:07:38.351,0.9566,24.73,1,5e-06,0,0,1600,,,
2026-06-16T11:07:38.854,0.9567,24.73,2,5e-06,0,0,1600,,,
2026-06-16T11:07:39.352,0.9567,24.73,1,5e-06,0,0,1600,,,
2026-06-16T11:07:39.852,0.9567,24.73,2,5e-06,0,0,1600,,,
2026-06-16T11:07:40.350,0.9566,24.73,1,5e-06,0,0,1600,,,
2026-06-16T11:07:40.848,0.9567,24.73,1,5e-06,0,0,1600,,,
2026-06-16T11:07:41.348,0.9567,24.73,2,5e-06,0,0,1600,,,
2026-06-16T11:07:41.846,0.9566,24.72,1,5e-06,0,0,1600,,,
2026-06-16T11:07:42.343,0.9567,24.73,2,5e-06,0,0,1600,,,
2026-06-16T11:07:42.843,0.9566,24.73,1,5e-06,0,0,1600,,,
2026-06-16T11:07:43.343,0.9566,24.73,1,5e-06,0,0,1600,,,
2026-06-16T11:07:43.857,0.9567,24.73,2,5e-06,0,0,1600,,,
2026-06-16T11:07:44.355,0.9567,24.73,1,5e-06,0,0,1600,,,
2026-06-16T11:07:44.855,0.9566,24.73,2,5e-06,0,0,1600,,,
2026-06-16T11:07:45.356,0.9566,24.73,1,5e-06,0,0,1600,,,
2026-06-16T11:07:45.855,0.9567,24.73,2,5e-06,0,0,1600,,,
2026-06-16T11:07:46.353,0.9566,24.72,1,5e-06,0,0,1600,,,
2026-06-16T11:07:46.851,0.9566,24.73,1,5e-06,0,0,1600,,,
2026-06-16T11:07:47.352,0.9566,24.73,2,5e-06,0,0,1600,,,
2026-06-16T11:07:47.850,0.9567,24.73,1,5e-06,0,0,1600,,,
2026-06-16T11:07:48.350,0.9566,24.73,2,5e-06,0,0,1600,,,
2026-06-16T11:07:48.848,0.9567,24.73,1,5e-06,0,0,1600,,,
2026-06-16T11:07:49.346,0.9566,24.73,2,5e-06,0,0,1600,,,
2026-06-16T11:07:49.844,0.9566,24.73,1,5e-06,0,0,1600,,,
2026-06-16T11:07:50.345,0.9566,24.73,1,5e-06,0,0,1600,,,
2026-06-16T11:07:50.844,0.9566,24.73,2,5e-06,0,0,1600,,,
2026-06-16T11:07:51.356,0.9566,24.73,1,5e-06,0,0,1600,,,
2026-06-16T11:07:51.844,0.9566,24.73,2,5e-06,0,0,1600,,,
2026-06-16T11:07:52.346,0.9567,24.73,1,5e-06,0,0,1600,,,
2026-06-16T11:07:52.857,0.9567,24.73,1,5e-06,0,0,1600,,,
2026-06-16T11:07:53.356,0.9566,24.73,2,5e-06,0,0,1600,,,
2026-06-16T11:07:53.856,0.9566,24.73,1,5e-06,0,0,1600,,,
2026-06-16T11:07:54.356,0.9566,24.73,2,5e-06,0,0,1600,,,
2026-06-16T11:07:54.853,0.9566,24.73,1,5e-06,0,0,1600,,,
2026-06-16T11:07:55.350,0.9566,24.73,2,5e-06,0,0,1600,,,
2026-06-16T11:07:55.849,0.9566,24.73,1,5e-06,0,0,1600,,,
2026-06-16T11:07:56.348,0.9566,24.73,1,5e-06,0,0,1600,,,
2026-06-16T11:07:56.847,0.9567,24.73,2,5e-06,0,0,1600,,,
2026-06-16T11:07:57.349,0.9566,24.73,1,5e-06,0,0,1600,,,
2026-06-16T11:07:57.850,0.9566,24.73,2,5e-06,0,0,1600,,,
2026-06-16T11:07:58.348,0.9566,24.73,1,5e-06,0,0,1600,,,
2026-06-16T11:07:58.845,0.9566,24.73,1,5e-06,0,0,1600,,,
2026-06-16T11:07:59.344,0.9566,24.73,2,5e-06,0,0,1600,,,
2026-06-16T11:07:59.844,0.9566,24.73,1,5e-06,0,0,1600,,,
2026-06-16T11:08:00.357,0.9566,24.73,2,5e-06,0,0,1600,,,
2026-06-16T11:08:00.855,0.9565,24.73,1,5e-06,0,0,1600,,,
2026-06-16T11:08:01.353,0.9566,24.73,1,5e-06,0,0,1600,,,
2026-06-16T11:08:01.850,0.9566,24.73,2,5e-06,0,0,1600,,,
2026-06-16T11:08:02.347,0.9566,24.73,1,5e-06,0,0,1600,,,
2026-06-16T11:08:02.849,0.9566,24.73,2,5e-06,0,0,1600,,,
2026-06-16T11:08:03.347,0.9566,24.73,1,5e-06,0,0,1600,,,
2026-06-16T11:08:03.845,0.9566,24.73,1,5e-06,0,0,1600,,,
2026-06-16T11:08:04.344,0.9566,24.73,2,5e-06,0,0,1600,,,
2026-06-16T11:08:04.844,0.9565,24.73,1,5e-06,0,0,1600,,,
2026-06-16T11:08:05.345,0.9566,24.73,2,5e-06,1,1,1600,2026-06-16T11:08:05.112994,1600,1
2026-06-16T11:08:05.843,0.9564,24.73,1,1.1e-05,0,1,1600,,,
2026-06-16T11:08:06.342,0.9563,24.73,1,1.3e-05,0,1,1600,,,
2026-06-16T11:08:06.857,0.9563,24.73,2,1.1e-05,0,1,1600,,,
2026-06-16T11:08:07.353,0.9563,24.73,1,1e-05,0,1,1600,,,
2026-06-16T11:08:07.851,0.9563,24.73,2,9e-06,0,1,1600,,,
2026-06-16T11:08:08.354,0.9563,24.73,1,8e-06,0,1,1600,,,
2026-06-16T11:08:08.855,0.9562,24.73,1,7e-06,0,1,1600,,,
2026-06-16T11:08:09.353,0.9563,24.73,2,7e-06,0,1,1600,,,
2026-06-16T11:08:09.854,0.9563,24.73,1,7e-06,0,1,1600,,,
2026-06-16T11:08:10.352,0.9563,24.73,2,6e-06,0,1,1600,,,
2026-06-16T11:08:10.851,0.9564,24.73,1,6e-06,0,1,1600,,,
2026-06-16T11:08:11.351,0.9563,24.73,2,6e-06,0,1,1600,,,
2026-06-16T11:08:11.851,0.9563,24.73,1,6e-06,0,1,1600,,,
2026-06-16T11:08:12.346,0.9563,24.73,1,5e-06,0,1,1600,,,
2026-06-16T11:08:12.846,0.9563,24.73,2,5e-06,0,1,1600,,,
2026-06-16T11:08:13.345,0.9563,24.73,1,5e-06,0,1,1600,,,
2026-06-16T11:08:13.846,0.9563,24.73,2,5e-06,0,1,1600,,,
2026-06-16T11:08:14.342,0.9563,24.73,1,5e-06,0,1,1600,,,
2026-06-16T11:08:14.842,0.9563,24.73,1,5e-06,0,1,1600,,,
2026-06-16T11:08:15.356,0.9563,24.73,2,5e-06,0,1,1600,,,
2026-06-16T11:08:15.856,0.9564,24.73,1,5e-06,0,1,1600,,,
2026-06-16T11:08:16.343,0.9563,24.73,2,5e-06,0,1,1600,,,
2026-06-16T11:08:16.844,0.9563,24.73,1,5e-06,0,1,1600,,,
2026-06-16T11:08:17.356,0.9562,24.73,1,5e-06,0,1,1600,,,
2026-06-16T11:08:17.854,0.9563,24.73,2,5e-06,0,1,1600,,,
2026-06-16T11:08:18.354,0.9563,24.73,1,5e-06,0,1,1600,,,
2026-06-16T11:08:18.854,0.9563,24.73,2,5e-06,0,1,1600,,,
2026-06-16T11:08:19.355,0.9563,24.73,1,5e-06,0,1,1600,,,
2026-06-16T11:08:19.856,0.9562,24.73,1,5e-06,0,1,1600,,,
2026-06-16T11:08:20.357,0.9562,24.73,2,5e-06,0,1,1600,,,
2026-06-16T11:08:20.856,0.9563,24.73,1,5e-06,0,1,1600,,,
2026-06-16T11:08:21.353,0.9562,24.73,2,5e-06,0,1,1600,,,
2026-06-16T11:08:21.851,0.9562,24.73,1,5e-06,0,1,1600,,,
2026-06-16T11:08:22.350,0.9563,24.73,2,5e-06,0,1,1600,,,
2026-06-16T11:08:22.850,0.9563,24.73,1,5e-06,0,1,500,,,
2026-06-16T11:08:23.347,0.9562,24.73,1,5e-06,0,1,500,,,
2026-06-16T11:08:23.850,0.9563,24.73,2,5e-06,0,1,500,,,
2026-06-16T11:08:24.345,0.9563,24.73,1,5e-06,0,1,500,,,
2026-06-16T11:08:24.842,0.9563,24.73,2,5e-06,0,1,500,,,
2026-06-16T11:08:25.343,0.9563,24.73,1,5e-06,0,1,500,,,
2026-06-16T11:08:25.843,0.9563,24.73,1,5e-06,0,1,500,,,
2026-06-16T11:08:26.356,0.9563,24.73,2,5e-06,0,1,500,,,
2026-06-16T11:08:26.853,0.9563,24.73,1,5e-06,0,1,500,,,
2026-06-16T11:08:27.353,0.9563,24.73,2,5e-06,0,1,500,,,
2026-06-16T11:08:27.853,0.9562,24.73,1,5e-06,0,1,500,,,
2026-06-16T11:08:28.352,0.9563,24.73,1,5e-06,0,1,500,,,
2026-06-16T11:08:28.854,0.9562,24.73,2,5e-06,0,1,500,,,
2026-06-16T11:08:29.354,0.9562,24.73,1,5e-06,0,1,500,,,
2026-06-16T11:08:29.854,0.9562,24.73,2,5e-06,0,1,500,,,
2026-06-16T11:08:30.354,0.9562,24.73,1,5e-06,0,1,500,,,
2026-06-16T11:08:30.852,0.9562,24.73,1,5e-06,0,1,500,,,
2026-06-16T11:08:31.352,0.9563,24.73,2,5e-06,0,1,500,,,
2026-06-16T11:08:31.850,0.9563,24.73,1,5e-06,0,1,500,,,
2026-06-16T11:08:32.350,0.9563,24.73,2,5e-06,0,1,500,,,
2026-06-16T11:08:32.849,0.9563,24.73,1,5e-06,1,2,500,2026-06-16T11:08:32.833942,500,1
2026-06-16T11:08:33.347,0.9563,24.73,1,6e-06,0,2,500,,,
2026-06-16T11:08:33.847,0.9562,24.73,2,7e-06,0,2,500,,,
2026-06-16T11:08:34.346,0.9561,24.73,1,7e-06,0,2,500,,,
2026-06-16T11:08:34.847,0.9561,24.73,2,7e-06,0,2,500,,,
2026-06-16T11:08:35.349,0.9561,24.73,1,6e-06,0,2,500,,,
2026-06-16T11:08:35.849,0.9561,24.73,1,6e-06,0,2,500,,,
2026-06-16T11:08:36.348,0.9562,24.73,2,6e-06,0,2,500,,,
2026-06-16T11:08:36.847,0.9561,24.73,1,6e-06,0,2,500,,,
2026-06-16T11:08:37.346,0.9561,24.73,2,5e-06,0,2,500,,,
2026-06-16T11:08:37.847,0.9561,24.73,1,5e-06,0,2,500,,,
2026-06-16T11:08:38.343,0.9561,24.73,1,5e-06,0,2,500,,,
2026-06-16T11:08:38.857,0.9561,24.73,2,5e-06,0,2,500,,,
2026-06-16T11:08:39.357,0.9561,24.73,1,5e-06,0,2,500,,,
2026-06-16T11:08:39.855,0.9561,24.73,2,5e-06,0,2,500,,,
2026-06-16T11:08:40.354,0.9561,24.73,1,5e-06,0,2,500,,,
2026-06-16T11:08:40.852,0.9562,24.73,2,5e-06,0,2,500,,,
2026-06-16T11:08:41.352,0.9561,24.73,1,5e-06,0,2,500,,,
2026-06-16T11:08:41.849,0.9561,24.73,1,5e-06,0,2,200,,,
2026-06-16T11:08:42.350,0.956,24.73,2,5e-06,0,2,200,,,
2026-06-16T11:08:42.848,0.9561,24.73,1,5e-06,0,2,200,,,
2026-06-16T11:08:43.349,0.9562,24.73,2,5e-06,0,2,200,,,
2026-06-16T11:08:43.851,0.9561,24.73,1,5e-06,0,2,200,,,
2026-06-16T11:08:44.347,0.9561,24.73,1,5e-06,0,2,200,,,
2026-06-16T11:08:44.847,0.9561,24.73,2,5e-06,0,2,200,,,
2026-06-16T11:08:45.347,0.9562,24.73,1,5e-06,0,2,200,,,
2026-06-16T11:08:45.846,0.9561,24.73,2,5e-06,0,2,200,,,
2026-06-16T11:08:46.346,0.9561,24.73,1,5e-06,0,2,200,,,
2026-06-16T11:08:46.844,0.9561,24.73,1,5e-06,0,2,200,,,
2026-06-16T11:08:47.357,0.9561,24.73,2,5e-06,0,2,200,,,
2026-06-16T11:08:47.842,0.9561,24.73,1,5e-06,0,2,200,,,
2026-06-16T11:08:48.344,0.956,24.73,2,5e-06,0,2,200,,,
2026-06-16T11:08:48.844,0.9562,24.73,1,5e-06,0,2,200,,,
2026-06-16T11:08:49.343,0.9562,24.73,2,5e-06,0,2,200,,,
2026-06-16T11:08:49.844,0.9561,24.73,1,5e-06,0,2,200,,,
2026-06-16T11:08:50.344,0.9561,24.73,1,5e-06,0,2,200,,,
2026-06-16T11:08:50.851,0.9561,24.73,2,5e-06,0,2,200,,,
2026-06-16T11:08:51.356,0.9561,24.73,1,5e-06,0,2,200,,,
2026-06-16T11:08:51.853,0.9561,24.73,2,5e-06,0,2,200,,,
2026-06-16T11:08:52.358,0.9561,24.73,1,5e-06,0,2,200,,,
2026-06-16T11:08:52.857,0.9561,24.73,1,5e-06,0,2,200,,,
2026-06-16T11:08:53.356,0.9562,24.73,2,5e-06,0,2,200,,,
2026-06-16T11:08:53.843,0.9561,24.73,1,5e-06,0,2,200,,,
2026-06-16T11:08:54.345,0.9561,24.73,2,5e-06,0,2,200,,,
2026-06-16T11:08:54.849,0.9562,24.73,1,5e-06,0,2,200,,,
2026-06-16T11:08:55.351,0.9561,24.73,2,5e-06,0,2,200,,,
2026-06-16T11:08:55.848,0.956,24.73,1,5e-06,1,3,200,2026-06-16T11:08:55.788077,200,1
2026-06-16T11:08:56.348,0.9562,24.73,1,5e-06,0,3,200,,,
2026-06-16T11:08:56.846,0.9561,24.73,2,6e-06,0,3,200,,,
2026-06-16T11:08:57.346,0.9561,24.73,1,6e-06,0,3,200,,,
2026-06-16T11:08:57.844,0.956,24.73,2,6e-06,0,3,200,,,
2026-06-16T11:08:58.346,0.9562,24.73,1,5e-06,0,3,200,,,
2026-06-16T11:08:58.847,0.9561,24.73,1,5e-06,0,3,200,,,
2026-06-16T11:08:59.344,0.956,24.73,2,5e-06,0,3,200,,,
2026-06-16T11:08:59.847,0.9561,24.73,1,5e-06,0,3,200,,,
2026-06-16T11:09:00.347,0.9561,24.73,2,5e-06,0,3,200,,,
2026-06-16T11:09:00.848,0.956,24.73,1,5e-06,0,3,200,,,
2026-06-16T11:09:01.347,0.9561,24.73,1,5e-06,0,3,200,,,
2026-06-16T11:09:01.847,0.9561,24.73,2,5e-06,0,3,200,,,
2026-06-16T11:09:02.347,0.9561,24.73,1,5e-06,0,3,200,,,
2026-06-16T11:09:02.845,0.9561,24.73,2,5e-06,0,3,200,,,
2026-06-16T11:09:03.349,0.9561,24.73,1,5e-06,0,3,200,,,
2026-06-16T11:09:03.851,0.956,24.73,2,5e-06,0,3,200,,,
2026-06-16T11:09:04.352,0.956,24.73,1,5e-06,0,3,200,,,
2026-06-16T11:09:04.850,0.956,24.73,1,5e-06,0,3,200,,,
2026-06-16T11:09:05.350,0.9562,24.73,2,5e-06,0,3,200,,,
2026-06-16T11:09:05.845,0.956,24.73,1,5e-06,0,3,200,,,
2026-06-16T11:09:06.345,0.956,24.73,2,5e-06,0,3,200,,,
2026-06-16T11:09:06.847,0.9559,24.73,1,5e-06,0,3,200,,,
2026-06-16T11:09:07.350,0.9561,24.73,1,5e-06,0,3,200,,,
2026-06-16T11:09:07.850,0.9561,24.73,2,5e-06,0,3,200,,,
2026-06-16T11:09:08.355,0.9561,24.73,1,5e-06,0,3,200,,,
2026-06-16T11:09:08.856,0.9561,24.73,2,5e-06,0,3,200,,,
2026-06-16T11:09:09.343,0.956,24.73,1,5e-06,0,3,200,,,
2026-06-16T11:09:09.843,0.9561,24.73,1,5e-06,0,3,200,,,
2026-06-16T11:09:10.356,0.956,24.73,2,5e-06,0,3,200,,,
2026-06-16T11:09:10.852,0.9561,24.73,1,5e-06,0,3,200,,,
2026-06-16T11:09:11.355,0.956,24.73,2,5e-06,0,3,200,,,
2026-06-16T11:09:11.852,0.956,24.73,1,5e-06,0,3,200,,,
2026-06-16T11:09:12.350,0.9561,24.73,1,5e-06,0,3,200,,,
2026-06-16T11:09:12.850,0.9561,24.73,2,5e-06,0,3,200,,,
2026-06-16T11:09:13.348,0.9561,24.73,1,5e-06,0,3,200,,,
2026-06-16T11:09:13.846,0.956,24.73,2,5e-06,0,3,200,,,
2026-06-16T11:09:14.344,0.9561,24.73,1,5e-06,0,3,200,,,
2026-06-16T11:09:14.843,0.956,24.73,1,5e-06,0,3,200,,,
2026-06-16T11:09:15.358,0.9561,24.73,2,5e-06,0,3,200,,,
2026-06-16T11:09:15.857,0.956,24.73,1,5e-06,0,3,200,,,
2026-06-16T11:09:16.355,0.9562,24.73,2,5e-06,0,3,200,,,
2026-06-16T11:09:16.852,0.956,24.73,1,5e-06,0,3,200,,,
2026-06-16T11:09:17.352,0.9561,24.73,1,5e-06,0,3,200,,,
2026-06-16T11:09:17.849,0.9561,24.73,2,5e-06,0,3,200,,,
2026-06-16T11:09:18.348,0.9562,24.73,1,5e-06,0,3,200,,,
2026-06-16T11:09:18.846,0.9561,24.73,2,5e-06,0,3,200,,,
2026-06-16T11:09:19.350,0.9562,24.73,1,5e-06,0,3,200,,,
2026-06-16T11:09:19.848,0.9561,24.73,1,5e-06,0,3,200,,,
2026-06-16T11:09:20.345,0.9561,24.73,2,5e-06,0,3,200,,,
2026-06-16T11:09:20.843,0.9561,24.73,1,5e-06,0,3,200,,,
2026-06-16T11:09:21.343,0.9561,24.73,2,5e-06,0,3,200,,,
2026-06-16T11:09:21.842,0.9562,24.73,1,5e-06,0,3,200,,,
2026-06-16T11:09:22.356,0.9562,24.73,2,5e-06,0,3,200,,,
2026-06-16T11:09:22.856,0.9561,24.73,1,5e-06,0,3,200,,,
2026-06-16T11:09:23.343,0.9561,24.74,1,5e-06,0,3,200,,,
2026-06-16T11:09:23.844,0.9561,24.73,2,5e-06,0,3,200,,,
2026-06-16T11:09:24.343,0.9561,24.74,1,5e-06,0,3,200,,,
2026-06-16T11:09:24.855,0.9562,24.73,2,5e-06,0,3,200,,,
2026-06-16T11:09:25.354,0.9561,24.73,1,5e-06,0,3,200,,,
2026-06-16T11:09:25.843,0.9561,24.73,1,5e-06,0,3,200,,,
2026-06-16T11:09:26.343,0.956,24.73,2,5e-06,0,3,200,,,
2026-06-16T11:09:26.842,0.9561,24.73,1,5e-06,0,3,200,,,
2026-06-16T11:09:27.343,0.9562,24.73,2,5e-06,0,3,200,,,
2026-06-16T11:09:27.855,0.9562,24.74,1,5e-06,0,3,200,,,
2026-06-16T11:09:28.355,0.9561,24.73,1,5e-06,0,3,200,,,
2026-06-16T11:09:28.857,0.9562,24.74,2,5e-06,0,3,200,,,
2026-06-16T11:09:29.355,0.9561,24.74,1,5e-06,0,3,200,,,
2026-06-16T11:09:29.854,0.9561,24.74,2,5e-06,0,3,200,,,
2026-06-16T11:09:30.354,0.9562,24.73,1,5e-06,0,3,200,,,
2026-06-16T11:09:30.851,0.956,24.74,2,5e-06,0,3,200,,,
2026-06-16T11:09:31.352,0.956,24.74,1,5e-06,0,3,200,,,
2026-06-16T11:09:31.853,0.9561,24.74,1,5e-06,0,3,200,,,
2026-06-16T11:09:32.356,0.9561,24.73,2,5e-06,0,3,200,,,
2026-06-16T11:09:32.855,0.9561,24.74,1,5e-06,0,3,200,,,
2026-06-16T11:09:33.356,0.9562,24.74,2,4e-06,0,3,200,,,
2026-06-16T11:09:33.856,0.956,24.74,1,5e-06,0,3,200,,,
2026-06-16T11:09:34.342,0.956,24.74,1,5e-06,0,3,200,,,
2026-06-16T11:09:34.845,0.9561,24.73,2,5e-06,0,3,200,,,
2026-06-16T11:09:35.347,0.9561,24.74,1,5e-06,0,3,200,,,
2026-06-16T11:09:35.847,0.9561,24.74,2,5e-06,0,3,200,,,
2026-06-16T11:09:36.348,0.9561,24.74,1,4e-06,0,3,200,,,
2026-06-16T11:09:36.851,0.9561,24.74,1,5e-06,0,3,200,,,
2026-06-16T11:09:37.352,0.9561,24.74,2,4e-06,0,3,200,,,
2026-06-16T11:09:37.853,0.9562,24.74,1,5e-06,0,3,200,,,
2026-06-16T11:09:38.355,0.9561,24.74,2,5e-06,0,3,200,,,
2026-06-16T11:09:38.857,0.9561,24.74,1,4e-06,0,3,200,,,
2026-06-16T11:09:39.354,0.9562,24.74,2,5e-06,0,3,200,,,
2026-06-16T11:09:39.848,0.9561,24.74,1,4e-06,0,3,200,,,
2026-06-16T11:09:40.348,0.9562,24.74,1,5e-06,0,3,200,,,
2026-06-16T11:09:40.844,0.9562,24.74,2,4e-06,0,3,200,,,
2026-06-16T11:09:41.343,0.9561,24.74,1,4e-06,0,3,200,,,
2026-06-16T11:09:41.843,0.9562,24.74,2,4e-06,0,3,200,,,
2026-06-16T11:09:42.357,0.9561,24.74,1,5e-06,0,3,200,,,
2026-06-16T11:09:42.843,0.9562,24.74,1,5e-06,0,3,200,,,
2026-06-16T11:09:43.347,0.9562,24.74,2,4e-06,0,3,200,,,
2026-06-16T11:09:43.846,0.9561,24.74,1,4e-06,0,3,200,,,
2026-06-16T11:09:44.344,0.9562,24.74,2,4e-06,0,3,200,,,
2026-06-16T11:09:44.845,0.9562,24.74,1,5e-06,0,3,200,,,
2026-06-16T11:09:45.345,0.9561,24.74,1,5e-06,0,3,200,,,
2026-06-16T11:09:45.845,0.9562,24.74,2,4e-06,0,3,200,,,
2026-06-16T11:09:46.345,0.9561,24.74,1,4e-06,0,3,200,,,
2026-06-16T11:09:46.845,0.9561,24.74,2,4e-06,0,3,200,,,
2026-06-16T11:09:47.344,0.9561,24.74,1,4e-06,0,3,200,,,
2026-06-16T11:09:47.843,0.9562,24.74,1,4e-06,0,3,200,,,
2026-06-16T11:09:48.357,0.9561,24.74,2,4e-06,0,3,200,,,
2026-06-16T11:09:48.844,0.9562,24.74,1,4e-06,0,3,200,,,
2026-06-16T11:09:49.357,0.9562,24.74,2,4e-06,0,3,200,,,
2026-06-16T11:09:49.854,0.9561,24.74,1,4e-06,0,3,200,,,
2026-06-16T11:09:50.351,0.9562,24.74,2,4e-06,0,3,200,,,
2026-06-16T11:09:50.853,0.9561,24.74,1,4e-06,0,3,200,,,
2026-06-16T11:09:51.350,0.9561,24.74,1,4e-06,0,3,200,,,
2026-06-16T11:09:51.850,0.9561,24.74,2,4e-06,0,3,200,,,
2026-06-16T11:09:52.351,0.9561,24.75,1,4e-06,0,3,200,,,
2026-06-16T11:09:52.851,0.9562,24.74,2,4e-06,0,3,200,,,
2026-06-16T11:09:53.348,0.9561,24.74,1,4e-06,0,3,200,,,
2026-06-16T11:09:53.849,0.9561,24.74,1,4e-06,0,3,200,,,
2026-06-16T11:09:54.349,0.9561,24.74,2,4e-06,0,3,200,,,
2026-06-16T11:09:54.848,0.9561,24.74,1,4e-06,0,3,200,,,
2026-06-16T11:09:55.345,0.9562,24.74,2,4e-06,0,3,200,,,
2026-06-16T11:09:55.847,0.9561,24.74,1,4e-06,0,3,200,,,
2026-06-16T11:09:56.345,0.9561,24.74,1,4e-06,0,3,200,,,
2026-06-16T11:09:56.844,0.9561,24.74,2,4e-06,0,3,200,,,
2026-06-16T11:09:57.357,0.9562,24.74,1,4e-06,0,3,200,,,
2026-06-16T11:09:57.854,0.9561,24.74,2,4e-06,0,3,200,,,
2026-06-16T11:09:58.356,0.9561,24.75,1,4e-06,0,3,200,,,
2026-06-16T11:09:58.857,0.9562,24.74,1,4e-06,0,3,200,,,
2026-06-16T11:09:59.343,0.9562,24.74,2,4e-06,0,3,200,,,
2026-06-16T11:09:59.843,0.9561,24.74,1,4e-06,0,3,200,,,
2026-06-16T11:10:00.345,0.9562,24.74,2,4e-06,0,3,200,,,
2026-06-16T11:10:00.846,0.9562,24.75,1,4e-06,0,3,200,,,
2026-06-16T11:10:01.346,0.9561,24.75,1,4e-06,0,3,200,,,
2026-06-16T11:10:01.844,0.9562,24.74,2,4e-06,0,3,200,,,
2026-06-16T11:10:02.343,0.9561,24.75,1,4e-06,0,3,200,,,
2026-06-16T11:10:02.854,0.9562,24.74,2,4e-06,0,3,200,,,
2026-06-16T11:10:03.356,0.9562,24.75,1,4e-06,0,3,200,,,
2026-06-16T11:10:03.845,0.9561,24.75,1,4e-06,0,3,200,,,
2026-06-16T11:10:04.343,0.9561,24.74,2,4e-06,0,3,200,,,
2026-06-16T11:10:04.843,0.9562,24.74,1,4e-06,0,3,200,,,
2026-06-16T11:10:05.357,0.9562,24.74,2,4e-06,0,3,200,,,
2026-06-16T11:10:05.855,0.9562,24.75,1,4e-06,0,3,200,,,
2026-06-16T11:10:06.352,0.9562,24.75,1,4e-06,0,3,200,,,
2026-06-16T11:10:06.854,0.9562,24.75,2,4e-06,0,3,200,,,
2026-06-16T11:10:07.352,0.9562,24.75,1,4e-06,0,3,200,,,
2026-06-16T11:10:07.852,0.9561,24.75,2,4e-06,0,3,200,,,
2026-06-16T11:10:08.351,0.9562,24.75,1,4e-06,0,3,200,,,
2026-06-16T11:10:08.850,0.9562,24.75,1,4e-06,0,3,200,,,
2026-06-16T11:10:09.352,0.9562,24.75,2,4e-06,0,3,200,,,
2026-06-16T11:10:09.848,0.9562,24.75,1,4e-06,0,3,200,,,
2026-06-16T11:10:10.348,0.9562,24.75,2,4e-06,0,3,200,,,
2026-06-16T11:10:10.848,0.9561,24.75,1,4e-06,0,3,200,,,
2026-06-16T11:10:11.343,0.9561,24.75,1,4e-06,0,3,200,,,
2026-06-16T11:10:11.842,0.9562,24.75,2,4e-06,0,3,200,,,
2026-06-16T11:10:12.344,0.9561,24.75,1,4e-06,0,3,200,,,
2026-06-16T11:10:12.845,0.9562,24.75,2,4e-06,0,3,200,,,
2026-06-16T11:10:13.349,0.9562,24.75,1,4e-06,0,3,200,,,
2026-06-16T11:10:13.847,0.9562,24.75,1,4e-06,0,3,200,,,
2026-06-16T11:10:14.344,0.9562,24.75,2,4e-06,0,3,200,,,
2026-06-16T11:10:14.846,0.9562,24.75,1,4e-06,0,3,200,,,
2026-06-16T11:10:15.345,0.9562,24.75,2,4e-06,0,3,200,,,
2026-06-16T11:10:15.845,0.9563,24.75,1,4e-06,0,3,200,,,
2026-06-16T11:10:16.345,0.9562,24.75,1,4e-06,0,3,200,,,
2026-06-16T11:10:16.843,0.9562,24.75,2,4e-06,0,3,200,,,
2026-06-16T11:10:17.344,0.9562,24.75,1,4e-06,0,3,200,,,
2026-06-16T11:10:17.843,0.9562,24.75,2,4e-06,0,3,200,,,
2026-06-16T11:10:18.345,0.9562,24.75,1,4e-06,0,3,200,,,
2026-06-16T11:10:18.846,0.9562,24.75,1,4e-06,0,3,200,,,
2026-06-16T11:10:19.344,0.9562,24.75,2,4e-06,0,3,200,,,
2026-06-16T11:10:19.858,0.9562,24.75,1,4e-06,0,3,200,,,
2026-06-16T11:10:20.343,0.9562,24.75,2,4e-06,0,3,200,,,
2026-06-16T11:10:20.843,0.9562,24.76,1,4e-06,0,3,200,,,
2026-06-16T11:10:21.342,0.9563,24.76,1,4e-06,0,3,200,,,
2026-06-16T11:10:21.844,0.9563,24.75,2,4e-06,0,3,200,,,
2026-06-16T11:10:22.343,0.9562,24.75,1,4e-06,0,3,200,,,
2026-06-16T11:10:22.844,0.9562,24.75,2,4e-06,0,3,200,,,
2026-06-16T11:10:23.356,0.9562,24.76,1,4e-06,0,3,200,,,
2026-06-16T11:10:23.855,0.9562,24.76,1,4e-06,0,3,200,,,
2026-06-16T11:10:24.355,0.9562,24.75,2,4e-06,0,3,200,,,
2026-06-16T11:10:24.856,0.9562,24.75,1,4e-06,0,3,200,,,
2026-06-16T11:10:25.353,0.9563,24.76,2,4e-06,0,3,200,,,
2026-06-16T11:10:25.853,0.9562,24.75,1,4e-06,0,3,200,,,
2026-06-16T11:10:26.352,0.9562,24.75,1,4e-06,0,3,200,,,
2026-06-16T11:10:26.851,0.9562,24.75,2,4e-06,0,3,200,,,
2026-06-16T11:10:27.349,0.9562,24.76,1,4e-06,0,3,200,,,
2026-06-16T11:10:27.848,0.9562,24.75,2,4e-06,0,3,200,,,
2026-06-16T11:10:28.347,0.9561,24.75,1,4e-06,0,3,200,,,
2026-06-16T11:10:28.849,0.9562,24.76,1,4e-06,0,3,200,,,
2026-06-16T11:10:29.344,0.9562,24.76,2,4e-06,0,3,200,,,
2026-06-16T11:10:29.846,0.9562,24.76,1,3e-06,0,3,200,,,
2026-06-16T11:10:30.343,0.9562,24.75,2,2e-06,0,3,200,,,
2026-06-16T11:10:30.856,0.9562,24.76,1,2e-06,0,3,200,,,
2026-06-16T11:10:31.356,0.9563,24.76,2,2e-06,0,3,200,,,
2026-06-16T11:10:31.855,0.9562,24.76,1,2e-06,0,3,200,,,
2026-06-16T11:10:32.355,0.9562,24.76,1,2e-06,0,3,200,,,
2026-06-16T11:10:32.853,0.9562,24.76,2,2e-06,0,3,200,,,
2026-06-16T11:10:33.353,0.9562,24.76,1,2e-06,0,3,200,,,
2026-06-16T11:10:33.852,0.9562,24.76,2,2e-06,0,3,200,,,
2026-06-16T11:10:34.349,0.9562,24.76,1,2e-06,0,3,200,,,
2026-06-16T11:10:34.847,0.9562,24.76,1,2e-06,0,3,200,,,
2026-06-16T11:10:35.349,0.9562,24.76,2,2e-06,0,3,200,,,
2026-06-16T11:10:35.846,0.9562,24.76,1,2e-06,0,3,200,,,
2026-06-16T11:10:36.346,0.9562,24.76,2,2e-06,0,3,200,,,
2026-06-16T11:10:36.846,0.9562,24.76,1,2e-06,0,3,200,,,
2026-06-16T11:10:37.345,0.9562,24.76,1,2e-06,0,3,200,,,
2026-06-16T11:10:37.846,0.9562,24.76,2,2e-06,0,3,200,,,
2026-06-16T11:10:38.342,0.9562,24.76,1,2e-06,0,3,200,,,
2026-06-16T11:10:38.852,0.9563,24.76,2,2e-06,0,3,200,,,
2026-06-16T11:10:39.348,0.9562,24.76,1,2e-06,0,3,200,,,
2026-06-16T11:10:39.844,0.9562,24.76,1,2e-06,0,3,200,,,
2026-06-16T11:10:40.344,0.9563,24.76,2,2e-06,0,3,200,,,
2026-06-16T11:10:40.856,0.9562,24.76,1,2e-06,0,3,200,,,
2026-06-16T11:10:41.357,0.9562,24.76,2,2e-06,0,3,200,,,
2026-06-16T11:10:41.843,0.9563,24.76,1,2e-06,0,3,200,,,
2026-06-16T11:10:42.357,0.9562,24.76,2,2e-06,0,3,200,,,
2026-06-16T11:10:42.857,0.9562,24.76,1,7e-06,0,3,200,,,
2026-06-16T11:10:43.354,0.9563,24.76,1,8e-06,0,3,200,,,
2026-06-16T11:10:43.854,0.9562,24.76,2,7e-06,0,3,200,,,
2026-06-16T11:10:44.353,0.9562,24.76,1,6e-06,0,3,200,,,
2026-06-16T11:10:44.852,0.9562,24.76,2,6e-06,0,3,200,,,
2026-06-16T11:10:45.348,0.9563,24.76,1,5e-06,0,3,200,,,
2026-06-16T11:10:45.848,0.9562,24.76,1,5e-06,0,3,200,,,
2026-06-16T11:10:46.351,0.9562,24.76,2,5e-06,0,3,200,,,
2026-06-16T11:10:46.852,0.9562,24.77,1,5e-06,0,3,200,,,
2026-06-16T11:10:47.352,0.9563,24.77,2,5e-06,0,3,200,,,
2026-06-16T11:10:47.850,0.9562,24.77,1,5e-06,0,3,200,,,
2026-06-16T11:10:48.353,0.9562,24.76,1,5e-06,0,3,200,,,
2026-06-16T11:10:48.848,0.9563,24.77,2,5e-06,0,3,200,,,
2026-06-16T11:10:49.344,0.9562,24.77,1,5e-06,0,3,200,,,
2026-06-16T11:10:49.843,0.9563,24.77,2,5e-06,0,3,200,,,
2026-06-16T11:10:50.342,0.9563,24.77,1,5e-06,0,3,200,,,
2026-06-16T11:10:50.856,0.9562,24.77,2,5e-06,0,3,200,,,
2026-06-16T11:10:51.342,0.9563,24.77,1,5e-06,0,3,200,,,
2026-06-16T11:10:51.843,0.9562,24.76,1,4e-06,0,3,200,,,
2026-06-16T11:10:52.342,0.9562,24.77,2,4e-06,0,3,200,,,
2026-06-16T11:10:52.844,0.9562,24.77,1,4e-06,0,3,200,,,
2026-06-16T11:10:53.348,0.9562,24.77,2,4e-06,0,3,200,,,
2026-06-16T11:10:53.851,0.9562,24.77,1,4e-06,0,3,200,,,
2026-06-16T11:10:54.353,0.9563,24.77,1,4e-06,0,3,200,,,
2026-06-16T11:10:54.848,0.9562,24.77,2,4e-06,0,3,200,,,
2026-06-16T11:10:55.351,0.9563,24.77,1,4e-06,0,3,200,,,
2026-06-16T11:10:55.854,0.9562,24.77,2,4e-06,0,3,200,,,
2026-06-16T11:10:56.355,0.9563,24.77,1,4e-06,0,3,200,,,
2026-06-16T11:10:56.854,0.9562,24.77,1,4e-06,0,3,200,,,
2026-06-16T11:10:57.354,0.9563,24.77,2,4e-06,0,3,200,,,
2026-06-16T11:10:57.856,0.9563,24.77,1,4e-06,0,3,200,,,
2026-06-16T11:10:58.357,0.9563,24.77,2,4e-06,0,3,200,,,
2026-06-16T11:10:58.852,0.9563,24.77,1,4e-06,0,3,200,,,
2026-06-16T11:10:59.355,0.9563,24.77,1,4e-06,0,3,200,,,
2026-06-16T11:10:59.854,0.9563,24.77,2,4e-06,0,3,200,,,
2026-06-16T11:11:00.341,0.9563,24.77,1,4e-06,0,3,200,,,
2026-06-16T11:11:00.856,0.9563,24.77,2,4e-06,0,3,200,,,
2026-06-16T11:11:01.356,0.9563,24.77,1,4e-06,0,3,200,,,
2026-06-16T11:11:01.853,0.9563,24.77,2,4e-06,0,3,200,,,
2026-06-16T11:11:02.351,0.9563,24.77,1,4e-06,0,3,200,,,
2026-06-16T11:11:02.852,0.9562,24.77,1,4e-06,0,3,200,,,
2026-06-16T11:11:03.354,0.9563,24.77,2,4e-06,0,3,200,,,
2026-06-16T11:11:03.854,0.9564,24.77,1,4e-06,0,3,200,,,
2026-06-16T11:11:04.354,0.9563,24.77,2,4e-06,0,3,200,,,
2026-06-16T11:11:04.854,0.9563,24.77,1,4e-06,0,3,200,,,
2026-06-16T11:11:05.354,0.9563,24.77,1,4e-06,0,3,200,,,
2026-06-16T11:11:05.852,0.9563,24.77,2,4e-06,0,3,200,,,
2026-06-16T11:11:06.347,0.9564,24.77,1,4e-06,0,3,200,,,
2026-06-16T11:11:06.846,0.9563,24.77,2,4e-06,0,3,200,,,
2026-06-16T11:11:07.346,0.9564,24.77,1,4e-06,0,3,200,,,
2026-06-16T11:11:07.858,0.9563,24.77,1,4e-06,0,3,200,,,
2026-06-16T11:11:08.356,0.9563,24.77,2,4e-06,0,3,200,,,
2026-06-16T11:11:08.852,0.9563,24.77,1,4e-06,0,3,200,,,
2026-06-16T11:11:09.354,0.9564,24.77,2,4e-06,0,3,200,,,
2026-06-16T11:11:09.854,0.9564,24.77,1,4e-06,0,3,200,,,
2026-06-16T11:11:10.352,0.9564,24.78,1,4e-06,0,3,200,,,
2026-06-16T11:11:10.849,0.9564,24.77,2,4e-06,0,3,200,,,
2026-06-16T11:11:11.345,0.9564,24.77,1,4e-06,0,3,200,,,
2026-06-16T11:11:11.842,0.9564,24.78,2,4e-06,0,3,200,,,
2026-06-16T11:11:12.341,0.9564,24.78,1,4e-06,0,3,200,,,
2026-06-16T11:11:12.856,0.9564,24.77,2,4e-06,0,3,200,,,
2026-06-16T11:11:13.355,0.9564,24.77,1,4e-06,0,3,200,,,
2026-06-16T11:11:13.854,0.9564,24.77,1,4e-06,0,3,200,,,
2026-06-16T11:11:14.355,0.9564,24.78,2,4e-06,0,3,200,,,
2026-06-16T11:11:14.857,0.9564,24.78,1,4e-06,0,3,200,,,
2026-06-16T11:11:15.354,0.9564,24.78,2,4e-06,0,3,200,,,
2026-06-16T11:11:15.851,0.9564,24.78,1,4e-06,0,3,200,,,
2026-06-16T11:11:16.349,0.9564,24.78,1,4e-06,0,3,200,,,
2026-06-16T11:11:16.850,0.9564,24.78,2,4e-06,0,3,200,,,
2026-06-16T11:11:17.351,0.9563,24.78,1,4e-06,0,3,200,,,
2026-06-16T11:11:17.851,0.9564,24.78,2,4e-06,0,3,200,,,
2026-06-16T11:11:18.353,0.9564,24.78,1,4e-06,0,3,200,,,
2026-06-16T11:11:18.851,0.9564,24.78,1,4e-06,0,3,200,,,
2026-06-16T11:11:19.349,0.9564,24.78,2,4e-06,0,3,200,,,
2026-06-16T11:11:19.847,0.9564,24.78,1,4e-06,0,3,200,,,
2026-06-16T11:11:20.345,0.9564,24.79,2,4e-06,0,3,200,,,
2026-06-16T11:11:20.844,0.9564,24.78,1,4e-06,0,3,200,,,
2026-06-16T11:11:21.343,0.9564,24.78,1,4e-06,0,3,200,,,
2026-06-16T11:11:21.842,0.9564,24.78,2,4e-06,0,3,200,,,
2026-06-16T11:11:22.357,0.9564,24.79,1,4e-06,0,3,200,,,
2026-06-16T11:11:22.855,0.9564,24.79,2,4e-06,0,3,200,,,
2026-06-16T11:11:23.354,0.9564,24.79,1,4e-06,0,3,200,,,
2026-06-16T11:11:23.855,0.9564,24.79,2,4e-06,0,3,200,,,
2026-06-16T11:11:24.353,0.9564,24.79,1,4e-06,0,3,200,,,
2026-06-16T11:11:24.853,0.9564,24.79,1,4e-06,0,3,200,,,
2026-06-16T11:11:25.351,0.9564,24.79,2,4e-06,0,3,200,,,
2026-06-16T11:11:25.849,0.9565,24.79,1,4e-06,0,3,200,,,
2026-06-16T11:11:26.348,0.9564,24.79,2,4e-06,0,3,200,,,
2026-06-16T11:11:26.849,0.9564,24.79,1,4e-06,0,3,200,,,
2026-06-16T11:11:27.349,0.9564,24.79,1,4e-06,0,3,200,,,
2026-06-16T11:11:27.847,0.9564,24.79,2,4e-06,0,3,200,,,
2026-06-16T11:11:28.345,0.9564,24.79,1,4e-06,0,3,200,,,
2026-06-16T11:11:28.843,0.9564,24.79,2,4e-06,0,3,200,,,
2026-06-16T11:11:29.343,0.9565,24.79,1,4e-06,0,3,200,,,
2026-06-16T11:11:29.844,0.9564,24.79,1,4e-06,0,3,200,,,
2026-06-16T11:11:30.344,0.9565,24.79,2,4e-06,0,3,200,,,
2026-06-16T11:11:30.852,0.9564,24.79,1,4e-06,0,3,200,,,
2026-06-16T11:11:31.350,0.9564,24.79,2,4e-06,0,3,200,,,
2026-06-16T11:11:31.850,0.9564,24.79,1,4e-06,0,3,200,,,
2026-06-16T11:11:32.346,0.9565,24.79,2,4e-06,0,3,200,,,
2026-06-16T11:11:32.845,0.9564,24.79,1,4e-06,0,3,200,,,
2026-06-16T11:11:33.346,0.9564,24.79,1,4e-06,0,3,200,,,
2026-06-16T11:11:33.848,0.9565,24.8,2,4e-06,0,3,200,,,
2026-06-16T11:11:34.346,0.9564,24.79,1,4e-06,0,3,200,,,
2026-06-16T11:11:34.851,0.9565,24.79,2,4e-06,0,3,200,,,
2026-06-16T11:11:35.353,0.9565,24.79,1,4e-06,0,3,200,,,
2026-06-16T11:11:35.854,0.9564,24.8,1,4e-06,0,3,200,,,
2026-06-16T11:11:36.342,0.9565,24.8,2,4e-06,0,3,200,,,
2026-06-16T11:11:36.856,0.9564,24.8,1,4e-06,0,3,200,,,
2026-06-16T11:11:37.356,0.9565,24.8,2,4e-06,0,3,200,,,
2026-06-16T11:11:37.855,0.9564,24.8,1,4e-06,0,3,200,,,
2026-06-16T11:11:38.356,0.9564,24.8,1,4e-06,0,3,200,,,
2026-06-16T11:11:38.858,0.9565,24.8,2,4e-06,0,3,200,,,
2026-06-16T11:11:39.356,0.9565,24.8,1,4e-06,0,3,200,,,
2026-06-16T11:11:39.841,0.9566,24.8,2,4e-06,0,3,200,,,
2026-06-16T11:11:40.355,0.9565,24.8,1,4e-06,0,3,200,,,
2026-06-16T11:11:40.855,0.9565,24.8,2,4e-06,0,3,200,,,
2026-06-16T11:11:41.354,0.9565,24.8,1,4e-06,0,3,200,,,
2026-06-16T11:11:41.856,0.9565,24.8,1,4e-06,0,3,200,,,
2026-06-16T11:11:42.353,0.9565,24.8,2,4e-06,0,3,200,,,
2026-06-16T11:11:42.853,0.9565,24.8,1,4e-06,0,3,200,,,
2026-06-16T11:11:43.354,0.9565,24.8,2,4e-06,0,3,200,,,
2026-06-16T11:11:43.841,0.9566,24.8,1,4e-06,0,3,200,,,
2026-06-16T11:11:44.356,0.9565,24.8,1,4e-06,0,3,200,,,
2026-06-16T11:11:44.842,0.9565,24.8,2,4e-06,0,3,200,,,
2026-06-16T11:11:45.344,0.9566,24.8,1,4e-06,0,3,200,,,
2026-06-16T11:11:45.844,0.9565,24.81,2,4e-06,0,3,200,,,
2026-06-16T11:11:46.347,0.9565,24.81,1,4e-06,0,3,200,,,
2026-06-16T11:11:46.851,0.9565,24.81,1,4e-06,0,3,200,,,
2026-06-16T11:11:47.351,0.9565,24.8,2,4e-06,0,3,200,,,
2026-06-16T11:11:47.851,0.9565,24.81,1,4e-06,0,3,200,,,
2026-06-16T11:11:48.353,0.9565,24.81,2,4e-06,0,3,200,,,
2026-06-16T11:11:48.851,0.9565,24.81,1,4e-06,0,3,200,,,
2026-06-16T11:11:49.352,0.9565,24.81,2,4e-06,0,3,200,,,
2026-06-16T11:11:49.850,0.9565,24.81,1,4e-06,0,3,200,,,
2026-06-16T11:11:50.349,0.9566,24.81,1,4e-06,0,3,200,,,
2026-06-16T11:11:50.850,0.9566,24.81,2,4e-06,0,3,200,,,
2026-06-16T11:11:51.345,0.9566,24.81,1,4e-06,0,3,200,,,
2026-06-16T11:11:51.846,0.9566,24.81,2,4e-06,0,3,200,,,
2026-06-16T11:11:52.348,0.9565,24.81,1,4e-06,0,3,200,,,
2026-06-16T11:11:52.849,0.9565,24.81,1,4e-06,0,3,200,,,
2026-06-16T11:11:53.345,0.9566,24.81,2,4e-06,0,3,200,,,
2026-06-16T11:11:53.844,0.9566,24.81,1,4e-06,0,3,200,,,
2026-06-16T11:11:54.343,0.9566,24.81,2,4e-06,0,3,200,,,
2026-06-16T11:11:54.855,0.9566,24.81,1,4e-06,0,3,200,,,
2026-06-16T11:11:55.354,0.9567,24.81,1,4e-06,0,3,200,,,
2026-06-16T11:11:55.852,0.9566,24.81,2,4e-06,0,3,200,,,
2026-06-16T11:11:56.353,0.9566,24.81,1,4e-06,0,3,200,,,
2026-06-16T11:11:56.850,0.9566,24.81,2,4e-06,0,3,200,,,
2026-06-16T11:11:57.350,0.9567,24.81,1,4e-06,0,3,200,,,
2026-06-16T11:11:57.851,0.9566,24.81,1,4e-06,0,3,200,,,
2026-06-16T11:11:58.349,0.9567,24.81,2,4e-06,0,3,200,,,
2026-06-16T11:11:58.844,0.9566,24.82,1,4e-06,0,3,200,,,
2026-06-16T11:11:59.345,0.9567,24.81,2,4e-06,0,3,200,,,
2026-06-16T11:11:59.844,0.9567,24.82,1,4e-06,0,3,200,,,
2026-06-16T11:12:00.356,0.9567,24.82,2,4e-06,0,3,200,,,
2026-06-16T11:12:00.854,0.9566,24.82,1,4e-06,0,3,200,,,
2026-06-16T11:12:01.352,0.9567,24.82,1,4e-06,0,3,200,,,
2026-06-16T11:12:01.854,0.9566,24.82,2,4e-06,0,3,200,,,
2026-06-16T11:12:02.354,0.9567,24.82,1,4e-06,0,3,200,,,
2026-06-16T11:12:02.843,0.9566,24.82,1,4e-06,0,3,200,,,
2026-06-16T11:12:03.344,0.9566,24.82,2,4e-06,0,3,200,,,
2026-06-16T11:12:03.844,0.9567,24.82,1,4e-06,0,3,200,,,
2026-06-16T11:12:04.357,0.9567,24.82,2,4e-06,0,3,200,,,
2026-06-16T11:12:04.856,0.9566,24.82,1,4e-06,0,3,200,,,
2026-06-16T11:12:05.355,0.9567,24.82,2,4e-06,0,3,200,,,
2026-06-16T11:12:05.851,0.9567,24.82,1,4e-06,0,3,200,,,
2026-06-16T11:12:06.351,0.9566,24.82,1,4e-06,0,3,200,,,
2026-06-16T11:12:06.853,0.9567,24.83,2,4e-06,0,3,200,,,
2026-06-16T11:12:07.354,0.9566,24.82,1,4e-06,0,3,200,,,
2026-06-16T11:12:07.854,0.9567,24.82,2,4e-06,0,3,200,,,
2026-06-16T11:12:08.351,0.9567,24.83,1,4e-06,0,3,200,,,
2026-06-16T11:12:08.849,0.9567,24.83,1,4e-06,0,3,200,,,
2026-06-16T11:12:09.348,0.9567,24.83,2,4e-06,0,3,200,,,
2026-06-16T11:12:09.850,0.9566,24.83,1,4e-06,0,3,200,,,
2026-06-16T11:12:10.351,0.9567,24.83,2,4e-06,0,3,200,,,
2026-06-16T11:12:10.850,0.9567,24.83,1,4e-06,0,3,200,,,
2026-06-16T11:12:11.347,0.9567,24.83,1,4e-06,0,3,200,,,
2026-06-16T11:12:11.847,0.9567,24.83,2,4e-06,0,3,200,,,
2026-06-16T11:12:12.345,0.9567,24.83,1,4e-06,0,3,200,,,
2026-06-16T11:12:12.843,0.9567,24.84,2,4e-06,0,3,200,,,
2026-06-16T11:12:13.342,0.9567,24.83,1,4e-06,0,3,200,,,
2026-06-16T11:12:13.853,0.9567,24.84,2,4e-06,0,3,200,,,
2026-06-16T11:12:14.353,0.9567,24.84,1,4e-06,0,3,200,,,
2026-06-16T11:12:14.852,0.9567,24.84,1,4e-06,0,3,200,,,
2026-06-16T11:12:15.354,0.9567,24.84,2,4e-06,0,3,200,,,
2026-06-16T11:12:15.857,0.9567,24.84,1,4e-06,0,3,200,,,
2026-06-16T11:12:16.342,0.9567,24.84,2,4e-06,0,3,200,,,
2026-06-16T11:12:16.844,0.9568,24.84,1,4e-06,0,3,200,,,
2026-06-16T11:12:17.344,0.9567,24.84,1,4e-06,0,3,200,,,
2026-06-16T11:12:17.856,0.9567,24.84,2,4e-06,0,3,200,,,
2026-06-16T11:12:18.352,0.9568,24.84,1,4e-06,0,3,200,,,
2026-06-16T11:12:18.854,0.9567,24.84,2,4e-06,0,3,200,,,
2026-06-16T11:12:19.351,0.9567,24.84,1,4e-06,0,3,200,,,
2026-06-16T11:12:19.847,0.9567,24.84,1,4e-06,0,3,200,,,
2026-06-16T11:12:20.346,0.9567,24.84,2,4e-06,0,3,200,,,
2026-06-16T11:12:20.844,0.9567,24.84,1,4e-06,0,3,200,,,
2026-06-16T11:12:21.343,0.9567,24.84,2,4e-06,0,3,200,,,
2026-06-16T11:12:21.845,0.9568,24.85,1,4e-06,0,3,200,,,
2026-06-16T11:12:22.355,0.9568,24.85,2,4e-06,0,3,200,,,
2026-06-16T11:12:22.855,0.9568,24.85,1,4e-06,0,3,200,,,
2026-06-16T11:12:23.355,0.9568,24.85,1,4e-06,0,3,200,,,
2026-06-16T11:12:23.852,0.9568,24.85,2,4e-06,0,3,200,,,
2026-06-16T11:12:24.354,0.9568,24.85,1,4e-06,0,3,200,,,
2026-06-16T11:12:24.854,0.9568,24.85,2,4e-06,0,3,200,,,
2026-06-16T11:12:25.352,0.9568,24.85,1,4e-06,0,3,200,,,
2026-06-16T11:12:25.851,0.9569,24.85,1,4e-06,0,3,200,,,
2026-06-16T11:12:26.351,0.9568,24.85,2,4e-06,0,3,200,,,
2026-06-16T11:12:26.852,0.9568,24.85,1,4e-06,0,3,200,,,
2026-06-16T11:12:27.355,0.9569,24.85,1,4e-06,0,3,200,,,
2026-06-16T11:12:27.856,0.9568,24.85,2,4e-06,0,3,200,,,
2026-06-16T11:12:28.342,0.9569,24.85,1,4e-06,0,3,200,,,
2026-06-16T11:12:28.842,0.9568,24.85,2,4e-06,0,3,200,,,
2026-06-16T11:12:29.345,0.9569,24.85,1,4e-06,0,3,200,,,
2026-06-16T11:12:29.848,0.9569,24.86,1,4e-06,0,3,200,,,
2026-06-16T11:12:30.345,0.9569,24.85,2,4e-06,0,3,200,,,
2026-06-16T11:12:30.845,0.9569,24.85,1,4e-06,0,3,200,,,
2026-06-16T11:12:31.343,0.9568,24.86,2,4e-06,0,3,200,,,
2026-06-16T11:12:31.843,0.9569,24.86,1,4e-06,0,3,200,,,
2026-06-16T11:12:32.343,0.9568,24.86,1,4e-06,0,3,200,,,
2026-06-16T11:12:32.857,0.9568,24.86,2,4e-06,0,3,200,,,
2026-06-16T11:12:33.350,0.9569,24.86,1,4e-06,0,3,200,,,
2026-06-16T11:12:33.853,0.9568,24.86,2,4e-06,0,3,200,,,
2026-06-16T11:12:34.353,0.9569,24.86,1,4e-06,0,3,200,,,
2026-06-16T11:12:34.850,0.9568,24.86,1,4e-06,0,3,200,,,
2026-06-16T11:12:35.347,0.9569,24.86,2,4e-06,0,3,200,,,
2026-06-16T11:12:35.847,0.9569,24.86,1,4e-06,0,3,200,,,
2026-06-16T11:12:36.347,0.9569,24.86,2,4e-06,0,3,200,,,
2026-06-16T11:12:36.845,0.957,24.86,1,4e-06,0,3,200,,,
2026-06-16T11:12:37.355,0.9568,24.87,1,4e-06,0,3,200,,,
2026-06-16T11:12:37.854,0.957,24.86,2,4e-06,0,3,200,,,
2026-06-16T11:12:38.352,0.9569,24.86,1,4e-06,0,3,200,,,
2026-06-16T11:12:38.852,0.9569,24.87,2,4e-06,0,3,200,,,
2026-06-16T11:12:39.349,0.9569,24.86,1,4e-06,0,3,200,,,
2026-06-16T11:12:39.847,0.9569,24.87,1,4e-06,0,3,200,,,
2026-06-16T11:12:40.345,0.9569,24.87,2,4e-06,0,3,200,,,
2026-06-16T11:12:40.846,0.9569,24.87,1,4e-06,0,3,200,,,
2026-06-16T11:12:41.342,0.957,24.87,2,4e-06,0,3,200,,,
2026-06-16T11:12:41.855,0.957,24.87,1,4e-06,0,3,200,,,
2026-06-16T11:12:42.355,0.957,24.87,1,4e-06,0,3,200,,,
2026-06-16T11:12:42.856,0.957,24.88,2,4e-06,0,3,200,,,
2026-06-16T11:12:43.341,0.957,24.88,1,4e-06,0,3,200,,,
2026-06-16T11:12:43.855,0.9569,24.88,2,4e-06,0,3,200,,,
2026-06-16T11:12:44.354,0.957,24.88,1,4e-06,0,3,200,,,
2026-06-16T11:12:44.855,0.9569,24.88,2,4e-06,0,3,200,,,
2026-06-16T11:12:45.353,0.957,24.88,1,4e-06,0,3,200,,,
2026-06-16T11:12:45.853,0.9569,24.88,1,4e-06,0,3,200,,,
2026-06-16T11:12:46.353,0.957,24.88,2,4e-06,0,3,200,,,
2026-06-16T11:12:46.851,0.957,24.89,1,4e-06,0,3,200,,,
2026-06-16T11:12:47.349,0.957,24.88,2,4e-06,0,3,200,,,
2026-06-16T11:12:47.851,0.957,24.88,1,4e-06,0,3,200,,,
2026-06-16T11:12:48.351,0.957,24.89,1,4e-06,0,3,200,,,
2026-06-16T11:12:48.848,0.957,24.89,2,4e-06,0,3,200,,,
2026-06-16T11:12:49.348,0.957,24.89,1,4e-06,0,3,200,,,
2026-06-16T11:12:49.847,0.957,24.89,2,4e-06,0,3,200,,,
2026-06-16T11:12:50.345,0.957,24.89,1,4e-06,0,3,200,,,
2026-06-16T11:12:50.844,0.9571,24.89,1,4e-06,0,3,200,,,
2026-06-16T11:12:51.347,0.9569,24.89,2,4e-06,0,3,200,,,
2026-06-16T11:12:51.848,0.957,24.89,1,4e-06,0,3,200,,,
2026-06-16T11:12:52.347,0.957,24.89,2,4e-06,0,3,200,,,
2026-06-16T11:12:52.850,0.957,24.89,1,4e-06,0,3,200,,,
2026-06-16T11:12:53.351,0.957,24.89,2,4e-06,0,3,200,,,
2026-06-16T11:12:53.856,0.957,24.89,1,4e-06,0,3,200,,,
2026-06-16T11:12:54.355,0.957,24.9,1,4e-06,0,3,200,,,
2026-06-16T11:12:54.854,0.957,24.89,2,4e-06,0,3,200,,,
2026-06-16T11:12:55.353,0.9571,24.9,1,4e-06,0,3,200,,,
2026-06-16T11:12:55.856,0.9571,24.9,2,4e-06,0,3,200,,,
2026-06-16T11:12:56.342,0.9571,24.9,1,4e-06,0,3,200,,,
2026-06-16T11:12:56.855,0.957,24.9,1,4e-06,0,3,200,,,
2026-06-16T11:12:57.357,0.9571,24.9,2,4e-06,0,3,200,,,
2026-06-16T11:12:57.854,0.9571,24.9,1,4e-06,0,3,200,,,
2026-06-16T11:12:58.353,0.9571,24.9,2,4e-06,0,3,200,,,
2026-06-16T11:12:58.858,0.957,24.9,1,4e-06,0,3,200,,,
2026-06-16T11:12:59.345,0.957,24.9,1,4e-06,0,3,200,,,
2026-06-16T11:12:59.846,0.957,24.9,2,4e-06,0,3,200,,,
2026-06-16T11:13:00.341,0.9571,24.9,1,4e-06,0,3,200,,,
2026-06-16T11:13:00.856,0.957,24.9,2,4e-06,0,3,200,,,
2026-06-16T11:13:01.356,0.9571,24.9,1,4e-06,0,3,200,,,
2026-06-16T11:13:01.853,0.9571,24.9,2,4e-06,0,3,200,,,
2026-06-16T11:13:02.354,0.9571,24.91,1,4e-06,0,3,200,,,
2026-06-16T11:13:02.853,0.9571,24.91,1,4e-06,0,3,200,,,
2026-06-16T11:13:03.353,0.9571,24.91,2,4e-06,0,3,200,,,
2026-06-16T11:13:03.850,0.9571,24.91,1,4e-06,0,3,200,,,
2026-06-16T11:13:04.348,0.957,24.91,1,4e-06,0,3,200,,,
2026-06-16T11:13:04.848,0.957,24.91,2,4e-06,0,3,200,,,
2026-06-16T11:13:05.347,0.9572,24.91,1,4e-06,0,3,200,,,
2026-06-16T11:13:05.847,0.9571,24.91,2,4e-06,0,3,200,,,
2026-06-16T11:13:06.346,0.9571,24.91,1,4e-06,0,3,200,,,
2026-06-16T11:13:06.845,0.9571,24.91,1,4e-06,0,3,200,,,
2026-06-16T11:13:07.343,0.9571,24.91,2,4e-06,0,3,200,,,
2026-06-16T11:13:07.846,0.957,24.91,1,4e-06,0,3,200,,,
2026-06-16T11:13:08.347,0.9571,24.91,2,4e-06,0,3,200,,,
2026-06-16T11:13:08.849,0.957,24.92,1,4e-06,0,3,200,,,
2026-06-16T11:13:09.352,0.957,24.91,2,4e-06,0,3,200,,,
2026-06-16T11:13:09.849,0.9571,24.92,1,4e-06,0,3,200,,,
2026-06-16T11:13:10.350,0.9571,24.92,1,4e-06,0,3,200,,,
2026-06-16T11:13:10.849,0.957,24.92,2,4e-06,0,3,200,,,
2026-06-16T11:13:11.356,0.9571,24.92,1,4e-06,0,3,200,,,
2026-06-16T11:13:11.842,0.9571,24.92,2,4e-06,0,3,200,,,
2026-06-16T11:13:12.343,0.9572,24.92,1,4e-06,0,3,200,,,
2026-06-16T11:13:12.855,0.9571,24.92,1,4e-06,0,3,200,,,
2026-06-16T11:13:13.357,0.9571,24.92,2,4e-06,0,3,200,,,
2026-06-16T11:13:13.855,0.9571,24.92,1,4e-06,0,3,200,,,
2026-06-16T11:13:14.355,0.9571,24.93,2,4e-06,0,3,200,,,
2026-06-16T11:13:14.853,0.9571,24.93,1,4e-06,0,3,200,,,
2026-06-16T11:13:15.351,0.9571,24.93,1,4e-06,0,3,200,,,
2026-06-16T11:13:15.850,0.9571,24.93,2,4e-06,0,3,200,,,
2026-06-16T11:13:16.351,0.9571,24.93,1,4e-06,0,3,200,,,
2026-06-16T11:13:16.850,0.9571,24.93,2,4e-06,0,3,200,,,
2026-06-16T11:13:17.353,0.9571,24.93,1,4e-06,0,3,200,,,
2026-06-16T11:13:17.850,0.9572,24.93,1,4e-06,0,3,200,,,
2026-06-16T11:13:18.351,0.9572,24.93,2,4e-06,0,3,200,,,
2026-06-16T11:13:18.848,0.9571,24.93,1,4e-06,0,3,200,,,
2026-06-16T11:13:19.346,0.9571,24.93,2,4e-06,0,3,200,,,
2026-06-16T11:13:19.846,0.9572,24.93,1,4e-06,0,3,200,,,
2026-06-16T11:13:20.344,0.9572,24.93,1,4e-06,0,3,200,,,
2026-06-16T11:13:20.843,0.9572,24.94,2,4e-06,0,3,200,,,
2026-06-16T11:13:21.343,0.9572,24.94,1,4e-06,0,3,200,,,
2026-06-16T11:13:21.857,0.9572,24.94,2,4e-06,0,3,200,,,
2026-06-16T11:13:22.353,0.9572,24.94,1,4e-06,0,3,200,,,
2026-06-16T11:13:22.852,0.9571,24.94,1,4e-06,0,3,200,,,
2026-06-16T11:13:23.351,0.9572,24.94,2,4e-06,0,3,200,,,
2026-06-16T11:13:23.851,0.9571,24.94,1,4e-06,0,3,200,,,
2026-06-16T11:13:24.350,0.9572,24.94,2,4e-06,0,3,200,,,
2026-06-16T11:13:24.849,0.9572,24.94,1,4e-06,0,3,200,,,
2026-06-16T11:13:25.349,0.9572,24.94,1,4e-06,0,3,200,,,
2026-06-16T11:13:25.844,0.9572,24.94,2,4e-06,0,3,200,,,
2026-06-16T11:13:26.343,0.9571,24.94,1,4e-06,0,3,200,,,
2026-06-16T11:13:26.842,0.9571,24.94,2,4e-06,0,3,200,,,
2026-06-16T11:13:27.356,0.9571,24.94,1,4e-06,0,3,200,,,
2026-06-16T11:13:27.841,0.9572,24.94,1,4e-06,0,3,200,,,
2026-06-16T11:13:28.342,0.9571,24.95,2,4e-06,0,3,200,,,
2026-06-16T11:13:28.855,0.9572,24.94,1,4e-06,0,3,200,,,
2026-06-16T11:13:29.354,0.9572,24.94,2,4e-06,0,3,200,,,
2026-06-16T11:13:29.853,0.9571,24.95,1,4e-06,0,3,200,,,
2026-06-16T11:13:30.350,0.9572,24.94,1,4e-06,0,3,200,,,
2026-06-16T11:13:30.849,0.9571,24.95,2,4e-06,0,3,200,,,
2026-06-16T11:13:31.347,0.9572,24.95,1,4e-06,0,3,200,,,
2026-06-16T11:13:31.846,0.9571,24.94,2,4e-06,0,3,200,,,
2026-06-16T11:13:32.343,0.9572,24.95,1,4e-06,0,3,200,,,
2026-06-16T11:13:32.844,0.9571,24.95,2,4e-06,0,3,200,,,
2026-06-16T11:13:33.343,0.9572,24.95,1,4e-06,0,3,200,,,
2026-06-16T11:13:33.856,0.9571,24.95,1,4e-06,0,3,200,,,
2026-06-16T11:13:34.355,0.9571,24.95,2,4e-06,0,3,200,,,
2026-06-16T11:13:34.841,0.9571,24.95,1,4e-06,0,3,200,,,
2026-06-16T11:13:35.354,0.9571,24.95,2,4e-06,0,3,200,,,
2026-06-16T11:13:35.852,0.9571,24.95,1,4e-06,0,3,200,,,
2026-06-16T11:13:36.352,0.957,24.95,1,4e-06,0,3,200,,,
2026-06-16T11:13:36.852,0.9571,24.95,2,4e-06,0,3,200,,,
2026-06-16T11:13:37.352,0.9571,24.95,1,4e-06,0,3,200,,,
2026-06-16T11:13:37.856,0.9571,24.95,2,4e-06,0,3,200,,,
2026-06-16T11:13:38.356,0.957,24.95,1,4e-06,0,3,200,,,
2026-06-16T11:13:38.855,0.957,24.95,1,4e-06,0,3,200,,,
2026-06-16T11:13:39.354,0.9571,24.95,2,4e-06,0,3,200,,,
2026-06-16T11:13:39.853,0.957,24.95,1,2e-06,0,3,200,,,
2026-06-16T11:13:40.353,0.957,24.95,2,2e-06,0,3,200,,,
2026-06-16T11:13:40.850,0.9571,24.96,1,2e-06,0,3,200,,,
2026-06-16T11:13:41.348,0.9571,24.96,1,2e-06,0,3,200,,,
2026-06-16T11:13:41.850,0.957,24.96,2,2e-06,0,3,200,,,
2026-06-16T11:13:42.348,0.957,24.96,1,2e-06,0,3,200,,,
2026-06-16T11:13:42.850,0.957,24.96,2,2e-06,0,3,200,,,
2026-06-16T11:13:43.353,0.957,24.96,1,2e-06,0,3,200,,,
2026-06-16T11:13:43.856,0.957,24.96,2,2e-06,0,3,200,,,
2026-06-16T11:13:44.354,0.957,24.96,1,2e-06,0,3,200,,,
2026-06-16T11:13:44.852,0.957,24.96,1,2e-06,0,3,200,,,
2026-06-16T11:13:45.350,0.957,24.96,2,2e-06,0,3,200,,,
2026-06-16T11:13:45.848,0.957,24.96,1,2e-06,0,3,200,,,
2026-06-16T11:13:46.346,0.957,24.96,2,2e-06,0,3,200,,,
2026-06-16T11:13:46.845,0.957,24.96,1,1e-06,0,3,200,,,
2026-06-16T11:13:47.346,0.957,24.96,1,1e-06,0,3,200,,,
2026-06-16T11:13:47.844,0.957,24.96,2,1e-06,0,3,200,,,
2026-06-16T11:13:48.344,0.957,24.96,1,1e-06,0,3,200,,,
2026-06-16T11:13:48.847,0.9569,24.96,2,1e-06,0,3,200,,,
2026-06-16T11:13:49.347,0.957,24.97,1,1e-06,0,3,200,,,
2026-06-16T11:13:49.851,0.957,24.97,2,1e-06,0,3,200,,,
2026-06-16T11:13:50.353,0.957,24.96,1,1e-06,0,3,200,,,
2026-06-16T11:13:50.841,0.957,24.97,1,1e-06,0,3,200,,,
2026-06-16T11:13:51.357,0.957,24.97,2,1e-06,0,3,200,,,
2026-06-16T11:13:51.856,0.957,24.96,1,1e-06,0,3,200,,,
2026-06-16T11:13:52.356,0.9569,24.96,2,1e-06,0,3,200,,,
2026-06-16T11:13:52.855,0.957,24.97,1,1e-06,0,3,200,,,
2026-06-16T11:13:53.354,0.957,24.96,1,1e-06,0,3,200,,,
2026-06-16T11:13:53.853,0.9569,24.97,2,1e-06,0,3,200,,,
2026-06-16T11:13:54.351,0.957,24.97,1,1e-06,0,3,200,,,
2026-06-16T11:13:54.850,0.957,24.97,2,1e-06,0,3,200,,,
2026-06-16T11:13:55.353,0.957,24.97,1,1e-06,0,3,200,,,
2026-06-16T11:13:55.856,0.9569,24.97,1,1e-06,0,3,200,,,
2026-06-16T11:13:56.343,0.957,24.97,2,1e-06,0,3,200,,,
2026-06-16T11:13:56.842,0.9569,24.97,1,1e-06,0,3,200,,,
2026-06-16T11:13:57.345,0.9569,24.97,2,1e-06,0,3,200,,,
2026-06-16T11:13:57.842,0.957,24.97,1,1e-06,0,3,200,,,
2026-06-16T11:13:58.356,0.9569,24.97,2,1e-06,0,3,200,,,
2026-06-16T11:13:58.854,0.957,24.97,1,1e-06,0,3,200,,,
2026-06-16T11:13:59.354,0.957,24.97,1,1e-06,0,3,200,,,
2026-06-16T11:13:59.853,0.9569,24.97,2,1e-06,0,3,200,,,
2026-06-16T11:14:00.351,0.957,24.97,1,1e-06,0,3,200,,,
2026-06-16T11:14:00.848,0.957,24.97,1,1e-06,0,3,200,,,
2026-06-16T11:14:01.347,0.957,24.98,2,1e-06,0,3,200,,,
2026-06-16T11:14:01.846,0.957,24.98,1,1e-06,0,3,200,,,
2026-06-16T11:14:02.344,0.957,24.98,2,1e-06,0,3,200,,,
2026-06-16T11:14:02.842,0.957,24.97,1,1e-06,0,3,200,,,
2026-06-16T11:14:03.342,0.957,24.98,2,1e-06,0,3,200,,,
2026-06-16T11:14:03.842,0.957,24.98,1,1e-06,0,3,200,,,
2026-06-16T11:14:04.355,0.957,24.98,1,1e-06,0,3,200,,,
2026-06-16T11:14:04.853,0.957,24.98,2,1e-06,0,3,200,,,
2026-06-16T11:14:05.350,0.957,24.98,1,1e-06,0,3,200,,,
2026-06-16T11:14:05.850,0.957,24.98,2,1e-06,0,3,200,,,
2026-06-16T11:14:06.348,0.957,24.98,1,1e-06,0,3,200,,,
2026-06-16T11:14:06.845,0.957,24.98,1,1e-06,0,3,200,,,
2026-06-16T11:14:07.347,0.957,24.98,2,1e-06,0,3,200,,,
2026-06-16T11:14:07.844,0.9571,24.98,1,1e-06,0,3,200,,,
2026-06-16T11:14:08.343,0.9571,24.98,2,1e-06,0,3,200,,,
2026-06-16T11:14:08.855,0.9571,24.98,1,1e-06,0,3,200,,,
2026-06-16T11:14:09.355,0.9571,24.98,1,1e-06,0,3,200,,,
2026-06-16T11:14:09.855,0.957,24.98,2,1e-06,0,3,200,,,
2026-06-16T11:14:10.354,0.957,24.99,1,1e-06,0,3,200,,,
2026-06-16T11:14:10.850,0.9571,24.99,2,1e-06,0,3,200,,,
2026-06-16T11:14:11.351,0.9571,24.99,1,1e-06,0,3,200,,,
2026-06-16T11:14:11.850,0.9572,24.98,1,1e-06,0,3,200,,,
2026-06-16T11:14:12.351,0.9571,24.98,2,1e-06,0,3,200,,,
2026-06-16T11:14:12.856,0.9572,24.99,1,1e-06,0,3,200,,,
2026-06-16T11:14:13.354,0.957,24.99,2,1e-06,0,3,200,,,
2026-06-16T11:14:13.853,0.9571,24.99,1,1e-06,0,3,200,,,
2026-06-16T11:14:14.350,0.9571,24.99,1,1e-06,0,3,200,,,
2026-06-16T11:14:14.851,0.9571,24.99,2,1e-06,0,3,200,,,
2026-06-16T11:14:15.349,0.9572,24.99,1,1e-06,0,3,200,,,
2026-06-16T11:14:15.846,0.9571,24.99,2,1e-06,0,3,200,,,
2026-06-16T11:14:16.346,0.9571,24.99,1,1e-06,0,3,200,,,
2026-06-16T11:14:16.846,0.9571,24.99,2,1e-06,0,3,200,,,
2026-06-16T11:14:17.345,0.9572,24.99,1,1e-06,0,3,200,,,
2026-06-16T11:14:17.845,0.9572,24.99,1,1e-06,0,3,200,,,
2026-06-16T11:14:18.351,0.9572,24.99,2,1e-06,0,3,200,,,
2026-06-16T11:14:18.848,0.9571,24.99,1,1e-06,0,3,200,,,
2026-06-16T11:14:19.350,0.9572,24.99,2,1e-06,0,3,200,,,
2026-06-16T11:14:19.850,0.9572,24.99,1,1e-06,0,3,200,,,
2026-06-16T11:14:20.349,0.9572,24.99,1,1e-06,0,3,200,,,
2026-06-16T11:14:20.851,0.9571,24.99,2,1e-06,0,3,200,,,
2026-06-16T11:14:21.348,0.9572,25.0,1,1e-06,0,3,200,,,
2026-06-16T11:14:21.846,0.9571,25.0,2,1e-06,0,3,200,,,
2026-06-16T11:14:22.350,0.9572,25.0,1,1e-06,0,3,200,,,
2026-06-16T11:14:22.847,0.9572,25.0,2,1e-06,0,3,200,,,
2026-06-16T11:14:23.345,0.9572,25.0,1,1e-06,0,3,200,,,
2026-06-16T11:14:23.845,0.9571,25.0,1,1e-06,0,3,200,,,
2026-06-16T11:14:24.342,0.9573,25.0,2,1e-06,0,3,200,,,
2026-06-16T11:14:24.856,0.9572,25.0,1,1e-06,0,3,200,,,
2026-06-16T11:14:25.342,0.9572,25.0,2,1e-06,0,3,200,,,
2026-06-16T11:14:25.843,0.9572,25.01,1,1e-06,0,3,200,,,
2026-06-16T11:14:26.345,0.9572,25.01,1,1e-06,0,3,200,,,
2026-06-16T11:14:26.845,0.9573,25.01,2,1e-06,0,3,200,,,
2026-06-16T11:14:27.344,0.9573,25.01,1,1e-06,0,3,200,,,
2026-06-16T11:14:27.855,0.9573,25.01,2,1e-06,0,3,200,,,
2026-06-16T11:14:28.357,0.9573,25.01,1,1e-06,0,3,200,,,
2026-06-16T11:14:28.853,0.9573,25.01,2,1e-06,0,3,200,,,
2026-06-16T11:14:29.353,0.9572,25.01,1,1e-06,0,3,200,,,
2026-06-16T11:14:29.851,0.9573,25.01,1,1e-06,0,3,200,,,
2026-06-16T11:14:30.348,0.9573,25.01,2,1e-06,0,3,200,,,
2026-06-16T11:14:30.851,0.9573,25.02,1,1e-06,0,3,200,,,
2026-06-16T11:14:31.347,0.9573,25.02,2,1e-06,0,3,200,,,
2026-06-16T11:14:31.846,0.9573,25.01,1,1e-06,0,3,200,,,
2026-06-16T11:14:32.345,0.9573,25.02,1,1e-06,0,3,200,,,
2026-06-16T11:14:32.842,0.9574,25.02,2,1e-06,0,3,200,,,
2026-06-16T11:14:33.343,0.9573,25.02,1,1e-06,0,3,200,,,
2026-06-16T11:14:33.856,0.9573,25.02,2,1e-06,0,3,200,,,
2026-06-16T11:14:34.353,0.9573,25.02,1,1e-06,0,3,200,,,
2026-06-16T11:14:34.852,0.9573,25.02,1,1e-06,0,3,200,,,
2026-06-16T11:14:35.351,0.9574,25.02,2,1e-06,0,3,200,,,
2026-06-16T11:14:35.851,0.9573,25.02,1,1e-06,0,3,200,,,
2026-06-16T11:14:36.350,0.9573,25.02,2,1e-06,0,3,200,,,
2026-06-16T11:14:36.848,0.9573,25.02,1,1e-06,0,3,200,,,
2026-06-16T11:14:37.348,0.9573,25.02,1,1e-06,0,3,200,,,
2026-06-16T11:14:37.847,0.9574,25.02,2,1e-06,0,3,200,,,
2026-06-16T11:14:38.346,0.9573,25.02,1,1e-06,0,3,200,,,
2026-06-16T11:14:38.844,0.9573,25.02,2,1e-06,0,3,200,,,
2026-06-16T11:14:39.356,0.9573,25.03,1,1e-06,0,3,200,,,
2026-06-16T11:14:39.855,0.9574,25.03,2,1e-06,0,3,200,,,
2026-06-16T11:14:40.354,0.9573,25.03,1,1e-06,0,3,200,,,
2026-06-16T11:14:40.854,0.9573,25.03,1,1e-06,0,3,200,,,
2026-06-16T11:14:41.352,0.9573,25.03,2,1e-06,0,3,200,,,
2026-06-16T11:14:41.848,0.9573,25.03,1,1e-06,0,3,200,,,
2026-06-16T11:14:42.351,0.9573,25.03,1,1e-06,0,3,200,,,
2026-06-16T11:14:42.850,0.9574,25.03,2,1e-06,0,3,200,,,
2026-06-16T11:14:43.350,0.9573,25.03,1,1e-06,0,3,200,,,
2026-06-16T11:14:43.847,0.9574,25.03,2,1e-06,0,3,200,,,
2026-06-16T11:14:44.346,0.9573,25.03,1,1e-06,0,3,200,,,
2026-06-16T11:14:44.842,0.9574,25.03,2,1e-06,0,3,200,,,
2026-06-16T11:14:45.344,0.9573,25.04,1,1e-06,0,3,200,,,
2026-06-16T11:14:45.843,0.9574,25.04,1,1e-06,0,3,200,,,
2026-06-16T11:14:46.341,0.9574,25.04,2,1e-06,0,3,200,,,
2026-06-16T11:14:46.855,0.9574,25.04,1,1e-06,0,3,200,,,
2026-06-16T11:14:47.353,0.9574,25.04,2,1e-06,0,3,200,,,
2026-06-16T11:14:47.854,0.9574,25.04,1,1e-06,0,3,200,,,
2026-06-16T11:14:48.354,0.9574,25.04,1,1e-06,0,3,200,,,
2026-06-16T11:14:48.854,0.9574,25.04,2,1e-06,0,3,200,,,
2026-06-16T11:14:49.352,0.9573,25.04,1,1e-06,0,3,200,,,
2026-06-16T11:14:49.851,0.9574,25.04,2,1e-06,0,3,200,,,
2026-06-16T11:14:50.350,0.9574,25.04,1,1e-06,0,3,200,,,
2026-06-16T11:14:50.847,0.9574,25.04,1,1e-06,0,3,200,,,
2026-06-16T11:14:51.344,0.9575,25.05,2,1e-06,0,3,200,,,
2026-06-16T11:14:51.843,0.9574,25.05,1,1e-06,0,3,200,,,
2026-06-16T11:14:52.342,0.9575,25.05,2,1e-06,0,3,200,,,
2026-06-16T11:14:52.842,0.9573,25.05,1,1e-06,0,3,200,,,
2026-06-16T11:14:53.355,0.9573,25.05,1,1e-06,0,3,200,,,
2026-06-16T11:14:53.857,0.9574,25.05,2,1e-06,0,3,200,,,
2026-06-16T11:14:54.354,0.9574,25.05,1,1e-06,0,3,200,,,
2026-06-16T11:14:54.853,0.9574,25.05,2,1e-06,0,3,200,,,
2026-06-16T11:14:55.351,0.9574,25.05,1,1e-06,0,3,200,,,
2026-06-16T11:14:55.850,0.9574,25.05,1,1e-06,0,3,200,,,
2026-06-16T11:14:56.348,0.9574,25.05,2,1e-06,0,3,200,,,
2026-06-16T11:14:56.847,0.9574,25.05,1,1e-06,0,3,200,,,
2026-06-16T11:14:57.346,0.9574,25.06,2,1e-06,0,3,200,,,
2026-06-16T11:14:57.846,0.9574,25.06,1,1e-06,0,3,200,,,
2026-06-16T11:14:58.345,0.9574,25.06,1,1e-06,0,3,200,,,
2026-06-16T11:14:58.843,0.9574,25.06,2,1e-06,0,3,200,,,
2026-06-16T11:14:59.341,0.9574,25.06,1,1e-06,0,3,200,,,
2026-06-16T11:14:59.842,0.9574,25.06,2,1e-06,0,3,200,,,
2026-06-16T11:15:00.353,0.9575,25.06,1,1e-06,0,3,200,,,
2026-06-16T11:15:00.853,0.9574,25.06,2,1e-06,0,3,200,,,
2026-06-16T11:15:01.354,0.9574,25.06,1,1e-06,0,3,200,,,
2026-06-16T11:15:01.853,0.9574,25.06,1,1e-06,0,3,200,,,
2026-06-16T11:15:02.354,0.9574,25.06,2,1e-06,0,3,200,,,
2026-06-16T11:15:02.853,0.9574,25.06,1,1e-06,0,3,200,,,
2026-06-16T11:15:03.350,0.9574,25.06,2,1e-06,0,3,200,,,
2026-06-16T11:15:03.852,0.9574,25.06,1,1e-06,0,3,200,,,
2026-06-16T11:15:04.353,0.9574,25.06,1,1e-06,0,3,200,,,
2026-06-16T11:15:04.850,0.9573,25.07,2,1e-06,0,3,200,,,
2026-06-16T11:15:05.351,0.9573,25.07,1,1e-06,0,3,200,,,
2026-06-16T11:15:05.852,0.9574,25.07,2,1e-06,0,3,200,,,
2026-06-16T11:15:06.357,0.9574,25.07,1,1e-06,0,3,200,,,
2026-06-16T11:15:06.844,0.9574,25.07,1,1e-06,0,3,200,,,
2026-06-16T11:15:07.347,0.9574,25.07,2,1e-06,0,3,200,,,
2026-06-16T11:15:07.849,0.9574,25.07,1,1e-06,0,3,200,,,
2026-06-16T11:15:08.351,0.9574,25.07,2,1e-06,0,3,200,,,
2026-06-16T11:15:08.849,0.9573,25.07,1,1e-06,0,3,200,,,
2026-06-16T11:15:09.353,0.9574,25.07,2,1e-06,0,3,200,,,
2026-06-16T11:15:09.852,0.9573,25.07,1,1e-06,0,3,200,,,
2026-06-16T11:15:10.355,0.9573,25.07,1,1e-06,0,3,200,,,
2026-06-16T11:15:10.855,0.9574,25.07,2,1e-06,0,3,200,,,
2026-06-16T11:15:11.354,0.9573,25.07,1,1e-06,0,3,200,,,
2026-06-16T11:15:11.843,0.9574,25.07,2,1e-06,0,3,200,,,
2026-06-16T11:15:12.343,0.9574,25.07,1,1e-06,0,3,200,,,
2026-06-16T11:15:12.842,0.9574,25.07,1,1e-06,0,3,200,,,
2026-06-16T11:15:13.356,0.9574,25.07,2,1e-06,0,3,200,,,
2026-06-16T11:15:13.854,0.9574,25.08,1,1e-06,0,3,200,,,
2026-06-16T11:15:14.342,0.9574,25.08,2,1e-06,0,3,200,,,
2026-06-16T11:15:14.857,0.9574,25.07,1,1e-06,0,3,200,,,
2026-06-16T11:15:15.354,0.9573,25.08,2,1e-06,0,3,200,,,
2026-06-16T11:15:15.853,0.9573,25.08,1,1e-06,0,3,200,,,
2026-06-16T11:15:16.352,0.9573,25.08,1,1e-06,0,3,200,,,
2026-06-16T11:15:16.851,0.9574,25.08,2,1e-06,0,3,200,,,
2026-06-16T11:15:17.347,0.9574,25.08,1,1e-06,0,3,200,,,
2026-06-16T11:15:17.850,0.9573,25.08,2,1e-06,0,3,200,,,
2026-06-16T11:15:18.347,0.9573,25.08,1,1e-06,0,3,200,,,
2026-06-16T11:15:18.846,0.9573,25.08,1,1e-06,0,3,200,,,
2026-06-16T11:15:19.346,0.9574,25.08,2,1e-06,0,3,200,,,
2026-06-16T11:15:19.843,0.9574,25.08,1,1e-06,0,3,200,,,
2026-06-16T11:15:20.343,0.9574,25.08,2,1e-06,0,3,200,,,
2026-06-16T11:15:20.855,0.9574,25.08,1,1e-06,0,3,200,,,
2026-06-16T11:15:21.357,0.9574,25.08,2,1e-06,0,3,200,,,
2026-06-16T11:15:21.842,0.9573,25.08,1,1e-06,0,3,200,,,
2026-06-16T11:15:22.355,0.9574,25.08,1,1e-06,0,3,200,,,
2026-06-16T11:15:22.853,0.9574,25.08,2,1e-06,0,3,200,,,
2026-06-16T11:15:23.353,0.9574,25.08,1,1e-06,0,3,200,,,
2026-06-16T11:15:23.853,0.9574,25.08,2,1e-06,0,3,200,,,
2026-06-16T11:15:24.350,0.9573,25.08,1,1e-06,0,3,200,,,
2026-06-16T11:15:24.849,0.9574,25.08,1,1e-06,0,3,200,,,
2026-06-16T11:15:25.346,0.9574,25.09,2,1e-06,0,3,200,,,
2026-06-16T11:15:25.845,0.9573,25.09,1,1e-06,0,3,200,,,
2026-06-16T11:15:26.345,0.9574,25.09,2,1e-06,0,3,200,,,
2026-06-16T11:15:26.858,0.9574,25.09,1,1e-06,0,3,200,,,
2026-06-16T11:15:27.357,0.9573,25.09,1,1e-06,0,3,200,,,
2026-06-16T11:15:27.855,0.9574,25.09,2,1e-06,0,3,200,,,
2026-06-16T11:15:28.355,0.9574,25.09,1,1e-06,0,3,200,,,
2026-06-16T11:15:28.854,0.9574,25.09,2,1e-06,0,3,200,,,
2026-06-16T11:15:29.352,0.9574,25.09,1,1e-06,0,3,200,,,
2026-06-16T11:15:29.853,0.9574,25.09,2,1e-06,0,3,200,,,
2026-06-16T11:15:30.355,0.9574,25.09,1,1e-06,0,3,200,,,
2026-06-16T11:15:30.854,0.9574,25.09,1,1e-06,0,3,200,,,
2026-06-16T11:15:31.349,0.9575,25.09,2,1e-06,0,3,200,,,
2026-06-16T11:15:31.850,0.9574,25.09,1,1e-06,0,3,200,,,
2026-06-16T11:15:32.350,0.9574,25.09,2,1e-06,0,3,200,,,
2026-06-16T11:15:32.849,0.9574,25.09,1,1e-06,0,3,200,,,
2026-06-16T11:15:33.348,0.9574,25.1,1,1e-06,0,3,200,,,
2026-06-16T11:15:33.846,0.9574,25.09,2,1e-06,0,3,200,,,
2026-06-16T11:15:34.345,0.9574,25.1,1,1e-06,0,3,200,,,
2026-06-16T11:15:34.843,0.9574,25.1,2,1e-06,0,3,200,,,
2026-06-16T11:15:35.342,0.9574,25.1,1,1e-06,0,3,200,,,
2026-06-16T11:15:35.856,0.9575,25.1,2,1e-06,0,3,200,,,
2026-06-16T11:15:36.351,0.9575,25.1,1,1e-06,0,3,200,,,
2026-06-16T11:15:36.851,0.9575,25.1,1,1e-06,0,3,200,,,
2026-06-16T11:15:37.351,0.9575,25.1,2,1e-06,0,3,200,,,
2026-06-16T11:15:37.851,0.9575,25.1,1,1e-06,0,3,200,,,
2026-06-16T11:15:38.350,0.9575,25.1,2,1e-06,0,3,200,,,
2026-06-16T11:15:38.849,0.9574,25.1,1,1e-06,0,3,200,,,
2026-06-16T11:15:39.351,0.9575,25.1,1,1e-06,0,3,200,,,
2026-06-16T11:15:39.851,0.9574,25.11,2,1e-06,0,3,200,,,
2026-06-16T11:15:40.350,0.9574,25.11,1,1.7e-05,0,3,200,,,
2026-06-16T11:15:40.848,0.9575,25.11,2,5e-05,0,3,200,,,
2026-06-16T11:15:41.348,0.9575,25.11,1,3.4e-05,0,3,200,,,
2026-06-16T11:15:41.847,0.9574,25.1,1,2.3e-05,0,3,200,,,
2026-06-16T11:15:42.347,0.9574,25.11,2,1.8e-05,0,3,200,,,
2026-06-16T11:15:42.849,0.9575,25.11,1,1.5e-05,0,3,200,,,
2026-06-16T11:15:43.348,0.9574,25.11,2,1.2e-05,0,3,200,,,
2026-06-16T11:15:43.853,0.9574,25.11,1,1.1e-05,0,3,200,,,
2026-06-16T11:15:44.355,0.9574,25.11,2,1e-05,0,3,200,,,
2026-06-16T11:15:44.854,0.9574,25.11,1,1e-05,0,3,200,,,
2026-06-16T11:15:45.353,0.9575,25.11,1,9e-06,0,3,200,,,
2026-06-16T11:15:45.853,0.9574,25.11,2,9e-06,0,3,200,,,
2026-06-16T11:15:46.352,0.9574,25.11,1,8e-06,0,3,200,,,
2026-06-16T11:15:46.851,0.9574,25.11,2,8e-06,0,3,200,,,
2026-06-16T11:15:47.352,0.9574,25.11,1,7e-06,0,3,200,,,
2026-06-16T11:15:47.851,0.9574,25.11,1,7e-06,0,3,200,,,
2026-06-16T11:15:48.350,0.9575,25.11,2,7e-06,0,3,200,,,
2026-06-16T11:15:48.848,0.9574,25.11,1,7e-06,0,3,200,,,
2026-06-16T11:15:49.349,0.9575,25.11,2,7e-06,0,3,200,,,
2026-06-16T11:15:49.849,0.9575,25.12,1,6e-06,0,3,200,,,
2026-06-16T11:15:50.352,0.9575,25.12,1,6e-06,0,3,200,,,
2026-06-16T11:15:50.849,0.9574,25.12,2,6e-06,0,3,200,,,
2026-06-16T11:15:51.351,0.9574,25.12,1,6e-06,0,3,200,,,
2026-06-16T11:15:51.848,0.9574,25.12,2,6e-06,0,3,200,,,
2026-06-16T11:15:52.347,0.9575,25.11,1,6e-06,0,3,200,,,
2026-06-16T11:15:52.848,0.9574,25.12,1,6e-06,0,3,200,,,
2026-06-16T11:15:53.346,0.9574,25.12,2,6e-06,0,3,200,,,
2026-06-16T11:15:53.848,0.9575,25.12,1,6e-06,0,3,200,,,
2026-06-16T11:15:54.345,0.9575,25.12,2,6e-06,0,3,200,,,
2026-06-16T11:15:54.846,0.9574,25.12,1,5e-06,0,3,200,,,
2026-06-16T11:15:55.348,0.9575,25.12,1,5e-06,0,3,200,,,
2026-06-16T11:15:55.845,0.9574,25.12,2,5e-06,0,3,200,,,
2026-06-16T11:15:56.344,0.9574,25.12,1,5e-06,0,3,200,,,
2026-06-16T11:15:56.845,0.9575,25.12,2,5e-06,0,3,200,,,
2026-06-16T11:15:57.345,0.9574,25.12,1,5e-06,0,3,200,,,
2026-06-16T11:15:57.843,0.9574,25.12,1,5e-06,0,3,200,,,
2026-06-16T11:15:58.343,0.9575,25.12,2,5e-06,0,3,200,,,
2026-06-16T11:15:58.843,0.9574,25.12,1,5e-06,0,3,200,,,
2026-06-16T11:15:59.344,0.9574,25.12,2,5e-06,0,3,200,,,
2026-06-16T11:15:59.844,0.9574,25.12,1,5e-06,0,3,200,,,
2026-06-16T11:16:00.345,0.9574,25.12,1,5e-06,0,3,200,,,
2026-06-16T11:16:00.843,0.9574,25.12,2,5e-06,0,3,200,,,
2026-06-16T11:16:01.346,0.9574,25.12,1,5e-06,0,3,200,,,
2026-06-16T11:16:01.856,0.9575,25.12,2,5e-06,0,3,200,,,
2026-06-16T11:16:02.354,0.9574,25.13,1,5e-06,0,3,200,,,
2026-06-16T11:16:02.855,0.9574,25.12,2,5e-06,0,3,200,,,
2026-06-16T11:16:03.354,0.9574,25.12,1,5e-06,0,3,200,,,
2026-06-16T11:16:03.853,0.9574,25.13,1,5e-06,0,3,200,,,
2026-06-16T11:16:04.348,0.9575,25.12,2,5e-06,0,3,200,,,
2026-06-16T11:16:04.849,0.9574,25.13,1,5e-06,0,3,200,,,
2026-06-16T11:16:05.349,0.9575,25.13,2,5e-06,0,3,200,,,
2026-06-16T11:16:05.849,0.9574,25.13,1,5e-06,0,3,200,,,
2026-06-16T11:16:06.345,0.9574,25.13,1,5e-06,0,3,200,,,
2026-06-16T11:16:06.844,0.9574,25.13,2,5e-06,0,3,200,,,
2026-06-16T11:16:07.345,0.9575,25.13,1,5e-06,0,3,200,,,
2026-06-16T11:16:07.843,0.9574,25.13,2,5e-06,0,3,200,,,
2026-06-16T11:16:08.356,0.9575,25.13,1,5e-06,0,3,200,,,
2026-06-16T11:16:08.855,0.9574,25.13,1,5e-06,0,3,200,,,
2026-06-16T11:16:09.354,0.9574,25.13,2,5e-06,0,3,200,,,
2026-06-16T11:16:09.853,0.9574,25.13,1,5e-06,0,3,200,,,
2026-06-16T11:16:10.352,0.9575,25.13,2,5e-06,0,3,200,,,
2026-06-16T11:16:10.850,0.9573,25.13,1,5e-06,0,3,200,,,
2026-06-16T11:16:11.349,0.9574,25.14,1,5e-06,0,3,200,,,
2026-06-16T11:16:11.847,0.9573,25.14,2,5e-06,0,3,200,,,
2026-06-16T11:16:12.347,0.9573,25.13,1,5e-06,0,3,200,,,
2026-06-16T11:16:12.846,0.9575,25.13,2,5e-06,0,3,200,,,
2026-06-16T11:16:13.345,0.9574,25.14,1,5e-06,0,3,200,,,
2026-06-16T11:16:13.842,0.9574,25.14,2,5e-06,0,3,200,,,
2026-06-16T11:16:14.358,0.9574,25.14,1,5e-06,0,3,200,,,
2026-06-16T11:16:14.856,0.9574,25.14,1,5e-06,0,3,200,,,
2026-06-16T11:16:15.351,0.9575,25.14,2,4e-06,0,3,200,,,
2026-06-16T11:16:15.851,0.9575,25.14,1,5e-06,0,3,200,,,
2026-06-16T11:16:16.349,0.9575,25.14,2,4e-06,0,3,200,,,
2026-06-16T11:16:16.847,0.9574,25.14,1,4e-06,0,3,200,,,
2026-06-16T11:16:17.347,0.9575,25.14,1,5e-06,0,3,200,,,
2026-06-16T11:16:17.847,0.9574,25.14,2,4e-06,0,3,200,,,
2026-06-16T11:16:18.347,0.9574,25.14,1,4e-06,0,3,200,,,
2026-06-16T11:16:18.848,0.9575,25.14,2,4e-06,0,3,200,,,
2026-06-16T11:16:19.348,0.9575,25.15,1,4e-06,0,3,200,,,
2026-06-16T11:16:19.846,0.9575,25.14,1,4e-06,0,3,200,,,
2026-06-16T11:16:20.342,0.9575,25.14,2,4e-06,0,3,200,,,
2026-06-16T11:16:20.842,0.9574,25.14,1,4e-06,0,3,200,,,
2026-06-16T11:16:21.357,0.9574,25.14,2,4e-06,0,3,200,,,
2026-06-16T11:16:21.842,0.9574,25.14,1,4e-06,0,3,200,,,
2026-06-16T11:16:22.358,0.9575,25.15,2,4e-06,0,3,200,,,
2026-06-16T11:16:22.843,0.9575,25.15,1,4e-06,0,3,200,,,
2026-06-16T11:16:23.345,0.9574,25.15,1,4e-06,0,3,200,,,
2026-06-16T11:16:23.845,0.9574,25.15,2,4e-06,0,3,200,,,
2026-06-16T11:16:24.343,0.9575,25.15,1,4e-06,0,3,200,,,
2026-06-16T11:16:24.854,0.9574,25.15,2,4e-06,0,3,200,,,
2026-06-16T11:16:25.354,0.9574,25.15,1,4e-06,0,3,200,,,
2026-06-16T11:16:25.855,0.9574,25.15,1,4e-06,0,3,200,,,
2026-06-16T11:16:26.341,0.9574,25.15,2,4e-06,0,3,200,,,
2026-06-16T11:16:26.857,0.9574,25.15,1,4e-06,0,3,200,,,
2026-06-16T11:16:27.356,0.9574,25.16,2,4e-06,0,3,200,,,
2026-06-16T11:16:27.854,0.9575,25.15,1,4e-06,0,3,200,,,
2026-06-16T11:16:28.343,0.9573,25.15,1,4e-06,0,3,200,,,
2026-06-16T11:16:28.845,0.9574,25.15,2,4e-06,0,3,200,,,
2026-06-16T11:16:29.346,0.9574,25.15,1,4e-06,0,3,200,,,
2026-06-16T11:16:29.845,0.9574,25.15,2,4e-06,0,3,200,,,
2026-06-16T11:16:30.348,0.9574,25.15,1,4e-06,0,3,200,,,
2026-06-16T11:16:30.846,0.9574,25.15,1,4e-06,0,3,200,,,
2026-06-16T11:16:31.343,0.9574,25.15,2,4e-06,0,3,200,,,
2026-06-16T11:16:31.842,0.9574,25.15,1,4e-06,0,3,200,,,
2026-06-16T11:16:32.343,0.9574,25.16,2,4e-06,0,3,200,,,
2026-06-16T11:16:32.846,0.9574,25.16,1,4e-06,0,3,200,,,
2026-06-16T11:16:33.349,0.9574,25.16,1,4e-06,0,3,200,,,
2026-06-16T11:16:33.848,0.9574,25.16,2,4e-06,0,3,200,,,
2026-06-16T11:16:34.348,0.9574,25.16,1,4e-06,0,3,200,,,
2026-06-16T11:16:34.851,0.9574,25.16,2,4e-06,0,3,200,,,
2026-06-16T11:16:35.349,0.9574,25.16,1,4e-06,0,3,200,,,
2026-06-16T11:16:35.854,0.9574,25.16,1,4e-06,0,3,200,,,
2026-06-16T11:16:36.354,0.9574,25.16,2,4e-06,0,3,200,,,
2026-06-16T11:16:36.852,0.9574,25.16,1,4e-06,0,3,200,,,
2026-06-16T11:16:37.354,0.9574,25.16,2,4e-06,0,3,200,,,
2026-06-16T11:16:37.854,0.9574,25.16,1,4e-06,0,3,200,,,
2026-06-16T11:16:38.353,0.9574,25.16,2,4e-06,0,3,200,,,
2026-06-16T11:16:38.856,0.9574,25.16,1,4e-06,0,3,200,,,
2026-06-16T11:16:39.343,0.9574,25.16,1,4e-06,0,3,200,,,
2026-06-16T11:16:39.844,0.9574,25.16,2,4e-06,0,3,200,,,
2026-06-16T11:16:40.345,0.9574,25.16,1,4e-06,0,3,200,,,
2026-06-16T11:16:40.845,0.9574,25.16,2,4e-06,0,3,200,,,
2026-06-16T11:16:41.346,0.9574,25.16,1,4e-06,0,3,200,,,
2026-06-16T11:16:41.846,0.9574,25.16,1,4e-06,0,3,200,,,
2026-06-16T11:16:42.345,0.9574,25.16,2,4e-06,0,3,200,,,
2026-06-16T11:16:42.845,0.9574,25.16,1,4e-06,0,3,200,,,
2026-06-16T11:16:43.345,0.9574,25.16,2,4e-06,0,3,200,,,
2026-06-16T11:16:43.845,0.9574,25.16,1,4e-06,0,3,200,,,
2026-06-16T11:16:44.356,0.9574,25.16,1,4e-06,0,3,200,,,
2026-06-16T11:16:44.857,0.9574,25.16,2,4e-06,0,3,200,,,
2026-06-16T11:16:45.343,0.9574,25.16,1,4e-06,0,3,200,,,
2026-06-16T11:16:45.848,0.9574,25.16,2,4e-06,0,3,200,,,
2026-06-16T11:16:46.353,0.9574,25.17,1,4e-06,0,3,200,,,
2026-06-16T11:16:46.856,0.9574,25.16,1,4e-06,0,3,200,,,
2026-06-16T11:16:47.357,0.9574,25.16,2,4e-06,0,3,200,,,
2026-06-16T11:16:47.855,0.9574,25.16,1,4e-06,0,3,200,,,
2026-06-16T11:16:48.357,0.9575,25.16,2,4e-06,0,3,200,,,
2026-06-16T11:16:48.857,0.9574,25.16,1,4e-06,0,3,200,,,
2026-06-16T11:16:49.355,0.9574,25.17,2,4e-06,0,3,200,,,
2026-06-16T11:16:49.853,0.9574,25.16,1,4e-06,0,3,200,,,
2026-06-16T11:16:50.352,0.9574,25.17,1,4e-06,0,3,200,,,
2026-06-16T11:16:50.851,0.9574,25.17,2,4e-06,0,3,200,,,
2026-06-16T11:16:51.349,0.9574,25.17,1,4e-06,0,3,200,,,
2026-06-16T11:16:51.849,0.9574,25.17,1,4e-06,0,3,200,,,
2026-06-16T11:16:52.346,0.9573,25.16,2,4e-06,0,3,200,,,
2026-06-16T11:16:52.845,0.9574,25.16,1,4e-06,0,3,200,,,
2026-06-16T11:16:53.345,0.9574,25.16,2,4e-06,0,3,200,,,
2026-06-16T11:16:53.846,0.9574,25.17,1,4e-06,0,3,200,,,
2026-06-16T11:16:54.345,0.9574,25.17,2,4e-06,0,3,200,,,
2026-06-16T11:16:54.842,0.9574,25.17,1,4e-06,0,3,200,,,
2026-06-16T11:16:55.356,0.9574,25.17,1,4e-06,0,3,200,,,
2026-06-16T11:16:55.853,0.9574,25.17,2,4e-06,0,3,200,,,
2026-06-16T11:16:56.353,0.9574,25.17,1,4e-06,0,3,200,,,
2026-06-16T11:16:56.850,0.9575,25.17,2,4e-06,0,3,200,,,
2026-06-16T11:16:57.348,0.9574,25.17,1,4e-06,0,3,200,,,
2026-06-16T11:16:57.842,0.9575,25.17,1,4e-06,0,3,200,,,
2026-06-16T11:16:58.357,0.9575,25.17,2,4e-06,0,3,200,,,
2026-06-16T11:16:58.843,0.9574,25.17,1,4e-06,0,3,200,,,
2026-06-16T11:16:59.342,0.9574,25.17,2,4e-06,0,3,200,,,
2026-06-16T11:16:59.842,0.9574,25.17,1,4e-06,0,3,200,,,
2026-06-16T11:17:00.355,0.9574,25.17,1,4e-06,0,3,200,,,
2026-06-16T11:17:00.857,0.9574,25.17,2,0.000103,0,3,200,,,
2026-06-16T11:17:01.356,0.9575,25.17,1,0.000104,0,3,200,,,
2026-06-16T11:17:01.853,0.9574,25.17,2,0.000108,0,3,200,,,
2026-06-16T11:17:02.342,0.9575,25.17,1,0.000111,0,3,200,,,
2026-06-16T11:17:02.856,0.9574,25.17,1,0.000115,0,3,200,,,
2026-06-16T11:17:03.354,0.9574,25.17,2,0.000117,0,3,200,,,
2026-06-16T11:17:03.851,0.9574,25.17,1,0.000118,0,3,200,,,
2026-06-16T11:17:04.351,0.9574,25.18,2,0.000119,0,3,200,,,
2026-06-16T11:17:04.849,0.9574,25.17,1,0.000124,0,3,200,,,
2026-06-16T11:17:05.350,0.9574,25.18,1,0.00013,0,3,200,,,
2026-06-16T11:17:05.850,0.9574,25.18,2,0.000138,0,3,200,,,
2026-06-16T11:17:06.350,0.9575,25.18,1,0.000142,0,3,200,,,
2026-06-16T11:17:06.849,0.9574,25.18,2,0.000146,0,3,200,,,
2026-06-16T11:17:07.348,0.9574,25.17,1,0.000151,0,3,200,,,
2026-06-16T11:17:07.847,0.9574,25.18,1,0.000157,0,3,200,,,
2026-06-16T11:17:08.349,0.9574,25.18,2,0.000162,0,3,200,,,
2026-06-16T11:17:08.850,0.9574,25.18,1,0.000167,0,3,200,,,
2026-06-16T11:17:09.350,0.9574,25.18,2,0.000172,0,3,200,,,
2026-06-16T11:17:09.853,0.9574,25.18,1,0.000175,0,3,200,,,
2026-06-16T11:17:10.350,0.9574,25.18,1,0.000177,0,3,200,,,
2026-06-16T11:17:10.846,0.9574,25.18,2,0.000182,0,3,200,,,
2026-06-16T11:17:11.357,0.9574,25.18,1,0.000186,0,3,200,,,
2026-06-16T11:17:11.855,0.9574,25.18,2,0.000188,0,3,200,,,
2026-06-16T11:17:12.353,0.9574,25.18,1,0.000191,0,3,200,,,
2026-06-16T11:17:12.852,0.9574,25.18,1,0.000193,0,3,200,,,
2026-06-16T11:17:13.356,0.9574,25.18,2,0.000196,0,3,200,,,
2026-06-16T11:17:13.843,0.9574,25.18,1,0.000202,0,3,200,,,
2026-06-16T11:17:14.346,0.9575,25.18,2,0.000203,0,3,200,,,
2026-06-16T11:17:14.850,0.9574,25.18,1,0.000206,0,3,200,,,
2026-06-16T11:17:15.349,0.9574,25.18,1,0.000208,0,3,200,,,
2026-06-16T11:17:15.850,0.9575,25.18,2,0.000211,0,3,200,,,
2026-06-16T11:17:16.348,0.9574,25.18,1,0.000214,0,3,200,,,
2026-06-16T11:17:16.850,0.9574,25.18,2,0.000216,0,3,200,,,
2026-06-16T11:17:17.348,0.9574,25.18,1,0.000216,0,3,200,,,
2026-06-16T11:17:17.848,0.9573,25.18,1,0.000216,0,3,200,,,
2026-06-16T11:17:18.347,0.9575,25.18,2,9.7e-05,0,3,200,,,
2026-06-16T11:17:18.846,0.9574,25.18,1,2.8e-05,0,3,200,,,
2026-06-16T11:17:19.346,0.9574,25.18,2,9e-06,0,3,200,,,
2026-06-16T11:17:19.846,0.9575,25.18,1,7e-06,0,3,200,,,
2026-06-16T11:17:20.344,0.9575,25.18,1,6e-06,0,3,200,,,
2026-06-16T11:17:20.843,0.9575,25.18,2,6e-06,0,3,200,,,
2026-06-16T11:17:21.356,0.9574,25.18,1,6e-06,0,3,200,,,
2026-06-16T11:17:21.857,0.9575,25.19,2,5e-06,0,3,200,,,
2026-06-16T11:17:22.355,0.9575,25.19,1,5e-06,0,3,200,,,
2026-06-16T11:17:22.850,0.9574,25.18,1,5e-06,0,3,200,,,
2026-06-16T11:17:23.351,0.9575,25.19,2,5e-06,0,3,200,,,
2026-06-16T11:17:23.849,0.9574,25.18,1,5e-06,0,3,200,,,
2026-06-16T11:17:24.350,0.9575,25.19,2,5e-06,0,3,200,,,
2026-06-16T11:17:24.850,0.9575,25.19,1,5e-06,0,3,200,,,
2026-06-16T11:17:25.349,0.9575,25.19,1,5e-06,0,3,200,,,
2026-06-16T11:17:25.854,0.9574,25.19,2,5e-06,0,3,200,,,
2026-06-16T11:17:26.354,0.9574,25.19,1,5e-06,0,3,200,,,
2026-06-16T11:17:26.853,0.9574,25.19,2,4e-06,0,3,200,,,
2026-06-16T11:17:27.352,0.9575,25.19,1,4e-06,0,3,200,,,
2026-06-16T11:17:27.851,0.9575,25.19,1,4e-06,0,3,200,,,
2026-06-16T11:17:28.349,0.9575,25.19,2,4e-06,0,3,200,,,
2026-06-16T11:17:28.851,0.9574,25.19,1,4e-06,0,3,200,,,
2026-06-16T11:17:29.349,0.9575,25.19,2,4e-06,0,3,200,,,
2026-06-16T11:17:29.848,0.9574,25.19,1,4e-06,0,3,200,,,
2026-06-16T11:17:30.351,0.9574,25.19,1,4e-06,0,3,200,,,
2026-06-16T11:17:30.850,0.9575,25.19,2,4e-06,0,3,200,,,
2026-06-16T11:17:31.350,0.9575,25.19,1,4e-06,0,3,200,,,
2026-06-16T11:17:31.847,0.9575,25.19,2,4e-06,0,3,200,,,
2026-06-16T11:17:32.348,0.9575,25.19,1,4e-06,0,3,200,,,
2026-06-16T11:17:32.848,0.9575,25.19,1,4e-06,0,3,200,,,
2026-06-16T11:17:33.348,0.9575,25.19,2,4e-06,0,3,200,,,
2026-06-16T11:17:33.849,0.9574,25.19,1,4e-06,0,3,200,,,
2026-06-16T11:17:34.349,0.9575,25.19,2,4e-06,0,3,200,,,
2026-06-16T11:17:34.845,0.9574,25.19,1,4e-06,0,3,200,,,
2026-06-16T11:17:35.346,0.9575,25.2,2,4e-06,0,3,200,,,
2026-06-16T11:17:35.845,0.9575,25.2,1,4e-06,0,3,200,,,
2026-06-16T11:17:36.343,0.9575,25.2,1,4e-06,0,3,200,,,
2026-06-16T11:17:36.858,0.9575,25.2,2,4e-06,0,3,200,,,
2026-06-16T11:17:37.356,0.9575,25.2,1,4e-06,0,3,200,,,
2026-06-16T11:17:37.855,0.9575,25.2,2,4e-06,0,3,200,,,
2026-06-16T11:17:38.355,0.9574,25.2,1,4e-06,0,3,200,,,
2026-06-16T11:17:38.843,0.9575,25.2,1,4e-06,0,3,200,,,
2026-06-16T11:17:39.341,0.9575,25.2,2,4e-06,0,3,200,,,
2026-06-16T11:17:39.854,0.9575,25.2,1,4e-06,0,3,200,,,
2026-06-16T11:17:40.352,0.9574,25.2,2,4e-06,0,3,200,,,
2026-06-16T11:17:40.854,0.9574,25.2,1,4e-06,0,3,200,,,
2026-06-16T11:17:41.356,0.9574,25.2,1,4e-06,0,3,200,,,
2026-06-16T11:17:41.854,0.9575,25.2,2,4e-06,0,3,200,,,
2026-06-16T11:17:42.351,0.9575,25.2,1,4e-06,0,3,200,,,
2026-06-16T11:17:42.850,0.9575,25.2,2,4e-06,0,3,200,,,
2026-06-16T11:17:43.350,0.9574,25.2,1,4e-06,0,3,200,,,
2026-06-16T11:17:43.850,0.9575,25.2,1,4e-06,0,3,200,,,
2026-06-16T11:17:44.346,0.9575,25.2,2,4e-06,0,3,200,,,
2026-06-16T11:17:44.850,0.9575,25.2,1,4e-06,0,3,200,,,
2026-06-16T11:17:45.349,0.9575,25.2,2,4e-06,0,3,200,,,
2026-06-16T11:17:45.849,0.9575,25.2,1,4e-06,0,3,200,,,
2026-06-16T11:17:46.350,0.9574,25.2,1,4e-06,0,3,200,,,
2026-06-16T11:17:46.847,0.9575,25.2,2,4e-06,0,3,200,,,
2026-06-16T11:17:47.351,0.9576,25.2,1,4e-06,0,3,200,,,
2026-06-16T11:17:47.850,0.9575,25.2,2,4e-06,0,3,200,,,
2026-06-16T11:17:48.354,0.9575,25.2,1,4e-06,0,3,200,,,
2026-06-16T11:17:48.852,0.9575,25.21,2,4e-06,0,3,200,,,
2026-06-16T11:17:49.354,0.9575,25.21,1,4e-06,0,3,200,,,
2026-06-16T11:17:49.855,0.9574,25.2,1,4e-06,0,3,200,,,
2026-06-16T11:17:50.353,0.9576,25.2,2,4e-06,0,3,200,,,
2026-06-16T11:17:50.853,0.9575,25.2,1,4e-06,0,3,200,,,
2026-06-16T11:17:51.352,0.9575,25.2,1,4e-06,0,3,200,,,
2026-06-16T11:17:51.851,0.9575,25.2,2,4e-06,0,3,200,,,
2026-06-16T11:17:52.350,0.9575,25.2,1,4e-06,0,3,200,,,
2026-06-16T11:17:52.853,0.9575,25.2,2,4e-06,0,3,200,,,
2026-06-16T11:17:53.357,0.9575,25.2,1,4e-06,0,3,200,,,
2026-06-16T11:17:53.843,0.9575,25.21,1,4e-06,0,3,200,,,
2026-06-16T11:17:54.355,0.9575,25.21,2,4e-06,0,3,200,,,
2026-06-16T11:17:54.853,0.9575,25.2,1,4e-06,0,3,200,,,
2026-06-16T11:17:55.355,0.9574,25.21,2,4e-06,0,3,200,,,
2026-06-16T11:17:55.843,0.9575,25.21,1,4e-06,0,3,200,,,
2026-06-16T11:17:56.345,0.9575,25.21,2,4e-06,0,3,200,,,
2026-06-16T11:17:56.846,0.9575,25.21,1,4e-06,0,3,200,,,
2026-06-16T11:17:57.347,0.9575,25.21,1,4e-06,0,3,200,,,
2026-06-16T11:17:57.847,0.9574,25.21,2,4e-06,0,3,200,,,
2026-06-16T11:17:58.345,0.9575,25.21,1,4e-06,0,3,200,,,
2026-06-16T11:17:58.847,0.9574,25.21,2,4e-06,0,3,200,,,
2026-06-16T11:17:59.345,0.9574,25.21,1,4e-06,0,3,200,,,
2026-06-16T11:17:59.845,0.9575,25.21,1,4e-06,0,3,200,,,
2026-06-16T11:18:00.346,0.9575,25.21,2,4e-06,0,3,200,,,
2026-06-16T11:18:00.846,0.9575,25.21,1,4e-06,0,3,200,,,
2026-06-16T11:18:01.345,0.9575,25.21,2,4e-06,0,3,200,,,
2026-06-16T11:18:01.847,0.9574,25.21,1,4e-06,0,3,200,,,
2026-06-16T11:18:02.343,0.9575,25.21,1,4e-06,0,3,200,,,
2026-06-16T11:18:02.843,0.9575,25.21,2,4e-06,0,3,200,,,
2026-06-16T11:18:03.347,0.9575,25.21,1,4e-06,0,3,200,,,
2026-06-16T11:18:03.850,0.9576,25.21,2,4e-06,0,3,200,,,
2026-06-16T11:18:04.355,0.9574,25.21,1,4e-06,0,3,200,,,
2026-06-16T11:18:04.857,0.9575,25.21,1,4e-06,0,3,200,,,
2026-06-16T11:18:05.354,0.9575,25.21,2,4e-06,0,3,200,,,
2026-06-16T11:18:05.854,0.9574,25.21,1,4e-06,0,3,200,,,
2026-06-16T11:18:06.354,0.9575,25.21,2,4e-06,0,3,200,,,
2026-06-16T11:18:06.851,0.9574,25.21,1,4e-06,0,3,200,,,
2026-06-16T11:18:07.353,0.9575,25.21,2,4e-06,0,3,200,,,
2026-06-16T11:18:07.850,0.9575,25.21,1,4e-06,0,3,200,,,
2026-06-16T11:18:08.350,0.9575,25.22,1,4e-06,0,3,200,,,
2026-06-16T11:18:08.846,0.9575,25.21,2,4e-06,0,3,200,,,
2026-06-16T11:18:09.350,0.9575,25.21,1,4e-06,0,3,200,,,
2026-06-16T11:18:09.850,0.9575,25.22,1,4e-06,0,3,200,,,
2026-06-16T11:18:10.349,0.9575,25.21,2,4e-06,0,3,200,,,
2026-06-16T11:18:10.848,0.9575,25.21,1,4e-06,0,3,200,,,
2026-06-16T11:18:11.345,0.9575,25.21,2,4e-06,0,3,200,,,
2026-06-16T11:18:11.844,0.9576,25.21,1,4e-06,0,3,200,,,
2026-06-16T11:18:12.344,0.9575,25.21,2,4e-06,0,3,200,,,
2026-06-16T11:18:12.843,0.9575,25.22,1,4e-06,0,3,200,,,
2026-06-16T11:18:13.344,0.9575,25.22,1,4e-06,0,3,200,,,
2026-06-16T11:18:13.846,0.9575,25.22,2,4e-06,0,3,200,,,
2026-06-16T11:18:14.344,0.9575,25.22,1,4e-06,0,3,200,,,
2026-06-16T11:18:14.858,0.9575,25.22,2,4e-06,0,3,200,,,
2026-06-16T11:18:15.357,0.9574,25.22,1,4e-06,0,3,200,,,
2026-06-16T11:18:15.855,0.9575,25.22,1,4e-06,0,3,200,,,
2026-06-16T11:18:16.353,0.9576,25.22,2,4e-06,0,3,200,,,
2026-06-16T11:18:16.853,0.9574,25.22,1,4e-06,0,3,200,,,
2026-06-16T11:18:17.355,0.9575,25.22,2,4e-06,0,3,200,,,
2026-06-16T11:18:17.853,0.9574,25.22,1,4e-06,0,3,200,,,
2026-06-16T11:18:18.356,0.9575,25.22,1,4e-06,0,3,200,,,
2026-06-16T11:18:18.845,0.9575,25.22,2,4e-06,0,3,200,,,
2026-06-16T11:18:19.347,0.9574,25.22,1,4e-06,0,3,200,,,
2026-06-16T11:18:19.849,0.9575,25.22,2,4e-06,0,3,200,,,
2026-06-16T11:18:20.353,0.9575,25.22,1,4e-06,0,3,200,,,
2026-06-16T11:18:20.854,0.9575,25.22,2,4e-06,0,3,200,,,
2026-06-16T11:18:21.352,0.9575,25.22,1,4e-06,0,3,200,,,
2026-06-16T11:18:21.849,0.9575,25.22,1,4e-06,0,3,200,,,
2026-06-16T11:18:22.351,0.9575,25.22,2,4e-06,0,3,200,,,
2026-06-16T11:18:22.850,0.9575,25.22,1,4e-06,0,3,200,,,
2026-06-16T11:18:23.351,0.9575,25.22,2,4e-06,0,3,200,,,
2026-06-16T11:18:23.855,0.9575,25.23,1,4e-06,0,3,200,,,
2026-06-16T11:18:24.342,0.9576,25.23,1,4e-06,0,3,200,,,
2026-06-16T11:18:24.857,0.9575,25.23,2,4e-06,0,3,200,,,
2026-06-16T11:18:25.352,0.9575,25.23,1,4e-06,0,3,200,,,
2026-06-16T11:18:25.854,0.9575,25.23,2,4e-06,0,3,200,,,
2026-06-16T11:18:26.352,0.9575,25.23,1,4e-06,0,3,200,,,
2026-06-16T11:18:26.853,0.9575,25.23,1,4e-06,0,3,200,,,
2026-06-16T11:18:27.348,0.9575,25.23,2,4e-06,0,3,200,,,
2026-06-16T11:18:27.853,0.9575,25.23,1,4e-06,0,3,200,,,
2026-06-16T11:18:28.351,0.9575,25.23,2,4e-06,0,3,200,,,
2026-06-16T11:18:28.853,0.9575,25.23,1,4e-06,0,3,200,,,
2026-06-16T11:18:29.353,0.9575,25.23,1,4e-06,0,3,200,,,
2026-06-16T11:18:29.857,0.9575,25.23,2,4e-06,0,3,200,,,
2026-06-16T11:18:30.347,0.9576,25.23,1,4e-06,0,3,200,,,
2026-06-16T11:18:30.850,0.9576,25.23,2,4e-06,0,3,200,,,
2026-06-16T11:18:31.353,0.9575,25.23,1,4e-06,0,3,200,,,
2026-06-16T11:18:31.850,0.9576,25.23,1,4e-06,0,3,200,,,
2026-06-16T11:18:32.352,0.9575,25.23,2,4e-06,0,3,200,,,
2026-06-16T11:18:32.848,0.9575,25.23,1,4e-06,0,3,200,,,
2026-06-16T11:18:33.348,0.9576,25.23,2,4e-06,0,3,200,,,
2026-06-16T11:18:33.849,0.9575,25.23,1,4e-06,0,3,200,,,
2026-06-16T11:18:34.349,0.9576,25.23,2,4e-06,0,3,200,,,
2026-06-16T11:18:34.856,0.9576,25.23,1,4e-06,0,3,200,,,
2026-06-16T11:18:35.355,0.9575,25.23,1,4e-06,0,3,200,,,
2026-06-16T11:18:35.852,0.9575,25.23,2,4e-06,0,3,200,,,
2026-06-16T11:18:36.351,0.9575,25.23,1,4e-06,0,3,200,,,
2026-06-16T11:18:36.852,0.9575,25.23,2,4e-06,0,3,200,,,
2026-06-16T11:18:37.350,0.9575,25.24,1,4e-06,0,3,200,,,
2026-06-16T11:18:37.851,0.9575,25.23,1,4e-06,0,3,200,,,
2026-06-16T11:18:38.353,0.9576,25.23,2,4e-06,0,3,200,,,
2026-06-16T11:18:38.853,0.9576,25.23,1,4e-06,0,3,200,,,
2026-06-16T11:18:39.352,0.9576,25.23,2,4e-06,0,3,200,,,
2026-06-16T11:18:39.855,0.9576,25.24,1,4e-06,0,3,200,,,
2026-06-16T11:18:40.354,0.9574,25.23,1,4e-06,0,3,200,,,
2026-06-16T11:18:40.853,0.9576,25.23,2,4e-06,0,3,200,,,
2026-06-16T11:18:41.355,0.9575,25.24,1,4e-06,0,3,200,,,
2026-06-16T11:18:41.856,0.9576,25.24,2,4e-06,0,3,200,,,
2026-06-16T11:18:42.357,0.9575,25.24,1,4e-06,0,3,200,,,
2026-06-16T11:18:42.843,0.9575,25.24,1,4e-06,0,3,200,,,
2026-06-16T11:18:43.344,0.9575,25.24,2,4e-06,0,3,200,,,
2026-06-16T11:18:43.846,0.9575,25.24,1,4e-06,0,3,200,,,
2026-06-16T11:18:44.345,0.9575,25.24,2,4e-06,0,3,200,,,
2026-06-16T11:18:44.844,0.9576,25.24,1,4e-06,0,3,200,,,
2026-06-16T11:18:45.346,0.9576,25.24,1,4e-06,0,3,200,,,
2026-06-16T11:18:45.844,0.9576,25.24,2,4e-06,0,3,200,,,
2026-06-16T11:18:46.343,0.9576,25.24,1,4e-06,0,3,200,,,
2026-06-16T11:18:46.844,0.9575,25.24,2,4e-06,0,3,200,,,
2026-06-16T11:18:47.356,0.9576,25.24,1,4e-06,0,3,200,,,
2026-06-16T11:18:47.856,0.9575,25.24,1,4e-06,0,3,200,,,
2026-06-16T11:18:48.356,0.9576,25.24,2,4e-06,0,3,200,,,
2026-06-16T11:18:48.853,0.9575,25.24,1,4e-06,0,3,200,,,
2026-06-16T11:18:49.353,0.9575,25.24,2,4e-06,0,3,200,,,
2026-06-16T11:18:49.855,0.9576,25.24,1,4e-06,0,3,200,,,
2026-06-16T11:18:50.355,0.9576,25.24,2,4e-06,0,3,200,,,
2026-06-16T11:18:50.855,0.9575,25.24,1,4e-06,0,3,200,,,
2026-06-16T11:18:51.354,0.9575,25.24,1,4e-06,0,3,200,,,
2026-06-16T11:18:51.856,0.9576,25.24,2,4e-06,0,3,200,,,
2026-06-16T11:18:52.356,0.9575,25.24,1,4e-06,0,3,200,,,
2026-06-16T11:18:52.855,0.9576,25.24,2,4e-06,0,3,200,,,
2026-06-16T11:18:53.354,0.9576,25.24,1,4e-06,0,3,200,,,
2026-06-16T11:18:53.855,0.9575,25.24,1,4e-06,0,3,200,,,
2026-06-16T11:18:54.353,0.9576,25.24,2,4e-06,0,3,200,,,
2026-06-16T11:18:54.854,0.9576,25.25,1,4e-06,0,3,200,,,
2026-06-16T11:18:55.351,0.9576,25.24,2,4e-06,0,3,200,,,
2026-06-16T11:18:55.852,0.9576,25.24,1,4e-06,0,3,200,,,
2026-06-16T11:18:56.349,0.9576,25.24,1,4e-06,0,3,200,,,
2026-06-16T11:18:56.850,0.9575,25.25,2,4e-06,0,3,200,,,
2026-06-16T11:18:57.347,0.9575,25.25,1,4e-06,0,3,200,,,
2026-06-16T11:18:57.850,0.9576,25.25,2,4e-06,0,3,200,,,
2026-06-16T11:18:58.346,0.9576,25.25,1,4e-06,0,3,200,,,
2026-06-16T11:18:58.847,0.9575,25.25,1,4e-06,0,3,200,,,
2026-06-16T11:18:59.349,0.9576,25.25,2,4e-06,0,3,200,,,
2026-06-16T11:18:59.851,0.9576,25.25,1,4e-06,0,3,200,,,
2026-06-16T11:19:00.356,0.9576,25.25,2,4e-06,0,3,200,,,
2026-06-16T11:19:00.857,0.9576,25.25,1,4e-06,0,3,200,,,
2026-06-16T11:19:01.344,0.9576,25.25,1,4e-06,0,3,200,,,
2026-06-16T11:19:01.858,0.9576,25.25,2,4e-06,0,3,200,,,
2026-06-16T11:19:02.357,0.9575,25.25,1,4e-06,0,3,200,,,
2026-06-16T11:19:02.842,0.9577,25.25,2,4e-06,0,3,200,,,
2026-06-16T11:19:03.344,0.9576,25.25,1,4e-06,0,3,200,,,
2026-06-16T11:19:03.848,0.9576,25.25,1,4e-06,0,3,200,,,
2026-06-16T11:19:04.348,0.9576,25.25,2,4e-06,0,3,200,,,
2026-06-16T11:19:04.848,0.9576,25.25,1,4e-06,0,3,200,,,
2026-06-16T11:19:05.348,0.9576,25.25,2,3e-06,0,3,200,,,
2026-06-16T11:19:05.846,0.9576,25.25,1,4e-06,0,3,200,,,
2026-06-16T11:19:06.344,0.9576,25.25,1,4e-06,0,3,200,,,
2026-06-16T11:19:06.846,0.9576,25.25,2,4e-06,0,3,200,,,
2026-06-16T11:19:07.344,0.9576,25.25,1,4e-06,0,3,200,,,
2026-06-16T11:19:07.845,0.9577,25.25,2,3e-06,0,3,200,,,
2026-06-16T11:19:08.343,0.9576,25.25,1,4e-06,0,3,200,,,
2026-06-16T11:19:08.844,0.9576,25.25,1,4e-06,0,3,200,,,
2026-06-16T11:19:09.345,0.9576,25.25,2,3e-06,0,3,200,,,
2026-06-16T11:19:09.843,0.9576,25.25,1,4e-06,0,3,200,,,
2026-06-16T11:19:10.357,0.9576,25.25,2,4e-06,0,3,200,,,
2026-06-16T11:19:10.858,0.9576,25.25,1,3e-06,0,3,200,,,
2026-06-16T11:19:11.355,0.9576,25.25,2,4e-06,0,3,200,,,
2026-06-16T11:19:11.853,0.9576,25.25,1,4e-06,0,3,200,,,
2026-06-16T11:19:12.353,0.9576,25.25,1,4e-06,0,3,200,,,
2026-06-16T11:19:12.854,0.9576,25.25,2,4e-06,0,3,200,,,
2026-06-16T11:19:13.356,0.9576,25.25,1,4e-06,0,3,200,,,
2026-06-16T11:19:13.843,0.9576,25.25,2,4e-06,0,3,200,,,
2026-06-16T11:19:14.344,0.9576,25.25,1,4e-06,0,3,200,,,
2026-06-16T11:19:14.854,0.9575,25.25,1,4e-06,0,3,200,,,
2026-06-16T11:19:15.351,0.9576,25.25,2,4e-06,0,3,200,,,
2026-06-16T11:19:15.853,0.9576,25.25,1,3e-06,0,3,200,,,
2026-06-16T11:19:16.354,0.9576,25.25,2,3e-06,0,3,200,,,
2026-06-16T11:19:16.852,0.9576,25.25,1,4e-06,0,3,200,,,
2026-06-16T11:19:17.352,0.9575,25.25,1,4e-06,0,3,200,,,
2026-06-16T11:19:17.848,0.9576,25.25,2,4e-06,0,3,200,,,
2026-06-16T11:19:18.345,0.9576,25.25,1,4e-06,0,3,200,,,
2026-06-16T11:19:18.847,0.9576,25.25,2,4e-06,0,3,200,,,
2026-06-16T11:19:19.345,0.9575,25.25,1,3e-06,0,3,200,,,
2026-06-16T11:19:19.844,0.9576,25.26,1,3e-06,0,3,200,,,
2026-06-16T11:19:20.345,0.9576,25.26,2,4e-06,0,3,200,,,
2026-06-16T11:19:20.856,0.9576,25.26,1,3e-06,0,3,200,,,
2026-06-16T11:19:21.357,0.9576,25.26,2,3e-06,0,3,200,,,
2026-06-16T11:19:21.858,0.9576,25.26,1,3e-06,0,3,200,,,
2026-06-16T11:19:22.357,0.9576,25.26,1,3e-06,0,3,200,,,
2026-06-16T11:19:22.853,0.9576,25.26,2,4e-06,0,3,200,,,
2026-06-16T11:19:23.353,0.9576,25.26,1,3e-06,0,3,200,,,
2026-06-16T11:19:23.855,0.9576,25.26,2,3e-06,0,3,200,,,
2026-06-16T11:19:24.356,0.9576,25.26,1,3e-06,0,3,200,,,
2026-06-16T11:19:24.853,0.9576,25.26,1,4e-06,0,3,200,,,
2026-06-16T11:19:25.356,0.9576,25.26,2,4e-06,0,3,200,,,
2026-06-16T11:19:25.858,0.9577,25.26,1,3e-06,0,3,200,,,
2026-06-16T11:19:26.343,0.9576,25.26,2,3e-06,0,3,200,,,
2026-06-16T11:19:26.843,0.9576,25.26,1,3e-06,0,3,200,,,
2026-06-16T11:19:27.346,0.9577,25.26,2,4e-06,0,3,200,,,
2026-06-16T11:19:27.847,0.9577,25.26,1,3e-06,0,3,200,,,
2026-06-16T11:19:28.344,0.9576,25.26,1,4e-06,0,3,200,,,
2026-06-16T11:19:28.843,0.9576,25.26,2,3e-06,0,3,200,,,
2026-06-16T11:19:29.344,0.9576,25.26,1,3e-06,0,3,200,,,
2026-06-16T11:19:29.847,0.9575,25.26,2,3e-06,0,3,200,,,
2026-06-16T11:19:30.351,0.9576,25.26,1,3e-06,0,3,200,,,
2026-06-16T11:19:30.854,0.9577,25.26,1,3e-06,0,3,200,,,
2026-06-16T11:19:31.356,0.9577,25.26,2,3e-06,0,3,200,,,
2026-06-16T11:19:31.855,0.9576,25.26,1,3e-06,0,3,200,,,
2026-06-16T11:19:32.355,0.9576,25.26,2,3e-06,0,3,200,,,
2026-06-16T11:19:32.857,0.9576,25.26,1,3e-06,0,3,200,,,
2026-06-16T11:19:33.357,0.9577,25.26,1,3e-06,0,3,200,,,
2026-06-16T11:19:33.857,0.9576,25.27,2,3e-06,0,3,200,,,
2026-06-16T11:19:34.357,0.9577,25.27,1,3e-06,0,3,200,,,
2026-06-16T11:19:34.857,0.9577,25.27,2,3e-06,0,3,200,,,
2026-06-16T11:19:35.343,0.9576,25.26,1,3e-06,0,3,200,,,
2026-06-16T11:19:35.848,0.9577,25.27,2,4e-06,0,3,200,,,
2026-06-16T11:19:36.349,0.9576,25.26,1,3e-06,0,3,200,,,
2026-06-16T11:19:36.850,0.9576,25.27,1,3e-06,0,3,200,,,
2026-06-16T11:19:37.349,0.9576,25.27,2,3e-06,0,3,200,,,
2026-06-16T11:19:37.852,0.9577,25.27,1,4e-06,0,3,200,,,
2026-06-16T11:19:38.350,0.9577,25.27,2,3e-06,0,3,200,,,
2026-06-16T11:19:38.849,0.9577,25.27,1,3e-06,0,3,200,,,
2026-06-16T11:19:39.346,0.9576,25.27,1,3e-06,0,3,200,,,
2026-06-16T11:19:39.844,0.9576,25.27,2,3e-06,0,3,200,,,
2026-06-16T11:19:40.344,0.9576,25.27,1,3e-06,0,3,200,,,
2026-06-16T11:19:40.856,0.9577,25.27,2,3e-06,0,3,200,,,
2026-06-16T11:19:41.343,0.9577,25.27,1,3e-06,0,3,200,,,
2026-06-16T11:19:41.846,0.9577,25.27,1,3e-06,0,3,200,,,
2026-06-16T11:19:42.346,0.9577,25.27,2,3e-06,0,3,200,,,
2026-06-16T11:19:42.849,0.9577,25.27,1,3e-06,0,3,200,,,
2026-06-16T11:19:43.347,0.9577,25.27,2,3e-06,0,3,200,,,
2026-06-16T11:19:43.849,0.9577,25.27,1,3e-06,0,3,200,,,
2026-06-16T11:19:44.345,0.9576,25.27,1,3e-06,0,3,200,,,
2026-06-16T11:19:44.847,0.9576,25.27,2,3e-06,0,3,200,,,
2026-06-16T11:19:45.349,0.9576,25.27,1,3e-06,0,3,200,,,
2026-06-16T11:19:45.851,0.9577,25.27,2,3e-06,0,3,200,,,
2026-06-16T11:19:46.345,0.9577,25.27,1,3e-06,0,3,200,,,
2026-06-16T11:19:46.844,0.9576,25.27,2,3e-06,0,3,200,,,
2026-06-16T11:19:47.345,0.9576,25.27,1,3e-06,0,3,200,,,
2026-06-16T11:19:47.843,0.9577,25.28,1,3e-06,0,3,200,,,
2026-06-16T11:19:48.342,0.9576,25.27,2,3e-06,0,3,200,,,
2026-06-16T11:19:48.857,0.9577,25.28,1,4e-06,1,4,200,2026-06-16T11:19:48.354595,200,1
2026-06-16T11:19:49.355,0.9576,25.27,2,5e-06,0,4,200,,,
2026-06-16T11:19:49.853,0.9576,25.27,1,5e-06,0,4,200,,,
2026-06-16T11:19:50.353,0.9577,25.28,1,5e-06,0,4,200,,,
2026-06-16T11:19:50.855,0.9576,25.27,2,4e-06,0,4,200,,,
2026-06-16T11:19:51.355,0.9577,25.27,1,4e-06,0,4,200,,,
2026-06-16T11:19:51.850,0.9576,25.27,2,4e-06,0,4,200,,,
2026-06-16T11:19:52.354,0.9576,25.28,1,4e-06,0,4,200,,,
2026-06-16T11:19:52.854,0.9576,25.28,1,4e-06,0,4,200,,,
2026-06-16T11:19:53.352,0.9576,25.28,2,4e-06,0,4,200,,,
2026-06-16T11:19:53.850,0.9576,25.27,1,4e-06,0,4,200,,,
2026-06-16T11:19:54.351,0.9576,25.28,2,4e-06,0,4,200,,,
2026-06-16T11:19:54.848,0.9576,25.28,1,4e-06,0,4,200,,,
2026-06-16T11:19:55.346,0.9576,25.28,1,4e-06,0,4,200,,,
2026-06-16T11:19:55.845,0.9576,25.28,2,4e-06,0,4,200,,,
2026-06-16T11:19:56.346,0.9576,25.28,1,4e-06,0,4,200,,,
2026-06-16T11:19:56.845,0.9576,25.28,2,4e-06,0,4,200,,,
2026-06-16T11:19:57.357,0.9576,25.28,1,4e-06,0,4,200,,,
2026-06-16T11:19:57.854,0.9577,25.28,2,4e-06,0,4,200,,,
2026-06-16T11:19:58.355,0.9576,25.28,1,4e-06,0,4,200,,,
2026-06-16T11:19:58.843,0.9577,25.28,1,3e-06,0,4,200,,,
2026-06-16T11:19:59.357,0.9576,25.28,2,4e-06,0,4,200,,,
2026-06-16T11:19:59.856,0.9576,25.28,1,3e-06,0,4,200,,,
2026-06-16T11:20:00.343,0.9577,25.28,2,3e-06,0,4,200,,,
2026-06-16T11:20:00.856,0.9577,25.28,1,3e-06,0,4,200,,,
2026-06-16T11:20:01.356,0.9577,25.28,1,3e-06,0,4,200,,,
2026-06-16T11:20:01.855,0.9577,25.28,2,3e-06,0,4,200,,,
2026-06-16T11:20:02.342,0.9577,25.28,1,3e-06,0,4,200,,,
2026-06-16T11:20:02.843,0.9576,25.28,2,3e-06,0,4,200,,,
2026-06-16T11:20:03.356,0.9577,25.28,1,3e-06,0,4,200,,,
2026-06-16T11:20:03.855,0.9577,25.28,2,3e-06,0,4,200,,,
2026-06-16T11:20:04.351,0.9577,25.28,1,3e-06,0,4,200,,,
2026-06-16T11:20:04.856,0.9577,25.28,1,3e-06,0,4,200,,,
2026-06-16T11:20:05.355,0.9577,25.28,2,3e-06,0,4,200,,,
2026-06-16T11:20:05.856,0.9577,25.28,1,3e-06,0,4,200,,,
2026-06-16T11:20:06.354,0.9577,25.28,2,3e-06,0,4,200,,,
2026-06-16T11:20:06.855,0.9576,25.28,1,3e-06,0,4,200,,,
2026-06-16T11:20:07.353,0.9576,25.29,1,3e-06,0,4,200,,,
2026-06-16T11:20:07.853,0.9577,25.28,2,3e-06,0,4,200,,,
2026-06-16T11:20:08.353,0.9576,25.29,1,3e-06,0,4,200,,,
2026-06-16T11:20:08.851,0.9577,25.29,2,3e-06,0,4,200,,,
2026-06-16T11:20:09.348,0.9577,25.28,1,3e-06,0,4,200,,,
2026-06-16T11:20:09.844,0.9576,25.28,1,3e-06,0,4,200,,,
2026-06-16T11:20:10.345,0.9576,25.28,2,3e-06,0,4,200,,,
2026-06-16T11:20:10.848,0.9576,25.29,1,3e-06,0,4,200,,,
2026-06-16T11:20:11.348,0.9576,25.29,1,3e-06,0,4,200,,,
2026-06-16T11:20:11.846,0.9576,25.29,2,3e-06,0,4,200,,,
2026-06-16T11:20:12.349,0.9576,25.29,1,3e-06,0,4,200,,,
2026-06-16T11:20:12.848,0.9577,25.29,2,3e-06,0,4,200,,,
2026-06-16T11:20:13.345,0.9576,25.29,1,3e-06,0,4,200,,,
2026-06-16T11:20:13.845,0.9577,25.29,2,3e-06,0,4,200,,,
2026-06-16T11:20:14.345,0.9577,25.29,1,3e-06,0,4,200,,,
2026-06-16T11:20:14.848,0.9576,25.29,1,3e-06,0,4,200,,,
2026-06-16T11:20:15.347,0.9577,25.29,2,3e-06,0,4,200,,,
2026-06-16T11:20:15.849,0.9576,25.29,1,3e-06,0,4,200,,,
2026-06-16T11:20:16.347,0.9577,25.29,2,3e-06,0,4,200,,,
2026-06-16T11:20:16.847,0.9577,25.29,1,3e-06,0,4,200,,,
2026-06-16T11:20:17.346,0.9577,25.29,1,3e-06,0,4,200,,,
2026-06-16T11:20:17.847,0.9577,25.29,2,3e-06,0,4,200,,,
2026-06-16T11:20:18.350,0.9577,25.29,1,3e-06,0,4,200,,,
2026-06-16T11:20:18.851,0.9577,25.29,2,3e-06,0,4,200,,,
2026-06-16T11:20:19.351,0.9577,25.29,1,3e-06,0,4,200,,,
2026-06-16T11:20:19.853,0.9577,25.29,2,3e-06,0,4,200,,,
2026-06-16T11:20:20.352,0.9576,25.29,1,3e-06,0,4,200,,,
2026-06-16T11:20:20.850,0.9577,25.29,1,3e-06,0,4,200,,,
2026-06-16T11:20:21.348,0.9577,25.29,2,3e-06,0,4,200,,,
2026-06-16T11:20:21.846,0.9577,25.29,1,3e-06,0,4,200,,,
2026-06-16T11:20:22.346,0.9577,25.29,1,3e-06,0,4,200,,,
2026-06-16T11:20:22.845,0.9577,25.29,2,3e-06,0,4,200,,,
2026-06-16T11:20:23.347,0.9577,25.29,1,3e-06,0,4,200,,,
2026-06-16T11:20:23.848,0.9576,25.29,2,3e-06,0,4,200,,,
2026-06-16T11:20:24.349,0.9577,25.29,1,3e-06,0,4,200,,,
2026-06-16T11:20:24.853,0.9577,25.29,2,3e-06,0,4,200,,,
2026-06-16T11:20:25.352,0.9576,25.29,1,3e-06,0,4,200,,,
2026-06-16T11:20:25.853,0.9576,25.29,1,3e-06,0,4,200,,,
2026-06-16T11:20:26.354,0.9577,25.29,2,3e-06,0,4,200,,,
2026-06-16T11:20:26.856,0.9577,25.29,1,3e-06,0,4,200,,,
2026-06-16T11:20:27.353,0.9577,25.29,2,3e-06,0,4,200,,,
2026-06-16T11:20:27.851,0.9577,25.29,1,3e-06,0,4,200,,,
2026-06-16T11:20:28.348,0.9576,25.29,1,3e-06,0,4,200,,,
2026-06-16T11:20:28.849,0.9577,25.29,2,3e-06,0,4,200,,,
2026-06-16T11:20:29.348,0.9577,25.29,1,3e-06,0,4,200,,,
2026-06-16T11:20:29.848,0.9576,25.29,1,3e-06,0,4,200,,,
2026-06-16T11:20:30.347,0.9577,25.29,2,3e-06,0,4,200,,,
2026-06-16T11:20:30.849,0.9577,25.29,1,3e-06,0,4,200,,,
2026-06-16T11:20:31.351,0.9577,25.29,2,3e-06,0,4,200,,,
2026-06-16T11:20:31.850,0.9577,25.29,1,3e-06,0,4,200,,,
2026-06-16T11:20:32.356,0.9577,25.29,1,3e-06,0,4,200,,,
2026-06-16T11:20:32.857,0.9577,25.3,2,3e-06,0,4,200,,,
2026-06-16T11:20:33.357,0.9576,25.29,1,3e-06,0,4,200,,,
2026-06-16T11:20:33.855,0.9577,25.29,2,3e-06,0,4,200,,,
2026-06-16T11:20:34.358,0.9577,25.29,1,3e-06,0,4,200,,,
2026-06-16T11:20:34.842,0.9577,25.29,2,3e-06,0,4,200,,,
2026-06-16T11:20:35.344,0.9577,25.29,1,3e-06,0,4,200,,,
2026-06-16T11:20:35.857,0.9577,25.29,1,3e-06,0,4,200,,,
2026-06-16T11:20:36.356,0.9577,25.29,2,3e-06,0,4,200,,,
2026-06-16T11:20:36.854,0.9577,25.29,1,3e-06,0,4,200,,,
2026-06-16T11:20:37.352,0.9577,25.29,2,3e-06,0,4,200,,,
2026-06-16T11:20:37.853,0.9577,25.29,1,3e-06,0,4,200,,,
2026-06-16T11:20:38.355,0.9577,25.29,1,3e-06,0,4,200,,,
2026-06-16T11:20:38.855,0.9577,25.3,2,3e-06,0,4,200,,,
2026-06-16T11:20:39.352,0.9577,25.29,1,3e-06,0,4,200,,,
2026-06-16T11:20:39.852,0.9577,25.3,2,3e-06,0,4,200,,,
2026-06-16T11:20:40.349,0.9577,25.29,1,3e-06,0,4,200,,,
2026-06-16T11:20:40.849,0.9577,25.3,1,3e-06,0,4,200,,,
2026-06-16T11:20:41.349,0.9577,25.3,2,3e-06,0,4,200,,,
2026-06-16T11:20:41.848,0.9578,25.29,1,3e-06,0,4,200,,,
2026-06-16T11:20:42.347,0.9577,25.3,2,3e-06,0,4,200,,,
2026-06-16T11:20:42.846,0.9578,25.3,1,3e-06,0,4,200,,,
2026-06-16T11:20:43.343,0.9578,25.3,1,3e-06,0,4,200,,,
2026-06-16T11:20:43.842,0.9577,25.3,2,3e-06,0,4,200,,,
2026-06-16T11:20:44.356,0.9577,25.3,1,3e-06,0,4,200,,,
2026-06-16T11:20:44.855,0.9577,25.3,2,3e-06,0,4,200,,,
2026-06-16T11:20:45.344,0.9577,25.3,1,3e-06,0,4,200,,,
2026-06-16T11:20:45.845,0.9578,25.3,1,3e-06,0,4,200,,,
2026-06-16T11:20:46.346,0.9577,25.3,2,3e-06,0,4,200,,,
2026-06-16T11:20:46.845,0.9577,25.3,1,3e-06,0,4,200,,,
2026-06-16T11:20:47.345,0.9578,25.3,2,3e-06,0,4,200,,,
2026-06-16T11:20:47.845,0.9578,25.3,1,3e-06,0,4,200,,,
2026-06-16T11:20:48.343,0.9577,25.3,1,3e-06,0,4,200,,,
2026-06-16T11:20:48.842,0.9577,25.3,2,3e-06,0,4,200,,,
2026-06-16T11:20:49.346,0.9577,25.3,1,3e-06,0,4,200,,,
2026-06-16T11:20:49.845,0.9577,25.3,2,3e-06,0,4,200,,,
2026-06-16T11:20:50.343,0.9578,25.3,1,3e-06,0,4,200,,,
2026-06-16T11:20:50.842,0.9578,25.3,1,3e-06,0,4,200,,,
2026-06-16T11:20:51.342,0.9578,25.3,2,3e-06,0,4,200,,,
2026-06-16T11:20:51.858,0.9577,25.3,1,3e-06,0,4,200,,,
2026-06-16T11:20:52.356,0.9577,25.3,2,3e-06,0,4,200,,,
2026-06-16T11:20:52.856,0.9577,25.3,1,3e-06,0,4,200,,,
2026-06-16T11:20:53.358,0.9577,25.3,2,3e-06,0,4,200,,,
2026-06-16T11:20:53.856,0.9578,25.31,1,3e-06,0,4,200,,,
2026-06-16T11:20:54.357,0.9578,25.31,1,3e-06,0,4,200,,,
2026-06-16T11:20:54.856,0.9578,25.3,2,3e-06,0,4,200,,,
2026-06-16T11:20:55.356,0.9578,25.31,1,3e-06,0,4,200,,,
2026-06-16T11:20:55.856,0.9578,25.31,2,3e-06,0,4,200,,,
2026-06-16T11:20:56.344,0.9577,25.3,1,3e-06,0,4,200,,,
2026-06-16T11:20:56.842,0.9578,25.31,1,3e-06,0,4,200,,,
2026-06-16T11:20:57.357,0.9577,25.3,2,3e-06,0,4,200,,,
2026-06-16T11:20:57.855,0.9578,25.31,1,3e-06,0,4,200,,,
2026-06-16T11:20:58.355,0.9577,25.31,2,3e-06,0,4,200,,,
2026-06-16T11:20:58.853,0.9578,25.31,1,3e-06,0,4,200,,,
2026-06-16T11:20:59.353,0.9578,25.3,2,3e-06,0,4,200,,,
2026-06-16T11:20:59.853,0.9578,25.31,1,4e-06,0,4,200,,,
2026-06-16T11:21:00.355,0.9578,25.31,1,3e-06,0,4,200,,,
2026-06-16T11:21:00.854,0.9578,25.31,2,3e-06,0,4,200,,,
2026-06-16T11:21:01.356,0.9578,25.31,1,3e-06,0,4,200,,,
2026-06-16T11:21:01.844,0.9578,25.31,2,3e-06,0,4,200,,,
2026-06-16T11:21:02.344,0.9578,25.31,1,3e-06,0,4,200,,,
2026-06-16T11:21:02.842,0.9578,25.31,1,3e-06,0,4,200,,,
2026-06-16T11:21:03.344,0.9577,25.31,2,3e-06,0,4,200,,,
2026-06-16T11:21:03.843,0.9577,25.31,1,3e-06,0,4,200,,,
2026-06-16T11:21:04.343,0.9578,25.31,2,3e-06,0,4,200,,,
2026-06-16T11:21:04.844,0.9578,25.31,1,3e-06,0,4,200,,,
2026-06-16T11:21:05.348,0.9578,25.31,1,3e-06,0,4,200,,,
2026-06-16T11:21:05.851,0.9578,25.31,2,3e-06,0,4,200,,,
2026-06-16T11:21:06.347,0.9579,25.31,1,3e-06,0,4,200,,,
2026-06-16T11:21:06.847,0.9578,25.31,2,3e-06,0,4,200,,,
2026-06-16T11:21:07.347,0.9578,25.31,1,3e-06,0,4,200,,,
2026-06-16T11:21:07.846,0.9578,25.31,1,3e-06,0,4,200,,,
2026-06-16T11:21:08.347,0.9578,25.31,2,3e-06,0,4,200,,,
2026-06-16T11:21:08.845,0.9578,25.31,1,3e-06,0,4,200,,,
2026-06-16T11:21:09.343,0.9578,25.31,2,3e-06,0,4,200,,,
2026-06-16T11:21:09.855,0.9578,25.31,1,3e-06,0,4,200,,,
2026-06-16T11:21:10.342,0.9578,25.31,1,3e-06,0,4,200,,,
2026-06-16T11:21:10.845,0.9578,25.31,2,3e-06,0,4,200,,,
2026-06-16T11:21:11.357,0.9579,25.31,1,3e-06,0,4,200,,,
2026-06-16T11:21:11.843,0.9578,25.31,2,3e-06,0,4,200,,,
2026-06-16T11:21:12.356,0.9578,25.32,1,3e-06,0,4,200,,,
2026-06-16T11:21:12.856,0.9579,25.31,2,3e-06,0,4,200,,,
2026-06-16T11:21:13.355,0.9577,25.31,1,3e-06,0,4,200,,,
2026-06-16T11:21:13.852,0.9579,25.31,1,3e-06,0,4,200,,,
2026-06-16T11:21:14.348,0.9578,25.32,2,3e-06,0,4,200,,,
2026-06-16T11:21:14.849,0.9579,25.32,1,3e-06,0,4,200,,,
2026-06-16T11:21:15.348,0.9579,25.32,1,3e-06,0,4,200,,,
2026-06-16T11:21:15.849,0.9578,25.31,2,3e-06,0,4,200,,,
2026-06-16T11:21:16.347,0.9578,25.32,1,3e-06,0,4,200,,,
2026-06-16T11:21:16.844,0.9578,25.32,2,3e-06,0,4,200,,,
2026-06-16T11:21:17.343,0.9578,25.32,1,3e-06,0,4,200,,,
2026-06-16T11:21:17.857,0.9578,25.32,2,3e-06,0,4,200,,,
2026-06-16T11:21:18.356,0.9578,25.31,1,3e-06,0,4,200,,,
2026-06-16T11:21:18.854,0.9579,25.32,1,3e-06,0,4,200,,,
2026-06-16T11:21:19.352,0.9579,25.32,2,3e-06,0,4,200,,,
2026-06-16T11:21:19.850,0.9579,25.31,1,3e-06,0,4,200,,,
2026-06-16T11:21:20.344,0.9579,25.32,1,3e-06,0,4,200,,,
2026-06-16T11:21:20.843,0.9578,25.32,2,3e-06,0,4,200,,,
2026-06-16T11:21:21.343,0.9579,25.32,1,3e-06,0,4,200,,,
2026-06-16T11:21:21.857,0.9578,25.32,2,3e-06,0,4,200,,,
2026-06-16T11:21:22.342,0.9578,25.32,1,3e-06,0,4,200,,,
2026-06-16T11:21:22.853,0.9578,25.32,2,3e-06,0,4,200,,,
2026-06-16T11:21:23.350,0.9578,25.32,1,3e-06,0,4,200,,,
2026-06-16T11:21:23.850,0.9578,25.32,1,3e-06,0,4,200,,,
2026-06-16T11:21:24.352,0.9578,25.32,2,3e-06,0,4,200,,,
2026-06-16T11:21:24.850,0.9578,25.32,1,3e-06,0,4,200,,,
2026-06-16T11:21:25.350,0.9578,25.32,2,3e-06,0,4,200,,,
2026-06-16T11:21:25.850,0.9579,25.32,1,3e-06,0,4,200,,,
2026-06-16T11:21:26.353,0.9578,25.32,1,3e-06,0,4,200,,,
2026-06-16T11:21:26.855,0.9579,25.32,2,3e-06,0,4,200,,,
2026-06-16T11:21:27.350,0.9578,25.32,1,3e-06,0,4,200,,,
2026-06-16T11:21:27.848,0.9578,25.32,2,3e-06,0,4,200,,,
2026-06-16T11:21:28.350,0.9579,25.32,1,3e-06,0,4,200,,,
2026-06-16T11:21:28.848,0.958,25.32,1,3e-06,0,4,200,,,
2026-06-16T11:21:29.347,0.9579,25.32,2,3e-06,0,4,200,,,
2026-06-16T11:21:29.850,0.9578,25.32,1,3e-06,0,4,200,,,
2026-06-16T11:21:30.349,0.9579,25.32,2,3e-06,0,4,200,,,
2026-06-16T11:21:30.848,0.9578,25.32,1,3e-06,0,4,200,,,
2026-06-16T11:21:31.348,0.9579,25.32,1,3e-06,0,4,200,,,
2026-06-16T11:21:31.848,0.9578,25.32,2,3e-06,0,4,200,,,
2026-06-16T11:21:32.349,0.9579,25.33,1,3e-06,0,4,200,,,
2026-06-16T11:21:32.853,0.9578,25.32,2,3e-06,0,4,200,,,
2026-06-16T11:21:33.355,0.9579,25.33,1,3e-06,0,4,200,,,
2026-06-16T11:21:33.854,0.9579,25.33,1,3e-06,0,4,200,,,
2026-06-16T11:21:34.353,0.9579,25.32,2,3e-06,0,4,200,,,
2026-06-16T11:21:34.854,0.9579,25.32,1,3e-06,0,4,200,,,
2026-06-16T11:21:35.352,0.9579,25.33,2,3e-06,0,4,200,,,
2026-06-16T11:21:35.849,0.9579,25.33,1,3e-06,0,4,200,,,
2026-06-16T11:21:36.351,0.9579,25.33,2,3e-06,0,4,200,,,
2026-06-16T11:21:36.847,0.9578,25.33,1,3e-06,0,4,200,,,
2026-06-16T11:21:37.349,0.9579,25.33,1,3e-06,0,4,200,,,
2026-06-16T11:21:37.848,0.9579,25.33,2,3e-06,0,4,200,,,
2026-06-16T11:21:38.351,0.9579,25.33,1,3e-06,0,4,200,,,
2026-06-16T11:21:38.853,0.958,25.33,1,3e-06,0,4,200,,,
2026-06-16T11:21:39.342,0.9579,25.33,2,3e-06,0,4,200,,,
2026-06-16T11:21:39.844,0.958,25.33,1,3e-06,0,4,200,,,
2026-06-16T11:21:40.346,0.9579,25.33,2,3e-06,0,4,200,,,
2026-06-16T11:21:40.845,0.9579,25.33,1,3e-06,0,4,200,,,
2026-06-16T11:21:41.346,0.9579,25.33,2,3e-06,0,4,200,,,
2026-06-16T11:21:41.845,0.9579,25.33,1,3e-06,0,4,200,,,
2026-06-16T11:21:42.346,0.9579,25.33,1,3e-06,0,4,200,,,
2026-06-16T11:21:42.847,0.9579,25.33,2,3e-06,0,4,200,,,
2026-06-16T11:21:43.350,0.9579,25.33,1,3e-06,0,4,200,,,
2026-06-16T11:21:43.851,0.9579,25.33,2,3e-06,0,4,200,,,
2026-06-16T11:21:44.350,0.958,25.33,1,3e-06,0,4,200,,,
2026-06-16T11:21:44.854,0.958,25.33,1,3e-06,0,4,200,,,
2026-06-16T11:21:45.352,0.9579,25.33,2,3e-06,0,4,200,,,
2026-06-16T11:21:45.852,0.958,25.33,1,3e-06,0,4,200,,,
2026-06-16T11:21:46.349,0.958,25.33,2,3e-06,0,4,200,,,
2026-06-16T11:21:46.845,0.9579,25.33,1,3e-06,0,4,200,,,
2026-06-16T11:21:47.345,0.9579,25.33,1,3e-06,0,4,200,,,
2026-06-16T11:21:47.844,0.9579,25.34,2,3e-06,0,4,200,,,
2026-06-16T11:21:48.343,0.958,25.34,1,3e-06,0,4,200,,,
2026-06-16T11:21:48.844,0.958,25.33,1,3e-06,0,4,200,,,
2026-06-16T11:21:49.356,0.958,25.33,2,3e-06,0,4,200,,,
2026-06-16T11:21:49.842,0.958,25.33,1,3e-06,0,4,200,,,
2026-06-16T11:21:50.344,0.9579,25.34,2,3e-06,0,4,200,,,
2026-06-16T11:21:50.850,0.9579,25.33,1,3e-06,0,4,200,,,
2026-06-16T11:21:51.349,0.9579,25.34,1,3e-06,0,4,200,,,
2026-06-16T11:21:51.849,0.9579,25.34,2,3e-06,0,4,200,,,
2026-06-16T11:21:52.347,0.958,25.33,1,3e-06,0,4,200,,,
2026-06-16T11:21:52.845,0.9579,25.34,2,3e-06,0,4,200,,,
2026-06-16T11:21:53.345,0.9579,25.34,1,3e-06,0,4,200,,,
2026-06-16T11:21:53.845,0.9579,25.34,2,3e-06,0,4,200,,,
2026-06-16T11:21:54.346,0.958,25.34,1,3e-06,0,4,200,,,
2026-06-16T11:21:54.847,0.9579,25.34,1,3e-06,0,4,200,,,
2026-06-16T11:21:55.349,0.958,25.34,2,3e-06,0,4,200,,,
2026-06-16T11:21:55.854,0.958,25.34,1,3e-06,0,4,200,,,
2026-06-16T11:21:56.343,0.9579,25.34,2,3e-06,0,4,200,,,
2026-06-16T11:21:56.842,0.9579,25.34,1,3e-06,0,4,200,,,
2026-06-16T11:21:57.344,0.958,25.34,1,3e-06,0,4,200,,,
2026-06-16T11:21:57.844,0.958,25.34,2,3e-06,0,4,200,,,
2026-06-16T11:21:58.345,0.958,25.34,1,3e-06,0,4,200,,,
2026-06-16T11:21:58.843,0.958,25.34,2,3e-06,0,4,200,,,
2026-06-16T11:21:59.344,0.958,25.34,1,3e-06,0,4,200,,,
2026-06-16T11:21:59.844,0.958,25.34,1,3e-06,0,4,200,,,
2026-06-16T11:22:00.356,0.958,25.34,2,3e-06,0,4,200,,,
2026-06-16T11:22:00.856,0.9581,25.34,1,3e-06,0,4,200,,,
2026-06-16T11:22:01.343,0.958,25.34,2,3e-06,0,4,200,,,
2026-06-16T11:22:01.857,0.958,25.35,1,3e-06,0,4,200,,,
2026-06-16T11:22:02.358,0.958,25.35,1,3e-06,0,4,200,,,
2026-06-16T11:22:02.844,0.9579,25.35,2,3e-06,0,4,200,,,
2026-06-16T11:22:03.348,0.958,25.35,1,3e-06,0,4,200,,,
2026-06-16T11:22:03.853,0.958,25.35,2,3e-06,0,4,200,,,
2026-06-16T11:22:04.352,0.958,25.35,1,3e-06,0,4,200,,,
2026-06-16T11:22:04.853,0.958,25.35,1,3e-06,0,4,200,,,
2026-06-16T11:22:05.352,0.958,25.35,2,3e-06,0,4,200,,,
2026-06-16T11:22:05.854,0.958,25.35,1,3e-06,0,4,200,,,
2026-06-16T11:22:06.350,0.958,25.35,2,3e-06,0,4,200,,,
2026-06-16T11:22:06.851,0.958,25.35,1,3e-06,0,4,200,,,
2026-06-16T11:22:07.352,0.9581,25.35,1,3e-06,0,4,200,,,
2026-06-16T11:22:07.856,0.958,25.35,2,3e-06,0,4,200,,,
2026-06-16T11:22:08.342,0.958,25.35,1,3e-06,0,4,200,,,
2026-06-16T11:22:08.857,0.958,25.35,2,3e-06,0,4,200,,,
2026-06-16T11:22:09.354,0.9581,25.35,1,3e-06,0,4,200,,,
2026-06-16T11:22:09.854,0.958,25.35,1,3e-06,0,4,200,,,
2026-06-16T11:22:10.354,0.958,25.35,2,3e-06,0,4,200,,,
2026-06-16T11:22:10.853,0.9581,25.35,1,3e-06,0,4,200,,,
2026-06-16T11:22:11.351,0.958,25.35,2,3e-06,0,4,200,,,
2026-06-16T11:22:11.849,0.958,25.35,1,3e-06,0,4,200,,,
2026-06-16T11:22:12.346,0.958,25.35,1,3e-06,0,4,200,,,
2026-06-16T11:22:12.850,0.9581,25.36,2,3e-06,0,4,200,,,
2026-06-16T11:22:13.355,0.958,25.35,1,3e-06,0,4,200,,,
2026-06-16T11:22:13.857,0.9581,25.36,2,3e-06,0,4,200,,,
2026-06-16T11:22:14.344,0.958,25.35,1,3e-06,0,4,200,,,
2026-06-16T11:22:14.844,0.9581,25.36,1,3e-06,0,4,200,,,
2026-06-16T11:22:15.345,0.958,25.36,2,3e-06,0,4,200,,,
2026-06-16T11:22:15.845,0.9581,25.35,1,3e-06,0,4,200,,,
2026-06-16T11:22:16.343,0.958,25.36,2,3e-06,0,4,200,,,
2026-06-16T11:22:16.844,0.9581,25.36,1,3e-06,0,4,200,,,
2026-06-16T11:22:17.342,0.958,25.36,2,3e-06,0,4,200,,,
2026-06-16T11:22:17.843,0.9581,25.36,1,3e-06,0,4,200,,,
2026-06-16T11:22:18.343,0.9581,25.36,1,3e-06,0,4,200,,,
2026-06-16T11:22:18.855,0.9581,25.36,2,3e-06,0,4,200,,,
2026-06-16T11:22:19.358,0.9581,25.36,1,3e-06,0,4,200,,,
2026-06-16T11:22:19.843,0.9581,25.36,2,3e-06,0,4,200,,,
2026-06-16T11:22:20.345,0.9581,25.36,1,3e-06,0,4,200,,,
2026-06-16T11:22:20.844,0.9581,25.36,1,3e-06,0,4,200,,,
2026-06-16T11:22:21.344,0.958,25.36,2,3e-06,0,4,200,,,
2026-06-16T11:22:21.855,0.9581,25.36,1,3e-06,0,4,200,,,
2026-06-16T11:22:22.353,0.9581,25.36,2,3e-06,0,4,200,,,
2026-06-16T11:22:22.854,0.958,25.36,1,3e-06,0,4,200,,,
2026-06-16T11:22:23.350,0.9581,25.37,2,3e-06,0,4,200,,,
2026-06-16T11:22:23.849,0.9581,25.36,1,3e-06,0,4,200,,,
2026-06-16T11:22:24.350,0.9581,25.36,1,3e-06,0,4,200,,,
2026-06-16T11:22:24.848,0.9582,25.37,2,3e-06,0,4,200,,,
2026-06-16T11:22:25.348,0.9581,25.37,1,3e-06,0,4,200,,,
2026-06-16T11:22:25.846,0.9581,25.37,2,3e-06,0,4,200,,,
2026-06-16T11:22:26.343,0.9581,25.37,1,3e-06,0,4,200,,,
2026-06-16T11:22:26.842,0.9581,25.37,1,3e-06,0,4,200,,,
2026-06-16T11:22:27.357,0.9581,25.37,2,3e-06,0,4,200,,,
2026-06-16T11:22:27.857,0.9581,25.37,1,3e-06,0,4,200,,,
2026-06-16T11:22:28.356,0.9581,25.37,2,3e-06,0,4,200,,,
2026-06-16T11:22:28.856,0.9581,25.37,1,3e-06,0,4,200,,,
2026-06-16T11:22:29.357,0.958,25.37,2,3e-06,0,4,200,,,
2026-06-16T11:22:29.855,0.958,25.37,1,3e-06,0,4,200,,,
2026-06-16T11:22:30.356,0.9581,25.37,1,3e-06,0,4,200,,,
2026-06-16T11:22:30.855,0.9581,25.37,2,3e-06,0,4,200,,,
2026-06-16T11:22:31.342,0.9582,25.37,1,3e-06,0,4,200,,,
2026-06-16T11:22:31.857,0.9582,25.37,2,3e-06,0,4,200,,,
2026-06-16T11:22:32.357,0.9581,25.38,1,3e-06,0,4,200,,,
2026-06-16T11:22:32.855,0.9582,25.37,1,3e-06,0,4,200,,,
2026-06-16T11:22:33.356,0.9582,25.38,2,3e-06,0,4,200,,,
2026-06-16T11:22:33.854,0.9581,25.37,1,3e-06,0,4,200,,,
2026-06-16T11:22:34.356,0.9581,25.37,2,3e-06,0,4,200,,,
2026-06-16T11:22:34.843,0.9581,25.37,1,3e-06,0,4,200,,,
2026-06-16T11:22:35.344,0.9581,25.37,1,3e-06,0,4,200,,,
2026-06-16T11:22:35.845,0.9581,25.37,2,3e-06,0,4,200,,,
2026-06-16T11:22:36.343,0.9581,25.37,1,3e-06,0,4,200,,,
2026-06-16T11:22:36.844,0.9581,25.38,2,3e-06,0,4,200,,,
2026-06-16T11:22:37.343,0.9582,25.38,1,3e-06,0,4,200,,,
2026-06-16T11:22:37.857,0.9581,25.38,1,3e-06,0,4,200,,,
2026-06-16T11:22:38.343,0.9581,25.38,2,3e-06,0,4,200,,,
2026-06-16T11:22:38.856,0.9581,25.38,1,3e-06,0,4,200,,,
2026-06-16T11:22:39.353,0.9582,25.38,2,3e-06,0,4,200,,,
2026-06-16T11:22:39.856,0.9581,25.38,1,3e-06,0,4,200,,,
2026-06-16T11:22:40.345,0.9581,25.38,1,3e-06,0,4,200,,,
2026-06-16T11:22:40.845,0.9581,25.38,2,3e-06,0,4,200,,,
2026-06-16T11:22:41.347,0.9581,25.38,1,3e-06,0,4,200,,,
2026-06-16T11:22:41.844,0.9582,25.38,2,3e-06,0,4,200,,,
2026-06-16T11:22:42.345,0.9582,25.38,1,3e-06,0,4,200,,,
2026-06-16T11:22:42.846,0.9582,25.38,1,3e-06,0,4,200,,,
2026-06-16T11:22:43.348,0.9581,25.38,2,3e-06,0,4,200,,,
2026-06-16T11:22:43.851,0.9581,25.38,1,3e-06,0,4,200,,,
2026-06-16T11:22:44.349,0.9581,25.38,2,3e-06,0,4,200,,,
2026-06-16T11:22:44.852,0.9582,25.38,1,3e-06,0,4,200,,,
2026-06-16T11:22:45.353,0.9582,25.38,2,3e-06,0,4,200,,,
2026-06-16T11:22:45.855,0.9582,25.38,1,3e-06,0,4,200,,,
2026-06-16T11:22:46.351,0.9582,25.38,1,3e-06,0,4,200,,,
2026-06-16T11:22:46.849,0.9582,25.38,2,3e-06,0,4,200,,,
2026-06-16T11:22:47.351,0.9582,25.38,1,3e-06,0,4,200,,,
2026-06-16T11:22:47.852,0.9581,25.38,2,3e-06,0,4,200,,,
2026-06-16T11:22:48.352,0.9582,25.38,1,3e-06,0,4,200,,,
2026-06-16T11:22:48.851,0.9582,25.38,1,3e-06,0,4,200,,,
2026-06-16T11:22:49.349,0.9581,25.38,2,3e-06,0,4,200,,,
2026-06-16T11:22:49.849,0.9581,25.38,1,3e-06,0,4,200,,,
2026-06-16T11:22:50.349,0.9582,25.38,2,3e-06,0,4,200,,,
2026-06-16T11:22:50.853,0.9581,25.39,1,3e-06,0,4,200,,,
2026-06-16T11:22:51.354,0.9581,25.39,1,3e-06,0,4,200,,,
2026-06-16T11:22:51.842,0.9582,25.38,2,3e-06,0,4,200,,,
2026-06-16T11:22:52.356,0.9582,25.38,1,3e-06,0,4,200,,,
2026-06-16T11:22:52.842,0.9582,25.39,2,3e-06,0,4,200,,,
2026-06-16T11:22:53.346,0.9582,25.39,1,3e-06,0,4,200,,,
2026-06-16T11:22:53.847,0.9582,25.39,1,3e-06,0,4,200,,,
2026-06-16T11:22:54.356,0.9581,25.39,2,3e-06,0,4,200,,,
2026-06-16T11:22:54.844,0.9582,25.39,1,3e-06,0,4,200,,,
2026-06-16T11:22:55.343,0.9582,25.39,2,3e-06,0,4,200,,,
2026-06-16T11:22:55.848,0.9582,25.39,1,3e-06,0,4,200,,,
2026-06-16T11:22:56.351,0.9582,25.39,2,3e-06,0,4,200,,,
2026-06-16T11:22:56.853,0.9582,25.39,1,3e-06,0,4,200,,,
2026-06-16T11:22:57.356,0.9582,25.39,1,3e-06,0,4,200,,,
2026-06-16T11:22:57.855,0.9582,25.39,2,3e-06,0,4,200,,,
2026-06-16T11:22:58.343,0.9582,25.39,1,3e-06,0,4,200,,,
2026-06-16T11:22:58.843,0.9582,25.39,2,3e-06,0,4,200,,,
2026-06-16T11:22:59.354,0.9581,25.39,1,3e-06,0,4,200,,,
2026-06-16T11:22:59.850,0.9582,25.39,1,3e-06,0,4,200,,,
2026-06-16T11:23:00.348,0.9582,25.39,2,3e-06,0,4,200,,,
2026-06-16T11:23:00.848,0.9583,25.39,1,3e-06,0,4,200,,,
2026-06-16T11:23:01.345,0.9583,25.39,2,3e-06,0,4,200,,,
2026-06-16T11:23:01.846,0.9581,25.39,1,3e-06,0,4,200,,,
2026-06-16T11:23:02.345,0.9582,25.4,1,3e-06,0,4,200,,,
2026-06-16T11:23:02.843,0.9583,25.4,2,3e-06,0,4,200,,,
2026-06-16T11:23:03.343,0.9582,25.4,1,3e-06,0,4,200,,,
2026-06-16T11:23:03.856,0.9583,25.39,2,3e-06,0,4,200,,,
2026-06-16T11:23:04.344,0.9582,25.4,1,3e-06,0,4,200,,,
2026-06-16T11:23:04.856,0.9582,25.39,1,3e-06,0,4,200,,,
2026-06-16T11:23:05.352,0.9583,25.4,2,3e-06,0,4,200,,,
2026-06-16T11:23:05.847,0.9582,25.4,1,3e-06,0,4,200,,,
2026-06-16T11:23:06.349,0.9583,25.4,2,3e-06,0,4,200,,,
2026-06-16T11:23:06.846,0.9582,25.4,1,3e-06,0,4,200,,,
2026-06-16T11:23:07.345,0.9583,25.4,2,3e-06,0,4,200,,,
2026-06-16T11:23:07.844,0.9583,25.4,1,3e-06,0,4,200,,,
2026-06-16T11:23:08.344,0.9583,25.4,1,3e-06,0,4,200,,,
2026-06-16T11:23:08.843,0.9582,25.4,2,3e-06,0,4,200,,,
2026-06-16T11:23:09.344,0.9583,25.4,1,3e-06,0,4,200,,,
2026-06-16T11:23:09.855,0.9583,25.4,2,3e-06,0,4,200,,,
2026-06-16T11:23:10.352,0.9582,25.4,1,3e-06,0,4,200,,,
2026-06-16T11:23:10.851,0.9582,25.4,1,3e-06,0,4,200,,,
2026-06-16T11:23:11.350,0.9582,25.4,2,3e-06,0,4,200,,,
2026-06-16T11:23:11.850,0.9582,25.4,1,3e-06,0,4,200,,,
2026-06-16T11:23:12.350,0.9583,25.4,2,3e-06,0,4,200,,,
2026-06-16T11:23:12.848,0.9583,25.4,1,3e-06,0,4,200,,,
2026-06-16T11:23:13.347,0.9583,25.4,1,3e-06,0,4,200,,,
2026-06-16T11:23:13.848,0.9582,25.41,2,3e-06,0,4,200,,,
2026-06-16T11:23:14.352,0.9582,25.41,1,3e-06,0,4,200,,,
2026-06-16T11:23:14.853,0.9582,25.4,2,3e-06,0,4,200,,,
2026-06-16T11:23:15.350,0.9583,25.4,1,3e-06,0,4,200,,,
2026-06-16T11:23:15.850,0.9582,25.41,1,3e-06,0,4,200,,,
2026-06-16T11:23:16.351,0.9582,25.41,2,3e-06,0,4,200,,,
2026-06-16T11:23:16.852,0.9582,25.41,1,3e-06,0,4,200,,,
2026-06-16T11:23:17.352,0.9582,25.41,2,3e-06,0,4,200,,,
2026-06-16T11:23:17.854,0.9582,25.41,1,3e-06,0,4,200,,,
2026-06-16T11:23:18.356,0.9582,25.41,1,3e-06,0,4,200,,,
2026-06-16T11:23:18.843,0.9583,25.41,2,3e-06,0,4,200,,,
2026-06-16T11:23:19.346,0.9582,25.41,1,3e-06,0,4,200,,,
2026-06-16T11:23:19.849,0.9583,25.41,2,3e-06,0,4,200,,,
2026-06-16T11:23:20.348,0.9582,25.41,1,3e-06,0,4,200,,,
2026-06-16T11:23:20.846,0.9582,25.41,1,3e-06,0,4,200,,,
2026-06-16T11:23:21.349,0.9582,25.41,2,3e-06,0,4,200,,,
2026-06-16T11:23:21.845,0.9582,25.41,1,3e-06,0,4,200,,,
2026-06-16T11:23:22.344,0.9583,25.41,2,3e-06,0,4,200,,,
2026-06-16T11:23:22.842,0.9582,25.41,1,3e-06,0,4,200,,,
2026-06-16T11:23:23.356,0.9583,25.41,2,3e-06,0,4,200,,,
2026-06-16T11:23:23.842,0.9583,25.41,1,3e-06,0,4,200,,,
2026-06-16T11:23:24.355,0.9583,25.42,1,3e-06,0,4,200,,,
2026-06-16T11:23:24.845,0.9582,25.42,2,3e-06,0,4,200,,,
2026-06-16T11:23:25.345,0.9583,25.41,1,3e-06,0,4,200,,,
2026-06-16T11:23:25.843,0.9583,25.42,2,3e-06,0,4,200,,,
2026-06-16T11:23:26.343,0.9582,25.42,1,3e-06,0,4,200,,,
2026-06-16T11:23:26.844,0.9582,25.42,1,3e-06,0,4,200,,,
2026-06-16T11:23:27.345,0.9583,25.42,2,3e-06,0,4,200,,,
2026-06-16T11:23:27.844,0.9582,25.42,1,3e-06,0,4,200,,,
2026-06-16T11:23:28.346,0.9583,25.42,2,3e-06,0,4,200,,,
2026-06-16T11:23:28.845,0.9582,25.42,1,3e-06,0,4,200,,,
2026-06-16T11:23:29.345,0.9583,25.42,1,3e-06,0,4,200,,,
2026-06-16T11:23:29.842,0.9583,25.42,2,3e-06,0,4,200,,,
2026-06-16T11:23:30.345,0.9583,25.42,1,3e-06,0,4,200,,,
2026-06-16T11:23:30.844,0.9583,25.42,2,3e-06,0,4,200,,,
2026-06-16T11:23:31.343,0.9583,25.42,1,3e-06,0,4,200,,,
2026-06-16T11:23:31.842,0.9583,25.42,1,3e-06,0,4,200,,,
2026-06-16T11:23:32.357,0.9583,25.42,2,3e-06,0,4,200,,,
2026-06-16T11:23:32.855,0.9583,25.42,1,3e-06,0,4,200,,,
2026-06-16T11:23:33.352,0.9583,25.42,2,3e-06,0,4,200,,,
2026-06-16T11:23:33.854,0.9583,25.42,1,3e-06,0,4,200,,,
2026-06-16T11:23:34.356,0.9583,25.42,1,3e-06,0,4,200,,,
2026-06-16T11:23:34.854,0.9583,25.42,2,3e-06,0,4,200,,,
2026-06-16T11:23:35.353,0.9583,25.42,1,3e-06,0,4,200,,,
2026-06-16T11:23:35.854,0.9583,25.42,2,3e-06,0,4,200,,,
2026-06-16T11:23:36.355,0.9583,25.42,1,3e-06,0,4,200,,,
2026-06-16T11:23:36.852,0.9583,25.42,1,3e-06,0,4,200,,,
2026-06-16T11:23:37.353,0.9583,25.42,2,3e-06,0,4,200,,,
2026-06-16T11:23:37.850,0.9583,25.42,1,3e-06,0,4,200,,,
2026-06-16T11:23:38.351,0.9583,25.42,2,3e-06,0,4,200,,,
2026-06-16T11:23:38.852,0.9583,25.42,1,3e-06,0,4,200,,,
2026-06-16T11:23:39.351,0.9583,25.42,2,3e-06,0,4,200,,,
2026-06-16T11:23:39.849,0.9583,25.42,1,3e-06,0,4,200,,,
2026-06-16T11:23:40.350,0.9582,25.42,1,3e-06,0,4,200,,,
2026-06-16T11:23:40.849,0.9584,25.42,2,3e-06,0,4,200,,,
2026-06-16T11:23:41.346,0.9583,25.42,1,3e-06,0,4,200,,,
2026-06-16T11:23:41.858,0.9583,25.43,2,3e-06,0,4,200,,,
2026-06-16T11:23:42.344,0.9583,25.43,1,3e-06,0,4,200,,,
2026-06-16T11:23:42.858,0.9583,25.43,1,3e-06,0,4,200,,,
2026-06-16T11:23:43.356,0.9583,25.43,2,3e-06,0,4,200,,,
2026-06-16T11:23:43.854,0.9583,25.42,1,3e-06,0,4,200,,,
2026-06-16T11:23:44.353,0.9583,25.43,2,3e-06,0,4,200,,,
2026-06-16T11:23:44.856,0.9583,25.43,1,3e-06,0,4,200,,,
2026-06-16T11:23:45.353,0.9583,25.43,1,3e-06,0,4,200,,,
2026-06-16T11:23:45.850,0.9584,25.43,2,3e-06,0,4,200,,,
2026-06-16T11:23:46.354,0.9583,25.43,1,3e-06,0,4,200,,,
2026-06-16T11:23:46.853,0.9583,25.43,2,3e-06,0,4,200,,,
2026-06-16T11:23:47.353,0.9583,25.43,1,3e-06,0,4,200,,,
2026-06-16T11:23:47.848,0.9583,25.43,1,3e-06,0,4,200,,,
2026-06-16T11:23:48.349,0.9583,25.43,2,3e-06,0,4,200,,,
2026-06-16T11:23:48.847,0.9583,25.43,1,3e-06,0,4,200,,,
2026-06-16T11:23:49.345,0.9584,25.43,2,3e-06,0,4,200,,,
2026-06-16T11:23:49.845,0.9583,25.43,1,3e-06,0,4,200,,,
2026-06-16T11:23:50.343,0.9583,25.43,1,3e-06,0,4,200,,,
2026-06-16T11:23:50.857,0.9583,25.43,2,3e-06,0,4,200,,,
2026-06-16T11:23:51.353,0.9583,25.43,1,3e-06,0,4,200,,,
2026-06-16T11:23:51.854,0.9583,25.43,2,3e-06,0,4,200,,,
2026-06-16T11:23:52.352,0.9583,25.43,1,3e-06,0,4,200,,,
2026-06-16T11:23:52.848,0.9583,25.43,1,3e-06,0,4,200,,,
2026-06-16T11:23:53.349,0.9584,25.43,2,3e-06,0,4,200,,,
2026-06-16T11:23:53.847,0.9583,25.44,1,3e-06,0,4,200,,,
2026-06-16T11:23:54.349,0.9583,25.44,2,3e-06,0,4,200,,,
2026-06-16T11:23:54.851,0.9583,25.44,1,3e-06,0,4,200,,,
2026-06-16T11:23:55.349,0.9584,25.44,2,3e-06,0,4,200,,,
2026-06-16T11:23:55.847,0.9583,25.44,1,3e-06,0,4,200,,,
2026-06-16T11:23:56.347,0.9583,25.44,1,3e-06,0,4,200,,,
2026-06-16T11:23:56.847,0.9584,25.44,2,3e-06,0,4,200,,,
2026-06-16T11:23:57.345,0.9583,25.44,1,3e-06,0,4,200,,,
2026-06-16T11:23:57.854,0.9584,25.44,2,3e-06,0,4,200,,,
2026-06-16T11:23:58.355,0.9584,25.44,1,3e-06,0,4,200,,,
2026-06-16T11:23:58.851,0.9584,25.44,2,3e-06,0,4,200,,,
2026-06-16T11:23:59.349,0.9583,25.44,1,3e-06,0,4,200,,,
2026-06-16T11:23:59.848,0.9584,25.44,1,3e-06,0,4,200,,,
2026-06-16T11:24:00.349,0.9584,25.44,2,3e-06,0,4,200,,,
2026-06-16T11:24:00.848,0.9584,25.44,1,3e-06,0,4,200,,,
2026-06-16T11:24:01.345,0.9584,25.44,2,3e-06,0,4,200,,,
2026-06-16T11:24:01.856,0.9584,25.44,1,3e-06,0,4,200,,,
2026-06-16T11:24:02.352,0.9584,25.44,1,3e-06,0,4,200,,,
2026-06-16T11:24:02.851,0.9584,25.44,2,3e-06,0,4,200,,,
2026-06-16T11:24:03.354,0.9584,25.44,1,3e-06,0,4,200,,,
2026-06-16T11:24:03.850,0.9584,25.44,2,3e-06,0,4,200,,,
2026-06-16T11:24:04.348,0.9584,25.45,1,3e-06,0,4,200,,,
2026-06-16T11:24:04.845,0.9584,25.44,1,3e-06,0,4,200,,,
2026-06-16T11:24:05.346,0.9584,25.45,2,3e-06,0,4,200,,,
2026-06-16T11:24:05.849,0.9583,25.45,1,3e-06,0,4,200,,,
2026-06-16T11:24:06.353,0.9584,25.45,2,3e-06,0,4,200,,,
2026-06-16T11:24:06.855,0.9584,25.45,1,3e-06,0,4,200,,,
2026-06-16T11:24:07.341,0.9584,25.45,1,3e-06,0,4,200,,,
2026-06-16T11:24:07.843,0.9584,25.45,2,3e-06,0,4,200,,,
2026-06-16T11:24:08.346,0.9584,25.45,1,3e-06,0,4,200,,,
2026-06-16T11:24:08.846,0.9584,25.45,2,3e-06,0,4,200,,,
2026-06-16T11:24:09.347,0.9585,25.45,1,3e-06,0,4,200,,,
2026-06-16T11:24:09.847,0.9585,25.45,1,3e-06,0,4,200,,,
2026-06-16T11:24:10.346,0.9584,25.45,2,3e-06,0,4,200,,,
2026-06-16T11:24:10.849,0.9584,25.45,1,3e-06,0,4,200,,,
2026-06-16T11:24:11.348,0.9584,25.45,2,3e-06,0,4,200,,,
2026-06-16T11:24:11.850,0.9584,25.45,1,3e-06,0,4,200,,,
2026-06-16T11:24:12.349,0.9584,25.45,1,3e-06,0,4,200,,,
2026-06-16T11:24:12.849,0.9585,25.45,2,3e-06,0,4,200,,,
2026-06-16T11:24:13.346,0.9584,25.45,1,3e-06,0,4,200,,,
2026-06-16T11:24:13.848,0.9585,25.45,2,3e-06,0,4,200,,,
2026-06-16T11:24:14.350,0.9584,25.45,1,3e-06,0,4,200,,,
2026-06-16T11:24:14.849,0.9584,25.46,2,3e-06,0,4,200,,,
2026-06-16T11:24:15.347,0.9584,25.45,1,3e-06,0,4,200,,,
2026-06-16T11:24:15.848,0.9584,25.45,1,3e-06,0,4,200,,,
2026-06-16T11:24:16.351,0.9585,25.45,2,3e-06,0,4,200,,,
2026-06-16T11:24:16.847,0.9584,25.46,1,3e-06,0,4,200,,,
2026-06-16T11:24:17.346,0.9586,25.46,2,3e-06,0,4,200,,,
2026-06-16T11:24:17.849,0.9584,25.46,1,3e-06,0,4,200,,,
2026-06-16T11:24:18.349,0.9585,25.46,1,3e-06,0,4,200,,,
2026-06-16T11:24:18.848,0.9585,25.46,2,3e-06,0,4,200,,,
2026-06-16T11:24:19.346,0.9584,25.46,1,3e-06,0,4,200,,,
2026-06-16T11:24:19.846,0.9585,25.46,2,3e-06,0,4,200,,,
2026-06-16T11:24:20.343,0.9585,25.46,1,3e-06,0,4,200,,,
2026-06-16T11:24:20.844,0.9585,25.46,1,3e-06,0,4,200,,,
2026-06-16T11:24:21.344,0.9585,25.46,2,3e-06,0,4,200,,,
2026-06-16T11:24:21.846,0.9585,25.46,1,3e-06,0,4,200,,,
2026-06-16T11:24:22.349,0.9585,25.46,2,3e-06,0,4,200,,,
2026-06-16T11:24:22.851,0.9585,25.46,1,3e-06,0,4,200,,,
2026-06-16T11:24:23.352,0.9585,25.46,1,3e-06,0,4,200,,,
2026-06-16T11:24:23.849,0.9585,25.46,2,3e-06,0,4,200,,,
2026-06-16T11:24:24.347,0.9586,25.46,1,3e-06,0,4,200,,,
2026-06-16T11:24:24.844,0.9585,25.46,2,3e-06,0,4,200,,,
2026-06-16T11:24:25.344,0.9585,25.46,1,3e-06,0,4,200,,,
2026-06-16T11:24:25.844,0.9585,25.46,1,3e-06,0,4,200,,,
2026-06-16T11:24:26.343,0.9585,25.46,2,3e-06,0,4,200,,,
2026-06-16T11:24:26.846,0.9585,25.46,1,3e-06,0,4,200,,,
2026-06-16T11:24:27.344,0.9585,25.46,2,3e-06,0,4,200,,,
2026-06-16T11:24:27.843,0.9585,25.46,1,3e-06,0,4,200,,,
2026-06-16T11:24:28.342,0.9586,25.46,1,3e-06,0,4,200,,,
2026-06-16T11:24:28.855,0.9585,25.46,2,3e-06,0,4,200,,,
2026-06-16T11:24:29.351,0.9585,25.46,1,3e-06,0,4,200,,,
2026-06-16T11:24:29.853,0.9586,25.47,2,3e-06,0,4,200,,,
2026-06-16T11:24:30.351,0.9585,25.46,1,3e-06,0,4,200,,,
2026-06-16T11:24:30.850,0.9586,25.46,2,3e-06,0,4,200,,,
2026-06-16T11:24:31.350,0.9586,25.47,1,3e-06,0,4,200,,,
2026-06-16T11:24:31.851,0.9586,25.46,1,3e-06,0,4,200,,,
2026-06-16T11:24:32.348,0.9585,25.47,2,3e-06,0,4,200,,,
2026-06-16T11:24:32.846,0.9586,25.47,1,3e-06,0,4,200,,,
2026-06-16T11:24:33.346,0.9585,25.47,2,3e-06,0,4,200,,,
2026-06-16T11:24:33.844,0.9585,25.47,1,3e-06,0,4,200,,,
2026-06-16T11:24:34.356,0.9586,25.47,1,3e-06,0,4,200,,,
2026-06-16T11:24:34.855,0.9586,25.47,2,3e-06,0,4,200,,,
2026-06-16T11:24:35.356,0.9586,25.47,1,3e-06,0,4,200,,,
2026-06-16T11:24:35.854,0.9585,25.47,2,3e-06,0,4,200,,,
2026-06-16T11:24:36.355,0.9585,25.47,1,3e-06,0,4,200,,,
2026-06-16T11:24:36.853,0.9586,25.47,2,3e-06,0,4,200,,,
2026-06-16T11:24:37.352,0.9586,25.47,1,3e-06,0,4,200,,,
2026-06-16T11:24:37.850,0.9586,25.47,1,3e-06,0,4,200,,,
2026-06-16T11:24:38.348,0.9586,25.47,2,3e-06,0,4,200,,,
2026-06-16T11:24:38.846,0.9586,25.47,1,3e-06,0,4,200,,,
2026-06-16T11:24:39.345,0.9586,25.48,2,3e-06,0,4,200,,,
2026-06-16T11:24:39.857,0.9587,25.47,1,3e-06,0,4,200,,,
2026-06-16T11:24:40.355,0.9585,25.47,1,3e-06,0,4,200,,,
2026-06-16T11:24:40.854,0.9586,25.48,2,3e-06,0,4,200,,,
2026-06-16T11:24:41.354,0.9585,25.48,1,3e-06,0,4,200,,,
2026-06-16T11:24:41.855,0.9586,25.48,2,3e-06,0,4,200,,,
2026-06-16T11:24:42.342,0.9586,25.48,1,3e-06,1,5,200,2026-06-16T11:24:41.954033,200,1
2026-06-16T11:24:42.843,0.9586,25.48,1,4e-06,0,5,200,,,
2026-06-16T11:24:43.343,0.9586,25.48,2,4e-06,0,5,200,,,
2026-06-16T11:24:43.846,0.9586,25.48,1,4e-06,0,5,200,,,
2026-06-16T11:24:44.357,0.9586,25.48,2,4e-06,0,5,200,,,
2026-06-16T11:24:44.842,0.9586,25.48,1,4e-06,0,5,200,,,
2026-06-16T11:24:45.344,0.9586,25.48,1,4e-06,0,5,200,,,
2026-06-16T11:24:45.844,0.9586,25.48,2,4e-06,0,5,200,,,
2026-06-16T11:24:46.346,0.9586,25.48,1,4e-06,0,5,200,,,
2026-06-16T11:24:46.848,0.9587,25.48,2,4e-06,0,5,200,,,
2026-06-16T11:24:47.353,0.9587,25.48,1,4e-06,0,5,200,,,
2026-06-16T11:24:47.856,0.9586,25.48,2,4e-06,0,5,200,,,
2026-06-16T11:24:48.342,0.9586,25.48,1,4e-06,0,5,200,,,
2026-06-16T11:24:48.842,0.9587,25.49,1,4e-06,0,5,200,,,
2026-06-16T11:24:49.341,0.9587,25.48,2,4e-06,0,5,200,,,
2026-06-16T11:24:49.855,0.9586,25.48,1,3e-06,0,5,200,,,
2026-06-16T11:24:50.355,0.9587,25.49,2,3e-06,0,5,200,,,
2026-06-16T11:24:50.852,0.9587,25.49,1,3e-06,0,5,200,,,
2026-06-16T11:24:51.356,0.9586,25.49,1,3e-06,0,5,200,,,
2026-06-16T11:24:51.857,0.9587,25.49,2,3e-06,0,5,200,,,
2026-06-16T11:24:52.357,0.9586,25.49,1,3e-06,0,5,200,,,
2026-06-16T11:24:52.842,0.9587,25.49,2,3e-06,0,5,200,,,
2026-06-16T11:24:53.357,0.9587,25.49,1,3e-06,0,5,200,,,
2026-06-16T11:24:53.856,0.9588,25.49,1,3e-06,0,5,200,,,
2026-06-16T11:24:54.345,0.9587,25.49,2,3e-06,0,5,200,,,
2026-06-16T11:24:54.849,0.9587,25.49,1,3e-06,0,5,200,,,
2026-06-16T11:24:55.349,0.9587,25.49,2,3e-06,0,5,200,,,
2026-06-16T11:24:55.847,0.9586,25.5,1,3e-06,0,5,200,,,
2026-06-16T11:24:56.349,0.9587,25.5,1,3e-06,0,5,200,,,
2026-06-16T11:24:56.853,0.9587,25.5,2,3e-06,0,5,200,,,
2026-06-16T11:24:57.353,0.9587,25.5,1,3e-06,0,5,200,,,
2026-06-16T11:24:57.855,0.9587,25.5,2,3e-06,0,5,200,,,
2026-06-16T11:24:58.354,0.9587,25.5,1,3e-06,0,5,200,,,
2026-06-16T11:24:58.854,0.9587,25.5,2,3e-06,0,5,200,,,
2026-06-16T11:24:59.356,0.9587,25.5,1,3e-06,0,5,200,,,
2026-06-16T11:24:59.856,0.9588,25.5,1,3e-06,0,5,200,,,
2026-06-16T11:25:00.355,0.9588,25.5,2,3e-06,0,5,200,,,
2026-06-16T11:25:00.856,0.9588,25.5,1,3e-06,0,5,200,,,
2026-06-16T11:25:01.355,0.9588,25.5,2,3e-06,0,5,200,,,
2026-06-16T11:25:01.857,0.9588,25.5,1,3e-06,0,5,200,,,
2026-06-16T11:25:02.342,0.9588,25.5,1,3e-06,0,5,200,,,
2026-06-16T11:25:02.856,0.9587,25.5,2,3e-06,0,5,200,,,
2026-06-16T11:25:03.354,0.9588,25.5,1,3e-06,0,5,200,,,
2026-06-16T11:25:03.853,0.9587,25.51,2,3e-06,0,5,200,,,
2026-06-16T11:25:04.352,0.9587,25.51,1,3e-06,0,5,200,,,
2026-06-16T11:25:04.851,0.9588,25.5,1,3e-06,0,5,200,,,
2026-06-16T11:25:05.350,0.9587,25.51,2,3e-06,0,5,200,,,
2026-06-16T11:25:05.848,0.9588,25.5,1,3e-06,0,5,200,,,
2026-06-16T11:25:06.348,0.9588,25.51,2,3e-06,0,5,200,,,
2026-06-16T11:25:06.848,0.9587,25.51,1,3e-06,0,5,200,,,
2026-06-16T11:25:07.348,0.9588,25.51,1,3e-06,0,5,200,,,
2026-06-16T11:25:07.851,0.9588,25.51,2,3e-06,0,5,200,,,
2026-06-16T11:25:08.350,0.9588,25.51,1,3e-06,0,5,200,,,
2026-06-16T11:25:08.849,0.9588,25.51,2,3e-06,0,5,200,,,
2026-06-16T11:25:09.345,0.9588,25.51,1,3e-06,0,5,200,,,
2026-06-16T11:25:09.844,0.9588,25.51,1,3e-06,0,5,200,,,
2026-06-16T11:25:10.341,0.9589,25.51,2,3e-06,0,5,200,,,
2026-06-16T11:25:10.853,0.9588,25.51,1,3e-06,0,5,200,,,
2026-06-16T11:25:11.350,0.9587,25.51,2,3e-06,0,5,200,,,
2026-06-16T11:25:11.848,0.9588,25.51,1,3e-06,0,5,200,,,
2026-06-16T11:25:12.345,0.9589,25.51,1,3e-06,0,5,200,,,
2026-06-16T11:25:12.845,0.9589,25.51,2,3e-06,0,5,200,,,
2026-06-16T11:25:13.348,0.9589,25.51,1,3e-06,0,5,200,,,
2026-06-16T11:25:13.845,0.9588,25.51,2,3e-06,0,5,200,,,
2026-06-16T11:25:14.344,0.9588,25.51,1,3e-06,0,5,200,,,
2026-06-16T11:25:14.842,0.9589,25.51,2,3e-06,0,5,200,,,
2026-06-16T11:25:15.356,0.9588,25.52,1,3e-06,0,5,200,,,
2026-06-16T11:25:15.856,0.9589,25.52,1,3e-06,0,5,200,,,
2026-06-16T11:25:16.355,0.9589,25.52,2,3e-06,0,5,200,,,
2026-06-16T11:25:16.852,0.9589,25.51,1,3e-06,0,5,200,,,
2026-06-16T11:25:17.354,0.9589,25.52,2,3e-06,0,5,200,,,
2026-06-16T11:25:17.853,0.9589,25.52,1,3e-06,0,5,200,,,
2026-06-16T11:25:18.351,0.9589,25.52,1,3e-06,0,5,200,,,
2026-06-16T11:25:18.850,0.9589,25.52,2,3e-06,0,5,200,,,
2026-06-16T11:25:19.345,0.959,25.52,1,3e-06,0,5,200,,,
2026-06-16T11:25:19.845,0.9589,25.52,2,3e-06,0,5,200,,,
2026-06-16T11:25:20.347,0.9589,25.52,1,3e-06,0,5,200,,,
2026-06-16T11:25:20.843,0.9589,25.52,1,3e-06,0,5,200,,,
2026-06-16T11:25:21.346,0.959,25.52,2,3e-06,0,5,200,,,
2026-06-16T11:25:21.844,0.959,25.52,1,3e-06,0,5,200,,,
2026-06-16T11:25:22.344,0.959,25.52,2,3e-06,0,5,200,,,
2026-06-16T11:25:22.848,0.959,25.53,1,3e-06,0,5,200,,,
2026-06-16T11:25:23.347,0.959,25.53,1,3e-06,0,5,200,,,
2026-06-16T11:25:23.845,0.9589,25.53,2,3e-06,0,5,200,,,
2026-06-16T11:25:24.342,0.959,25.53,1,3e-06,0,5,200,,,
2026-06-16T11:25:24.858,0.9589,25.53,2,3e-06,0,5,200,,,
2026-06-16T11:25:25.342,0.959,25.53,1,3e-06,0,5,200,,,
2026-06-16T11:25:25.846,0.9591,25.53,1,3e-06,0,5,200,,,
2026-06-16T11:25:26.353,0.959,25.53,2,3e-06,0,5,200,,,
2026-06-16T11:25:26.856,0.959,25.53,1,3e-06,0,5,200,,,
2026-06-16T11:25:27.343,0.959,25.53,2,3e-06,0,5,200,,,
2026-06-16T11:25:27.846,0.959,25.53,1,3e-06,0,5,200,,,
2026-06-16T11:25:28.349,0.959,25.54,1,3e-06,0,5,200,,,
2026-06-16T11:25:28.851,0.959,25.54,2,3e-06,0,5,200,,,
2026-06-16T11:25:29.353,0.959,25.54,1,3e-06,0,5,200,,,
2026-06-16T11:25:29.850,0.9591,25.54,2,3e-06,0,5,200,,,
2026-06-16T11:25:30.346,0.959,25.54,1,3e-06,0,5,200,,,
2026-06-16T11:25:30.848,0.959,25.54,1,3e-06,0,5,200,,,
2026-06-16T11:25:31.346,0.959,25.54,2,3e-06,0,5,200,,,
2026-06-16T11:25:31.845,0.9591,25.54,1,3e-06,0,5,200,,,
2026-06-16T11:25:32.346,0.9591,25.54,2,3e-06,0,5,200,,,
2026-06-16T11:25:32.847,0.9591,25.54,1,3e-06,0,5,200,,,
2026-06-16T11:25:33.349,0.9591,25.54,1,3e-06,0,5,200,,,
2026-06-16T11:25:33.848,0.9591,25.54,2,3e-06,0,5,200,,,
2026-06-16T11:25:34.346,0.9591,25.54,1,3e-06,0,5,200,,,
2026-06-16T11:25:34.856,0.9591,25.54,2,3e-06,0,5,200,,,
2026-06-16T11:25:35.353,0.9591,25.55,1,3e-06,0,5,200,,,
2026-06-16T11:25:35.851,0.9591,25.55,1,3e-06,0,5,200,,,
2026-06-16T11:25:36.349,0.9592,25.55,2,3e-06,0,5,200,,,
2026-06-16T11:25:36.849,0.9592,25.54,1,3e-06,0,5,200,,,
2026-06-16T11:25:37.352,0.9591,25.55,2,3e-06,0,5,200,,,
2026-06-16T11:25:37.848,0.9591,25.55,1,3e-06,0,5,200,,,
2026-06-16T11:25:38.349,0.9591,25.55,1,3e-06,0,5,200,,,
2026-06-16T11:25:38.849,0.9591,25.55,2,3e-06,0,5,200,,,
2026-06-16T11:25:39.348,0.9592,25.55,1,3e-06,0,5,200,,,
2026-06-16T11:25:39.845,0.9591,25.55,2,3e-06,0,5,200,,,
2026-06-16T11:25:40.346,0.9592,25.55,1,3e-06,0,5,200,,,
2026-06-16T11:25:40.845,0.9592,25.55,1,3e-06,0,5,200,,,
2026-06-16T11:25:41.344,0.9592,25.55,2,3e-06,0,5,200,,,
2026-06-16T11:25:41.846,0.9592,25.55,1,3e-06,0,5,200,,,
2026-06-16T11:25:42.347,0.9591,25.55,2,3e-06,0,5,200,,,
2026-06-16T11:25:42.847,0.9592,25.55,1,3e-06,0,5,200,,,
2026-06-16T11:25:43.349,0.9592,25.55,1,3e-06,0,5,200,,,
2026-06-16T11:25:43.852,0.9591,25.55,2,3e-06,0,5,200,,,
2026-06-16T11:25:44.353,0.9592,25.55,1,3e-06,0,5,200,,,
2026-06-16T11:25:44.854,0.9592,25.55,2,3e-06,0,5,200,,,
2026-06-16T11:25:45.356,0.9592,25.55,1,3e-06,0,5,200,,,
2026-06-16T11:25:45.852,0.9592,25.55,2,3e-06,0,5,200,,,
2026-06-16T11:25:46.350,0.9592,25.56,1,3e-06,0,5,200,,,
2026-06-16T11:25:46.849,0.9592,25.55,1,3e-06,0,5,200,,,
2026-06-16T11:25:47.347,0.9592,25.56,2,3e-06,0,5,200,,,
2026-06-16T11:25:47.846,0.9592,25.56,1,3e-06,0,5,200,,,
2026-06-16T11:25:48.342,0.9593,25.56,2,3e-06,0,5,200,,,
2026-06-16T11:25:48.845,0.9593,25.56,1,3e-06,0,5,200,,,
2026-06-16T11:25:49.342,0.9592,25.56,1,3e-06,0,5,200,,,
2026-06-16T11:25:49.856,0.9593,25.56,2,3e-06,0,5,200,,,
2026-06-16T11:25:50.355,0.9592,25.56,1,3e-06,0,5,200,,,
2026-06-16T11:25:50.852,0.9593,25.56,2,3e-06,0,5,200,,,
2026-06-16T11:25:51.354,0.9593,25.56,1,3e-06,0,5,200,,,
2026-06-16T11:25:51.852,0.9592,25.56,1,3e-06,0,5,200,,,
2026-06-16T11:25:52.352,0.9593,25.57,2,3e-06,0,5,200,,,
2026-06-16T11:25:52.851,0.9592,25.56,1,3e-06,0,5,200,,,
2026-06-16T11:25:53.351,0.9593,25.56,2,3e-06,0,5,200,,,
2026-06-16T11:25:53.850,0.9593,25.57,1,3e-06,0,5,200,,,
2026-06-16T11:25:54.348,0.9593,25.57,1,3e-06,0,5,200,,,
2026-06-16T11:25:54.845,0.9593,25.57,2,3e-06,0,5,200,,,
2026-06-16T11:25:55.345,0.9593,25.57,1,3e-06,0,5,200,,,
2026-06-16T11:25:55.848,0.9593,25.57,2,3e-06,0,5,200,,,
2026-06-16T11:25:56.347,0.9594,25.57,1,3e-06,0,5,200,,,
2026-06-16T11:25:56.846,0.9593,25.57,1,3e-06,0,5,200,,,
2026-06-16T11:25:57.345,0.9593,25.57,2,3e-06,1,6,200,2026-06-16T11:25:57.055471,200,0
2026-06-16T11:25:57.845,0.9593,25.57,1,3e-06,0,6,200,,,
2026-06-16T11:25:58.344,0.9594,25.57,2,3e-06,0,6,200,,,
2026-06-16T11:25:58.843,0.9593,25.57,1,3e-06,0,6,200,,,
2026-06-16T11:25:59.346,0.9594,25.57,2,3e-06,0,6,200,,,
2026-06-16T11:25:59.843,0.9593,25.57,1,3e-06,0,6,200,,,
2026-06-16T11:26:00.358,0.9593,25.58,1,3e-06,0,6,200,,,
2026-06-16T11:26:00.855,0.9594,25.58,2,3e-06,0,6,200,,,
2026-06-16T11:26:01.356,0.9593,25.58,1,3e-06,0,6,200,,,
2026-06-16T11:26:01.843,0.9594,25.58,2,3e-06,0,6,200,,,
2026-06-16T11:26:02.357,0.9594,25.58,1,3e-06,0,6,200,,,
2026-06-16T11:26:02.856,0.9594,25.58,1,3e-06,0,6,200,,,
2026-06-16T11:26:03.356,0.9594,25.58,2,3e-06,0,6,200,,,
2026-06-16T11:26:03.856,0.9594,25.58,1,3e-06,0,6,200,,,
2026-06-16T11:26:04.355,0.9594,25.58,2,3e-06,0,6,200,,,
2026-06-16T11:26:04.850,0.9594,25.58,1,3e-06,0,6,200,,,
2026-06-16T11:26:05.350,0.9593,25.58,1,3e-06,0,6,200,,,
2026-06-16T11:26:05.850,0.9595,25.58,2,3e-06,0,6,200,,,
2026-06-16T11:26:06.348,0.9594,25.59,1,3e-06,0,6,200,,,
2026-06-16T11:26:06.844,0.9594,25.59,2,3e-06,0,6,200,,,
2026-06-16T11:26:07.345,0.9595,25.59,1,3e-06,0,6,200,,,
2026-06-16T11:26:07.845,0.9594,25.59,1,3e-06,0,6,200,,,
2026-06-16T11:26:08.348,0.9595,25.59,2,3e-06,0,6,200,,,
2026-06-16T11:26:08.853,0.9594,25.59,1,3e-06,0,6,200,,,
2026-06-16T11:26:09.347,0.9594,25.59,2,3e-06,0,6,200,,,
2026-06-16T11:26:09.844,0.9595,25.59,1,3e-06,0,6,200,,,
2026-06-16T11:26:10.343,0.9596,25.59,2,3e-06,0,6,200,,,
2026-06-16T11:26:10.843,0.9595,25.59,1,3e-06,0,6,200,,,
2026-06-16T11:26:11.356,0.9595,25.59,1,3e-06,0,6,200,,,
2026-06-16T11:26:11.855,0.9595,25.59,2,3e-06,0,6,200,,,
2026-06-16T11:26:12.354,0.9595,25.59,1,3e-06,0,6,200,,,
2026-06-16T11:26:12.850,0.9595,25.59,2,3e-06,0,6,200,,,
2026-06-16T11:26:13.346,0.9595,25.59,1,3e-06,0,6,200,,,
2026-06-16T11:26:13.845,0.9595,25.59,1,3e-06,0,6,200,,,
2026-06-16T11:26:14.347,0.9595,25.59,2,3e-06,0,6,200,,,
2026-06-16T11:26:14.849,0.9595,25.59,1,3e-06,0,6,200,,,
2026-06-16T11:26:15.348,0.9595,25.59,2,3e-06,0,6,200,,,
2026-06-16T11:26:15.847,0.9595,25.6,1,3e-06,0,6,200,,,
2026-06-16T11:26:16.347,0.9595,25.59,2,3e-06,0,6,200,,,
2026-06-16T11:26:16.843,0.9595,25.59,1,3e-06,0,6,200,,,
2026-06-16T11:26:17.344,0.9595,25.6,1,3e-06,0,6,200,,,
2026-06-16T11:26:17.843,0.9595,25.6,2,3e-06,0,6,200,,,
2026-06-16T11:26:18.346,0.9596,25.6,1,3e-06,0,6,200,,,
2026-06-16T11:26:18.847,0.9595,25.6,2,3e-06,0,6,200,,,
2026-06-16T11:26:19.345,0.9596,25.6,1,3e-06,0,6,200,,,
2026-06-16T11:26:19.844,0.9596,25.6,1,3e-06,0,6,200,,,
2026-06-16T11:26:20.346,0.9595,25.6,2,3e-06,0,6,200,,,
2026-06-16T11:26:20.843,0.9596,25.6,1,3e-06,0,6,200,,,
2026-06-16T11:26:21.344,0.9595,25.6,2,3e-06,0,6,200,,,
2026-06-16T11:26:21.843,0.9595,25.6,1,3e-06,0,6,200,,,
2026-06-16T11:26:22.342,0.9595,25.6,1,3e-06,0,6,200,,,
2026-06-16T11:26:22.847,0.9595,25.61,2,3e-06,0,6,200,,,
2026-06-16T11:26:23.349,0.9596,25.61,1,3e-06,0,6,200,,,
2026-06-16T11:26:23.847,0.9595,25.61,2,3e-06,0,6,200,,,
2026-06-16T11:26:24.344,0.9595,25.61,1,3e-06,0,6,200,,,
2026-06-16T11:26:24.845,0.9595,25.61,1,3e-06,0,6,200,,,
2026-06-16T11:26:25.344,0.9596,25.61,2,3e-06,0,6,200,,,
2026-06-16T11:26:25.842,0.9596,25.61,1,3e-06,0,6,200,,,
2026-06-16T11:26:26.351,0.9596,25.61,2,3e-06,0,6,200,,,
2026-06-16T11:26:26.853,0.9595,25.61,1,3e-06,0,6,200,,,
2026-06-16T11:26:27.352,0.9595,25.61,1,3e-06,0,6,200,,,
2026-06-16T11:26:27.850,0.9596,25.61,2,3e-06,0,6,200,,,
2026-06-16T11:26:28.349,0.9596,25.61,1,3e-06,0,6,200,,,
2026-06-16T11:26:28.848,0.9596,25.62,2,3e-06,0,6,200,,,
2026-06-16T11:26:29.346,0.9596,25.62,1,3e-06,0,6,200,,,
2026-06-16T11:26:29.846,0.9596,25.62,1,3e-06,0,6,200,,,
2026-06-16T11:26:30.345,0.9596,25.62,2,3e-06,0,6,200,,,
2026-06-16T11:26:30.843,0.9596,25.61,1,3e-06,0,6,200,,,
2026-06-16T11:26:31.343,0.9596,25.62,2,3e-06,0,6,200,,,
2026-06-16T11:26:31.844,0.9596,25.62,1,3e-06,0,6,200,,,
2026-06-16T11:26:32.355,0.9596,25.62,2,3e-06,0,6,200,,,
2026-06-16T11:26:32.854,0.9596,25.62,1,3e-06,0,6,200,,,
2026-06-16T11:26:33.352,0.9596,25.62,1,3e-06,0,6,200,,,
2026-06-16T11:26:33.851,0.9596,25.62,2,3e-06,0,6,200,,,
2026-06-16T11:26:34.351,0.9597,25.62,1,3e-06,0,6,200,,,
2026-06-16T11:26:34.848,0.9596,25.62,2,3e-06,0,6,200,,,
2026-06-16T11:26:35.348,0.9597,25.63,1,3e-06,0,6,200,,,
2026-06-16T11:26:35.850,0.9597,25.63,1,3e-06,0,6,200,,,
2026-06-16T11:26:36.347,0.9596,25.63,2,3e-06,0,6,200,,,
2026-06-16T11:26:36.844,0.9596,25.63,1,3e-06,0,6,200,,,
2026-06-16T11:26:37.345,0.9597,25.63,2,3e-06,0,6,200,,,
2026-06-16T11:26:37.844,0.9596,25.63,1,3e-06,0,6,200,,,
2026-06-16T11:26:38.342,0.9596,25.63,1,3e-06,0,6,200,,,
2026-06-16T11:26:38.842,0.9596,25.63,2,3e-06,0,6,200,,,
2026-06-16T11:26:39.357,0.9596,25.63,1,3e-06,0,6,200,,,
2026-06-16T11:26:39.856,0.9597,25.63,2,3e-06,0,6,200,,,
2026-06-16T11:26:40.342,0.9596,25.63,1,3e-06,0,6,200,,,
2026-06-16T11:26:40.856,0.9596,25.63,1,3e-06,0,6,200,,,
2026-06-16T11:26:41.354,0.9597,25.63,2,3e-06,0,6,200,,,
2026-06-16T11:26:41.852,0.9596,25.63,1,3e-06,0,6,200,,,
2026-06-16T11:26:42.353,0.9597,25.63,2,3e-06,0,6,200,,,
2026-06-16T11:26:42.856,0.9597,25.63,1,3e-06,1,7,200,2026-06-16T11:26:42.738753,200,1
2026-06-16T11:26:43.353,0.9597,25.63,2,4e-06,0,7,200,,,
2026-06-16T11:26:43.851,0.9597,25.63,1,4e-06,0,7,200,,,
2026-06-16T11:26:44.350,0.9597,25.63,1,4e-06,0,7,200,,,
2026-06-16T11:26:44.848,0.9597,25.64,2,4e-06,0,7,200,,,
2026-06-16T11:26:45.349,0.9597,25.64,1,4e-06,0,7,200,,,
2026-06-16T11:26:45.847,0.9597,25.64,1,4e-06,0,7,200,,,
2026-06-16T11:26:46.347,0.9597,25.64,2,4e-06,0,7,200,,,
2026-06-16T11:26:46.845,0.9597,25.64,1,4e-06,0,7,200,,,
2026-06-16T11:26:47.345,0.9597,25.64,2,4e-06,0,7,200,,,
2026-06-16T11:26:47.857,0.9597,25.64,1,4e-06,0,7,200,,,
2026-06-16T11:26:48.342,0.9598,25.64,2,2e-06,0,7,200,,,
2026-06-16T11:26:48.846,0.9597,25.64,1,1e-06,0,7,200,,,
2026-06-16T11:26:49.347,0.9597,25.64,1,1e-06,0,7,200,,,
2026-06-16T11:26:49.848,0.9597,25.64,2,1e-06,0,7,200,,,
2026-06-16T11:26:50.351,0.9598,25.64,1,1e-06,0,7,200,,,
2026-06-16T11:26:50.850,0.9597,25.64,2,1e-06,0,7,200,,,
2026-06-16T11:26:51.354,0.9598,25.64,1,1e-06,0,7,200,,,
2026-06-16T11:26:51.852,0.9597,25.64,1,1e-06,0,7,200,,,
2026-06-16T11:26:52.350,0.9597,25.64,2,1e-06,0,7,200,,,
2026-06-16T11:26:52.846,0.9598,25.64,1,1e-06,0,7,200,,,
2026-06-16T11:26:53.349,0.9597,25.64,2,1e-06,0,7,200,,,
2026-06-16T11:26:53.849,0.9598,25.65,1,1e-06,0,7,200,,,
2026-06-16T11:26:54.350,0.9597,25.65,1,1e-06,0,7,200,,,
2026-06-16T11:26:54.849,0.9598,25.65,2,1e-06,0,7,200,,,
2026-06-16T11:26:55.346,0.9597,25.65,1,1e-06,0,7,200,,,
2026-06-16T11:26:55.845,0.9598,25.65,2,1e-06,0,7,200,,,
2026-06-16T11:26:56.349,0.9597,25.65,1,1e-06,0,7,200,,,
2026-06-16T11:26:56.848,0.9598,25.65,1,1e-06,0,7,200,,,
2026-06-16T11:26:57.351,0.9598,25.65,2,1e-06,0,7,200,,,
2026-06-16T11:26:57.846,0.9598,25.65,1,1e-06,0,7,200,,,
2026-06-16T11:26:58.349,0.9598,25.65,2,1e-06,0,7,200,,,
2026-06-16T11:26:58.851,0.9598,25.65,1,1e-06,0,7,200,,,
2026-06-16T11:26:59.351,0.9598,25.65,1,1e-06,0,7,200,,,
2026-06-16T11:26:59.854,0.9598,25.66,2,7e-06,0,7,200,,,
2026-06-16T11:27:00.348,0.9599,25.66,1,6e-06,0,7,200,,,
2026-06-16T11:27:00.851,0.9598,25.66,2,6e-06,0,7,200,,,
2026-06-16T11:27:01.353,0.9598,25.66,1,5e-06,0,7,200,,,
2026-06-16T11:27:01.843,0.9598,25.66,1,5e-06,0,7,200,,,
2026-06-16T11:27:02.346,0.9599,25.66,2,5e-06,0,7,200,,,
2026-06-16T11:27:02.848,0.9598,25.66,1,4e-06,0,7,200,,,
2026-06-16T11:27:03.353,0.9599,25.66,2,4e-06,0,7,200,,,
2026-06-16T11:27:03.843,0.9598,25.66,1,4e-06,0,7,200,,,
2026-06-16T11:27:04.347,0.9598,25.66,2,4e-06,0,7,200,,,
2026-06-16T11:27:04.850,0.9599,25.66,1,4e-06,0,7,200,,,
2026-06-16T11:27:05.353,0.9598,25.66,1,4e-06,0,7,200,,,
2026-06-16T11:27:05.843,0.9598,25.66,2,4e-06,0,7,200,,,
2026-06-16T11:27:06.343,0.9598,25.67,1,4e-06,0,7,200,,,
2026-06-16T11:27:06.847,0.9598,25.66,2,4e-06,0,7,200,,,
2026-06-16T11:27:07.345,0.9599,25.67,1,4e-06,0,7,200,,,
2026-06-16T11:27:07.854,0.9599,25.67,1,4e-06,0,7,200,,,
2026-06-16T11:27:08.346,0.9598,25.67,2,4e-06,0,7,200,,,
2026-06-16T11:27:08.854,0.9599,25.67,1,4e-06,0,7,200,,,
2026-06-16T11:27:09.346,0.9598,25.67,2,4e-06,0,7,200,,,
2026-06-16T11:27:09.853,0.9599,25.67,1,4e-06,0,7,200,,,
2026-06-16T11:27:10.345,0.9599,25.67,1,4e-06,0,7,200,,,
2026-06-16T11:27:10.854,0.9599,25.67,2,4e-06,0,7,200,,,
2026-06-16T11:27:11.347,0.9599,25.67,1,4e-06,0,7,200,,,
2026-06-16T11:27:11.856,0.9599,25.67,2,4e-06,0,7,200,,,
2026-06-16T11:27:12.348,0.9599,25.67,1,4e-06,0,7,200,,,
2026-06-16T11:27:12.858,0.9599,25.68,2,4e-06,0,7,200,,,
2026-06-16T11:27:13.350,0.96,25.67,1,4e-06,0,7,200,,,
2026-06-16T11:27:13.845,0.9599,25.68,1,4e-06,0,7,200,,,
2026-06-16T11:27:14.343,0.9599,25.68,2,4e-06,0,7,200,,,
2026-06-16T11:27:14.842,0.96,25.68,1,4e-06,0,7,200,,,
2026-06-16T11:27:15.355,0.9599,25.68,2,4e-06,0,7,200,,,
2026-06-16T11:27:15.854,0.9599,25.68,1,4e-06,0,7,200,,,
2026-06-16T11:27:16.354,0.9599,25.68,1,4e-06,0,7,200,,,
2026-06-16T11:27:16.857,0.9599,25.68,2,4e-06,0,7,200,,,
2026-06-16T11:27:17.354,0.9599,25.68,1,4e-06,0,7,200,,,
2026-06-16T11:27:17.842,0.9599,25.68,2,4e-06,0,7,200,,,
2026-06-16T11:27:18.353,0.96,25.68,1,4e-06,0,7,200,,,
2026-06-16T11:27:18.853,0.9599,25.68,1,4e-06,0,7,200,,,
2026-06-16T11:27:19.347,0.9599,25.68,2,3e-06,0,7,200,,,
2026-06-16T11:27:19.844,0.96,25.68,1,4e-06,0,7,200,,,
2026-06-16T11:27:20.346,0.9599,25.68,2,3e-06,0,7,200,,,
2026-06-16T11:27:20.843,0.9599,25.68,1,4e-06,0,7,200,,,
2026-06-16T11:27:21.343,0.9599,25.68,1,3e-06,0,7,200,,,
2026-06-16T11:27:21.855,0.9599,25.69,2,3e-06,0,7,200,,,
2026-06-16T11:27:22.353,0.9599,25.68,1,3e-06,0,7,200,,,
2026-06-16T11:27:22.853,0.9599,25.68,2,3e-06,0,7,200,,,
2026-06-16T11:27:23.351,0.9599,25.68,1,3e-06,0,7,200,,,
2026-06-16T11:27:23.849,0.96,25.69,2,3e-06,0,7,200,,,
2026-06-16T11:27:24.350,0.9599,25.69,1,3e-06,0,7,200,,,
2026-06-16T11:27:24.848,0.96,25.69,1,3e-06,0,7,200,,,
2026-06-16T11:27:25.349,0.96,25.69,2,3e-06,0,7,200,,,
2026-06-16T11:27:25.849,0.9599,25.69,1,3e-06,0,7,200,,,
2026-06-16T11:27:26.349,0.96,25.69,2,3e-06,0,7,200,,,
2026-06-16T11:27:26.848,0.9599,25.69,1,3e-06,0,7,200,,,
2026-06-16T11:27:27.347,0.96,25.69,1,3e-06,0,7,200,,,
2026-06-16T11:27:27.846,0.96,25.69,2,3e-06,0,7,200,,,
2026-06-16T11:27:28.348,0.96,25.69,1,3e-06,0,7,200,,,
2026-06-16T11:27:28.847,0.9599,25.69,2,3e-06,0,7,200,,,
2026-06-16T11:27:29.346,0.96,25.69,1,3e-06,0,7,200,,,
2026-06-16T11:27:29.845,0.96,25.69,1,3e-06,0,7,200,,,
2026-06-16T11:27:30.343,0.96,25.7,2,3e-06,0,7,200,,,
2026-06-16T11:27:30.842,0.9601,25.7,1,3e-06,0,7,200,,,
2026-06-16T11:27:31.347,0.96,25.7,2,3e-06,0,7,200,,,
2026-06-16T11:27:31.848,0.9601,25.7,1,3e-06,0,7,200,,,
2026-06-16T11:27:32.345,0.9601,25.7,1,3e-06,0,7,200,,,
2026-06-16T11:27:32.846,0.96,25.7,2,3e-06,0,7,200,,,
2026-06-16T11:27:33.344,0.9599,25.7,1,3e-06,0,7,200,,,
2026-06-16T11:27:33.844,0.9601,25.7,2,3e-06,0,7,200,,,
2026-06-16T11:27:34.343,0.96,25.7,1,3e-06,0,7,200,,,
2026-06-16T11:27:34.856,0.96,25.7,2,3e-06,0,7,200,,,
2026-06-16T11:27:35.343,0.9601,25.7,1,3e-06,0,7,200,,,
2026-06-16T11:27:35.845,0.96,25.7,1,3e-06,0,7,200,,,
2026-06-16T11:27:36.344,0.96,25.7,2,3e-06,0,7,200,,,
2026-06-16T11:27:36.844,0.96,25.71,1,3e-06,0,7,200,,,
2026-06-16T11:27:37.356,0.9601,25.7,2,3e-06,0,7,200,,,
2026-06-16T11:27:37.855,0.96,25.7,1,3e-06,0,7,200,,,
2026-06-16T11:27:38.358,0.96,25.7,1,3e-06,0,7,200,,,
2026-06-16T11:27:38.856,0.96,25.71,2,3e-06,0,7,200,,,
2026-06-16T11:27:39.353,0.9601,25.71,1,3e-06,0,7,200,,,
2026-06-16T11:27:39.854,0.96,25.71,2,3e-06,0,7,200,,,
2026-06-16T11:27:40.355,0.96,25.71,1,3e-06,0,7,200,,,
2026-06-16T11:27:40.855,0.96,25.71,1,3e-06,0,7,200,,,
2026-06-16T11:27:41.355,0.96,25.71,2,3e-06,0,7,200,,,
2026-06-16T11:27:41.854,0.96,25.71,1,3e-06,0,7,200,,,
2026-06-16T11:27:42.350,0.96,25.71,2,3e-06,0,7,200,,,
2026-06-16T11:27:42.849,0.9601,25.71,1,3e-06,0,7,200,,,
2026-06-16T11:27:43.349,0.9601,25.71,1,3e-06,0,7,200,,,
2026-06-16T11:27:43.847,0.9601,25.71,2,3e-06,0,7,200,,,
2026-06-16T11:27:44.347,0.9601,25.72,1,3e-06,0,7,200,,,
2026-06-16T11:27:44.844,0.96,25.72,2,3e-06,0,7,200,,,
2026-06-16T11:27:45.347,0.9601,25.72,1,3e-06,0,7,200,,,
2026-06-16T11:27:45.844,0.96,25.72,1,3e-06,0,7,200,,,
2026-06-16T11:27:46.344,0.96,25.72,2,3e-06,0,7,200,,,
2026-06-16T11:27:46.843,0.96,25.72,1,3e-06,0,7,200,,,
2026-06-16T11:27:47.354,0.9601,25.72,2,3e-06,0,7,200,,,
2026-06-16T11:27:47.855,0.96,25.72,1,3e-06,0,7,200,,,
2026-06-16T11:27:48.342,0.96,25.72,1,3e-06,0,7,200,,,
2026-06-16T11:27:48.857,0.96,25.72,2,3e-06,0,7,200,,,
2026-06-16T11:27:49.353,0.9601,25.72,1,3e-06,0,7,200,,,
2026-06-16T11:27:49.853,0.9601,25.72,2,3e-06,0,7,200,,,
2026-06-16T11:27:50.353,0.9601,25.72,1,3e-06,0,7,200,,,
2026-06-16T11:27:50.853,0.9601,25.72,1,3e-06,0,7,200,,,
2026-06-16T11:27:51.351,0.9601,25.72,2,3e-06,0,7,200,,,
2026-06-16T11:27:51.848,0.9601,25.72,1,3e-06,0,7,200,,,
2026-06-16T11:27:52.348,0.9601,25.72,2,3e-06,0,7,200,,,
2026-06-16T11:27:52.845,0.9601,25.72,1,3e-06,0,7,200,,,
2026-06-16T11:27:53.346,0.9602,25.72,1,3e-06,0,7,200,,,
2026-06-16T11:27:53.844,0.96,25.72,2,3e-06,0,7,200,,,
2026-06-16T11:27:54.344,0.9601,25.72,1,3e-06,0,7,200,,,
2026-06-16T11:27:54.848,0.96,25.73,2,3e-06,0,7,200,,,
2026-06-16T11:27:55.346,0.9601,25.73,1,3e-06,0,7,200,,,
2026-06-16T11:27:55.843,0.9601,25.73,1,3e-06,0,7,200,,,
2026-06-16T11:27:56.354,0.9601,25.73,2,3e-06,0,7,200,,,
2026-06-16T11:27:56.851,0.9601,25.73,1,3e-06,0,7,200,,,
2026-06-16T11:27:57.346,0.9601,25.73,2,3e-06,0,7,200,,,
2026-06-16T11:27:57.846,0.9601,25.73,1,3e-06,0,7,200,,,
2026-06-16T11:27:58.344,0.9601,25.73,1,3e-06,0,7,200,,,
2026-06-16T11:27:58.857,0.9602,25.73,2,3e-06,0,7,200,,,
2026-06-16T11:27:59.357,0.9602,25.73,1,3e-06,0,7,200,,,
2026-06-16T11:27:59.855,0.9601,25.73,2,3e-06,0,7,200,,,
2026-06-16T11:28:00.356,0.9602,25.73,1,3e-06,0,7,200,,,
2026-06-16T11:28:00.855,0.9602,25.73,2,3e-06,0,7,200,,,
2026-06-16T11:28:01.353,0.9602,25.73,1,3e-06,0,7,200,,,
2026-06-16T11:28:01.851,0.9602,25.74,1,3e-06,0,7,200,,,
2026-06-16T11:28:02.349,0.9602,25.74,2,3e-06,0,7,200,,,
2026-06-16T11:28:02.848,0.9603,25.74,1,3e-06,0,7,200,,,
2026-06-16T11:28:03.345,0.9602,25.74,2,3e-06,0,7,200,,,
2026-06-16T11:28:03.845,0.9603,25.74,1,3e-06,0,7,200,,,
2026-06-16T11:28:04.357,0.9601,25.74,1,3e-06,0,7,200,,,
2026-06-16T11:28:04.855,0.9603,25.74,2,3e-06,0,7,200,,,
2026-06-16T11:28:05.350,0.9602,25.73,1,3e-06,0,7,200,,,
2026-06-16T11:28:05.851,0.9603,25.74,2,3e-06,0,7,200,,,
2026-06-16T11:28:06.349,0.9603,25.74,1,3e-06,0,7,200,,,
2026-06-16T11:28:06.848,0.9602,25.74,1,3e-06,0,7,200,,,
2026-06-16T11:28:07.348,0.9602,25.74,2,3e-06,0,7,200,,,
2026-06-16T11:28:07.851,0.9603,25.74,1,3e-06,0,7,200,,,
2026-06-16T11:28:08.350,0.9602,25.74,2,3e-06,0,7,200,,,
2026-06-16T11:28:08.848,0.9602,25.74,1,3e-06,0,7,200,,,
2026-06-16T11:28:09.347,0.9602,25.75,1,3e-06,0,7,200,,,
2026-06-16T11:28:09.843,0.9602,25.74,2,3e-06,0,7,200,,,
2026-06-16T11:28:10.345,0.9602,25.75,1,3e-06,0,7,200,,,
2026-06-16T11:28:10.843,0.9602,25.74,2,3e-06,0,7,200,,,
2026-06-16T11:28:11.343,0.9602,25.75,1,3e-06,0,7,200,,,
2026-06-16T11:28:11.855,0.9602,25.75,1,3e-06,0,7,200,,,
2026-06-16T11:28:12.356,0.9602,25.75,2,3e-06,0,7,200,,,
2026-06-16T11:28:12.854,0.9602,25.75,1,3e-06,0,7,200,,,
2026-06-16T11:28:13.354,0.9602,25.75,2,3e-06,0,7,200,,,
2026-06-16T11:28:13.853,0.9602,25.75,1,3e-06,0,7,200,,,
2026-06-16T11:28:14.352,0.9602,25.75,1,3e-06,0,7,200,,,
2026-06-16T11:28:14.851,0.9602,25.75,2,3e-06,0,7,200,,,
2026-06-16T11:28:15.349,0.9602,25.75,1,3e-06,0,7,200,,,
2026-06-16T11:28:15.850,0.9602,25.75,2,3e-06,0,7,200,,,
2026-06-16T11:28:16.351,0.9602,25.75,1,3e-06,0,7,200,,,
2026-06-16T11:28:16.850,0.9602,25.76,1,3e-06,0,7,200,,,
2026-06-16T11:28:17.351,0.9603,25.76,2,3e-06,0,7,200,,,
2026-06-16T11:28:17.852,0.9602,25.76,1,3e-06,0,7,200,,,
2026-06-16T11:28:18.355,0.9603,25.76,2,3e-06,0,7,200,,,
2026-06-16T11:28:18.854,0.9603,25.76,1,3e-06,0,7,200,,,
2026-06-16T11:28:19.353,0.9603,25.76,2,3e-06,0,7,200,,,
2026-06-16T11:28:19.851,0.9603,25.76,1,3e-06,0,7,200,,,
2026-06-16T11:28:20.354,0.9603,25.76,1,3e-06,0,7,200,,,
2026-06-16T11:28:20.854,0.9603,25.76,2,3e-06,0,7,200,,,
2026-06-16T11:28:21.353,0.9604,25.76,1,3e-06,0,7,200,,,
2026-06-16T11:28:21.855,0.9603,25.76,2,3e-06,0,7,200,,,
2026-06-16T11:28:22.344,0.9603,25.76,1,3e-06,0,7,200,,,
2026-06-16T11:28:22.842,0.9603,25.76,1,3e-06,0,7,200,,,
2026-06-16T11:28:23.355,0.9603,25.76,2,3e-06,0,7,200,,,
2026-06-16T11:28:23.855,0.9602,25.76,1,3e-06,0,7,200,,,
2026-06-16T11:28:24.353,0.9603,25.76,2,3e-06,0,7,200,,,
2026-06-16T11:28:24.854,0.9602,25.76,1,3e-06,0,7,200,,,
2026-06-16T11:28:25.356,0.9603,25.76,1,3e-06,0,7,200,,,
2026-06-16T11:28:25.855,0.9603,25.76,2,3e-06,0,7,200,,,
2026-06-16T11:28:26.354,0.9603,25.76,1,3e-06,0,7,200,,,
2026-06-16T11:28:26.850,0.9603,25.77,2,3e-06,0,7,200,,,
2026-06-16T11:28:27.350,0.9603,25.77,1,3e-06,0,7,200,,,
2026-06-16T11:28:27.848,0.9603,25.76,1,3e-06,0,7,200,,,
2026-06-16T11:28:28.347,0.9603,25.77,2,3e-06,0,7,200,,,
2026-06-16T11:28:28.848,0.9603,25.77,1,3e-06,0,7,200,,,
2026-06-16T11:28:29.350,0.9603,25.77,2,3e-06,0,7,200,,,
2026-06-16T11:28:29.850,0.9603,25.77,1,3e-06,0,7,200,,,
2026-06-16T11:28:30.348,0.9603,25.77,1,3e-06,0,7,200,,,
2026-06-16T11:28:30.848,0.9604,25.77,2,3e-06,0,7,200,,,
2026-06-16T11:28:31.348,0.9603,25.77,1,3e-06,0,7,200,,,
2026-06-16T11:28:31.845,0.9604,25.77,2,3e-06,0,7,200,,,
2026-06-16T11:28:32.343,0.9603,25.77,1,3e-06,0,7,200,,,
2026-06-16T11:28:32.843,0.9603,25.77,1,3e-06,0,7,200,,,
2026-06-16T11:28:33.343,0.9603,25.77,2,3e-06,0,7,200,,,
2026-06-16T11:28:33.857,0.9603,25.77,1,3e-06,0,7,200,,,
2026-06-16T11:28:34.357,0.9603,25.78,2,3e-06,0,7,200,,,
2026-06-16T11:28:34.856,0.9603,25.78,1,3e-06,0,7,200,,,
2026-06-16T11:28:35.352,0.9604,25.78,2,3e-06,0,7,200,,,
2026-06-16T11:28:35.850,0.9604,25.78,1,3e-06,0,7,200,,,
2026-06-16T11:28:36.349,0.9603,25.78,1,3e-06,0,7,200,,,
2026-06-16T11:28:36.847,0.9603,25.78,2,3e-06,0,7,200,,,
2026-06-16T11:28:37.346,0.9603,25.78,1,3e-06,0,7,200,,,
2026-06-16T11:28:37.843,0.9603,25.78,2,3e-06,0,7,200,,,
2026-06-16T11:28:38.357,0.9604,25.78,1,3e-06,0,7,200,,,
2026-06-16T11:28:38.854,0.9604,25.78,1,3e-06,0,7,200,,,
2026-06-16T11:28:39.351,0.9604,25.78,2,3e-06,0,7,200,,,
2026-06-16T11:28:39.848,0.9604,25.78,1,3e-06,0,7,200,,,
2026-06-16T11:28:40.346,0.9604,25.78,2,3e-06,1,8,200,2026-06-16T11:28:39.994882,200,1
2026-06-16T11:28:40.845,0.9603,25.78,1,4e-06,0,8,200,,,
2026-06-16T11:28:41.354,0.9603,25.78,1,4e-06,0,8,200,,,
2026-06-16T11:28:41.851,0.9604,25.79,2,4e-06,0,8,200,,,
2026-06-16T11:28:42.350,0.9603,25.78,1,4e-06,0,8,200,,,
2026-06-16T11:28:42.848,0.9603,25.79,2,4e-06,0,8,200,,,
2026-06-16T11:28:43.348,0.9604,25.79,1,4e-06,0,8,200,,,
2026-06-16T11:28:43.848,0.9603,25.79,1,4e-06,0,8,200,,,
2026-06-16T11:28:44.346,0.9604,25.79,2,4e-06,0,8,200,,,
2026-06-16T11:28:44.847,0.9603,25.79,1,4e-06,0,8,200,,,
2026-06-16T11:28:45.347,0.9604,25.79,2,4e-06,0,8,200,,,
2026-06-16T11:28:45.844,0.9604,25.79,1,4e-06,0,8,200,,,
2026-06-16T11:28:46.344,0.9604,25.79,2,4e-06,0,8,200,,,
2026-06-16T11:28:46.856,0.9603,25.79,1,4e-06,0,8,200,,,
2026-06-16T11:28:47.354,0.9603,25.8,1,4e-06,0,8,200,,,
2026-06-16T11:28:47.856,0.9604,25.8,2,3e-06,0,8,200,,,
2026-06-16T11:28:48.344,0.9604,25.8,1,3e-06,0,8,200,,,
2026-06-16T11:28:48.845,0.9604,25.8,2,3e-06,0,8,200,,,
2026-06-16T11:28:49.346,0.9603,25.8,1,3e-06,0,8,200,,,
2026-06-16T11:28:49.845,0.9603,25.8,1,3e-06,0,8,200,,,
2026-06-16T11:28:50.346,0.9604,25.8,2,3e-06,0,8,200,,,
2026-06-16T11:28:50.845,0.9604,25.8,1,3e-06,0,8,200,,,
2026-06-16T11:28:51.344,0.9604,25.8,2,3e-06,0,8,200,,,
2026-06-16T11:28:51.845,0.9604,25.8,1,3e-06,0,8,200,,,
2026-06-16T11:28:52.358,0.9603,25.8,1,3e-06,0,8,200,,,
2026-06-16T11:28:52.842,0.9604,25.8,2,3e-06,0,8,200,,,
2026-06-16T11:28:53.341,0.9604,25.8,1,3e-06,0,8,200,,,
2026-06-16T11:28:53.856,0.9604,25.8,2,3e-06,0,8,200,,,
2026-06-16T11:28:54.355,0.9604,25.8,1,3e-06,0,8,200,,,
2026-06-16T11:28:54.853,0.9604,25.8,1,3e-06,0,8,200,,,
2026-06-16T11:28:55.353,0.9604,25.8,2,3e-06,0,8,200,,,
2026-06-16T11:28:55.853,0.9604,25.8,1,3e-06,0,8,200,,,
2026-06-16T11:28:56.354,0.9604,25.8,2,3e-06,0,8,200,,,
2026-06-16T11:28:56.856,0.9605,25.8,1,3e-06,0,8,200,,,
2026-06-16T11:28:57.342,0.9605,25.8,2,3e-06,0,8,200,,,
2026-06-16T11:28:57.844,0.9604,25.8,1,3e-06,0,8,200,,,
2026-06-16T11:28:58.345,0.9604,25.8,1,3e-06,0,8,200,,,
2026-06-16T11:28:58.843,0.9604,25.8,2,3e-06,0,8,200,,,
2026-06-16T11:28:59.355,0.9604,25.81,1,3e-06,0,8,200,,,
2026-06-16T11:28:59.856,0.9605,25.81,2,3e-06,0,8,200,,,
2026-06-16T11:29:00.357,0.9605,25.81,1,3e-06,0,8,200,,,
2026-06-16T11:29:00.854,0.9603,25.81,1,3e-06,0,8,200,,,
2026-06-16T11:29:01.354,0.9604,25.81,2,3e-06,0,8,200,,,
2026-06-16T11:29:01.855,0.9605,25.81,1,3e-06,0,8,200,,,
2026-06-16T11:29:02.353,0.9605,25.81,2,3e-06,0,8,200,,,
2026-06-16T11:29:02.854,0.9605,25.81,1,3e-06,0,8,200,,,
2026-06-16T11:29:03.342,0.9605,25.81,1,3e-06,0,8,200,,,
2026-06-16T11:29:03.845,0.9604,25.81,2,3e-06,0,8,200,,,
2026-06-16T11:29:04.347,0.9604,25.81,1,3e-06,0,8,200,,,
2026-06-16T11:29:04.843,0.9604,25.81,2,3e-06,0,8,200,,,
2026-06-16T11:29:05.346,0.9604,25.81,1,3e-06,0,8,200,,,
2026-06-16T11:29:05.844,0.9605,25.81,2,3e-06,0,8,200,,,
2026-06-16T11:29:06.344,0.9604,25.81,1,3e-06,0,8,200,,,
2026-06-16T11:29:06.842,0.9604,25.81,1,3e-06,0,8,200,,,
2026-06-16T11:29:07.352,0.9604,25.81,2,3e-06,0,8,200,,,
2026-06-16T11:29:07.851,0.9604,25.81,1,3e-06,0,8,200,,,
2026-06-16T11:29:08.351,0.9605,25.82,2,3e-06,0,8,200,,,
2026-06-16T11:29:08.851,0.9604,25.82,1,3e-06,0,8,200,,,
2026-06-16T11:29:09.350,0.9605,25.82,1,3e-06,0,8,200,,,
2026-06-16T11:29:09.851,0.9605,25.82,2,3e-06,0,8,200,,,
2026-06-16T11:29:10.348,0.9605,25.82,1,3e-06,0,8,200,,,
2026-06-16T11:29:10.846,0.9605,25.82,2,3e-06,0,8,200,,,
2026-06-16T11:29:11.347,0.9604,25.82,1,3e-06,0,8,200,,,
2026-06-16T11:29:11.847,0.9605,25.82,1,3e-06,0,8,200,,,
2026-06-16T11:29:12.346,0.9605,25.82,2,3e-06,0,8,200,,,
2026-06-16T11:29:12.845,0.9605,25.82,1,3e-06,0,8,200,,,
2026-06-16T11:29:13.343,0.9605,25.82,2,3e-06,0,8,200,,,
2026-06-16T11:29:13.845,0.9604,25.82,1,3e-06,0,8,200,,,
2026-06-16T11:29:14.349,0.9604,25.82,2,3e-06,0,8,200,,,
2026-06-16T11:29:14.847,0.9605,25.82,1,3e-06,0,8,200,,,
2026-06-16T11:29:15.347,0.9605,25.83,1,3e-06,0,8,200,,,
2026-06-16T11:29:15.845,0.9604,25.83,2,3e-06,0,8,200,,,
2026-06-16T11:29:16.345,0.9604,25.83,1,3e-06,0,8,200,,,
2026-06-16T11:29:16.846,0.9606,25.83,2,3e-06,0,8,200,,,
2026-06-16T11:29:17.343,0.9605,25.83,1,3e-06,0,8,200,,,
2026-06-16T11:29:17.843,0.9604,25.83,1,3e-06,0,8,200,,,
2026-06-16T11:29:18.357,0.9605,25.83,2,3e-06,0,8,200,,,
2026-06-16T11:29:18.856,0.9606,25.83,1,3e-06,0,8,200,,,
2026-06-16T11:29:19.357,0.9606,25.83,2,3e-06,0,8,200,,,
2026-06-16T11:29:19.855,0.9605,25.83,1,3e-06,0,8,200,,,
2026-06-16T11:29:20.354,0.9604,25.83,1,3e-06,0,8,200,,,
2026-06-16T11:29:20.853,0.9605,25.84,2,3e-06,0,8,200,,,
2026-06-16T11:29:21.352,0.9605,25.84,1,3e-06,0,8,200,,,
2026-06-16T11:29:21.851,0.9606,25.83,2,3e-06,0,8,200,,,
2026-06-16T11:29:22.350,0.9605,25.84,1,3e-06,0,8,200,,,
2026-06-16T11:29:22.849,0.9605,25.84,1,3e-06,0,8,200,,,
2026-06-16T11:29:23.346,0.9605,25.84,2,3e-06,0,8,200,,,
2026-06-16T11:29:23.848,0.9605,25.84,1,3e-06,0,8,200,,,
2026-06-16T11:29:24.345,0.9605,25.84,2,3e-06,0,8,200,,,
2026-06-16T11:29:24.844,0.9605,25.84,1,3e-06,0,8,200,,,
2026-06-16T11:29:25.343,0.9605,25.84,1,3e-06,0,8,200,,,
2026-06-16T11:29:25.842,0.9605,25.84,2,3e-06,0,8,200,,,
2026-06-16T11:29:26.357,0.9606,25.84,1,3e-06,0,8,200,,,
2026-06-16T11:29:26.854,0.9606,25.84,2,3e-06,0,8,200,,,
2026-06-16T11:29:27.354,0.9605,25.84,1,3e-06,0,8,200,,,
2026-06-16T11:29:27.854,0.9605,25.84,2,3e-06,0,8,200,,,
2026-06-16T11:29:28.354,0.9605,25.84,1,3e-06,0,8,200,,,
2026-06-16T11:29:28.853,0.9605,25.84,1,3e-06,0,8,200,,,
2026-06-16T11:29:29.352,0.9605,25.84,2,3e-06,0,8,200,,,
2026-06-16T11:29:29.851,0.9605,25.84,1,3e-06,0,8,200,,,
2026-06-16T11:29:30.350,0.9606,25.84,2,3e-06,0,8,200,,,
2026-06-16T11:29:30.851,0.9604,25.84,1,3e-06,0,8,200,,,
2026-06-16T11:29:31.349,0.9605,25.84,1,3e-06,0,8,200,,,
2026-06-16T11:29:31.847,0.9606,25.84,2,3e-06,0,8,200,,,
2026-06-16T11:29:32.348,0.9605,25.85,1,3e-06,0,8,200,,,
2026-06-16T11:29:32.851,0.9605,25.84,2,3e-06,0,8,200,,,
2026-06-16T11:29:33.350,0.9605,25.85,1,3e-06,0,8,200,,,
2026-06-16T11:29:33.851,0.9604,25.85,1,3e-06,0,8,200,,,
2026-06-16T11:29:34.353,0.9605,25.85,2,3e-06,0,8,200,,,
2026-06-16T11:29:34.841,0.9604,25.85,1,3e-06,0,8,200,,,
2026-06-16T11:29:35.344,0.9605,25.85,2,3e-06,0,8,200,,,
2026-06-16T11:29:35.843,0.9605,25.85,1,3e-06,0,8,200,,,
2026-06-16T11:29:36.342,0.9605,25.85,1,3e-06,0,8,200,,,
2026-06-16T11:29:36.854,0.9605,25.85,2,3e-06,0,8,200,,,
2026-06-16T11:29:37.352,0.9604,25.85,1,3e-06,0,8,200,,,
2026-06-16T11:29:37.852,0.9605,25.85,2,3e-06,0,8,200,,,
2026-06-16T11:29:38.354,0.9605,25.85,1,3e-06,0,8,200,,,
2026-06-16T11:29:38.855,0.9605,25.85,2,3e-06,0,8,200,,,
2026-06-16T11:29:39.356,0.9604,25.86,1,3e-06,0,8,200,,,
2026-06-16T11:29:39.844,0.9605,25.85,1,3e-06,0,8,200,,,
2026-06-16T11:29:40.346,0.9605,25.85,2,3e-06,0,8,200,,,
2026-06-16T11:29:40.849,0.9604,25.85,1,3e-06,0,8,200,,,
2026-06-16T11:29:41.348,0.9604,25.85,2,3e-06,0,8,200,,,
2026-06-16T11:29:41.845,0.9605,25.85,1,3e-06,0,8,200,,,
2026-06-16T11:29:42.345,0.9604,25.85,1,3e-06,0,8,200,,,
2026-06-16T11:29:42.844,0.9605,25.86,2,3e-06,0,8,200,,,
2026-06-16T11:29:43.343,0.9604,25.86,1,3e-06,0,8,200,,,
2026-06-16T11:29:43.845,0.9605,25.86,2,3e-06,0,8,200,,,
2026-06-16T11:29:44.345,0.9604,25.86,1,3e-06,0,8,200,,,
2026-06-16T11:29:44.844,0.9604,25.86,1,3e-06,0,8,200,,,
2026-06-16T11:29:45.343,0.9605,25.86,2,3e-06,0,8,200,,,
2026-06-16T11:29:45.845,0.9604,25.86,1,3e-06,0,8,200,,,
2026-06-16T11:29:46.348,0.9604,25.86,2,3e-06,0,8,200,,,
2026-06-16T11:29:46.850,0.9604,25.86,1,3e-06,0,8,200,,,
2026-06-16T11:29:47.346,0.9604,25.86,1,3e-06,0,8,200,,,
2026-06-16T11:29:47.847,0.9604,25.86,2,3e-06,0,8,200,,,
2026-06-16T11:29:48.346,0.9604,25.86,1,3e-06,0,8,200,,,
2026-06-16T11:29:48.846,0.9604,25.86,2,2e-06,0,8,200,,,
2026-06-16T11:29:49.348,0.9604,25.87,1,1e-06,0,8,200,,,
2026-06-16T11:29:49.845,0.9604,25.86,1,1e-06,0,8,200,,,
2026-06-16T11:29:50.343,0.9605,25.87,2,1e-06,0,8,200,,,
2026-06-16T11:29:50.842,0.9603,25.87,1,1e-06,0,8,200,,,
2026-06-16T11:29:51.345,0.9604,25.87,1,1e-06,0,8,200,,,
2026-06-16T11:29:51.857,0.9604,25.87,2,1e-06,0,8,200,,,
2026-06-16T11:29:52.357,0.9604,25.87,1,1e-06,0,8,200,,,
2026-06-16T11:29:52.855,0.9604,25.87,2,1e-06,0,8,200,,,
2026-06-16T11:29:53.354,0.9603,25.87,1,1e-06,0,8,200,,,
2026-06-16T11:29:53.855,0.9604,25.87,2,1e-06,0,8,200,,,
2026-06-16T11:29:54.355,0.9604,25.87,1,1e-06,0,8,200,,,
2026-06-16T11:29:54.851,0.9604,25.87,1,1e-06,0,8,200,,,
2026-06-16T11:29:55.349,0.9604,25.87,2,1e-06,0,8,200,,,
2026-06-16T11:29:55.846,0.9604,25.87,1,1e-06,0,8,200,,,
2026-06-16T11:29:56.343,0.9603,25.87,2,1e-06,0,8,200,,,
2026-06-16T11:29:56.843,0.9604,25.87,1,1e-06,0,8,200,,,
2026-06-16T11:29:57.342,0.9604,25.87,1,1e-06,0,8,200,,,
2026-06-16T11:29:57.853,0.9604,25.87,2,1e-06,0,8,200,,,
2026-06-16T11:29:58.352,0.9604,25.88,1,1e-06,0,8,200,,,
2026-06-16T11:29:58.852,0.9604,25.88,2,1e-06,0,8,200,,,
2026-06-16T11:29:59.350,0.9603,25.87,1,1e-06,0,8,200,,,
2026-06-16T11:29:59.852,0.9603,25.87,1,7e-06,0,8,200,,,
2026-06-16T11:30:00.348,0.9603,25.87,2,6e-06,0,8,200,,,
2026-06-16T11:30:00.848,0.9604,25.88,1,5e-06,0,8,200,,,
2026-06-16T11:30:01.347,0.9603,25.88,2,5e-06,0,8,200,,,
2026-06-16T11:30:01.847,0.9604,25.87,1,4e-06,0,8,200,,,
2026-06-16T11:30:02.344,0.9604,25.88,1,4e-06,0,8,200,,,
2026-06-16T11:30:02.842,0.9604,25.88,2,4e-06,0,8,200,,,
2026-06-16T11:30:03.357,0.9604,25.88,1,4e-06,0,8,200,,,
2026-06-16T11:30:03.855,0.9604,25.88,2,4e-06,0,8,200,,,
2026-06-16T11:30:04.351,0.9603,25.88,1,4e-06,0,8,200,,,
2026-06-16T11:30:04.851,0.9603,25.88,1,4e-06,0,8,200,,,
2026-06-16T11:30:05.354,0.9604,25.88,2,4e-06,0,8,200,,,
2026-06-16T11:30:05.854,0.9603,25.88,1,4e-06,0,8,200,,,
2026-06-16T11:30:06.353,0.9604,25.88,2,4e-06,0,8,200,,,
2026-06-16T11:30:06.854,0.9603,25.88,1,4e-06,0,8,200,,,
2026-06-16T11:30:07.351,0.9604,25.89,2,4e-06,0,8,200,,,
2026-06-16T11:30:07.852,0.9603,25.88,1,4e-06,0,8,200,,,
2026-06-16T11:30:08.354,0.9604,25.88,1,4e-06,0,8,200,,,
2026-06-16T11:30:08.857,0.9605,25.88,2,4e-06,0,8,200,,,
2026-06-16T11:30:09.357,0.9604,25.88,1,4e-06,0,8,200,,,
2026-06-16T11:30:09.857,0.9605,25.88,2,4e-06,0,8,200,,,
2026-06-16T11:30:10.356,0.9604,25.89,1,4e-06,0,8,200,,,
2026-06-16T11:30:10.857,0.9604,25.89,1,4e-06,0,8,200,,,
2026-06-16T11:30:11.352,0.9604,25.89,2,4e-06,0,8,200,,,
2026-06-16T11:30:11.855,0.9604,25.88,1,4e-06,0,8,200,,,
2026-06-16T11:30:12.357,0.9605,25.89,2,4e-06,0,8,200,,,
2026-06-16T11:30:12.853,0.9605,25.89,1,4e-06,0,8,200,,,
2026-06-16T11:30:13.352,0.9605,25.89,2,3e-06,0,8,200,,,
2026-06-16T11:30:13.854,0.9604,25.89,1,3e-06,0,8,200,,,
2026-06-16T11:30:14.354,0.9604,25.89,1,3e-06,0,8,200,,,
2026-06-16T11:30:14.851,0.9605,25.89,2,3e-06,0,8,200,,,
2026-06-16T11:30:15.352,0.9605,25.89,1,3e-06,0,8,200,,,
2026-06-16T11:30:15.850,0.9604,25.89,2,3e-06,0,8,200,,,
2026-06-16T11:30:16.351,0.9604,25.89,1,3e-06,0,8,200,,,
2026-06-16T11:30:16.849,0.9605,25.88,1,3e-06,0,8,200,,,
2026-06-16T11:30:17.350,0.9604,25.89,2,3e-06,0,8,200,,,
2026-06-16T11:30:17.850,0.9604,25.89,1,3e-06,0,8,200,,,
2026-06-16T11:30:18.353,0.9605,25.89,2,3e-06,0,8,200,,,
2026-06-16T11:30:18.854,0.9604,25.89,1,3e-06,0,8,200,,,
2026-06-16T11:30:19.342,0.9605,25.89,1,3e-06,0,8,200,,,
2026-06-16T11:30:19.858,0.9605,25.89,2,3e-06,0,8,200,,,
2026-06-16T11:30:20.356,0.9604,25.89,1,3e-06,0,8,200,,,
2026-06-16T11:30:20.842,0.9605,25.89,2,3e-06,0,8,200,,,
2026-06-16T11:30:21.345,0.9605,25.89,1,3e-06,0,8,200,,,
2026-06-16T11:30:21.856,0.9605,25.9,1,3e-06,0,8,200,,,
2026-06-16T11:30:22.355,0.9605,25.89,2,3e-06,0,8,200,,,
2026-06-16T11:30:22.854,0.9604,25.9,1,3e-06,0,8,200,,,
2026-06-16T11:30:23.341,0.9605,25.9,2,3e-06,0,8,200,,,
2026-06-16T11:30:23.842,0.9604,25.9,1,3e-06,0,8,200,,,
2026-06-16T11:30:24.342,0.9605,25.9,1,3e-06,0,8,200,,,
2026-06-16T11:30:24.843,0.9605,25.9,2,3e-06,0,8,200,,,
2026-06-16T11:30:25.357,0.9605,25.9,1,3e-06,0,8,200,,,
2026-06-16T11:30:25.856,0.9605,25.9,2,3e-06,0,8,200,,,
2026-06-16T11:30:26.356,0.9604,25.9,1,3e-06,0,8,200,,,
2026-06-16T11:30:26.844,0.9604,25.9,1,3e-06,0,8,200,,,
2026-06-16T11:30:27.345,0.9604,25.9,2,3e-06,0,8,200,,,
2026-06-16T11:30:27.846,0.9605,25.9,1,3e-06,0,8,200,,,
2026-06-16T11:30:28.343,0.9605,25.9,2,3e-06,0,8,200,,,
2026-06-16T11:30:28.843,0.9605,25.9,1,3e-06,0,8,200,,,
2026-06-16T11:30:29.341,0.9604,25.9,1,3e-06,0,8,200,,,
2026-06-16T11:30:29.845,0.9604,25.91,2,3e-06,0,8,200,,,
2026-06-16T11:30:30.342,0.9605,25.9,1,3e-06,0,8,200,,,
2026-06-16T11:30:30.842,0.9605,25.91,2,3e-06,0,8,200,,,
2026-06-16T11:30:31.357,0.9604,25.91,1,3e-06,0,8,200,,,
2026-06-16T11:30:31.843,0.9605,25.91,2,3e-06,0,8,200,,,
2026-06-16T11:30:32.355,0.9605,25.91,1,3e-06,0,8,200,,,
2026-06-16T11:30:32.856,0.9604,25.91,1,3e-06,0,8,200,,,
2026-06-16T11:30:33.358,0.9605,25.91,2,3e-06,0,8,200,,,
2026-06-16T11:30:33.844,0.9605,25.91,1,3e-06,0,8,200,,,
2026-06-16T11:30:34.344,0.9605,25.91,2,3e-06,0,8,200,,,
2026-06-16T11:30:34.843,0.9605,25.91,1,3e-06,0,8,200,,,
2026-06-16T11:30:35.343,0.9604,25.91,1,3e-06,0,8,200,,,
2026-06-16T11:30:35.855,0.9604,25.91,2,3e-06,0,8,200,,,
2026-06-16T11:30:36.353,0.9605,25.91,1,3e-06,0,8,200,,,
2026-06-16T11:30:36.850,0.9605,25.91,2,3e-06,0,8,200,,,
2026-06-16T11:30:37.348,0.9605,25.91,1,3e-06,0,8,200,,,
2026-06-16T11:30:37.848,0.9605,25.91,1,3e-06,0,8,200,,,
2026-06-16T11:30:38.346,0.9604,25.91,2,3e-06,0,8,200,,,
2026-06-16T11:30:38.844,0.9605,25.91,1,3e-06,0,8,200,,,
2026-06-16T11:30:39.345,0.9604,25.91,2,3e-06,0,8,200,,,
2026-06-16T11:30:39.848,0.9605,25.91,1,3e-06,0,8,200,,,
2026-06-16T11:30:40.348,0.9605,25.91,1,3e-06,0,8,200,,,
2026-06-16T11:30:40.846,0.9605,25.92,2,3e-06,0,8,200,,,
2026-06-16T11:30:41.347,0.9604,25.92,1,3e-06,0,8,200,,,
2026-06-16T11:30:41.848,0.9605,25.92,2,3e-06,0,8,200,,,
2026-06-16T11:30:42.348,0.9605,25.92,1,3e-06,0,8,200,,,
2026-06-16T11:30:42.843,0.9604,25.92,1,3e-06,0,8,200,,,
2026-06-16T11:30:43.344,0.9605,25.92,2,3e-06,0,8,200,,,
2026-06-16T11:30:43.843,0.9605,25.92,1,3e-06,0,8,200,,,
2026-06-16T11:30:44.343,0.9605,25.92,2,3e-06,0,8,200,,,
2026-06-16T11:30:44.843,0.9605,25.92,1,3e-06,0,8,200,,,
2026-06-16T11:30:45.341,0.9605,25.92,1,3e-06,0,8,200,,,
2026-06-16T11:30:45.855,0.9605,25.92,2,3e-06,0,8,200,,,
2026-06-16T11:30:46.355,0.9605,25.92,1,3e-06,0,8,200,,,
2026-06-16T11:30:46.854,0.9605,25.92,2,3e-06,0,8,200,,,
2026-06-16T11:30:47.354,0.9606,25.92,1,3e-06,0,8,200,,,
2026-06-16T11:30:47.856,0.9605,25.92,2,3e-06,0,8,200,,,
2026-06-16T11:30:48.342,0.9605,25.93,1,3e-06,0,8,200,,,
2026-06-16T11:30:48.842,0.9605,25.93,1,3e-06,0,8,200,,,
2026-06-16T11:30:49.344,0.9605,25.93,2,3e-06,0,8,200,,,
2026-06-16T11:30:49.845,0.9605,25.93,1,3e-06,0,8,200,,,
2026-06-16T11:30:50.344,0.9605,25.93,2,3e-06,0,8,200,,,
2026-06-16T11:30:50.843,0.9605,25.93,1,3e-06,0,8,200,,,
2026-06-16T11:30:51.343,0.9605,25.93,1,3e-06,0,8,200,,,
2026-06-16T11:30:51.843,0.9605,25.93,2,3e-06,0,8,200,,,
2026-06-16T11:30:52.345,0.9605,25.93,1,3e-06,0,8,200,,,
2026-06-16T11:30:52.842,0.9605,25.93,2,3e-06,0,8,200,,,
2026-06-16T11:30:53.344,0.9604,25.93,1,3e-06,0,8,200,,,
2026-06-16T11:30:53.855,0.9605,25.93,1,3e-06,0,8,200,,,
2026-06-16T11:30:54.356,0.9606,25.93,2,3e-06,0,8,200,,,
2026-06-16T11:30:54.854,0.9604,25.93,1,3e-06,0,8,200,,,
2026-06-16T11:30:55.353,0.9605,25.93,2,3e-06,0,8,200,,,
2026-06-16T11:30:55.854,0.9605,25.93,1,3e-06,0,8,200,,,
2026-06-16T11:30:56.357,0.9605,25.93,1,3e-06,0,8,200,,,
2026-06-16T11:30:56.855,0.9605,25.93,2,3e-06,0,8,200,,,
2026-06-16T11:30:57.357,0.9605,25.93,1,3e-06,0,8,200,,,
2026-06-16T11:30:57.857,0.9605,25.93,2,3e-06,0,8,200,,,
2026-06-16T11:30:58.344,0.9605,25.93,1,3e-06,0,8,200,,,
2026-06-16T11:30:58.842,0.9605,25.93,1,3e-06,0,8,200,,,
2026-06-16T11:30:59.346,0.9606,25.93,2,3e-06,0,8,200,,,
2026-06-16T11:30:59.845,0.9604,25.93,1,3e-06,0,8,200,,,
2026-06-16T11:31:00.348,0.9605,25.93,2,3e-06,0,8,200,,,
2026-06-16T11:31:00.850,0.9605,25.93,1,3e-06,0,8,200,,,
2026-06-16T11:31:01.352,0.9605,25.93,2,3e-06,0,8,200,,,
2026-06-16T11:31:01.855,0.9605,25.93,1,3e-06,0,8,200,,,
2026-06-16T11:31:02.351,0.9605,25.93,1,3e-06,0,8,200,,,
2026-06-16T11:31:02.851,0.9606,25.94,2,3e-06,0,8,200,,,
2026-06-16T11:31:03.352,0.9605,25.93,1,3e-06,0,8,200,,,
2026-06-16T11:31:03.851,0.9605,25.94,2,3e-06,0,8,200,,,
2026-06-16T11:31:04.351,0.9605,25.94,1,3e-06,0,8,200,,,
2026-06-16T11:31:04.852,0.9605,25.94,1,3e-06,0,8,200,,,
2026-06-16T11:31:05.350,0.9606,25.94,2,3e-06,0,8,200,,,
2026-06-16T11:31:05.849,0.9605,25.94,1,3e-06,0,8,200,,,
2026-06-16T11:31:06.346,0.9606,25.94,2,3e-06,0,8,200,,,
2026-06-16T11:31:06.846,0.9605,25.94,1,3e-06,0,8,200,,,
2026-06-16T11:31:07.344,0.9605,25.94,1,3e-06,0,8,200,,,
2026-06-16T11:31:07.856,0.9605,25.94,2,3e-06,0,8,200,,,
2026-06-16T11:31:08.356,0.9605,25.94,1,3e-06,0,8,200,,,
2026-06-16T11:31:08.842,0.9606,25.94,2,3e-06,0,8,200,,,
2026-06-16T11:31:09.354,0.9605,25.94,1,3e-06,0,8,200,,,
2026-06-16T11:31:09.852,0.9605,25.94,1,3e-06,0,8,200,,,
2026-06-16T11:31:10.350,0.9605,25.94,2,3e-06,0,8,200,,,
2026-06-16T11:31:10.849,0.9605,25.94,1,3e-06,0,8,200,,,
2026-06-16T11:31:11.351,0.9605,25.94,2,3e-06,0,8,200,,,
2026-06-16T11:31:11.853,0.9604,25.94,1,3e-06,0,8,200,,,
2026-06-16T11:31:12.354,0.9606,25.94,2,3e-06,0,8,200,,,
2026-06-16T11:31:12.852,0.9605,25.95,1,3e-06,0,8,200,,,
2026-06-16T11:31:13.351,0.9605,25.94,1,3e-06,0,8,200,,,
2026-06-16T11:31:13.847,0.9605,25.95,2,3e-06,0,8,200,,,
2026-06-16T11:31:14.348,0.9605,25.94,1,3e-06,0,8,200,,,
2026-06-16T11:31:14.849,0.9605,25.94,2,3e-06,0,8,200,,,
2026-06-16T11:31:15.347,0.9605,25.94,1,3e-06,0,8,200,,,
2026-06-16T11:31:15.850,0.9606,25.95,1,3e-06,0,8,200,,,
2026-06-16T11:31:16.354,0.9605,25.95,2,3e-06,0,8,200,,,
2026-06-16T11:31:16.851,0.9605,25.95,1,3e-06,0,8,200,,,
2026-06-16T11:31:17.351,0.9605,25.95,2,3e-06,0,8,200,,,
2026-06-16T11:31:17.850,0.9605,25.95,1,3e-06,0,8,200,,,
2026-06-16T11:31:18.350,0.9605,25.95,1,3e-06,0,8,200,,,
2026-06-16T11:31:18.849,0.9605,25.95,2,3e-06,0,8,200,,,
2026-06-16T11:31:19.347,0.9605,25.95,1,3e-06,0,8,200,,,
2026-06-16T11:31:19.844,0.9606,25.95,2,3e-06,0,8,200,,,
2026-06-16T11:31:20.355,0.9605,25.95,1,3e-06,0,8,200,,,
2026-06-16T11:31:20.853,0.9605,25.95,1,3e-06,0,8,200,,,
2026-06-16T11:31:21.351,0.9605,25.95,2,3e-06,0,8,200,,,
2026-06-16T11:31:21.851,0.9605,25.95,1,3e-06,0,8,200,,,
2026-06-16T11:31:22.347,0.9605,25.95,2,3e-06,0,8,200,,,
2026-06-16T11:31:22.846,0.9605,25.95,1,3e-06,0,8,200,,,
2026-06-16T11:31:23.346,0.9605,25.95,1,3e-06,0,8,200,,,
2026-06-16T11:31:23.847,0.9605,25.95,2,3e-06,0,8,200,,,
2026-06-16T11:31:24.345,0.9605,25.95,1,3e-06,0,8,200,,,
2026-06-16T11:31:24.845,0.9605,25.95,2,3e-06,0,8,200,,,
2026-06-16T11:31:25.343,0.9605,25.96,1,3e-06,0,8,200,,,
2026-06-16T11:31:25.857,0.9605,25.95,1,3e-06,0,8,200,,,
2026-06-16T11:31:26.357,0.9604,25.96,2,3e-06,0,8,200,,,
2026-06-16T11:31:26.857,0.9605,25.96,1,3e-06,0,8,200,,,
2026-06-16T11:31:27.353,0.9605,25.96,2,3e-06,0,8,200,,,
2026-06-16T11:31:27.851,0.9606,25.96,1,3e-06,0,8,200,,,
2026-06-16T11:31:28.352,0.9605,25.96,2,3e-06,0,8,200,,,
2026-06-16T11:31:28.852,0.9605,25.96,1,3e-06,0,8,200,,,
2026-06-16T11:31:29.352,0.9605,25.96,1,3e-06,0,8,200,,,
2026-06-16T11:31:29.855,0.9605,25.96,2,3e-06,0,8,200,,,
2026-06-16T11:31:30.342,0.9605,25.96,1,3e-06,0,8,200,,,
2026-06-16T11:31:30.856,0.9605,25.96,2,3e-06,0,8,200,,,
2026-06-16T11:31:31.352,0.9605,25.96,1,3e-06,0,8,200,,,
2026-06-16T11:31:31.854,0.9605,25.96,1,3e-06,0,8,200,,,
2026-06-16T11:31:32.354,0.9605,25.96,2,3e-06,0,8,200,,,
2026-06-16T11:31:32.852,0.9605,25.96,1,3e-06,0,8,200,,,
2026-06-16T11:31:33.351,0.9606,25.96,2,3e-06,0,8,200,,,
2026-06-16T11:31:33.850,0.9605,25.96,1,3e-06,0,8,200,,,
2026-06-16T11:31:34.350,0.9606,25.97,1,3e-06,0,8,200,,,
2026-06-16T11:31:34.846,0.9605,25.96,2,3e-06,0,8,200,,,
2026-06-16T11:31:35.348,0.9606,25.96,1,3e-06,0,8,200,,,
2026-06-16T11:31:35.845,0.9606,25.96,2,3e-06,0,8,200,,,
2026-06-16T11:31:36.343,0.9606,25.97,1,3e-06,0,8,200,,,
2026-06-16T11:31:36.844,0.9605,25.97,1,3e-06,0,8,200,,,
2026-06-16T11:31:37.357,0.9605,25.97,2,3e-06,0,8,200,,,
2026-06-16T11:31:37.858,0.9606,25.97,1,3e-06,0,8,200,,,
2026-06-16T11:31:38.357,0.9605,25.97,2,3e-06,0,8,200,,,
2026-06-16T11:31:38.854,0.9606,25.96,1,3e-06,0,8,200,,,
2026-06-16T11:31:39.355,0.9606,25.97,1,3e-06,0,8,200,,,
2026-06-16T11:31:39.850,0.9606,25.97,2,3e-06,0,8,200,,,
2026-06-16T11:31:40.348,0.9605,25.97,1,3e-06,0,8,200,,,
2026-06-16T11:31:40.846,0.9606,25.97,2,3e-06,0,8,200,,,
2026-06-16T11:31:41.345,0.9606,25.97,1,3e-06,0,8,200,,,
2026-06-16T11:31:41.844,0.9605,25.97,1,3e-06,0,8,200,,,
2026-06-16T11:31:42.345,0.9606,25.97,2,3e-06,0,8,200,,,
2026-06-16T11:31:42.846,0.9606,25.97,1,3e-06,0,8,200,,,
2026-06-16T11:31:43.343,0.9606,25.97,2,3e-06,0,8,200,,,
2026-06-16T11:31:43.856,0.9606,25.97,1,3e-06,0,8,200,,,
2026-06-16T11:31:44.356,0.9606,25.97,2,3e-06,0,8,200,,,
2026-06-16T11:31:44.856,0.9605,25.97,1,3e-06,0,8,200,,,
2026-06-16T11:31:45.342,0.9605,25.97,1,3e-06,0,8,200,,,
2026-06-16T11:31:45.843,0.9606,25.97,2,3e-06,0,8,200,,,
2026-06-16T11:31:46.357,0.9606,25.97,1,3e-06,0,8,200,,,
2026-06-16T11:31:46.855,0.9605,25.97,2,3e-06,0,8,200,,,
2026-06-16T11:31:47.351,0.9606,25.97,1,3e-06,0,8,200,,,
2026-06-16T11:31:47.852,0.9606,25.97,1,3e-06,0,8,200,,,
2026-06-16T11:31:48.350,0.9606,25.97,2,3e-06,0,8,200,,,
2026-06-16T11:31:48.847,0.9606,25.97,1,3e-06,0,8,200,,,
2026-06-16T11:31:49.346,0.9606,25.97,2,3e-06,0,8,200,,,
2026-06-16T11:31:49.846,0.9606,25.97,1,3e-06,0,8,200,,,
2026-06-16T11:31:50.343,0.9606,25.97,1,3e-06,0,8,200,,,
2026-06-16T11:31:50.857,0.9605,25.97,2,3e-06,0,8,200,,,
2026-06-16T11:31:51.354,0.9606,25.97,1,3e-06,0,8,200,,,
2026-06-16T11:31:51.852,0.9606,25.98,2,3e-06,0,8,200,,,
2026-06-16T11:31:52.353,0.9606,25.97,1,3e-06,0,8,200,,,
2026-06-16T11:31:52.851,0.9606,25.98,2,3e-06,0,8,200,,,
2026-06-16T11:31:53.351,0.9606,25.98,1,3e-06,0,8,200,,,
2026-06-16T11:31:53.849,0.9605,25.98,1,3e-06,0,8,200,,,
2026-06-16T11:31:54.345,0.9606,25.98,2,3e-06,0,8,200,,,
2026-06-16T11:31:54.847,0.9606,25.98,1,3e-06,0,8,200,,,
2026-06-16T11:31:55.344,0.9606,25.98,2,3e-06,0,8,200,,,
2026-06-16T11:31:55.857,0.9606,25.98,1,3e-06,0,8,200,,,
2026-06-16T11:31:56.354,0.9606,25.98,1,3e-06,0,8,200,,,
2026-06-16T11:31:56.852,0.9606,25.98,2,3e-06,0,8,200,,,
2026-06-16T11:31:57.349,0.9605,25.98,1,3e-06,0,8,200,,,
2026-06-16T11:31:57.846,0.9606,25.98,2,3e-06,0,8,200,,,
2026-06-16T11:31:58.343,0.9605,25.98,1,3e-06,0,8,200,,,
2026-06-16T11:31:58.845,0.9606,25.98,1,3e-06,0,8,200,,,
2026-06-16T11:31:59.342,0.9606,25.98,2,3e-06,0,8,200,,,
2026-06-16T11:31:59.857,0.9606,25.98,1,3e-06,0,8,200,,,
2026-06-16T11:32:00.355,0.9606,25.98,2,3e-06,0,8,200,,,
2026-06-16T11:32:00.854,0.9606,25.98,1,3e-06,0,8,200,,,
2026-06-16T11:32:01.352,0.9606,25.98,1,3e-06,0,8,200,,,
2026-06-16T11:32:01.853,0.9606,25.98,2,3e-06,0,8,200,,,
2026-06-16T11:32:02.351,0.9605,25.98,1,3e-06,0,8,200,,,
2026-06-16T11:32:02.848,0.9605,25.99,2,3e-06,0,8,200,,,
2026-06-16T11:32:03.345,0.9606,25.99,1,3e-06,0,8,200,,,
2026-06-16T11:32:03.848,0.9606,25.99,1,3e-06,0,8,200,,,
2026-06-16T11:32:04.347,0.9605,25.98,2,3e-06,0,8,200,,,
2026-06-16T11:32:04.849,0.9605,25.99,1,3e-06,0,8,200,,,
2026-06-16T11:32:05.347,0.9606,25.98,2,3e-06,0,8,200,,,
2026-06-16T11:32:05.850,0.9605,25.99,1,3e-06,0,8,200,,,
2026-06-16T11:32:06.348,0.9605,25.99,2,3e-06,0,8,200,,,
2026-06-16T11:32:06.847,0.9605,25.99,1,3e-06,0,8,200,,,
2026-06-16T11:32:07.345,0.9605,25.99,1,3e-06,0,8,200,,,
2026-06-16T11:32:07.848,0.9606,25.99,2,3e-06,0,8,200,,,
2026-06-16T11:32:08.348,0.9605,25.99,1,3e-06,0,8,200,,,
2026-06-16T11:32:08.847,0.9605,25.99,2,3e-06,0,8,200,,,
2026-06-16T11:32:09.348,0.9605,26.0,1,3e-06,0,8,200,,,
2026-06-16T11:32:09.844,0.9605,26.0,1,3e-06,0,8,200,,,
2026-06-16T11:32:10.346,0.9606,25.99,2,3e-06,0,8,200,,,
2026-06-16T11:32:10.844,0.9605,25.99,1,3e-06,0,8,200,,,
2026-06-16T11:32:11.344,0.9605,25.99,2,3e-06,0,8,200,,,
2026-06-16T11:32:11.844,0.9605,25.99,1,3e-06,0,8,200,,,
2026-06-16T11:32:12.344,0.9604,26.0,1,3e-06,0,8,200,,,
2026-06-16T11:32:12.856,0.9605,25.99,2,3e-06,0,8,200,,,
2026-06-16T11:32:13.355,0.9605,25.99,1,3e-06,0,8,200,,,
2026-06-16T11:32:13.853,0.9605,25.99,2,3e-06,0,8,200,,,
2026-06-16T11:32:14.350,0.9605,25.99,1,3e-06,0,8,200,,,
2026-06-16T11:32:14.850,0.9605,26.0,1,3e-06,0,8,200,,,
2026-06-16T11:32:15.349,0.9605,25.99,2,3e-06,0,8,200,,,
2026-06-16T11:32:15.847,0.9605,25.99,1,3e-06,0,8,200,,,
2026-06-16T11:32:16.348,0.9605,26.0,2,3e-06,0,8,200,,,
2026-06-16T11:32:16.844,0.9604,26.0,1,3e-06,0,8,200,,,
2026-06-16T11:32:17.347,0.9605,26.0,1,3e-06,0,8,200,,,
2026-06-16T11:32:17.848,0.9605,26.0,2,3e-06,0,8,200,,,
2026-06-16T11:32:18.346,0.9605,26.0,1,3e-06,0,8,200,,,
2026-06-16T11:32:18.846,0.9605,26.0,2,3e-06,0,8,200,,,
2026-06-16T11:32:19.345,0.9605,26.0,1,3e-06,0,8,200,,,
2026-06-16T11:32:19.844,0.9605,26.01,2,3e-06,0,8,200,,,
2026-06-16T11:32:20.344,0.9604,26.0,1,3e-06,0,8,200,,,
2026-06-16T11:32:20.843,0.9605,26.0,1,3e-06,0,8,200,,,
2026-06-16T11:32:21.356,0.9605,26.0,2,3e-06,0,8,200,,,
2026-06-16T11:32:21.841,0.9605,26.0,1,3e-06,0,8,200,,,
2026-06-16T11:32:22.356,0.9605,26.0,2,3e-06,0,8,200,,,
2026-06-16T11:32:22.845,0.9605,26.0,1,3e-06,0,8,200,,,
2026-06-16T11:32:23.342,0.9605,26.0,1,3e-06,0,8,200,,,
2026-06-16T11:32:23.843,0.9605,26.01,2,3e-06,0,8,200,,,
2026-06-16T11:32:24.356,0.9605,26.0,1,3e-06,0,8,200,,,
2026-06-16T11:32:24.855,0.9604,26.01,2,3e-06,0,8,200,,,
2026-06-16T11:32:25.351,0.9605,26.0,1,3e-06,0,8,200,,,
2026-06-16T11:32:25.851,0.9604,26.0,1,3e-06,0,8,200,,,
2026-06-16T11:32:26.350,0.9605,26.01,2,3e-06,0,8,200,,,
2026-06-16T11:32:26.848,0.9605,26.01,1,3e-06,0,8,200,,,
2026-06-16T11:32:27.351,0.9605,26.01,2,3e-06,0,8,200,,,
2026-06-16T11:32:27.853,0.9604,26.01,1,3e-06,0,8,200,,,
2026-06-16T11:32:28.350,0.9605,26.01,1,3e-06,0,8,200,,,
2026-06-16T11:32:28.851,0.9605,26.01,2,3e-06,0,8,200,,,
2026-06-16T11:32:29.350,0.9604,26.01,1,3e-06,0,8,200,,,
2026-06-16T11:32:29.847,0.9605,26.01,2,3e-06,0,8,200,,,
2026-06-16T11:32:30.346,0.9604,26.01,1,3e-06,0,8,200,,,
2026-06-16T11:32:30.844,0.9605,26.01,1,3e-06,0,8,200,,,
2026-06-16T11:32:31.343,0.9605,26.01,2,3e-06,0,8,200,,,
2026-06-16T11:32:31.842,0.9605,26.01,1,3e-06,0,8,200,,,
2026-06-16T11:32:32.342,0.9604,26.01,2,3e-06,0,8,200,,,
2026-06-16T11:32:32.855,0.9604,26.01,1,3e-06,0,8,200,,,
2026-06-16T11:32:33.355,0.9604,26.01,1,3e-06,0,8,200,,,
2026-06-16T11:32:33.856,0.9605,26.01,2,3e-06,0,8,200,,,
2026-06-16T11:32:34.356,0.9604,26.01,1,3e-06,0,8,200,,,
2026-06-16T11:32:34.855,0.9604,26.01,2,3e-06,0,8,200,,,
2026-06-16T11:32:35.353,0.9604,26.01,1,3e-06,0,8,200,,,
2026-06-16T11:32:35.850,0.9605,26.01,1,3e-06,0,8,200,,,
2026-06-16T11:32:36.350,0.9605,26.01,2,3e-06,0,8,200,,,
2026-06-16T11:32:36.848,0.9604,26.01,1,3e-06,0,8,200,,,
2026-06-16T11:32:37.344,0.9605,26.01,2,3e-06,0,8,200,,,
2026-06-16T11:32:37.844,0.9605,26.01,1,3e-06,0,8,200,,,
2026-06-16T11:32:38.345,0.9604,26.01,1,3e-06,0,8,200,,,
2026-06-16T11:32:38.844,0.9605,26.01,2,3e-06,0,8,200,,,
2026-06-16T11:32:39.356,0.9604,26.01,1,3e-06,0,8,200,,,
2026-06-16T11:32:39.854,0.9604,26.01,2,3e-06,0,8,200,,,
2026-06-16T11:32:40.352,0.9604,26.01,1,3e-06,0,8,200,,,
2026-06-16T11:32:40.851,0.9604,26.01,1,3e-06,0,8,200,,,
2026-06-16T11:32:41.349,0.9605,26.02,2,3e-06,0,8,200,,,
2026-06-16T11:32:41.851,0.9605,26.01,1,3e-06,0,8,200,,,
2026-06-16T11:32:42.351,0.9604,26.01,2,3e-06,0,8,200,,,
2026-06-16T11:32:42.852,0.9604,26.01,1,3e-06,0,8,200,,,
2026-06-16T11:32:43.355,0.9605,26.01,1,3e-06,0,8,200,,,
2026-06-16T11:32:43.853,0.9605,26.02,2,3e-06,0,8,200,,,
2026-06-16T11:32:44.351,0.9604,26.02,1,3e-06,0,8,200,,,
2026-06-16T11:32:44.850,0.9605,26.02,2,3e-06,0,8,200,,,
2026-06-16T11:32:45.351,0.9604,26.02,1,3e-06,0,8,200,,,
2026-06-16T11:32:45.851,0.9604,26.02,2,3e-06,0,8,200,,,
2026-06-16T11:32:46.350,0.9605,26.02,1,3e-06,0,8,200,,,
2026-06-16T11:32:46.852,0.9605,26.02,1,3e-06,0,8,200,,,
2026-06-16T11:32:47.347,0.9604,26.02,2,3e-06,0,8,200,,,
2026-06-16T11:32:47.845,0.9604,26.02,1,3e-06,0,8,200,,,
2026-06-16T11:32:48.345,0.9605,26.02,2,3e-06,0,8,200,,,
2026-06-16T11:32:48.844,0.9605,26.02,1,3e-06,0,8,200,,,
2026-06-16T11:32:49.342,0.9605,26.02,1,3e-06,0,8,200,,,
2026-06-16T11:32:49.856,0.9605,26.02,2,3e-06,0,8,200,,,
2026-06-16T11:32:50.354,0.9605,26.02,1,3e-06,0,8,200,,,
2026-06-16T11:32:50.856,0.9605,26.02,2,3e-06,0,8,200,,,
2026-06-16T11:32:51.357,0.9605,26.02,1,3e-06,0,8,200,,,
2026-06-16T11:32:51.845,0.9605,26.02,2,3e-06,0,8,200,,,
2026-06-16T11:32:52.346,0.9606,26.02,1,3e-06,0,8,200,,,
2026-06-16T11:32:52.846,0.9605,26.02,1,3e-06,0,8,200,,,
2026-06-16T11:32:53.346,0.9605,26.02,2,3e-06,0,8,200,,,
2026-06-16T11:32:53.848,0.9605,26.02,1,3e-06,0,8,200,,,
2026-06-16T11:32:54.350,0.9605,26.02,2,3e-06,0,8,200,,,
2026-06-16T11:32:54.851,0.9605,26.02,1,3e-06,0,8,200,,,
2026-06-16T11:32:55.353,0.9605,26.02,1,3e-06,0,8,200,,,
2026-06-16T11:32:55.855,0.9605,26.02,2,3e-06,0,8,200,,,
2026-06-16T11:32:56.342,0.9605,26.02,1,3e-06,0,8,200,,,
2026-06-16T11:32:56.855,0.9604,26.02,2,3e-06,0,8,200,,,
2026-06-16T11:32:57.356,0.9605,26.02,1,3e-06,0,8,200,,,
2026-06-16T11:32:57.843,0.9605,26.02,1,3e-06,0,8,200,,,
2026-06-16T11:32:58.356,0.9605,26.02,2,3e-06,0,8,200,,,
2026-06-16T11:32:58.855,0.9604,26.02,1,3e-06,0,8,200,,,
2026-06-16T11:32:59.356,0.9605,26.02,2,3e-06,0,8,200,,,
2026-06-16T11:32:59.846,0.9605,26.02,1,3e-06,0,8,200,,,
2026-06-16T11:33:00.348,0.9604,26.03,1,3e-06,0,8,200,,,
2026-06-16T11:33:00.847,0.9605,26.03,2,3e-06,0,8,200,,,
2026-06-16T11:33:01.349,0.9605,26.03,1,3e-06,0,8,200,,,
2026-06-16T11:33:01.850,0.9605,26.03,2,3e-06,0,8,200,,,
2026-06-16T11:33:02.348,0.9605,26.03,1,3e-06,0,8,200,,,
2026-06-16T11:33:02.847,0.9605,26.03,2,3e-06,0,8,200,,,
2026-06-16T11:33:03.348,0.9605,26.03,1,3e-06,0,8,200,,,
2026-06-16T11:33:03.850,0.9604,26.03,1,3e-06,0,8,200,,,
2026-06-16T11:33:04.352,0.9605,26.03,2,3e-06,0,8,200,,,
2026-06-16T11:33:04.852,0.9605,26.03,1,3e-06,0,8,200,,,
2026-06-16T11:33:05.354,0.9605,26.03,2,3e-06,0,8,200,,,
2026-06-16T11:33:05.856,0.9605,26.03,1,3e-06,0,8,200,,,
2026-06-16T11:33:06.356,0.9606,26.03,1,3e-06,0,8,200,,,
2026-06-16T11:33:06.842,0.9605,26.03,2,3e-06,0,8,200,,,
2026-06-16T11:33:07.357,0.9604,26.03,1,3e-06,0,8,200,,,
2026-06-16T11:33:07.853,0.9605,26.03,2,3e-06,0,8,200,,,
2026-06-16T11:33:08.353,0.9605,26.03,1,3e-06,0,8,200,,,
2026-06-16T11:33:08.854,0.9605,26.03,1,3e-06,0,8,200,,,
2026-06-16T11:33:09.353,0.9604,26.03,2,3e-06,0,8,200,,,
2026-06-16T11:33:09.852,0.9605,26.03,1,3e-06,0,8,200,,,
2026-06-16T11:33:10.353,0.9605,26.03,2,3e-06,0,8,200,,,
2026-06-16T11:33:10.850,0.9606,26.03,1,3e-06,0,8,200,,,
2026-06-16T11:33:11.347,0.9605,26.03,1,3e-06,0,8,200,,,
2026-06-16T11:33:11.847,0.9605,26.03,2,3e-06,0,8,200,,,
2026-06-16T11:33:12.345,0.9605,26.03,1,3e-06,0,8,200,,,
2026-06-16T11:33:12.843,0.9605,26.04,2,3e-06,0,8,200,,,
2026-06-16T11:33:13.342,0.9604,26.04,1,3e-06,0,8,200,,,
2026-06-16T11:33:13.856,0.9605,26.03,1,3e-06,0,8,200,,,
2026-06-16T11:33:14.354,0.9606,26.04,2,3e-06,0,8,200,,,
2026-06-16T11:33:14.854,0.9605,26.04,1,3e-06,0,8,200,,,
2026-06-16T11:33:15.351,0.9605,26.04,2,3e-06,0,8,200,,,
2026-06-16T11:33:15.854,0.9605,26.04,1,3e-06,0,8,200,,,
2026-06-16T11:33:16.350,0.9606,26.04,2,3e-06,0,8,200,,,
2026-06-16T11:33:16.849,0.9605,26.04,1,3e-06,0,8,200,,,
2026-06-16T11:33:17.348,0.9605,26.04,1,3e-06,0,8,200,,,
2026-06-16T11:33:17.847,0.9605,26.04,2,3e-06,0,8,200,,,
2026-06-16T11:33:18.346,0.9605,26.04,1,3e-06,0,8,200,,,
2026-06-16T11:33:18.857,0.9605,26.04,2,3e-06,0,8,200,,,
2026-06-16T11:33:19.356,0.9605,26.04,1,3e-06,0,8,200,,,
2026-06-16T11:33:19.854,0.9605,26.04,1,3e-06,0,8,200,,,
2026-06-16T11:33:20.354,0.9605,26.04,2,3e-06,0,8,200,,,
2026-06-16T11:33:20.851,0.9605,26.04,1,3e-06,0,8,200,,,
2026-06-16T11:33:21.350,0.9605,26.05,2,3e-06,0,8,200,,,
2026-06-16T11:33:21.851,0.9605,26.05,1,3e-06,0,8,200,,,
2026-06-16T11:33:22.350,0.9605,26.05,2,3e-06,0,8,200,,,
2026-06-16T11:33:22.847,0.9605,26.05,1,3e-06,0,8,200,,,
2026-06-16T11:33:23.345,0.9605,26.04,1,3e-06,0,8,200,,,
2026-06-16T11:33:23.843,0.9605,26.05,2,3e-06,0,8,200,,,
2026-06-16T11:33:24.354,0.9605,26.05,1,3e-06,0,8,200,,,
2026-06-16T11:33:24.857,0.9605,26.05,2,3e-06,0,8,200,,,
2026-06-16T11:33:25.352,0.9605,26.05,1,3e-06,1,9,200,2026-06-16T11:33:24.948220,200,1
2026-06-16T11:33:25.854,0.9604,26.04,1,4e-06,0,9,200,,,
2026-06-16T11:33:26.343,0.9605,26.05,2,4e-06,0,9,200,,,
2026-06-16T11:33:26.856,0.9605,26.05,1,4e-06,0,9,200,,,
2026-06-16T11:33:27.356,0.9604,26.05,2,4e-06,0,9,200,,,
2026-06-16T11:33:27.854,0.9605,26.05,1,4e-06,0,9,200,,,
2026-06-16T11:33:28.356,0.9605,26.05,1,4e-06,0,9,200,,,
2026-06-16T11:33:28.855,0.9605,26.05,2,4e-06,0,9,200,,,
2026-06-16T11:33:29.343,0.9605,26.05,1,4e-06,0,9,200,,,
